Listing_ID,SV_ID,Property_Name,OTA_Platform,Old_Name,New_Name,Valid_Listing_URL,Sync_Status,Rationale
1759385758485191125,Not Found,Shilayvas,Airbnb,"StayVista at Shilayvas w/ Bonfire, Mountain View",3BHK Shilayvas • Mountain View & Bonfire,https://www.airbnb.co.in/rooms/1759385758485191125,Ready for Automation Sync,Fixed overflow: old was 48/44 chars (truncated in search cards); Excluded brand name on Airbnb (strictly complies with Airbnb guidelines)
1470062497604605390,4760,Residences,Airbnb,Comfort Room at StayVista Residences W/Airpurifier,3BHK Residences Villa w/ Private Pool,https://www.airbnb.co.in/rooms/1470062497604605390,Ready for Automation Sync,Fixed overflow: old was 50/44 chars (truncated in search cards); Excluded brand name on Airbnb (strictly complies with Airbnb guidelines)
1725355603760592261,5602,Deluxe Rooms @ SOVA at Baner Balewadi,Airbnb,Deluxe Rooms @ SOVA at Baner Balewadi,3BHK Villa w/ Private Pool,https://www.airbnb.co.in/rooms/1725355603760592261,Ready for Automation Sync,"Removed non-compliant symbols ('|', '@', '+'); Excluded brand name on Airbnb (strictly complies with Airbnb guidelines)"
1725363785350363804,5601,Executive Rooms @ SOVA at Baner Balewadi,Airbnb,Executive Rooms @ SOVA at Baner Balewadi,3BHK Villa w/ Private Pool,https://www.airbnb.co.in/rooms/1725363785350363804,Ready for Automation Sync,"Removed non-compliant symbols ('|', '@', '+'); Excluded brand name on Airbnb (strictly complies with Airbnb guidelines)"
1759150618310447918,Not Found,"Deluxe Rooms @ SOVA at Nivaasa, Part of",Airbnb,"Deluxe Rooms @ SOVA at Nivaasa, Part of StayVista",3BHK Villa w/ Private Pool,https://www.airbnb.co.in/rooms/1759150618310447918,Ready for Automation Sync,"Fixed overflow: old was 49/44 chars (truncated in search cards); Removed non-compliant symbols ('|', '@', '+'); Excluded brand name on Airbnb (strictly complies with Airbnb guidelines)"
1701282618801737351,5737,1BR Classic Apartment with Shared Pool @ Calangute,Airbnb,1BR Classic Apartment with Shared Pool @ Calangute,1BHK Villa w/ Pool,https://www.airbnb.co.in/rooms/1701282618801737351,Ready for Automation Sync,"Fixed overflow: old was 50/44 chars (truncated in search cards); Removed non-compliant symbols ('|', '@', '+'); Excluded brand name on Airbnb (strictly complies with Airbnb guidelines)"
1759143482180257906,Not Found,"Comfort Rooms @ SOVA at Nivaasa, Part of",Airbnb,"Comfort Rooms @ SOVA at Nivaasa, Part of StayVista",3BHK Villa w/ Private Pool,https://www.airbnb.co.in/rooms/1759143482180257906,Ready for Automation Sync,"Fixed overflow: old was 50/44 chars (truncated in search cards); Removed non-compliant symbols ('|', '@', '+'); Excluded brand name on Airbnb (strictly complies with Airbnb guidelines)"
1470069009156955862,4759,Executive Room w/Balcony @DLF Residences @Cyberhub,Airbnb,Executive Room w/Balcony @DLF Residences @Cyberhub,3BHK Villa w/ Balcony,https://www.airbnb.co.in/rooms/1470069009156955862,Ready for Automation Sync,"Fixed overflow: old was 50/44 chars (truncated in search cards); Removed non-compliant symbols ('|', '@', '+'); Excluded brand name on Airbnb (strictly complies with Airbnb guidelines)"
1749112574685765549,Not Found,Comfort Room @ Vaana by the Sea,Airbnb,Comfort Room @ Vaana by the Sea,3BHK Villa w/ Private Pool,https://www.airbnb.co.in/rooms/1749112574685765549,Ready for Automation Sync,"Removed non-compliant symbols ('|', '@', '+'); Excluded brand name on Airbnb (strictly complies with Airbnb guidelines)"
1761498357654606772,Not Found,Santorini Signature Rooms @ Aaradhyam Resort & Spa,Airbnb,Santorini Signature Rooms @ Aaradhyam Resort & Spa,3BHK Villa w/ Private Pool,https://www.airbnb.co.in/rooms/1761498357654606772,Ready for Automation Sync,"Fixed overflow: old was 50/44 chars (truncated in search cards); Removed non-compliant symbols ('|', '@', '+'); Excluded brand name on Airbnb (strictly complies with Airbnb guidelines)"
1759146854735281035,Not Found,"Superior Rooms@ SOVA at Nivaasa, Part of",Airbnb,"Superior Rooms@ SOVA at Nivaasa, Part of StayVista",3BHK Villa w/ Private Pool,https://www.airbnb.co.in/rooms/1759146854735281035,Ready for Automation Sync,"Fixed overflow: old was 50/44 chars (truncated in search cards); Removed non-compliant symbols ('|', '@', '+'); Excluded brand name on Airbnb (strictly complies with Airbnb guidelines)"
1757867426115150171,Not Found,Orchid Suite W/Pantry@ Dreamation Resorts By Vaana,Airbnb,Orchid Suite W/Pantry@ Dreamation Resorts By Vaana,3BHK Villa w/ Private Pool,https://www.airbnb.co.in/rooms/1757867426115150171,Ready for Automation Sync,"Fixed overflow: old was 50/44 chars (truncated in search cards); Removed non-compliant symbols ('|', '@', '+'); Excluded brand name on Airbnb (strictly complies with Airbnb guidelines)"
1749115644001608569,Not Found,Club Sea View Room @ Vaana by the Sea,Airbnb,Club Sea View Room @ Vaana by the Sea,3BHK Villa w/ Private Pool,https://www.airbnb.co.in/rooms/1749115644001608569,Ready for Automation Sync,"Removed non-compliant symbols ('|', '@', '+'); Excluded brand name on Airbnb (strictly complies with Airbnb guidelines)"
1757864313029078070,Not Found,Acorn Luxury Cottages @Dreamation Resorts By Vaana,Airbnb,Acorn Luxury Cottages @Dreamation Resorts By Vaana,3BHK Villa w/ Private Pool,https://www.airbnb.co.in/rooms/1757864313029078070,Ready for Automation Sync,"Fixed overflow: old was 50/44 chars (truncated in search cards); Removed non-compliant symbols ('|', '@', '+'); Excluded brand name on Airbnb (strictly complies with Airbnb guidelines)"
1757248953998108052,Not Found,Fern Luxury Swiss Tent@Dreamation Resorts by Vaana,Airbnb,Fern Luxury Swiss Tent@Dreamation Resorts by Vaana,3BHK Villa w/ Private Pool,https://www.airbnb.co.in/rooms/1757248953998108052,Ready for Automation Sync,"Fixed overflow: old was 50/44 chars (truncated in search cards); Removed non-compliant symbols ('|', '@', '+'); Excluded brand name on Airbnb (strictly complies with Airbnb guidelines)"
1725331631689864736,5697,Standard Rooms @ SOVA at Baner Balewadi,Airbnb,Standard Rooms @ SOVA at Baner Balewadi,3BHK Villa w/ Private Pool,https://www.airbnb.co.in/rooms/1725331631689864736,Ready for Automation Sync,"Removed non-compliant symbols ('|', '@', '+'); Excluded brand name on Airbnb (strictly complies with Airbnb guidelines)"
1695931747085247178,5635,Residences,Airbnb,Family Rooms @ Rivanta by StayVista Residences,3BHK Residences Villa w/ Private Pool,https://www.airbnb.co.in/rooms/1695931747085247178,Ready for Automation Sync,"Fixed overflow: old was 46/44 chars (truncated in search cards); Removed non-compliant symbols ('|', '@', '+'); Excluded brand name on Airbnb (strictly complies with Airbnb guidelines)"
1695938536884788457,5636,Residences,Airbnb,Suite Rooms @ Rivanta by StayVista Residences,3BHK Residences Villa w/ Private Pool,https://www.airbnb.co.in/rooms/1695938536884788457,Ready for Automation Sync,"Fixed overflow: old was 45/44 chars (truncated in search cards); Removed non-compliant symbols ('|', '@', '+'); Excluded brand name on Airbnb (strictly complies with Airbnb guidelines)"
1695919603673358841,5605,Residences,Airbnb,Deluxe Rooms @ Rivanta by StayVista Residences,3BHK Residences Villa w/ Private Pool,https://www.airbnb.co.in/rooms/1695919603673358841,Ready for Automation Sync,"Fixed overflow: old was 46/44 chars (truncated in search cards); Removed non-compliant symbols ('|', '@', '+'); Excluded brand name on Airbnb (strictly complies with Airbnb guidelines)"
1726033537403829509,5401,Royal Suite w/ Private Pool @ Vee Resort,Airbnb,Royal Suite w/ Private Pool @ Vee Resort,3BHK Villa w/ Private Pool,https://www.airbnb.co.in/rooms/1726033537403829509,Ready for Automation Sync,"Removed non-compliant symbols ('|', '@', '+'); Excluded brand name on Airbnb (strictly complies with Airbnb guidelines)"
1726050462924908431,5402,Junior Suite w/ Mountain View @ Vee Resort,Airbnb,Junior Suite w/ Mountain View @ Vee Resort,3BHK Villa w/ Mountain View,https://www.airbnb.co.in/rooms/1726050462924908431,Ready for Automation Sync,"Removed non-compliant symbols ('|', '@', '+'); Excluded brand name on Airbnb (strictly complies with Airbnb guidelines)"
1726059656272406413,5403,Emperior Suite w/Valley View & Jacuzzi @Vee Resort,Airbnb,Emperior Suite w/Valley View & Jacuzzi @Vee Resort,3BHK Villa w/ Valley View,https://www.airbnb.co.in/rooms/1726059656272406413,Ready for Automation Sync,"Fixed overflow: old was 50/44 chars (truncated in search cards); Removed non-compliant symbols ('|', '@', '+'); Excluded brand name on Airbnb (strictly complies with Airbnb guidelines)"
1726015884867470536,5399,Royal Suite W/ Valley View @ Vee Resort,Airbnb,Royal Suite W/ Valley View @ Vee Resort,3BHK Villa w/ Valley View,https://www.airbnb.co.in/rooms/1726015884867470536,Ready for Automation Sync,"Removed non-compliant symbols ('|', '@', '+'); Excluded brand name on Airbnb (strictly complies with Airbnb guidelines)"
1525726847799592982,5008,Residences at Baner,Airbnb,StayVista Residences at Baner w/ Air Purifier,3BHK Residences at Baner w/ Private Pool,https://www.airbnb.co.in/rooms/1525726847799592982,Ready for Automation Sync,Fixed overflow: old was 45/44 chars (truncated in search cards); Excluded brand name on Airbnb (strictly complies with Airbnb guidelines)
1510783689441134266,4341,Residences GK1,Airbnb,ComfortRoom@StayVista Residences GK1 W/Airpurifier,3BHK Residences GK1 Villa w/ Private Pool,https://www.airbnb.co.in/rooms/1510783689441134266,Ready for Automation Sync,"Fixed overflow: old was 50/44 chars (truncated in search cards); Removed non-compliant symbols ('|', '@', '+'); Excluded brand name on Airbnb (strictly complies with Airbnb guidelines)"
1515163988507422726,4339,ResidencesGK1,Airbnb,ExecutiveRoom@StayVistaResidencesGK1 W/Airpurifier,3BHK ResidencesGK1 Villa w/ Private Pool,https://www.airbnb.co.in/rooms/1515163988507422726,Ready for Automation Sync,"Fixed overflow: old was 50/44 chars (truncated in search cards); Removed non-compliant symbols ('|', '@', '+'); Excluded brand name on Airbnb (strictly complies with Airbnb guidelines)"
1515178819585035707,4336,Residences GK1,Airbnb,3BR Apartment @ StayVista Residences GK1 W/Balcony,3BHK Residences GK1 Villa w/ Balcony,https://www.airbnb.co.in/rooms/1515178819585035707,Ready for Automation Sync,"Fixed overflow: old was 50/44 chars (truncated in search cards); Removed non-compliant symbols ('|', '@', '+'); Excluded brand name on Airbnb (strictly complies with Airbnb guidelines)"
655506557033899883,193,"Gram's at Shivom, Pawna Lake",Airbnb,"Gram's at Shivom, Pawna Lake - 6 Beds Mixed Dorm",6BHK Villa w/ Private Pool,https://www.airbnb.co.in/rooms/655506557033899883,Ready for Automation Sync,Fixed overflow: old was 48/44 chars (truncated in search cards); Excluded brand name on Airbnb (strictly complies with Airbnb guidelines)
655480621689310626,190,"Gram's at Shivom, Pawna Lake",Airbnb,"Gram's at Shivom, Pawna Lake - 4 Beds Mixed Dorm",4BHK Villa w/ Private Pool,https://www.airbnb.co.in/rooms/655480621689310626,Ready for Automation Sync,Fixed overflow: old was 48/44 chars (truncated in search cards); Excluded brand name on Airbnb (strictly complies with Airbnb guidelines)
1761574277162544429,Not Found,Mud  Retreats @ Aaradhyam Resort & Spa,Airbnb,Mud House Retreats @ Aaradhyam Resort & Spa,3BHK House w/ Lawn,https://www.airbnb.co.in/rooms/1761574277162544429,Ready for Automation Sync,"Removed non-compliant symbols ('|', '@', '+'); Excluded brand name on Airbnb (strictly complies with Airbnb guidelines)"
1761537169492358614,Not Found,Luxury Bedroom Villas @ Aaradhyam Resort & Spa,Airbnb,Luxury Bedroom Villas @ Aaradhyam Resort & Spa,3BHK Villa w/ Private Pool,https://www.airbnb.co.in/rooms/1761537169492358614,Ready for Automation Sync,"Fixed overflow: old was 46/44 chars (truncated in search cards); Removed non-compliant symbols ('|', '@', '+'); Excluded brand name on Airbnb (strictly complies with Airbnb guidelines)"
1775937379996591763,Not Found,La Dolce Vita,Airbnb,StayVista at La Dolce Vita - Talegaon,3BHK La Dolce Vita Villa w/ Private Pool,https://www.airbnb.co.in/rooms/1775937379996591763,Ready for Automation Sync,Excluded brand name on Airbnb (strictly complies with Airbnb guidelines)
1516404172418354554,4601,Eleganza Resort,Airbnb,StayVista Eleganza Resort w/Pool & Lawn in Jaipur,3BHK Eleganza Resort • Pool & Lawn,https://www.airbnb.co.in/rooms/1516404172418354554,Ready for Automation Sync,Fixed overflow: old was 49/44 chars (truncated in search cards); Excluded brand name on Airbnb (strictly complies with Airbnb guidelines)
48666716,1652,Ananta,Airbnb,2BR | Lux Pool+Golf |StayVista Ananta| @Bangalore!,2BHK Ananta Villa w/ Pool,https://www.airbnb.co.in/rooms/48666716,Ready for Automation Sync,"Fixed overflow: old was 50/44 chars (truncated in search cards); Removed non-compliant symbols ('|', '@', '+'); Excluded brand name on Airbnb (strictly complies with Airbnb guidelines)"
538830571284912110,1904,Firefly by the River Kushalnagar Coorg,Airbnb,Firefly by the River Kushalnagar Coorg,3BHK Villa w/ Private Pool,https://www.airbnb.co.in/rooms/538830571284912110,Ready for Automation Sync,Excluded brand name on Airbnb (strictly complies with Airbnb guidelines)
907030070589705705,2715,Jai,Airbnb,Jai Cottage | Near Mall Road with Breakfast Shimla,3BHK Jai Cottage w/ Lawn,https://www.airbnb.co.in/rooms/907030070589705705,Ready for Automation Sync,"Fixed overflow: old was 50/44 chars (truncated in search cards); Removed non-compliant symbols ('|', '@', '+'); Excluded brand name on Airbnb (strictly complies with Airbnb guidelines)"
1749710948995736312,Not Found,RAAYA,Airbnb,RAAYA Estate - The Ajinkya Rahane Villa w/ Pool,3BHK RAAYA Villa w/ Pool,https://www.airbnb.co.in/rooms/1749710948995736312,Ready for Automation Sync,Fixed overflow: old was 47/44 chars (truncated in search cards); Excluded brand name on Airbnb (strictly complies with Airbnb guidelines)
1585416120295881252,5229,2BR,Airbnb,2BR|Scenic Pool|StayVista| The Sattva Grove@Kerala,2BHK 2BR Villa w/ Pool,https://www.airbnb.co.in/rooms/1585416120295881252,Ready for Automation Sync,"Fixed overflow: old was 50/44 chars (truncated in search cards); Removed non-compliant symbols ('|', '@', '+'); Excluded brand name on Airbnb (strictly complies with Airbnb guidelines)"
1587663500657083890,3316,Agam  Mahabalipuram,Airbnb,StayVista at Agam Villa Mahabalipuram - Pool,3BHK Agam Mahabalipuram Villa w/ Pool,https://www.airbnb.co.in/rooms/1587663500657083890,Ready for Automation Sync,Excluded brand name on Airbnb (strictly complies with Airbnb guidelines)
1556302107217229058,5159,Cottages @ Luma,Airbnb,Cottages @ Luma - 350 mtr from Mandwa Jetty,3BHK Cottages @ Luma Villa w/ Private Pool,https://www.airbnb.co.in/rooms/1556302107217229058,Ready for Automation Sync,"Removed non-compliant symbols ('|', '@', '+'); Excluded brand name on Airbnb (strictly complies with Airbnb guidelines)"
1749118616451513600,Not Found,Family Sea View Room @ Vaana by the Sea,Airbnb,Family Sea View Room @ Vaana by the Sea,3BHK Villa w/ Private Pool,https://www.airbnb.co.in/rooms/1749118616451513600,Ready for Automation Sync,"Removed non-compliant symbols ('|', '@', '+'); Excluded brand name on Airbnb (strictly complies with Airbnb guidelines)"
1749121124205862917,,Luxury Sea View Room w/ balcony @ Vaana by the Sea,Airbnb,Luxury Sea View Room w/ balcony @ Vaana by the Sea,3BHK Villa w/ Balcony,https://www.airbnb.co.in/rooms/1749121124205862917,Ready for Automation Sync,"Fixed overflow: old was 50/44 chars (truncated in search cards); Removed non-compliant symbols ('|', '@', '+'); Excluded brand name on Airbnb (strictly complies with Airbnb guidelines)"
1734746370200672844,5747,GK,Airbnb,StayVista at GK-Bella Vista w/ Infinity Pool,3BHK GK Villa w/ Infinity Pool,https://www.airbnb.co.in/rooms/1734746370200672844,Ready for Automation Sync,Excluded brand name on Airbnb (strictly complies with Airbnb guidelines)
1559185170074047399,222,5BR,Airbnb,5BR|Lawn+Pool|StayVista|Greenwoods Villa 5@Lonavla,5BHK 5BR • Pool & Lawn,https://www.airbnb.co.in/rooms/1559185170074047399,Ready for Automation Sync,"Fixed overflow: old was 50/44 chars (truncated in search cards); Removed non-compliant symbols ('|', '@', '+'); Excluded brand name on Airbnb (strictly complies with Airbnb guidelines)"
1492490138010501401,4934,5BR,Airbnb,5BR| Luxe+PvtPool |StayVista| Zenith Palms @Nashik,5BHK 5BR Villa w/ Private Pool,https://www.airbnb.co.in/rooms/1492490138010501401,Ready for Automation Sync,"Fixed overflow: old was 50/44 chars (truncated in search cards); Removed non-compliant symbols ('|', '@', '+'); Excluded brand name on Airbnb (strictly complies with Airbnb guidelines)"
1546017569451537614,5130,1 Cosy Cottages w/Pool @Risacca,Airbnb,"1 Cosy Cottages w/Pool @Risacca-Amer, Kukas Jaipur",3BHK 1 Cosy Cottages w/Pool @Risacca w/ Pool,https://www.airbnb.co.in/rooms/1546017569451537614,Ready for Automation Sync,"Fixed overflow: old was 50/44 chars (truncated in search cards); Removed non-compliant symbols ('|', '@', '+'); Excluded brand name on Airbnb (strictly complies with Airbnb guidelines)"
1630953454837944697,5294,7BR Pool,Airbnb,7BR Pool|StayVista|The Sunset Residency @Rajasthan,7BHK 7BR Pool Villa w/ Pool,https://www.airbnb.co.in/rooms/1630953454837944697,Ready for Automation Sync,"Fixed overflow: old was 50/44 chars (truncated in search cards); Removed non-compliant symbols ('|', '@', '+'); Excluded brand name on Airbnb (strictly complies with Airbnb guidelines)"
1531064182892766021,4973,8BR,Airbnb,8BR |Mountain View|StayVista| The Elmstone@Kasauli,8BHK 8BR Villa w/ Mountain View,https://www.airbnb.co.in/rooms/1531064182892766021,Ready for Automation Sync,"Fixed overflow: old was 50/44 chars (truncated in search cards); Removed non-compliant symbols ('|', '@', '+'); Excluded brand name on Airbnb (strictly complies with Airbnb guidelines)"
1750633972543411386,Not Found,Deluxe Rooms @ Eira w/ Pool,Airbnb,StayVista at Deluxe Rooms @ Eira w/ Pool,3BHK Deluxe Rooms @ Eira w/ Pool w/ Pool,https://www.airbnb.co.in/rooms/1750633972543411386,Ready for Automation Sync,"Removed non-compliant symbols ('|', '@', '+'); Excluded brand name on Airbnb (strictly complies with Airbnb guidelines)"
1696184734560754259,5756,Deluxe Private Apt with Balcony@Imperial Avtara,Airbnb,Deluxe Private Apt with Balcony@Imperial Avtara,3BHK Villa w/ Balcony,https://www.airbnb.co.in/rooms/1696184734560754259,Ready for Automation Sync,"Fixed overflow: old was 47/44 chars (truncated in search cards); Removed non-compliant symbols ('|', '@', '+'); Excluded brand name on Airbnb (strictly complies with Airbnb guidelines)"
1572984176608960615,5165,The Vara  w/AC & Board Games,Airbnb,The Vara House w/AC & Board Games | Varanasi,3BHK The Vara w/AC & Board Games w/ Lawn,https://www.airbnb.co.in/rooms/1572984176608960615,Ready for Automation Sync,"Removed non-compliant symbols ('|', '@', '+'); Excluded brand name on Airbnb (strictly complies with Airbnb guidelines)"
1718673523023495155,5755,1BHK Signature Apt w/ Pool @Imperial Avtara @GOA,Airbnb,1BHK Signature Apt w/ Pool @Imperial Avtara @GOA,1BHK Villa w/ Pool,https://www.airbnb.co.in/rooms/1718673523023495155,Ready for Automation Sync,"Fixed overflow: old was 48/44 chars (truncated in search cards); Removed non-compliant symbols ('|', '@', '+'); Excluded brand name on Airbnb (strictly complies with Airbnb guidelines)"
1517973455174009367,4900,10BR,Airbnb,10BR| Lake&Mtn |StayVista| Emaarat Chalet@Sirnagar,10BHK 10BR Chalet w/ Lawn,https://www.airbnb.co.in/rooms/1517973455174009367,Ready for Automation Sync,"Fixed overflow: old was 50/44 chars (truncated in search cards); Removed non-compliant symbols ('|', '@', '+'); Excluded brand name on Airbnb (strictly complies with Airbnb guidelines)"
1465866676197024405,4550,Varanasi,Airbnb,Varanasi | Luxe 8BR Apt @ Terra Hue w/AC & Wifi,8BHK Varanasi Villa w/ Private Pool,https://www.airbnb.co.in/rooms/1465866676197024405,Ready for Automation Sync,"Fixed overflow: old was 47/44 chars (truncated in search cards); Removed non-compliant symbols ('|', '@', '+'); Excluded brand name on Airbnb (strictly complies with Airbnb guidelines)"
36748175,2117,Daafi,Airbnb,StayVista at Daafi House,3BHK Daafi House w/ Lawn,https://www.airbnb.co.in/rooms/36748175,Ready for Automation Sync,Excluded brand name on Airbnb (strictly complies with Airbnb guidelines)
1562970641426659589,475,4BR,Airbnb,4BR|Luxury Pool Villa+Beach|StayVista| Kinara @Goa,4BHK 4BR Villa w/ Pool,https://www.airbnb.co.in/rooms/1562970641426659589,Ready for Automation Sync,"Fixed overflow: old was 50/44 chars (truncated in search cards); Removed non-compliant symbols ('|', '@', '+'); Excluded brand name on Airbnb (strictly complies with Airbnb guidelines)"
1655003555862187253,5474,1BR,Airbnb,1BR |Rooftop Pool+View|StayVista| Vida Goa APt@Goa,1BHK 1BR Villa w/ Pool,https://www.airbnb.co.in/rooms/1655003555862187253,Ready for Automation Sync,"Fixed overflow: old was 50/44 chars (truncated in search cards); Removed non-compliant symbols ('|', '@', '+'); Excluded brand name on Airbnb (strictly complies with Airbnb guidelines)"
1283030087239307927,3966,3BR,Airbnb,3BR|Waterfront|StayVista|The Lakeshore@Bangalore,3BHK 3BR Villa w/ Private Pool,https://www.airbnb.co.in/rooms/1283030087239307927,Ready for Automation Sync,"Fixed overflow: old was 48/44 chars (truncated in search cards); Removed non-compliant symbols ('|', '@', '+'); Excluded brand name on Airbnb (strictly complies with Airbnb guidelines)"
1674562909707312389,5516,Pet friendly 2BR  w/Jaccuzi & Terrace Udaipur,Airbnb,Pet friendly 2BR Villa w/Jaccuzi & Terrace Udaipur,2BHK Villa w/ Terrace,https://www.airbnb.co.in/rooms/1674562909707312389,Ready for Automation Sync,Fixed overflow: old was 50/44 chars (truncated in search cards); Excluded brand name on Airbnb (strictly complies with Airbnb guidelines)
1657869718181987560,5445,3BR,Airbnb,3BR|StayVista| The Heliconia Bungalows@Vagator,3BHK 3BR Villa w/ Private Pool,https://www.airbnb.co.in/rooms/1657869718181987560,Ready for Automation Sync,"Fixed overflow: old was 46/44 chars (truncated in search cards); Removed non-compliant symbols ('|', '@', '+'); Excluded brand name on Airbnb (strictly complies with Airbnb guidelines)"
1693382575706354585,5562,Mini Earth,Airbnb,StayVista at Mini Earth w/ Wi-Fi & Pool,3BHK Mini Earth Villa w/ Pool,https://www.airbnb.co.in/rooms/1693382575706354585,Ready for Automation Sync,Excluded brand name on Airbnb (strictly complies with Airbnb guidelines)
1415615144935662350,4541,5BR,Airbnb,5BR-Infi Pool+ View+ Gazebo-Eleve Villa-Lonavala,5BHK 5BR • Pool & Gazebo,https://www.airbnb.co.in/rooms/1415615144935662350,Ready for Automation Sync,"Fixed overflow: old was 48/44 chars (truncated in search cards); Removed non-compliant symbols ('|', '@', '+'); Excluded brand name on Airbnb (strictly complies with Airbnb guidelines)"
1148303190777072505,3169,Tree,Airbnb,StayVista at Tree House @ Shrimant Wada Royal Stay,3BHK Tree House w/ Lawn,https://www.airbnb.co.in/rooms/1148303190777072505,Ready for Automation Sync,"Fixed overflow: old was 50/44 chars (truncated in search cards); Removed non-compliant symbols ('|', '@', '+'); Excluded brand name on Airbnb (strictly complies with Airbnb guidelines)"
1045337684766532393,3168,Lawn,Airbnb,StayVista at Lawn House @ Shrimant Wada Royal Stay,3BHK Lawn House w/ Lawn,https://www.airbnb.co.in/rooms/1045337684766532393,Ready for Automation Sync,"Fixed overflow: old was 50/44 chars (truncated in search cards); Removed non-compliant symbols ('|', '@', '+'); Excluded brand name on Airbnb (strictly complies with Airbnb guidelines)"
822883040621338015,2467,3BR,Airbnb,3BR| Elegant Stay |StayVista| Mountain Rain@Kerala,3BHK 3BR Villa w/ Private Pool,https://www.airbnb.co.in/rooms/822883040621338015,Ready for Automation Sync,"Fixed overflow: old was 50/44 chars (truncated in search cards); Removed non-compliant symbols ('|', '@', '+'); Excluded brand name on Airbnb (strictly complies with Airbnb guidelines)"
1755751239786242303,Not Found,2 Rooms On GF,Airbnb,StayVista at 2 Rooms On GF @ Villa In The Mist,3BHK 2 Rooms On GF Villa w/ Private Pool,https://www.airbnb.co.in/rooms/1755751239786242303,Ready for Automation Sync,"Fixed overflow: old was 46/44 chars (truncated in search cards); Removed non-compliant symbols ('|', '@', '+'); Excluded brand name on Airbnb (strictly complies with Airbnb guidelines)"
1755736376480430981,Not Found,2 Rooms On LG,Airbnb,StayVista at 2 Rooms On LG @ Villa In The Mist,3BHK 2 Rooms On LG Villa w/ Private Pool,https://www.airbnb.co.in/rooms/1755736376480430981,Ready for Automation Sync,"Fixed overflow: old was 46/44 chars (truncated in search cards); Removed non-compliant symbols ('|', '@', '+'); Excluded brand name on Airbnb (strictly complies with Airbnb guidelines)"
1738435075681760743,1075,4BR  In the Mist w/Bonfire & Wifi,Airbnb,4BR Villa In the Mist w/Bonfire & Wifi | Nainital,4BHK Villa w/ Bonfire,https://www.airbnb.co.in/rooms/1738435075681760743,Ready for Automation Sync,"Fixed overflow: old was 49/44 chars (truncated in search cards); Removed non-compliant symbols ('|', '@', '+'); Excluded brand name on Airbnb (strictly complies with Airbnb guidelines)"
878979032154606394,1559,Paashaan,Airbnb,4BR|Heated Pool@StayVista Paashaan Villa|Serenity!,4BHK Paashaan Villa w/ Pool,https://www.airbnb.co.in/rooms/878979032154606394,Ready for Automation Sync,"Fixed overflow: old was 50/44 chars (truncated in search cards); Removed non-compliant symbols ('|', '@', '+'); Excluded brand name on Airbnb (strictly complies with Airbnb guidelines)"
878991480509904369,Not Found,Hogwarts,Airbnb,Hogwarts-style Magical Stay - 5 BR,5BHK Hogwarts Villa w/ Private Pool,https://www.airbnb.co.in/rooms/878991480509904369,Ready for Automation Sync,Excluded brand name on Airbnb (strictly complies with Airbnb guidelines)
878984681488303043,Not Found,Casa Concreto,Airbnb,Casa Concreto,3BHK Casa Concreto Villa w/ Private Pool,https://www.airbnb.co.in/rooms/878984681488303043,Ready for Automation Sync,Excluded brand name on Airbnb (strictly complies with Airbnb guidelines)
878966854944197999,2362,"Lux Charcoal  by  Pool, Foosball &TT",Airbnb,"Lux Charcoal Villa by StayVista Pool, Foosball &TT",3BHK Villa w/ Pool,https://www.airbnb.co.in/rooms/878966854944197999,Ready for Automation Sync,Fixed overflow: old was 50/44 chars (truncated in search cards); Excluded brand name on Airbnb (strictly complies with Airbnb guidelines)
878262055272232648,Not Found,Colossus,Airbnb,Colossus,3BHK Colossus Villa w/ Private Pool,https://www.airbnb.co.in/rooms/878262055272232648,Ready for Automation Sync,Excluded brand name on Airbnb (strictly complies with Airbnb guidelines)
1546868606325375439,5138,Opalite @ The Elmstone,Airbnb,Opalite @ The Elmstone - Skyline Apartments,3BHK Opalite @ The Elmstone w/ Private Pool,https://www.airbnb.co.in/rooms/1546868606325375439,Ready for Automation Sync,"Removed non-compliant symbols ('|', '@', '+'); Excluded brand name on Airbnb (strictly complies with Airbnb guidelines)"
1130065061615513083,3258,5BR Luxury Pool  w/ Turf,Airbnb,5BR Luxury Pool Villa w/ Turf | Esperanza,5BHK 5BR Luxury Pool w/ Turf Villa w/ Pool,https://www.airbnb.co.in/rooms/1130065061615513083,Ready for Automation Sync,"Removed non-compliant symbols ('|', '@', '+'); Excluded brand name on Airbnb (strictly complies with Airbnb guidelines)"
1414896869176036110,4406,3BR,Airbnb,3BR|Serene Views|StayVista| Bourbon Sky @Mussoorie,3BHK 3BR Villa w/ Private Pool,https://www.airbnb.co.in/rooms/1414896869176036110,Ready for Automation Sync,"Fixed overflow: old was 50/44 chars (truncated in search cards); Removed non-compliant symbols ('|', '@', '+'); Excluded brand name on Airbnb (strictly complies with Airbnb guidelines)"
717927770204501523,2292,Stonehill Manor,Airbnb,Stonehill Manor |3BR Luxury Mountain Cabin,3BHK Stonehill Manor Manor w/ Lawn,https://www.airbnb.co.in/rooms/717927770204501523,Ready for Automation Sync,"Removed non-compliant symbols ('|', '@', '+'); Excluded brand name on Airbnb (strictly complies with Airbnb guidelines)"
1065723479564062042,3283,3BR Lux  Hillside Harmony w/Pool & Treks,Airbnb,3BR Lux Villa Hillside Harmony w/Pool & Treks,3BHK Villa w/ Pool,https://www.airbnb.co.in/rooms/1065723479564062042,Ready for Automation Sync,Fixed overflow: old was 45/44 chars (truncated in search cards); Excluded brand name on Airbnb (strictly complies with Airbnb guidelines)
1518096046602123896,4885,Moira By The River,Airbnb,Moira By The River | Exclusive Poolside Estate,3BHK Moira By The River Estate w/ Lawn,https://www.airbnb.co.in/rooms/1518096046602123896,Ready for Automation Sync,"Fixed overflow: old was 46/44 chars (truncated in search cards); Removed non-compliant symbols ('|', '@', '+'); Excluded brand name on Airbnb (strictly complies with Airbnb guidelines)"
651915237420937611,1503,5BR,Airbnb,5BR|Luxury Pool|StayVista| Hamptons Charm @Alibaug,5BHK 5BR Villa w/ Pool,https://www.airbnb.co.in/rooms/651915237420937611,Ready for Automation Sync,"Fixed overflow: old was 50/44 chars (truncated in search cards); Removed non-compliant symbols ('|', '@', '+'); Excluded brand name on Airbnb (strictly complies with Airbnb guidelines)"
1450648733595113266,4758,Cozy 2BR,Airbnb,Cozy 2BR |Stay Vista| Belmont House @ Kasauli,2BHK Cozy 2BR House w/ Lawn,https://www.airbnb.co.in/rooms/1450648733595113266,Ready for Automation Sync,"Fixed overflow: old was 45/44 chars (truncated in search cards); Removed non-compliant symbols ('|', '@', '+'); Excluded brand name on Airbnb (strictly complies with Airbnb guidelines)"
1522197426402859395,5038,4BR,Airbnb,4BR|Pool+WiFi|StayVista|Villa Springfield@Sangolda,4BHK 4BR Villa w/ Pool,https://www.airbnb.co.in/rooms/1522197426402859395,Ready for Automation Sync,"Fixed overflow: old was 50/44 chars (truncated in search cards); Removed non-compliant symbols ('|', '@', '+'); Excluded brand name on Airbnb (strictly complies with Airbnb guidelines)"
1585394726665361379,4538,The Grotto,Airbnb,StayVista at The Grotto w/ Pool & Jacuzzi,3BHK The Grotto • Pool & Jacuzzi,https://www.airbnb.co.in/rooms/1585394726665361379,Ready for Automation Sync,Excluded brand name on Airbnb (strictly complies with Airbnb guidelines)
1739106792387550241,5744,The Seven Acres,Airbnb,StayVista at The Seven Acres w/Pool & Jacuzzi,3BHK The Seven Acres • Pool & Jacuzzi,https://www.airbnb.co.in/rooms/1739106792387550241,Ready for Automation Sync,Fixed overflow: old was 45/44 chars (truncated in search cards); Excluded brand name on Airbnb (strictly complies with Airbnb guidelines)
1543406103973778049,4899,4BR,Airbnb,4BR|LuxuryPool+Bonfir|StayVista| Villa Aera@Punjab,4BHK 4BR Villa w/ Private Pool,https://www.airbnb.co.in/rooms/1543406103973778049,Ready for Automation Sync,"Fixed overflow: old was 50/44 chars (truncated in search cards); Removed non-compliant symbols ('|', '@', '+'); Excluded brand name on Airbnb (strictly complies with Airbnb guidelines)"
1765027700514071969,5843,Kensho  Colva,Airbnb,Kensho Villa Colva | Beach Villas Private Swim Spa,3BHK Kensho Colva Villa w/ Private Pool,https://www.airbnb.co.in/rooms/1765027700514071969,Ready for Automation Sync,"Fixed overflow: old was 50/44 chars (truncated in search cards); Removed non-compliant symbols ('|', '@', '+'); Excluded brand name on Airbnb (strictly complies with Airbnb guidelines)"
1315663691684855538,4226,3BR,Airbnb,3BR |Pool+Garden|StayVista| Casa Puma @North Goa,3BHK 3BR • Pool & Garden,https://www.airbnb.co.in/rooms/1315663691684855538,Ready for Automation Sync,"Fixed overflow: old was 48/44 chars (truncated in search cards); Removed non-compliant symbols ('|', '@', '+'); Excluded brand name on Airbnb (strictly complies with Airbnb guidelines)"
1760087322670852420,5800,"The Infinity Heaven with Pool, Bar & Lawn",Airbnb,"The Infinity Heaven with Pool, Bar & Lawn",3BHK Villa w/ Pool,https://www.airbnb.co.in/rooms/1760087322670852420,Ready for Automation Sync,Excluded brand name on Airbnb (strictly complies with Airbnb guidelines)
1374314992225440550,1833,Aqua & Sage,Airbnb,StayVista at Aqua & Sage | 4BR Pool Villa,4BHK Aqua & Sage Villa w/ Pool,https://www.airbnb.co.in/rooms/1374314992225440550,Ready for Automation Sync,"Removed non-compliant symbols ('|', '@', '+'); Excluded brand name on Airbnb (strictly complies with Airbnb guidelines)"
32200571,314,3BHK,Airbnb,3BHK-Autumn- w/Pvt Pool & Nature Trail - Wada,3BHK 3BHK Villa w/ Pool,https://www.airbnb.co.in/rooms/32200571,Ready for Automation Sync,Fixed overflow: old was 45/44 chars (truncated in search cards); Excluded brand name on Airbnb (strictly complies with Airbnb guidelines)
1165748672132430345,3627,2BR,Airbnb,2BR|BathTubStayVista|Dreamsville Apartment@Alibaug,2BHK 2BR Villa w/ Private Pool,https://www.airbnb.co.in/rooms/1165748672132430345,Ready for Automation Sync,"Fixed overflow: old was 50/44 chars (truncated in search cards); Removed non-compliant symbols ('|', '@', '+'); Excluded brand name on Airbnb (strictly complies with Airbnb guidelines)"
1688897479202701271,5517,Lavender Hills,Airbnb,StayVista at Lavender Hills Villa w/Pool & Bonfire,3BHK Lavender Hills • Pool & Bonfire,https://www.airbnb.co.in/rooms/1688897479202701271,Ready for Automation Sync,Fixed overflow: old was 50/44 chars (truncated in search cards); Excluded brand name on Airbnb (strictly complies with Airbnb guidelines)
661231396354236689,1684,4BR,Airbnb,4BR|Mountain Views+Pool|StayVista| Horizon@Kasauli,4BHK 4BR • Pool & Mountain View,https://www.airbnb.co.in/rooms/661231396354236689,Ready for Automation Sync,"Fixed overflow: old was 50/44 chars (truncated in search cards); Removed non-compliant symbols ('|', '@', '+'); Excluded brand name on Airbnb (strictly complies with Airbnb guidelines)"
1117258893807622577,3474,2BR,Airbnb,2BR |ViewDeck| StayVista| Rooh @Palampur Retreat,2BHK 2BR Retreat w/ Lawn,https://www.airbnb.co.in/rooms/1117258893807622577,Ready for Automation Sync,"Fixed overflow: old was 48/44 chars (truncated in search cards); Removed non-compliant symbols ('|', '@', '+'); Excluded brand name on Airbnb (strictly complies with Airbnb guidelines)"
1349026542422229813,4335,3BHK,Airbnb,3BHK|Pool Luxe|StayVista| Serenity Meadows @Nashik,3BHK 3BHK Villa w/ Pool,https://www.airbnb.co.in/rooms/1349026542422229813,Ready for Automation Sync,"Fixed overflow: old was 50/44 chars (truncated in search cards); Removed non-compliant symbols ('|', '@', '+'); Excluded brand name on Airbnb (strictly complies with Airbnb guidelines)"
1651351567999187543,5487,2 BHK Cozy  w/Beachfront @ Varkala,Airbnb,2 BHK Cozy Villa w/Beachfront @ Varkala,2BHK Villa w/ Private Pool,https://www.airbnb.co.in/rooms/1651351567999187543,Ready for Automation Sync,"Removed non-compliant symbols ('|', '@', '+'); Excluded brand name on Airbnb (strictly complies with Airbnb guidelines)"
1035345171426804685,3102,3BR,Airbnb,"3BR|Pool, Lawn&Deck |StayVista|Nirved Villa@Kerala",3BHK 3BR • Pool & Lawn,https://www.airbnb.co.in/rooms/1035345171426804685,Ready for Automation Sync,"Fixed overflow: old was 50/44 chars (truncated in search cards); Removed non-compliant symbols ('|', '@', '+'); Excluded brand name on Airbnb (strictly complies with Airbnb guidelines)"
1649745336421369967,5168,2BR,Airbnb,2BR|Scenic Escape|StayVista| Jungle Jade@Karnataka,2BHK 2BR Villa w/ Private Pool,https://www.airbnb.co.in/rooms/1649745336421369967,Ready for Automation Sync,"Fixed overflow: old was 50/44 chars (truncated in search cards); Removed non-compliant symbols ('|', '@', '+'); Excluded brand name on Airbnb (strictly complies with Airbnb guidelines)"
930162765872931460,2786,1BR,Airbnb,1BR|WiFi+Bathtub Bliss|StayVista| Mawi Summers@Goa,1BHK 1BR Villa w/ Private Pool,https://www.airbnb.co.in/rooms/930162765872931460,Ready for Automation Sync,"Fixed overflow: old was 50/44 chars (truncated in search cards); Removed non-compliant symbols ('|', '@', '+'); Excluded brand name on Airbnb (strictly complies with Airbnb guidelines)"
1049694926561029146,3171,3BR,Airbnb,3BR|Exquisite Views+Pool|StayVista|AquaVista@Kochi,3BHK 3BR Villa w/ Pool,https://www.airbnb.co.in/rooms/1049694926561029146,Ready for Automation Sync,"Fixed overflow: old was 50/44 chars (truncated in search cards); Removed non-compliant symbols ('|', '@', '+'); Excluded brand name on Airbnb (strictly complies with Airbnb guidelines)"
1354211963940491851,4453,1BHK,Airbnb,1BHK - Premium1 @ Serenity Skies Apt-VEO-StayVista,1BHK 1BHK Villa w/ Private Pool,https://www.airbnb.co.in/rooms/1354211963940491851,Ready for Automation Sync,"Fixed overflow: old was 50/44 chars (truncated in search cards); Removed non-compliant symbols ('|', '@', '+'); Excluded brand name on Airbnb (strictly complies with Airbnb guidelines)"
53192700,1830,4BR,Airbnb,4BR| Luxe Pool+Breakfast |StayVista| Bay View @Goa,4BHK 4BR Villa w/ Pool,https://www.airbnb.co.in/rooms/53192700,Ready for Automation Sync,"Fixed overflow: old was 50/44 chars (truncated in search cards); Removed non-compliant symbols ('|', '@', '+'); Excluded brand name on Airbnb (strictly complies with Airbnb guidelines)"
1495443657563490493,4873,The Nest 2BHK +Pvt Infinitty Pool@ North Goa,Airbnb,The Nest 2BHK Villa+Pvt Infinitty Pool@ North Goa,2BHK Villa w/ Pool,https://www.airbnb.co.in/rooms/1495443657563490493,Ready for Automation Sync,"Fixed overflow: old was 49/44 chars (truncated in search cards); Removed non-compliant symbols ('|', '@', '+'); Excluded brand name on Airbnb (strictly complies with Airbnb guidelines)"
671456595560845798,1790,Riverside Oasis,Airbnb,3BR| PvtPool+River |StayVista Riverside Oasis @Goa,3BHK Riverside Oasis Villa w/ River View,https://www.airbnb.co.in/rooms/671456595560845798,Ready for Automation Sync,"Fixed overflow: old was 50/44 chars (truncated in search cards); Removed non-compliant symbols ('|', '@', '+'); Excluded brand name on Airbnb (strictly complies with Airbnb guidelines)"
1775087803230977556,5053,Amara Palms,Airbnb,StayVista at Amara Palms | Pool & Board Games,3BHK Amara Palms Villa w/ Pool,https://www.airbnb.co.in/rooms/1775087803230977556,Ready for Automation Sync,"Fixed overflow: old was 45/44 chars (truncated in search cards); Removed non-compliant symbols ('|', '@', '+'); Excluded brand name on Airbnb (strictly complies with Airbnb guidelines)"
1775113115178005988,4326,Barkat,Airbnb,"StayVista at Barkat Villa -Pool Table, Chef & Wifi",3BHK Barkat Villa w/ Pool,https://www.airbnb.co.in/rooms/1775113115178005988,Ready for Automation Sync,Fixed overflow: old was 50/44 chars (truncated in search cards); Excluded brand name on Airbnb (strictly complies with Airbnb guidelines)
1775157624805653921,Not Found,6BR Lacielo Lux  w/Pool+Sports Turf,Airbnb,6BR Lacielo Lux Villa w/Pool+Sports Turf| Lonavala,6BHK Villa w/ Pool,https://www.airbnb.co.in/rooms/1775157624805653921,Ready for Automation Sync,"Fixed overflow: old was 50/44 chars (truncated in search cards); Removed non-compliant symbols ('|', '@', '+'); Excluded brand name on Airbnb (strictly complies with Airbnb guidelines)"
1741944021221966150,5348,Casa Darev,Airbnb,"StayVista at Casa Darev w/ Pool, Lawn",3BHK Casa Darev • Pool & Lawn,https://www.airbnb.co.in/rooms/1741944021221966150,Ready for Automation Sync,Excluded brand name on Airbnb (strictly complies with Airbnb guidelines)
1775168939508113564,5948,Silva,Airbnb,StayVista at Silva @ Sunny Woodlands w/ ForestView,3BHK Silva Villa w/ Private Pool,https://www.airbnb.co.in/rooms/1775168939508113564,Ready for Automation Sync,"Fixed overflow: old was 50/44 chars (truncated in search cards); Removed non-compliant symbols ('|', '@', '+'); Excluded brand name on Airbnb (strictly complies with Airbnb guidelines)"
1775169026837139615,5949,Vallis,Airbnb,StayVista at Vallis @ Sunny Woodlands w/ForestView,3BHK Vallis Villa w/ Private Pool,https://www.airbnb.co.in/rooms/1775169026837139615,Ready for Automation Sync,"Fixed overflow: old was 50/44 chars (truncated in search cards); Removed non-compliant symbols ('|', '@', '+'); Excluded brand name on Airbnb (strictly complies with Airbnb guidelines)"
1775262947271224919,Not Found,Avyaraa,Airbnb,StayVista at Villa Avyaraa w/ Pool & Gazebo,3BHK Avyaraa • Pool & Gazebo,https://www.airbnb.co.in/rooms/1775262947271224919,Ready for Automation Sync,Excluded brand name on Airbnb (strictly complies with Airbnb guidelines)
1775777118547539833,Not Found,Whitestone,Airbnb,StayVista at Whitestone @ Riverside Symphony,3BHK Whitestone Villa w/ River View,https://www.airbnb.co.in/rooms/1775777118547539833,Ready for Automation Sync,"Removed non-compliant symbols ('|', '@', '+'); Excluded brand name on Airbnb (strictly complies with Airbnb guidelines)"
1775070631805031805,Not Found,The Palm Courtyard,Airbnb,StayVista at The Palm Courtyard w/ Bonfire & Pool,3BHK The Palm Courtyard • Pool & Bonfire,https://www.airbnb.co.in/rooms/1775070631805031805,Ready for Automation Sync,Fixed overflow: old was 49/44 chars (truncated in search cards); Excluded brand name on Airbnb (strictly complies with Airbnb guidelines)
1775790748487562450,Not Found,Aurora,Airbnb,StayVista at Aurora @ Riverside Symphony,3BHK Aurora Villa w/ River View,https://www.airbnb.co.in/rooms/1775790748487562450,Ready for Automation Sync,"Removed non-compliant symbols ('|', '@', '+'); Excluded brand name on Airbnb (strictly complies with Airbnb guidelines)"
1775806705012982879,Not Found,Whispering Trails,Airbnb,StayVista at Whispering Trails @ Karjat,3BHK Whispering Trails Villa w/ Private Pool,https://www.airbnb.co.in/rooms/1775806705012982879,Ready for Automation Sync,"Removed non-compliant symbols ('|', '@', '+'); Excluded brand name on Airbnb (strictly complies with Airbnb guidelines)"
1775825594173179133,Not Found,Nimaya,Airbnb,"StayVista at Villa Nimaya-Pool, Library & BBQ",3BHK Nimaya • Pool & BBQ,https://www.airbnb.co.in/rooms/1775825594173179133,Ready for Automation Sync,Fixed overflow: old was 45/44 chars (truncated in search cards); Excluded brand name on Airbnb (strictly complies with Airbnb guidelines)
1775981738769343635,,Oakwood Manor,Airbnb,StayVista at Oakwood Manor | 3BR Near Mall Road,3BHK Oakwood Manor Manor w/ Lawn,https://www.airbnb.co.in/rooms/1775981738769343635,Ready for Automation Sync,"Fixed overflow: old was 47/44 chars (truncated in search cards); Removed non-compliant symbols ('|', '@', '+'); Excluded brand name on Airbnb (strictly complies with Airbnb guidelines)"
1775049000427471548,Not Found,The Kasa,Airbnb,StayVista at The Kasa W/ Heated Infinity Pool,3BHK The Kasa Villa w/ Infinity Pool,https://www.airbnb.co.in/rooms/1775049000427471548,Ready for Automation Sync,Fixed overflow: old was 45/44 chars (truncated in search cards); Excluded brand name on Airbnb (strictly complies with Airbnb guidelines)
1654808942641350568,5183,3BR,Airbnb,3BR| Garden Escape |StayVista| White Nook @Alibaug,3BHK 3BR Villa w/ Garden,https://www.airbnb.co.in/rooms/1654808942641350568,Ready for Automation Sync,"Fixed overflow: old was 50/44 chars (truncated in search cards); Removed non-compliant symbols ('|', '@', '+'); Excluded brand name on Airbnb (strictly complies with Airbnb guidelines)"
1648454408204009006,5468,3bhk  in Assagao with Pvt Pool & Bathtub.,Airbnb,3bhk villa in Assagao with Pvt Pool & Bathtub.,3BHK Villa w/ Pool,https://www.airbnb.co.in/rooms/1648454408204009006,Ready for Automation Sync,Fixed overflow: old was 46/44 chars (truncated in search cards); Excluded brand name on Airbnb (strictly complies with Airbnb guidelines)
1568074123762308100,5198,Residences,Airbnb,Superior Rooms @ StayVista Residences - RK Beach,3BHK Residences Villa w/ Private Pool,https://www.airbnb.co.in/rooms/1568074123762308100,Ready for Automation Sync,"Fixed overflow: old was 48/44 chars (truncated in search cards); Removed non-compliant symbols ('|', '@', '+'); Excluded brand name on Airbnb (strictly complies with Airbnb guidelines)"
1537558063769842225,5113,Evora at Ved Vilas,Airbnb,Evora at Ved Vilas | Mountain View & Pet-Friendly,3BHK Evora at Ved Vilas w/ Mountain View,https://www.airbnb.co.in/rooms/1537558063769842225,Ready for Automation Sync,"Fixed overflow: old was 49/44 chars (truncated in search cards); Removed non-compliant symbols ('|', '@', '+'); Excluded brand name on Airbnb (strictly complies with Airbnb guidelines)"
1568048346764805450,5197,Residences,Airbnb,Premium Rooms W/ Beach View @ StayVista Residences,3BHK Residences Villa w/ Private Pool,https://www.airbnb.co.in/rooms/1568048346764805450,Ready for Automation Sync,"Fixed overflow: old was 50/44 chars (truncated in search cards); Removed non-compliant symbols ('|', '@', '+'); Excluded brand name on Airbnb (strictly complies with Airbnb guidelines)"
699688370275780361,2233,Kashyap’s Nest by VEO,Airbnb,Kashyap’s Nest by VEO - Part of StayVista,3BHK Kashyap’s Nest by VEO w/ Private Pool,https://www.airbnb.co.in/rooms/699688370275780361,Ready for Automation Sync,Excluded brand name on Airbnb (strictly complies with Airbnb guidelines)
1537564544993821328,5114,Canopy Suite Room W/ Jacuzzi @ Ved Vilas in Shimla,Airbnb,Canopy Suite Room W/ Jacuzzi @ Ved Vilas in Shimla,3BHK Villa w/ Jacuzzi,https://www.airbnb.co.in/rooms/1537564544993821328,Ready for Automation Sync,"Fixed overflow: old was 50/44 chars (truncated in search cards); Removed non-compliant symbols ('|', '@', '+'); Excluded brand name on Airbnb (strictly complies with Airbnb guidelines)"
1762879900810771389,5901,Premium,Airbnb,StayVista at Premium Cottage @ The Ivory Courtyard,3BHK Premium Cottage w/ Lawn,https://www.airbnb.co.in/rooms/1762879900810771389,Ready for Automation Sync,"Fixed overflow: old was 50/44 chars (truncated in search cards); Removed non-compliant symbols ('|', '@', '+'); Excluded brand name on Airbnb (strictly complies with Airbnb guidelines)"
1668831039173020765,5530,Luxury  @ Ivory Courtyard w/ Pool @ Manesar,Airbnb,Luxury Cottage @ Ivory Courtyard w/ Pool @ Manesar,3BHK Cottage w/ Pool,https://www.airbnb.co.in/rooms/1668831039173020765,Ready for Automation Sync,"Fixed overflow: old was 50/44 chars (truncated in search cards); Removed non-compliant symbols ('|', '@', '+'); Excluded brand name on Airbnb (strictly complies with Airbnb guidelines)"
1668814669510467941,5529,Deluxe  @ Ivory Courtyard W/Pool @ Manesar,Airbnb,Deluxe Cottage @ Ivory Courtyard W/Pool @ Manesar,3BHK Cottage w/ Pool,https://www.airbnb.co.in/rooms/1668814669510467941,Ready for Automation Sync,"Fixed overflow: old was 49/44 chars (truncated in search cards); Removed non-compliant symbols ('|', '@', '+'); Excluded brand name on Airbnb (strictly complies with Airbnb guidelines)"
1668732818961717552,5528,4 Premium Rooms @ The Ivory Courtyard @ Manesar,Airbnb,4 Premium Rooms @ The Ivory Courtyard @ Manesar,3BHK Villa w/ Private Pool,https://www.airbnb.co.in/rooms/1668732818961717552,Ready for Automation Sync,"Fixed overflow: old was 47/44 chars (truncated in search cards); Removed non-compliant symbols ('|', '@', '+'); Excluded brand name on Airbnb (strictly complies with Airbnb guidelines)"
1649844034329400889,5438,10BR,Airbnb,10BR|PoolBBQ|StayVista|The Ivory Courtyard@Haryana,10BHK 10BR Villa w/ BBQ,https://www.airbnb.co.in/rooms/1649844034329400889,Ready for Automation Sync,"Fixed overflow: old was 50/44 chars (truncated in search cards); Removed non-compliant symbols ('|', '@', '+'); Excluded brand name on Airbnb (strictly complies with Airbnb guidelines)"
1298390012407514203,4092,The Grand Sindh,Airbnb,StayVista at The Grand Sindh | 5BR Lawn & BBQ,5BHK The Grand Sindh • Lawn & BBQ,https://www.airbnb.co.in/rooms/1298390012407514203,Ready for Automation Sync,"Fixed overflow: old was 45/44 chars (truncated in search cards); Removed non-compliant symbols ('|', '@', '+'); Excluded brand name on Airbnb (strictly complies with Airbnb guidelines)"
1652805981435327041,5383,Cedar Crest 4BR Pvt Pet Friendly  in Kasauli,Airbnb,Cedar Crest 4BR Pvt Pet Friendly Villa in Kasauli,4BHK Villa w/ Private Pool,https://www.airbnb.co.in/rooms/1652805981435327041,Ready for Automation Sync,Fixed overflow: old was 49/44 chars (truncated in search cards); Excluded brand name on Airbnb (strictly complies with Airbnb guidelines)
1530962513762391556,1598,Clouds Haven,Airbnb,3BR Villa in Pangot | StayVista at Clouds Haven,3BHK Clouds Haven Villa w/ Private Pool,https://www.airbnb.co.in/rooms/1530962513762391556,Ready for Automation Sync,"Fixed overflow: old was 47/44 chars (truncated in search cards); Removed non-compliant symbols ('|', '@', '+'); Excluded brand name on Airbnb (strictly complies with Airbnb guidelines)"
1723745733172030050,Not Found,Monte Crest Homestay,Airbnb,StayVista at Monte Crest Homestay w/Wifi & TV,3BHK Monte Crest Homestay Homestay w/ Lawn,https://www.airbnb.co.in/rooms/1723745733172030050,Ready for Automation Sync,Fixed overflow: old was 45/44 chars (truncated in search cards); Excluded brand name on Airbnb (strictly complies with Airbnb guidelines)
1566458542028958440,5050,A Frame Of Mind,Airbnb,A Frame Of Mind|Scenic Escape W/Private Pool.,3BHK A Frame Of Mind Villa w/ Private Pool,https://www.airbnb.co.in/rooms/1566458542028958440,Ready for Automation Sync,"Fixed overflow: old was 45/44 chars (truncated in search cards); Removed non-compliant symbols ('|', '@', '+'); Excluded brand name on Airbnb (strictly complies with Airbnb guidelines)"
1572438489176573846,5181,Miorah Chalet : Luxury 2BHK w/Jacuzzi @Jaipur,Airbnb,Miorah Chalet : Luxury 2BHK w/Jacuzzi @Jaipur,2BHK Chalet w/ Jacuzzi,https://www.airbnb.co.in/rooms/1572438489176573846,Ready for Automation Sync,"Fixed overflow: old was 45/44 chars (truncated in search cards); Removed non-compliant symbols ('|', '@', '+'); Excluded brand name on Airbnb (strictly complies with Airbnb guidelines)"
40763389,1017,3BR,Airbnb,3BR|PetStay+Bfast |StayVista Davey’s House| Mysore,3BHK 3BR House w/ Lawn,https://www.airbnb.co.in/rooms/40763389,Ready for Automation Sync,"Fixed overflow: old was 50/44 chars (truncated in search cards); Removed non-compliant symbols ('|', '@', '+'); Excluded brand name on Airbnb (strictly complies with Airbnb guidelines)"
31177522,282,The Kathguni,Airbnb,The Kathguni House | 3BHK Luxury Cottage with Lawn,3BHK The Kathguni Cottage w/ Lawn,https://www.airbnb.co.in/rooms/31177522,Ready for Automation Sync,"Fixed overflow: old was 50/44 chars (truncated in search cards); Removed non-compliant symbols ('|', '@', '+'); Excluded brand name on Airbnb (strictly complies with Airbnb guidelines)"
1551347057595578043,4159,Serenity Shores,Airbnb,Serenity Shores - 3 BHK w/Pool - Alibaug,3BHK Serenity Shores Villa w/ Pool,https://www.airbnb.co.in/rooms/1551347057595578043,Ready for Automation Sync,Excluded brand name on Airbnb (strictly complies with Airbnb guidelines)
1577419370854763754,5184,"Luxury 3BHK  w/Pvt Pool in Jagatpura, Jaipur",Airbnb,"Luxury 3BHK Villa w/Pvt Pool in Jagatpura, Jaipur",3BHK Villa w/ Pool,https://www.airbnb.co.in/rooms/1577419370854763754,Ready for Automation Sync,Fixed overflow: old was 49/44 chars (truncated in search cards); Excluded brand name on Airbnb (strictly complies with Airbnb guidelines)
1207694670842121880,854,3BR,Airbnb,3BR| PvtPool+Lawn |StayVista| Nature's Abode @Goa,3BHK 3BR Villa w/ Lawn,https://www.airbnb.co.in/rooms/1207694670842121880,Ready for Automation Sync,"Fixed overflow: old was 49/44 chars (truncated in search cards); Removed non-compliant symbols ('|', '@', '+'); Excluded brand name on Airbnb (strictly complies with Airbnb guidelines)"
1546932677208070933,5140,Onyx @ The Elmstone,Airbnb,Onyx @ The Elmstone - Skyline Apartments,3BHK Onyx @ The Elmstone w/ Private Pool,https://www.airbnb.co.in/rooms/1546932677208070933,Ready for Automation Sync,"Removed non-compliant symbols ('|', '@', '+'); Excluded brand name on Airbnb (strictly complies with Airbnb guidelines)"
767015562708852715,2320,2BR,Airbnb,2BR|Mountain Escape+View|StayVista| La Grove@Kerla,2BHK 2BR Villa w/ Private Pool,https://www.airbnb.co.in/rooms/767015562708852715,Ready for Automation Sync,"Fixed overflow: old was 50/44 chars (truncated in search cards); Removed non-compliant symbols ('|', '@', '+'); Excluded brand name on Airbnb (strictly complies with Airbnb guidelines)"
925483993653429605,2712,2BR,Airbnb,2BR|Hill Views+Pool|StayVista|The Glasscape@Trambk,2BHK 2BR Villa w/ Pool,https://www.airbnb.co.in/rooms/925483993653429605,Ready for Automation Sync,"Fixed overflow: old was 50/44 chars (truncated in search cards); Removed non-compliant symbols ('|', '@', '+'); Excluded brand name on Airbnb (strictly complies with Airbnb guidelines)"
1264246357675219819,3935,4BR,Airbnb,4BR|Pvt Lawn|StayVista| Vatika Nature Nest@Gokarna,4BHK 4BR Villa w/ Lawn,https://www.airbnb.co.in/rooms/1264246357675219819,Ready for Automation Sync,"Fixed overflow: old was 50/44 chars (truncated in search cards); Removed non-compliant symbols ('|', '@', '+'); Excluded brand name on Airbnb (strictly complies with Airbnb guidelines)"
1544802106914349471,5046,11BR,Airbnb,11BR|BBQ+Fire|StayVista| Moets Palm Villa@Gurugram,11BHK 11BR Villa w/ BBQ,https://www.airbnb.co.in/rooms/1544802106914349471,Ready for Automation Sync,"Fixed overflow: old was 50/44 chars (truncated in search cards); Removed non-compliant symbols ('|', '@', '+'); Excluded brand name on Airbnb (strictly complies with Airbnb guidelines)"
1736951677273159663,5036,Château du Raga @ Raga Living,Airbnb,StayVista at Château du Raga @ Raga Living,3BHK Villa w/ Private Pool,https://www.airbnb.co.in/rooms/1736951677273159663,Ready for Automation Sync,"Removed non-compliant symbols ('|', '@', '+'); Excluded brand name on Airbnb (strictly complies with Airbnb guidelines)"
951161323775647436,2746,Cargo Haus,Airbnb,2BR Chic Escape|StayVista |Cargo Haus @ Bengaluru,2BHK Cargo Haus Villa w/ Private Pool,https://www.airbnb.co.in/rooms/951161323775647436,Ready for Automation Sync,"Fixed overflow: old was 49/44 chars (truncated in search cards); Removed non-compliant symbols ('|', '@', '+'); Excluded brand name on Airbnb (strictly complies with Airbnb guidelines)"
39379815,774,Sullivan,Airbnb,Villa Sullivan - 3BR w/ Plantation View - Ooty,3BHK Sullivan Villa w/ Private Pool,https://www.airbnb.co.in/rooms/39379815,Ready for Automation Sync,Fixed overflow: old was 46/44 chars (truncated in search cards); Excluded brand name on Airbnb (strictly complies with Airbnb guidelines)
1249045099533746496,5244,2BR,Airbnb,2BR |Nature Escape|StayVista| Casa Pinnacle @Ooty,2BHK 2BR Villa w/ Private Pool,https://www.airbnb.co.in/rooms/1249045099533746496,Ready for Automation Sync,"Fixed overflow: old was 49/44 chars (truncated in search cards); Removed non-compliant symbols ('|', '@', '+'); Excluded brand name on Airbnb (strictly complies with Airbnb guidelines)"
1467143193600544591,4909,Evercrest,Airbnb,StayVista at Evercrest @ Ellis Ville w/ Bonfire,3BHK Evercrest Villa w/ Bonfire,https://www.airbnb.co.in/rooms/1467143193600544591,Ready for Automation Sync,"Fixed overflow: old was 47/44 chars (truncated in search cards); Removed non-compliant symbols ('|', '@', '+'); Excluded brand name on Airbnb (strictly complies with Airbnb guidelines)"
1467123332839880336,4910,Cedarwood,Airbnb,StayVista at Cedarwood @ Ellis Ville w/ Bonfire,3BHK Cedarwood Villa w/ Bonfire,https://www.airbnb.co.in/rooms/1467123332839880336,Ready for Automation Sync,"Fixed overflow: old was 47/44 chars (truncated in search cards); Removed non-compliant symbols ('|', '@', '+'); Excluded brand name on Airbnb (strictly complies with Airbnb guidelines)"
1466489884670762286,4853,3BR,Airbnb,3BR |Lawn+Bonfire|StayVista| Ellis Ville @Kasauli,3BHK 3BR • Lawn & Bonfire,https://www.airbnb.co.in/rooms/1466489884670762286,Ready for Automation Sync,"Fixed overflow: old was 49/44 chars (truncated in search cards); Removed non-compliant symbols ('|', '@', '+'); Excluded brand name on Airbnb (strictly complies with Airbnb guidelines)"
1668653136325061675,5515,Altona,Airbnb,StayVista at Villa Altona w/ BBQ & Pool,3BHK Altona • Pool & BBQ,https://www.airbnb.co.in/rooms/1668653136325061675,Ready for Automation Sync,Excluded brand name on Airbnb (strictly complies with Airbnb guidelines)
1661383569999973541,5484,4BR Thanedhar  W/Comp Breakfast @ Shimla,Airbnb,4BR Thanedhar Estate W/Comp Breakfast @ Shimla,4BHK Estate w/ Lawn,https://www.airbnb.co.in/rooms/1661383569999973541,Ready for Automation Sync,"Fixed overflow: old was 46/44 chars (truncated in search cards); Removed non-compliant symbols ('|', '@', '+'); Excluded brand name on Airbnb (strictly complies with Airbnb guidelines)"
1608614198413933197,5279,4BR,Airbnb,4BR |Luxe Pool+Lawn|StayVista| Casa Aura @Siolim,4BHK 4BR • Pool & Lawn,https://www.airbnb.co.in/rooms/1608614198413933197,Ready for Automation Sync,"Fixed overflow: old was 48/44 chars (truncated in search cards); Removed non-compliant symbols ('|', '@', '+'); Excluded brand name on Airbnb (strictly complies with Airbnb guidelines)"
1610592093248358801,5278,4BR,Airbnb,4BR |Pool+Karaoke+BBQ |StayVista| Casa Bliss @Goa,4BHK 4BR • Pool & BBQ,https://www.airbnb.co.in/rooms/1610592093248358801,Ready for Automation Sync,"Fixed overflow: old was 49/44 chars (truncated in search cards); Removed non-compliant symbols ('|', '@', '+'); Excluded brand name on Airbnb (strictly complies with Airbnb guidelines)"
1604194374234587968,5269,3BR,Airbnb,3BR |BBQ+Games+Pool|StayVista| Eden Verde @Madgaon,3BHK 3BR • Pool & BBQ,https://www.airbnb.co.in/rooms/1604194374234587968,Ready for Automation Sync,"Fixed overflow: old was 50/44 chars (truncated in search cards); Removed non-compliant symbols ('|', '@', '+'); Excluded brand name on Airbnb (strictly complies with Airbnb guidelines)"
1193293007804211853,3638,3BHK,Airbnb,"3BHK - StayVista @Rustic Haven w/Pool, Deck & BBQ",3BHK 3BHK • Pool & BBQ,https://www.airbnb.co.in/rooms/1193293007804211853,Ready for Automation Sync,"Fixed overflow: old was 49/44 chars (truncated in search cards); Removed non-compliant symbols ('|', '@', '+'); Excluded brand name on Airbnb (strictly complies with Airbnb guidelines)"
1197570195161740952,3881,Audumber,Airbnb,"StayVista at Audumber @ Rustic Haven w/ Pool, Deck",3BHK Audumber Villa w/ Pool,https://www.airbnb.co.in/rooms/1197570195161740952,Ready for Automation Sync,"Fixed overflow: old was 50/44 chars (truncated in search cards); Removed non-compliant symbols ('|', '@', '+'); Excluded brand name on Airbnb (strictly complies with Airbnb guidelines)"
1197601792602057036,3882,Peepal,Airbnb,"StayVista at Peepal @ Rustic Haven w/ Pool, Deck",3BHK Peepal Villa w/ Pool,https://www.airbnb.co.in/rooms/1197601792602057036,Ready for Automation Sync,"Fixed overflow: old was 48/44 chars (truncated in search cards); Removed non-compliant symbols ('|', '@', '+'); Excluded brand name on Airbnb (strictly complies with Airbnb guidelines)"
1757036438237488461,,Banyan,Airbnb,"StayVista at Banyan @ Rustic Haven w/ Pool, Deck",3BHK Banyan Villa w/ Pool,https://www.airbnb.co.in/rooms/1757036438237488461,Ready for Automation Sync,"Fixed overflow: old was 48/44 chars (truncated in search cards); Removed non-compliant symbols ('|', '@', '+'); Excluded brand name on Airbnb (strictly complies with Airbnb guidelines)"
1581879615182122783,5201,Rajmahal Bagh,Airbnb,StayVista at Rajmahal Bagh w/ Plunge Pool+Heritage,3BHK Rajmahal Bagh Villa w/ Plunge Pool,https://www.airbnb.co.in/rooms/1581879615182122783,Ready for Automation Sync,"Fixed overflow: old was 50/44 chars (truncated in search cards); Removed non-compliant symbols ('|', '@', '+'); Excluded brand name on Airbnb (strictly complies with Airbnb guidelines)"
1563633142018414668,5115,Crescent Peak 3BR  W/Jacuzzi in Kasauli,Airbnb,Crescent Peak 3BR Villa W/Jacuzzi in Kasauli,3BHK Villa w/ Jacuzzi,https://www.airbnb.co.in/rooms/1563633142018414668,Ready for Automation Sync,Excluded brand name on Airbnb (strictly complies with Airbnb guidelines)
1739123185946218820,5103,Casa Doro,Airbnb,"StayVista at Casa Doro w/ BBQ, Pool",3BHK Casa Doro • Pool & BBQ,https://www.airbnb.co.in/rooms/1739123185946218820,Ready for Automation Sync,Excluded brand name on Airbnb (strictly complies with Airbnb guidelines)
1566542750012572580,4901,6BR,Airbnb,6BR |Pool+Gym|StayVista| Birdwood Estate @Mehrauli,6BHK 6BR Estate w/ Pool,https://www.airbnb.co.in/rooms/1566542750012572580,Ready for Automation Sync,"Fixed overflow: old was 50/44 chars (truncated in search cards); Removed non-compliant symbols ('|', '@', '+'); Excluded brand name on Airbnb (strictly complies with Airbnb guidelines)"
1542427071575011451,5098,Pool+Jacuzzi,Airbnb,Pool+Jacuzzi|StayVista @ Moonstone Villa - Vagator,3BHK Pool+Jacuzzi • Pool & Jacuzzi,https://www.airbnb.co.in/rooms/1542427071575011451,Ready for Automation Sync,"Fixed overflow: old was 50/44 chars (truncated in search cards); Removed non-compliant symbols ('|', '@', '+'); Excluded brand name on Airbnb (strictly complies with Airbnb guidelines)"
1524507910032118499,5032,Ultra Lux Casa Dos Reis+Lawn+Pool+BBQ+Cook@Vagator,Airbnb,Ultra Lux Casa Dos Reis+Lawn+Pool+BBQ+Cook@Vagator,3BHK Villa w/ Pool,https://www.airbnb.co.in/rooms/1524507910032118499,Ready for Automation Sync,"Fixed overflow: old was 50/44 chars (truncated in search cards); Removed non-compliant symbols ('|', '@', '+'); Excluded brand name on Airbnb (strictly complies with Airbnb guidelines)"
1471521780830046401,4808,4BHK,Airbnb,4BHK - BBQ & Bonfire - The Poetry House @Karjat,4BHK 4BHK • Bonfire & BBQ,https://www.airbnb.co.in/rooms/1471521780830046401,Ready for Automation Sync,"Fixed overflow: old was 47/44 chars (truncated in search cards); Removed non-compliant symbols ('|', '@', '+'); Excluded brand name on Airbnb (strictly complies with Airbnb guidelines)"
1465129976450204225,4887,"4BR Vintage Emily's w/Parking, Chef, Wifi & BBQ",Airbnb,"4BR Vintage Emily's w/Parking, Chef, Wifi & BBQ",4BHK Villa w/ BBQ,https://www.airbnb.co.in/rooms/1465129976450204225,Ready for Automation Sync,Fixed overflow: old was 47/44 chars (truncated in search cards); Excluded brand name on Airbnb (strictly complies with Airbnb guidelines)
1409224142621713667,4629,5BR,Airbnb,5BR|Pool+Big Lawn|StayVista| Sky Hills @Lonavala,5BHK 5BR • Pool & Lawn,https://www.airbnb.co.in/rooms/1409224142621713667,Ready for Automation Sync,"Fixed overflow: old was 48/44 chars (truncated in search cards); Removed non-compliant symbols ('|', '@', '+'); Excluded brand name on Airbnb (strictly complies with Airbnb guidelines)"
649685964641731314,1455,Casa Palmera 6BHK W/ Pool & Lawn,Airbnb,Casa Palmera 6BHK W/ Pool & Lawn,6BHK Casa Palmera 6BHK W/ Pool & Lawn • Pool,https://www.airbnb.co.in/rooms/649685964641731314,Ready for Automation Sync,Excluded brand name on Airbnb (strictly complies with Airbnb guidelines)
1557965156987001260,2879,3BR,Airbnb,3BR |Bkfst+MtnView |StayVista| Little Heaven @Ooty,3BHK 3BR Villa w/ Private Pool,https://www.airbnb.co.in/rooms/1557965156987001260,Ready for Automation Sync,"Fixed overflow: old was 50/44 chars (truncated in search cards); Removed non-compliant symbols ('|', '@', '+'); Excluded brand name on Airbnb (strictly complies with Airbnb guidelines)"
1597627900388427247,5247,4BR,Airbnb,4BR|PoolViews|StayVista| Sihaya @Karnatka,4BHK 4BR Villa w/ Private Pool,https://www.airbnb.co.in/rooms/1597627900388427247,Ready for Automation Sync,"Removed non-compliant symbols ('|', '@', '+'); Excluded brand name on Airbnb (strictly complies with Airbnb guidelines)"
1604996960759604559,5282,"Azalea w/ Pool, Lawn by",Airbnb,"Azalea w/ Pool, Lawn by StayVista","3BHK Azalea w/ Pool, Lawn by • Pool & Lawn",https://www.airbnb.co.in/rooms/1604996960759604559,Ready for Automation Sync,Excluded brand name on Airbnb (strictly complies with Airbnb guidelines)
1739054291272391767,5720,61 Sama,Airbnb,"StayVista at 61 Sama w/ Pool, Mountain View",3BHK 61 Sama • Pool & Mountain View,https://www.airbnb.co.in/rooms/1739054291272391767,Ready for Automation Sync,Excluded brand name on Airbnb (strictly complies with Airbnb guidelines)
1557167301220230852,5128,4BR,Airbnb,4BR |Games+Pool|StayVista| Pristine Peak @Lonavala,4BHK 4BR Villa w/ Pool,https://www.airbnb.co.in/rooms/1557167301220230852,Ready for Automation Sync,"Fixed overflow: old was 50/44 chars (truncated in search cards); Removed non-compliant symbols ('|', '@', '+'); Excluded brand name on Airbnb (strictly complies with Airbnb guidelines)"
1492536740740092080,4928,2BR,Airbnb,2BR| Lawn+BBQ |StayVista| Rustling Pine@Tamil Nadu,2BHK 2BR • Lawn & BBQ,https://www.airbnb.co.in/rooms/1492536740740092080,Ready for Automation Sync,"Fixed overflow: old was 50/44 chars (truncated in search cards); Removed non-compliant symbols ('|', '@', '+'); Excluded brand name on Airbnb (strictly complies with Airbnb guidelines)"
1755067574005156309,Not Found,Lumiere,Airbnb,StayVista at Villa Lumiere - 4BR|Pool Retreat,4BHK Lumiere Villa w/ Pool,https://www.airbnb.co.in/rooms/1755067574005156309,Ready for Automation Sync,"Fixed overflow: old was 45/44 chars (truncated in search cards); Removed non-compliant symbols ('|', '@', '+'); Excluded brand name on Airbnb (strictly complies with Airbnb guidelines)"
1754842664194077694,Not Found,The Portugal Renaissance,Airbnb,StayVista at The Portugal Renaissance w/Pool Villa,3BHK The Portugal Renaissance Villa w/ Pool,https://www.airbnb.co.in/rooms/1754842664194077694,Ready for Automation Sync,Fixed overflow: old was 50/44 chars (truncated in search cards); Excluded brand name on Airbnb (strictly complies with Airbnb guidelines)
1282336331218799848,4096,3BR,Airbnb,3BR|Luxury Pool|StayVista| Starlit Manor@Jagatpura,3BHK 3BR Manor w/ Pool,https://www.airbnb.co.in/rooms/1282336331218799848,Ready for Automation Sync,"Fixed overflow: old was 50/44 chars (truncated in search cards); Removed non-compliant symbols ('|', '@', '+'); Excluded brand name on Airbnb (strictly complies with Airbnb guidelines)"
1740559346419997137,5782,Sunset Crest,Airbnb,"StayVista at Sunset Crest w/ Infinity Pool, Lawn",3BHK Sunset Crest • Infinity Pool & Lawn,https://www.airbnb.co.in/rooms/1740559346419997137,Ready for Automation Sync,Fixed overflow: old was 48/44 chars (truncated in search cards); Excluded brand name on Airbnb (strictly complies with Airbnb guidelines)
1561531127791122338,5129,Opal Edge @ Zenith  by VEO,Airbnb,Opal Edge @ Zenith Villa by VEO -Part of StayVista,3BHK Villa w/ Private Pool,https://www.airbnb.co.in/rooms/1561531127791122338,Ready for Automation Sync,"Fixed overflow: old was 50/44 chars (truncated in search cards); Removed non-compliant symbols ('|', '@', '+'); Excluded brand name on Airbnb (strictly complies with Airbnb guidelines)"
1300451675317350949,3847,2BR,Airbnb,2BR|Pool+View |StayVista| Terracotta Skies@Trimbak,2BHK 2BR Villa w/ Pool,https://www.airbnb.co.in/rooms/1300451675317350949,Ready for Automation Sync,"Fixed overflow: old was 50/44 chars (truncated in search cards); Removed non-compliant symbols ('|', '@', '+'); Excluded brand name on Airbnb (strictly complies with Airbnb guidelines)"
1773104692579157372,Not Found,Jyoti Malhotra,Airbnb,StayVista at Jyoti Malhotra,3BHK Jyoti Malhotra Villa w/ Private Pool,https://www.airbnb.co.in/rooms/1773104692579157372,Ready for Automation Sync,Excluded brand name on Airbnb (strictly complies with Airbnb guidelines)
38910518,697,Luxury 8BR  w/Pool/TT/Sauna @Bani Park Jaipur,Airbnb,Luxury 8BR Villa w/Pool/TT/Sauna @Bani Park Jaipur,8BHK Villa w/ Pool,https://www.airbnb.co.in/rooms/38910518,Ready for Automation Sync,"Fixed overflow: old was 50/44 chars (truncated in search cards); Removed non-compliant symbols ('|', '@', '+'); Excluded brand name on Airbnb (strictly complies with Airbnb guidelines)"
1424382354266503647,4632,Rishikesh,Airbnb,"Rishikesh | 4BR Echoes of Ease w/Views, Wifi & BBQ",4BHK Rishikesh Villa w/ BBQ,https://www.airbnb.co.in/rooms/1424382354266503647,Ready for Automation Sync,"Fixed overflow: old was 50/44 chars (truncated in search cards); Removed non-compliant symbols ('|', '@', '+'); Excluded brand name on Airbnb (strictly complies with Airbnb guidelines)"
1354949433946176741,4321,6BR Cloudview  w/Serene View & Comp Breakfast,Airbnb,6BR Cloudview Villa w/Serene View & Comp Breakfast,6BHK Villa w/ Private Pool,https://www.airbnb.co.in/rooms/1354949433946176741,Ready for Automation Sync,Fixed overflow: old was 50/44 chars (truncated in search cards); Excluded brand name on Airbnb (strictly complies with Airbnb guidelines)
1759976048178585033,5624,Altr Shore,Airbnb,StayVista at Altr Shore w/ Beach View & Pool,3BHK Altr Shore Villa w/ Pool,https://www.airbnb.co.in/rooms/1759976048178585033,Ready for Automation Sync,Excluded brand name on Airbnb (strictly complies with Airbnb guidelines)
1272239431146837127,4071,Luxe 6BR Twilight Perch w/Serene Views & Wifi,Airbnb,Luxe 6BR Twilight Perch w/Serene Views & Wifi,6BHK Villa w/ Private Pool,https://www.airbnb.co.in/rooms/1272239431146837127,Ready for Automation Sync,Fixed overflow: old was 45/44 chars (truncated in search cards); Excluded brand name on Airbnb (strictly complies with Airbnb guidelines)
1238199051492331719,3861,5BR,Airbnb,5BR|Scenic Views|StayVista| Griha Sankalpa @Kerala,5BHK 5BR Villa w/ Private Pool,https://www.airbnb.co.in/rooms/1238199051492331719,Ready for Automation Sync,"Fixed overflow: old was 50/44 chars (truncated in search cards); Removed non-compliant symbols ('|', '@', '+'); Excluded brand name on Airbnb (strictly complies with Airbnb guidelines)"
1541195900059892600,3780,Rishikesh,Airbnb,"Rishikesh | 4BR Ganga's Jewel w/Lawn, A/C & Brkfst",4BHK Rishikesh Villa w/ Lawn,https://www.airbnb.co.in/rooms/1541195900059892600,Ready for Automation Sync,"Fixed overflow: old was 50/44 chars (truncated in search cards); Removed non-compliant symbols ('|', '@', '+'); Excluded brand name on Airbnb (strictly complies with Airbnb guidelines)"
1160779113969924180,3571,The Amaryllis (Chef Inclusive),Airbnb,The Amaryllis (Chef Inclusive),3BHK Villa w/ Private Pool,https://www.airbnb.co.in/rooms/1160779113969924180,Ready for Automation Sync,Excluded brand name on Airbnb (strictly complies with Airbnb guidelines)
1112142624731102335,3481,5BR,Airbnb,5BR|Luxury|StayVista| Midsummer Moon@Kashmir Haven,5BHK 5BR Villa w/ Private Pool,https://www.airbnb.co.in/rooms/1112142624731102335,Ready for Automation Sync,"Fixed overflow: old was 50/44 chars (truncated in search cards); Removed non-compliant symbols ('|', '@', '+'); Excluded brand name on Airbnb (strictly complies with Airbnb guidelines)"
1017121543711883394,3009,The Deck – Pool  with Scenic View,Airbnb,The Deck – Pool Villa with Scenic View,3BHK The Deck – Pool with Scenic View • Pool,https://www.airbnb.co.in/rooms/1017121543711883394,Ready for Automation Sync,Excluded brand name on Airbnb (strictly complies with Airbnb guidelines)
1267056831561731672,3233,@ The Deck & Dawn Ecstasy w/d Bonfire,Airbnb,StayVista @ The Deck & Dawn Ecstasy w/d Bonfire,3BHK Villa w/ Bonfire,https://www.airbnb.co.in/rooms/1267056831561731672,Ready for Automation Sync,"Fixed overflow: old was 47/44 chars (truncated in search cards); Removed non-compliant symbols ('|', '@', '+'); Excluded brand name on Airbnb (strictly complies with Airbnb guidelines)"
47502219,1599,Destine,Airbnb,StayVista at Destine | 6BR Forest View Retreat,6BHK Destine Retreat w/ Lawn,https://www.airbnb.co.in/rooms/47502219,Ready for Automation Sync,"Fixed overflow: old was 46/44 chars (truncated in search cards); Removed non-compliant symbols ('|', '@', '+'); Excluded brand name on Airbnb (strictly complies with Airbnb guidelines)"
45182974,1457,Destine,Airbnb,StayVista at Destine Villa | 4BR Luxury Stay,4BHK Destine Villa w/ Private Pool,https://www.airbnb.co.in/rooms/45182974,Ready for Automation Sync,"Removed non-compliant symbols ('|', '@', '+'); Excluded brand name on Airbnb (strictly complies with Airbnb guidelines)"
670685178529359163,510,6BR Pool&Lawn  Casa Do Amor Sangolda Goa!,Airbnb,6BR Pool&Lawn StayVista Casa Do Amor Sangolda Goa!,6BHK Villa w/ Pool,https://www.airbnb.co.in/rooms/670685178529359163,Ready for Automation Sync,Fixed overflow: old was 50/44 chars (truncated in search cards); Excluded brand name on Airbnb (strictly complies with Airbnb guidelines)
1572932592590491421,302,3BR,Airbnb,3BR|Pvt Pool+Lux|StayVista| Arcadia Villa@Candolim,3BHK 3BR Villa w/ Pool,https://www.airbnb.co.in/rooms/1572932592590491421,Ready for Automation Sync,"Fixed overflow: old was 50/44 chars (truncated in search cards); Removed non-compliant symbols ('|', '@', '+'); Excluded brand name on Airbnb (strictly complies with Airbnb guidelines)"
1731652037485641479,5592,Whistling Rivulets  by Vieda,Airbnb,Whistling Rivulets Estate by Vieda-PartofStayVista,3BHK Whistling Rivulets by Vieda w/ Lawn,https://www.airbnb.co.in/rooms/1731652037485641479,Ready for Automation Sync,Fixed overflow: old was 50/44 chars (truncated in search cards); Excluded brand name on Airbnb (strictly complies with Airbnb guidelines)
1719301008834473650,5556,Rama,Airbnb,StayVista at Rama Villa w/ BBQ & Pool,3BHK Rama • Pool & BBQ,https://www.airbnb.co.in/rooms/1719301008834473650,Ready for Automation Sync,Excluded brand name on Airbnb (strictly complies with Airbnb guidelines)
1067860721215365324,3263,4BR,Airbnb,4BR|Hill Escape+View|StayVista| Vale Echoes@Munnar,4BHK 4BR Villa w/ Private Pool,https://www.airbnb.co.in/rooms/1067860721215365324,Ready for Automation Sync,"Fixed overflow: old was 50/44 chars (truncated in search cards); Removed non-compliant symbols ('|', '@', '+'); Excluded brand name on Airbnb (strictly complies with Airbnb guidelines)"
1718635455439502087,5390,Casa Do Louisa,Airbnb,StayVista at Casa Do Louisa - Aldona,3BHK Casa Do Louisa Villa w/ Private Pool,https://www.airbnb.co.in/rooms/1718635455439502087,Ready for Automation Sync,Excluded brand name on Airbnb (strictly complies with Airbnb guidelines)
1770236060982707501,3232,The Secret Garden,Airbnb,StayVista at The Secret Garden w/ Pool & Wi-Fi,3BHK The Secret Garden • Pool & Garden,https://www.airbnb.co.in/rooms/1770236060982707501,Ready for Automation Sync,Fixed overflow: old was 46/44 chars (truncated in search cards); Excluded brand name on Airbnb (strictly complies with Airbnb guidelines)
1771576692520611636,Not Found,Pine & Pepper w/ Pool & Bonfire,Airbnb,StayVista at Pine & Pepper w/ Pool & Bonfire,3BHK Pine & Pepper w/ Pool & Bonfire w/ Pool,https://www.airbnb.co.in/rooms/1771576692520611636,Ready for Automation Sync,Excluded brand name on Airbnb (strictly complies with Airbnb guidelines)
1771611602225238925,Not Found,Arham 16,Airbnb,"StayVista at Arham 16 w/ Mountain View, Rftp Pool",3BHK Arham 16 • Pool & Mountain View,https://www.airbnb.co.in/rooms/1771611602225238925,Ready for Automation Sync,Fixed overflow: old was 49/44 chars (truncated in search cards); Excluded brand name on Airbnb (strictly complies with Airbnb guidelines)
1613704476070575896,5319,"Comfort Rooms @ Lagoons Kuruva w/ Pool, Lawn",Airbnb,"Comfort Rooms @ Lagoons Kuruva w/ Pool, Lawn",3BHK Villa w/ Pool,https://www.airbnb.co.in/rooms/1613704476070575896,Ready for Automation Sync,"Removed non-compliant symbols ('|', '@', '+'); Excluded brand name on Airbnb (strictly complies with Airbnb guidelines)"
1764173080002491051,5712,Swapan Oasis,Airbnb,StayVista at Swapan Oasis - The Glass Villa w/pool,3BHK Swapan Oasis Villa w/ Pool,https://www.airbnb.co.in/rooms/1764173080002491051,Ready for Automation Sync,Fixed overflow: old was 50/44 chars (truncated in search cards); Excluded brand name on Airbnb (strictly complies with Airbnb guidelines)
1602058961652518950,5335,Remi,Airbnb,"StayVista at Remi @ Ivory Palms w/ Pool, AC, WiFi",3BHK Remi Villa w/ Pool,https://www.airbnb.co.in/rooms/1602058961652518950,Ready for Automation Sync,"Fixed overflow: old was 49/44 chars (truncated in search cards); Removed non-compliant symbols ('|', '@', '+'); Excluded brand name on Airbnb (strictly complies with Airbnb guidelines)"
1674541536737230602,5637,Executive room,Airbnb,StayVista at Executive room @ Mulberry Tree House,3BHK Executive room House w/ Lawn,https://www.airbnb.co.in/rooms/1674541536737230602,Ready for Automation Sync,"Fixed overflow: old was 49/44 chars (truncated in search cards); Removed non-compliant symbols ('|', '@', '+'); Excluded brand name on Airbnb (strictly complies with Airbnb guidelines)"
1754822692089497139,Not Found,Shantam,Airbnb,StayVista at Shantam House - 4BR w/Pvt Pool & Lawn,4BHK Shantam • Pool & Lawn,https://www.airbnb.co.in/rooms/1754822692089497139,Ready for Automation Sync,Fixed overflow: old was 50/44 chars (truncated in search cards); Excluded brand name on Airbnb (strictly complies with Airbnb guidelines)
1739635788768623537,5477,Luxury 3BHK Pool  w/Mountain View in Udaipur,Airbnb,Luxury 3BHK Pool Villa w/Mountain View in Udaipur,3BHK Villa w/ Pool,https://www.airbnb.co.in/rooms/1739635788768623537,Ready for Automation Sync,Fixed overflow: old was 49/44 chars (truncated in search cards); Excluded brand name on Airbnb (strictly complies with Airbnb guidelines)
1650573160444049958,5453,10BR,Airbnb,10BR|Beach View|StayVista|The Summer House @Nashik,10BHK 10BR House w/ Lawn,https://www.airbnb.co.in/rooms/1650573160444049958,Ready for Automation Sync,"Fixed overflow: old was 50/44 chars (truncated in search cards); Removed non-compliant symbols ('|', '@', '+'); Excluded brand name on Airbnb (strictly complies with Airbnb guidelines)"
1694126738872840111,5436,Amoraa,Airbnb,StayVista at Villa Amoraa w/ Rooftop Jacuzzi,3BHK Amoraa Villa w/ Jacuzzi,https://www.airbnb.co.in/rooms/1694126738872840111,Ready for Automation Sync,Excluded brand name on Airbnb (strictly complies with Airbnb guidelines)
1602777096053171777,5326,The YG Manor,Airbnb,"StayVista at The YG Manor w/Pool, BBQ & Bar",3BHK The YG Manor • Pool & BBQ,https://www.airbnb.co.in/rooms/1602777096053171777,Ready for Automation Sync,Excluded brand name on Airbnb (strictly complies with Airbnb guidelines)
1714357116680418631,5655,The Canopy,Airbnb,StayVista at The Canopy House w/ Jacuzzi,3BHK The Canopy House w/ Jacuzzi,https://www.airbnb.co.in/rooms/1714357116680418631,Ready for Automation Sync,Excluded brand name on Airbnb (strictly complies with Airbnb guidelines)
1744083648329434799,5606,De Amara,Airbnb,"StayVista at Villa De Amara w/ Wifi, BBQ",3BHK De Amara Villa w/ BBQ,https://www.airbnb.co.in/rooms/1744083648329434799,Ready for Automation Sync,Excluded brand name on Airbnb (strictly complies with Airbnb guidelines)
1741280862945817077,5758,2BHK Signature Apartment with Pool@Imperial Avtara,Airbnb,2BHK Signature Apartment with Pool@Imperial Avtara,2BHK Villa w/ Pool,https://www.airbnb.co.in/rooms/1741280862945817077,Ready for Automation Sync,"Fixed overflow: old was 50/44 chars (truncated in search cards); Removed non-compliant symbols ('|', '@', '+'); Excluded brand name on Airbnb (strictly complies with Airbnb guidelines)"
1661485647781220681,5490,Palm Grove – Private Pool & Lawn.,Airbnb,StayVista at Palm Grove – Private Pool & Lawn.,3BHK Villa w/ Private Pool,https://www.airbnb.co.in/rooms/1661485647781220681,Ready for Automation Sync,Fixed overflow: old was 46/44 chars (truncated in search cards); Excluded brand name on Airbnb (strictly complies with Airbnb guidelines)
1533069235241028657,5096,Rooms @ Thalassa near the Beach,Airbnb,StayVista at Rooms @ Thalassa near the Beach,3BHK Villa w/ Private Pool,https://www.airbnb.co.in/rooms/1533069235241028657,Ready for Automation Sync,"Removed non-compliant symbols ('|', '@', '+'); Excluded brand name on Airbnb (strictly complies with Airbnb guidelines)"
1566536072641020552,4625,Near Janam Bhoomi,Airbnb,Near Janam Bhoomi | 4BR Vrindara Niwas w/AC & Wifi,4BHK Near Janam Bhoomi Villa w/ Private Pool,https://www.airbnb.co.in/rooms/1566536072641020552,Ready for Automation Sync,"Fixed overflow: old was 50/44 chars (truncated in search cards); Removed non-compliant symbols ('|', '@', '+'); Excluded brand name on Airbnb (strictly complies with Airbnb guidelines)"
1594839219211123008,5310,3BR @ Vrindara Niwas,Airbnb,3BR @ Vrindara Niwas | 200m away from Janam Bhoomi,3BHK 3BR @ Vrindara Niwas w/ Private Pool,https://www.airbnb.co.in/rooms/1594839219211123008,Ready for Automation Sync,"Fixed overflow: old was 50/44 chars (truncated in search cards); Removed non-compliant symbols ('|', '@', '+'); Excluded brand name on Airbnb (strictly complies with Airbnb guidelines)"
1614920851562740150,5387,200m from Janam Bhoomi,Airbnb,200m from Janam Bhoomi | 2 Rooms @ Vrindara Niwas,3BHK 200m from Janam Bhoomi w/ Private Pool,https://www.airbnb.co.in/rooms/1614920851562740150,Ready for Automation Sync,"Fixed overflow: old was 49/44 chars (truncated in search cards); Removed non-compliant symbols ('|', '@', '+'); Excluded brand name on Airbnb (strictly complies with Airbnb guidelines)"
1599168932493333231,5251,Luxury 4BHK w/Pool & Lawn near Chokhi Dhani Jaipur,Airbnb,Luxury 4BHK w/Pool & Lawn near Chokhi Dhani Jaipur,4BHK Villa w/ Pool,https://www.airbnb.co.in/rooms/1599168932493333231,Ready for Automation Sync,Fixed overflow: old was 50/44 chars (truncated in search cards); Excluded brand name on Airbnb (strictly complies with Airbnb guidelines)
1472203505879163360,4907,3BR,Airbnb,3BR | Mtn+Pool|StayVista| Starlight Springs@Nashik,3BHK 3BR Villa w/ Pool,https://www.airbnb.co.in/rooms/1472203505879163360,Ready for Automation Sync,"Fixed overflow: old was 50/44 chars (truncated in search cards); Removed non-compliant symbols ('|', '@', '+'); Excluded brand name on Airbnb (strictly complies with Airbnb guidelines)"
1756202264997951869,Not Found,2BR Fern@Pristine Pines w/Comp Breakfast @kasauli,Airbnb,2BR Fern@Pristine Pines w/Comp Breakfast @kasauli,2BHK Villa w/ Private Pool,https://www.airbnb.co.in/rooms/1756202264997951869,Ready for Automation Sync,"Fixed overflow: old was 49/44 chars (truncated in search cards); Removed non-compliant symbols ('|', '@', '+'); Excluded brand name on Airbnb (strictly complies with Airbnb guidelines)"
1755761741692453080,2404,"3BR Scenic Solitude w/Serene Views, Bonfire & Wifi",Airbnb,"3BR Scenic Solitude w/Serene Views, Bonfire & Wifi",3BHK Villa w/ Bonfire,https://www.airbnb.co.in/rooms/1755761741692453080,Ready for Automation Sync,Fixed overflow: old was 50/44 chars (truncated in search cards); Excluded brand name on Airbnb (strictly complies with Airbnb guidelines)
1755826650769043977,Not Found,2BR Basil@Pristine Pines w/Comp Breakfast @Kasauli,Airbnb,2BR Basil@Pristine Pines w/Comp Breakfast @Kasauli,2BHK Villa w/ Private Pool,https://www.airbnb.co.in/rooms/1755826650769043977,Ready for Automation Sync,"Fixed overflow: old was 50/44 chars (truncated in search cards); Removed non-compliant symbols ('|', '@', '+'); Excluded brand name on Airbnb (strictly complies with Airbnb guidelines)"
1756391858816364394,1623,4 Rooms,Airbnb,StayVista at 4 Rooms @ Golden Bliss Cottage,3BHK 4 Rooms Cottage w/ Lawn,https://www.airbnb.co.in/rooms/1756391858816364394,Ready for Automation Sync,"Removed non-compliant symbols ('|', '@', '+'); Excluded brand name on Airbnb (strictly complies with Airbnb guidelines)"
1755815329431320884,Not Found,Serene Studio,Airbnb,StayVista at Serene Studio W/ Outdoor Bonfire,3BHK Serene Studio Villa w/ Bonfire,https://www.airbnb.co.in/rooms/1755815329431320884,Ready for Automation Sync,Fixed overflow: old was 45/44 chars (truncated in search cards); Excluded brand name on Airbnb (strictly complies with Airbnb guidelines)
1756429383501544523,2291,Attic,Airbnb,StayVista at Attic @ Golden Bliss Cottage,3BHK Attic Cottage w/ Lawn,https://www.airbnb.co.in/rooms/1756429383501544523,Ready for Automation Sync,"Removed non-compliant symbols ('|', '@', '+'); Excluded brand name on Airbnb (strictly complies with Airbnb guidelines)"
1765836755737080059,2342 / 5865,The Courtyard  w/ Regal Interiors & Lawn,Airbnb,The Courtyard Estate w/ Regal Interiors & Lawn,3BHK Estate w/ Lawn,https://www.airbnb.co.in/rooms/1765836755737080059,Ready for Automation Sync,Fixed overflow: old was 46/44 chars (truncated in search cards); Excluded brand name on Airbnb (strictly complies with Airbnb guidelines)
740932390464842625,2319,Hanamizu,Airbnb,StayVista at Hanamizu 4Bhk W/Pool Alibaug,4BHK Hanamizu Villa w/ Pool,https://www.airbnb.co.in/rooms/740932390464842625,Ready for Automation Sync,Excluded brand name on Airbnb (strictly complies with Airbnb guidelines)
1275193109224250019,4067,4BR,Airbnb,4BR| Luxe Stay |StayVista| Nayak House @Kolkata,4BHK 4BR House w/ Lawn,https://www.airbnb.co.in/rooms/1275193109224250019,Ready for Automation Sync,"Fixed overflow: old was 47/44 chars (truncated in search cards); Removed non-compliant symbols ('|', '@', '+'); Excluded brand name on Airbnb (strictly complies with Airbnb guidelines)"
1741268525058297973,5698,Neelambari,Airbnb,StayVista at Neelambari Villa w/ BBQ & Bonfire,3BHK Neelambari • Bonfire & BBQ,https://www.airbnb.co.in/rooms/1741268525058297973,Ready for Automation Sync,Fixed overflow: old was 46/44 chars (truncated in search cards); Excluded brand name on Airbnb (strictly complies with Airbnb guidelines)
1751266463066675926,Not Found,Northwood 1916,Airbnb,StayVista at Northwood 1916 Cottage,3BHK Northwood 1916 Cottage w/ Lawn,https://www.airbnb.co.in/rooms/1751266463066675926,Ready for Automation Sync,Excluded brand name on Airbnb (strictly complies with Airbnb guidelines)
1751190249380961886,Not Found,"3BHK Glasshouse, Mtn View",Airbnb,"3BHK Glasshouse, Mtn View | Violet Hill Mashobra",3BHK Villa w/ Private Pool,https://www.airbnb.co.in/rooms/1751190249380961886,Ready for Automation Sync,"Fixed overflow: old was 48/44 chars (truncated in search cards); Removed non-compliant symbols ('|', '@', '+'); Excluded brand name on Airbnb (strictly complies with Airbnb guidelines)"
1628092669888762220,5380,Native Place,Airbnb,StayVista at Native Place w/ Machan & Pool,3BHK Native Place Villa w/ Pool,https://www.airbnb.co.in/rooms/1628092669888762220,Ready for Automation Sync,Excluded brand name on Airbnb (strictly complies with Airbnb guidelines)
1757125341438513168,Not Found,The Tila : Luxury 4BR  w/Pool,Airbnb,StayVista at The Tila : Luxury 4BR Villa w/Pool,4BHK The Tila : Luxury 4BR w/Pool w/ Pool,https://www.airbnb.co.in/rooms/1757125341438513168,Ready for Automation Sync,Fixed overflow: old was 47/44 chars (truncated in search cards); Excluded brand name on Airbnb (strictly complies with Airbnb guidelines)
1757125375668593516,Not Found,1BR Treehouse @ Mountain Crest W\Outdoor Pool,Airbnb,1BR Treehouse @Villa Mountain Crest W\Outdoor Pool,1BHK Villa w/ Pool,https://www.airbnb.co.in/rooms/1757125375668593516,Ready for Automation Sync,"Fixed overflow: old was 50/44 chars (truncated in search cards); Removed non-compliant symbols ('|', '@', '+'); Excluded brand name on Airbnb (strictly complies with Airbnb guidelines)"
1756974513769771666,Not Found,Upavan,Airbnb,"3BR StayVista at Upavan @ Nyra Farms w/ Pool, Lawn",3BHK Upavan • Pool & Lawn,https://www.airbnb.co.in/rooms/1756974513769771666,Ready for Automation Sync,"Fixed overflow: old was 50/44 chars (truncated in search cards); Removed non-compliant symbols ('|', '@', '+'); Excluded brand name on Airbnb (strictly complies with Airbnb guidelines)"
1742685820420565381,5765,"3BR Celestial Retreat w/Comp Breakfast, Lawn & AC",Airbnb,"3BR Celestial Retreat w/Comp Breakfast, Lawn & AC",3BHK Retreat w/ Lawn,https://www.airbnb.co.in/rooms/1742685820420565381,Ready for Automation Sync,Fixed overflow: old was 49/44 chars (truncated in search cards); Excluded brand name on Airbnb (strictly complies with Airbnb guidelines)
1533214546159181492,5111,Residences At Baner,Airbnb,Apartment @ StayVista Residences At Baner,3BHK Residences At Baner w/ Private Pool,https://www.airbnb.co.in/rooms/1533214546159181492,Ready for Automation Sync,"Removed non-compliant symbols ('|', '@', '+'); Excluded brand name on Airbnb (strictly complies with Airbnb guidelines)"
1602135886583676137,5340,Numa,Airbnb,"StayVista at Numa @ Ivory Palms w/ Pool, AC, WiFi",3BHK Numa Villa w/ Pool,https://www.airbnb.co.in/rooms/1602135886583676137,Ready for Automation Sync,"Fixed overflow: old was 49/44 chars (truncated in search cards); Removed non-compliant symbols ('|', '@', '+'); Excluded brand name on Airbnb (strictly complies with Airbnb guidelines)"
1602105097194724075,5337,Luka,Airbnb,"StayVista at Luka @ Ivory Palms w/ Pool, AC, WiFi",3BHK Luka Villa w/ Pool,https://www.airbnb.co.in/rooms/1602105097194724075,Ready for Automation Sync,"Fixed overflow: old was 49/44 chars (truncated in search cards); Removed non-compliant symbols ('|', '@', '+'); Excluded brand name on Airbnb (strictly complies with Airbnb guidelines)"
1525816175557379662,4989,3BR,Airbnb,3BR|Pool Retreat|StayVista| Ivory Palms-15 @Goa,3BHK 3BR Retreat w/ Pool,https://www.airbnb.co.in/rooms/1525816175557379662,Ready for Automation Sync,"Fixed overflow: old was 47/44 chars (truncated in search cards); Removed non-compliant symbols ('|', '@', '+'); Excluded brand name on Airbnb (strictly complies with Airbnb guidelines)"
1420763626263625591,175,6BHK Hilltop,Airbnb,6BHK Hilltop Villa-Pvt Pool & Pool Table @Karjat,6BHK 6BHK Hilltop Villa w/ Pool,https://www.airbnb.co.in/rooms/1420763626263625591,Ready for Automation Sync,"Fixed overflow: old was 48/44 chars (truncated in search cards); Removed non-compliant symbols ('|', '@', '+'); Excluded brand name on Airbnb (strictly complies with Airbnb guidelines)"
1578801022849021760,4116,The Ark,Airbnb,StayVista at The Ark w/ BBQ & Bonfire,3BHK The Ark • Bonfire & BBQ,https://www.airbnb.co.in/rooms/1578801022849021760,Ready for Automation Sync,Excluded brand name on Airbnb (strictly complies with Airbnb guidelines)
1579600318590152079,5135,Bagaan Farm Stay,Airbnb,"Bagaan Farm Stay | Pool, Lawn & Pool Table",3BHK Bagaan Farm Stay • Pool & Lawn,https://www.airbnb.co.in/rooms/1579600318590152079,Ready for Automation Sync,"Removed non-compliant symbols ('|', '@', '+'); Excluded brand name on Airbnb (strictly complies with Airbnb guidelines)"
1146246125543130438,3521,3BR,Airbnb,3BR|Duplex Pool|StayVista|Bluewaters Apartment@Goa,3BHK 3BR Villa w/ Pool,https://www.airbnb.co.in/rooms/1146246125543130438,Ready for Automation Sync,"Fixed overflow: old was 50/44 chars (truncated in search cards); Removed non-compliant symbols ('|', '@', '+'); Excluded brand name on Airbnb (strictly complies with Airbnb guidelines)"
1583129167616008504,5107,3BR,Airbnb,3BR |Pvt Pool+Luxe|StayVista| Cerulean Frame @Goa,3BHK 3BR Villa w/ Pool,https://www.airbnb.co.in/rooms/1583129167616008504,Ready for Automation Sync,"Fixed overflow: old was 49/44 chars (truncated in search cards); Removed non-compliant symbols ('|', '@', '+'); Excluded brand name on Airbnb (strictly complies with Airbnb guidelines)"
1598313489132546503,5320,Noah,Airbnb,StayVista at Noah @ Pura Vida w/ Pool & Lawn,3BHK Noah • Pool & Lawn,https://www.airbnb.co.in/rooms/1598313489132546503,Ready for Automation Sync,"Removed non-compliant symbols ('|', '@', '+'); Excluded brand name on Airbnb (strictly complies with Airbnb guidelines)"
1598402488042072369,5321,Jonah,Airbnb,StayVista at Jonah @ Pura Vida w/ Pool & Lawn,3BHK Jonah • Pool & Lawn,https://www.airbnb.co.in/rooms/1598402488042072369,Ready for Automation Sync,"Fixed overflow: old was 45/44 chars (truncated in search cards); Removed non-compliant symbols ('|', '@', '+'); Excluded brand name on Airbnb (strictly complies with Airbnb guidelines)"
1588401200348685640,5084,Pura Vida,Airbnb,StayVista at Pura Vida w/ Pool & Lawn,3BHK Pura Vida • Pool & Lawn,https://www.airbnb.co.in/rooms/1588401200348685640,Ready for Automation Sync,Excluded brand name on Airbnb (strictly complies with Airbnb guidelines)
661373608736527784,432,3bhk Heritage  in Kasauli w/ Bonfire,Airbnb,3bhk Heritage Villa in Kasauli w/ Bonfire,3BHK Villa w/ Bonfire,https://www.airbnb.co.in/rooms/661373608736527784,Ready for Automation Sync,Excluded brand name on Airbnb (strictly complies with Airbnb guidelines)
1426513325259296409,4568,4BR,Airbnb,4BR |Luxury Pool|StayVista| Anya Nirvana @Goa,4BHK 4BR Villa w/ Pool,https://www.airbnb.co.in/rooms/1426513325259296409,Ready for Automation Sync,"Fixed overflow: old was 45/44 chars (truncated in search cards); Removed non-compliant symbols ('|', '@', '+'); Excluded brand name on Airbnb (strictly complies with Airbnb guidelines)"
35206601,451,4BR,Airbnb,4BR|Majestic Views+Hill|StayVista| The Lilly @Ooty,4BHK 4BR Villa w/ Private Pool,https://www.airbnb.co.in/rooms/35206601,Ready for Automation Sync,"Fixed overflow: old was 50/44 chars (truncated in search cards); Removed non-compliant symbols ('|', '@', '+'); Excluded brand name on Airbnb (strictly complies with Airbnb guidelines)"
1756497532872719406,5816,Cliffside Haven,Airbnb,"StayVista at Cliffside Haven w/ Pool, Terrace",3BHK Cliffside Haven • Pool & Terrace,https://www.airbnb.co.in/rooms/1756497532872719406,Ready for Automation Sync,Fixed overflow: old was 45/44 chars (truncated in search cards); Excluded brand name on Airbnb (strictly complies with Airbnb guidelines)
1752144855976565826,5817,Maison 1,Airbnb,"StayVista at Maison 1 Estate w/BBQ, Jacuzzi &Pool",3BHK Maison 1 • Pool & Jacuzzi,https://www.airbnb.co.in/rooms/1752144855976565826,Ready for Automation Sync,Fixed overflow: old was 49/44 chars (truncated in search cards); Excluded brand name on Airbnb (strictly complies with Airbnb guidelines)
1731149209385191321,5047,Arcia,Airbnb,"StayVista at Arcia w/ Pool, Mountain View",3BHK Arcia • Pool & Mountain View,https://www.airbnb.co.in/rooms/1731149209385191321,Ready for Automation Sync,Excluded brand name on Airbnb (strictly complies with Airbnb guidelines)
659023043974589368,1669,4BR,Airbnb,4BR|Lakeside View|StayVista| Nihira Farms @Kamshet,4BHK 4BR Villa w/ Private Pool,https://www.airbnb.co.in/rooms/659023043974589368,Ready for Automation Sync,"Fixed overflow: old was 50/44 chars (truncated in search cards); Removed non-compliant symbols ('|', '@', '+'); Excluded brand name on Airbnb (strictly complies with Airbnb guidelines)"
1750540173987704902,5796,Sarus,Airbnb,"StayVista at Sarus w/ Pool, Mountain View",3BHK Sarus • Pool & Mountain View,https://www.airbnb.co.in/rooms/1750540173987704902,Ready for Automation Sync,Excluded brand name on Airbnb (strictly complies with Airbnb guidelines)
1541724021454438309,4542,5BR,Airbnb,"5BR -StayVista@Villa Veya, VEO - Part Of StayVista",5BHK 5BR Villa w/ Private Pool,https://www.airbnb.co.in/rooms/1541724021454438309,Ready for Automation Sync,"Fixed overflow: old was 50/44 chars (truncated in search cards); Removed non-compliant symbols ('|', '@', '+'); Excluded brand name on Airbnb (strictly complies with Airbnb guidelines)"
1690539050319855923,5630,Casa Halo,Airbnb,"StayVista at Casa Halo w/Garden, Pool",3BHK Casa Halo • Pool & Garden,https://www.airbnb.co.in/rooms/1690539050319855923,Ready for Automation Sync,Excluded brand name on Airbnb (strictly complies with Airbnb guidelines)
1537392195137714779,2466,@ Amoda – BBQ & Jacuzzi,Airbnb,StayVista @ Amoda – BBQ & Jacuzzi Villa,3BHK @ Amoda – BBQ & Jacuzzi • Jacuzzi & BBQ,https://www.airbnb.co.in/rooms/1537392195137714779,Ready for Automation Sync,"Removed non-compliant symbols ('|', '@', '+'); Excluded brand name on Airbnb (strictly complies with Airbnb guidelines)"
1539816416510274960,5035,Paradis du Raga @ Raga Living,Airbnb,Paradis du Raga @ Raga Living | 3BR Forest Suite,3BHK Villa w/ Private Pool,https://www.airbnb.co.in/rooms/1539816416510274960,Ready for Automation Sync,"Fixed overflow: old was 48/44 chars (truncated in search cards); Removed non-compliant symbols ('|', '@', '+'); Excluded brand name on Airbnb (strictly complies with Airbnb guidelines)"
1517105832272540551,4820,8BR,Airbnb,8BR | Luxe+ View |StayVista| Raga Living @Himachal,8BHK 8BR Villa w/ Private Pool,https://www.airbnb.co.in/rooms/1517105832272540551,Ready for Automation Sync,"Fixed overflow: old was 50/44 chars (truncated in search cards); Removed non-compliant symbols ('|', '@', '+'); Excluded brand name on Airbnb (strictly complies with Airbnb guidelines)"
1467108869068825135,4854,Nava – Luxury Escape w/Heated Pool & Bathtub,Airbnb,Villa Nava – Luxury Escape w/Heated Pool & Bathtub,3BHK Villa w/ Pool,https://www.airbnb.co.in/rooms/1467108869068825135,Ready for Automation Sync,Fixed overflow: old was 50/44 chars (truncated in search cards); Excluded brand name on Airbnb (strictly complies with Airbnb guidelines)
1495398172651500611,4836,3BHK,Airbnb,3BHK |Lawn+Pool |StayVista| Rustic Roots @Jaipur,3BHK 3BHK • Pool & Lawn,https://www.airbnb.co.in/rooms/1495398172651500611,Ready for Automation Sync,"Fixed overflow: old was 48/44 chars (truncated in search cards); Removed non-compliant symbols ('|', '@', '+'); Excluded brand name on Airbnb (strictly complies with Airbnb guidelines)"
1442632079958468206,4764,7BR,Airbnb,7BR|Lux Jacuzzi+BBQ|StayVista| Dream Haus @Kasauli,7BHK 7BR • Jacuzzi & BBQ,https://www.airbnb.co.in/rooms/1442632079958468206,Ready for Automation Sync,"Fixed overflow: old was 50/44 chars (truncated in search cards); Removed non-compliant symbols ('|', '@', '+'); Excluded brand name on Airbnb (strictly complies with Airbnb guidelines)"
1387518885273549820,4539,3BR,Airbnb,3BR|Scenic Stay|StayVista| Thelma Cottage @Kasauli,3BHK 3BR Cottage w/ Lawn,https://www.airbnb.co.in/rooms/1387518885273549820,Ready for Automation Sync,"Fixed overflow: old was 50/44 chars (truncated in search cards); Removed non-compliant symbols ('|', '@', '+'); Excluded brand name on Airbnb (strictly complies with Airbnb guidelines)"
1399062164970248262,4482,5BR,Airbnb,5BR|Luxe Pool+BBQ|StayVista| Azure Bliss @Alibaug,5BHK 5BR • Pool & BBQ,https://www.airbnb.co.in/rooms/1399062164970248262,Ready for Automation Sync,"Fixed overflow: old was 49/44 chars (truncated in search cards); Removed non-compliant symbols ('|', '@', '+'); Excluded brand name on Airbnb (strictly complies with Airbnb guidelines)"
1192572428854737197,3807,Svelte,Airbnb,StayVista at Svelte @  Shwaas w/ Pool,3BHK Svelte Villa w/ Pool,https://www.airbnb.co.in/rooms/1192572428854737197,Ready for Automation Sync,"Removed non-compliant symbols ('|', '@', '+'); Excluded brand name on Airbnb (strictly complies with Airbnb guidelines)"
1192512770121181347,3389,4BR Lux  w/Pool & Lawn,Airbnb,4BR Lux Villa w/Pool & Lawn| Shwaas@ Mysore,4BHK 4BR Lux w/Pool & Lawn • Pool & Lawn,https://www.airbnb.co.in/rooms/1192512770121181347,Ready for Automation Sync,"Removed non-compliant symbols ('|', '@', '+'); Excluded brand name on Airbnb (strictly complies with Airbnb guidelines)"
1237403854939190253,3869,@Gulposh Retreat w/ PrivatePool & Gazebo,Airbnb,StayVista @Gulposh Retreat w/ PrivatePool & Gazebo,3BHK Retreat w/ Private Pool,https://www.airbnb.co.in/rooms/1237403854939190253,Ready for Automation Sync,"Fixed overflow: old was 50/44 chars (truncated in search cards); Removed non-compliant symbols ('|', '@', '+'); Excluded brand name on Airbnb (strictly complies with Airbnb guidelines)"
1759980321752104687,5860,"Eshi’s  w/ Lawn, Bonfire",Airbnb,"StayVista at Eshi’s Villa w/ Lawn, Bonfire","3BHK Eshi’s w/ Lawn, Bonfire Villa w/ Lawn",https://www.airbnb.co.in/rooms/1759980321752104687,Ready for Automation Sync,Excluded brand name on Airbnb (strictly complies with Airbnb guidelines)
1429633537006060110,4715,5BR,Airbnb,5BR|Pool+Jacuzzi|StayVista| Villa Alora @Lonavala,5BHK 5BR • Pool & Jacuzzi,https://www.airbnb.co.in/rooms/1429633537006060110,Ready for Automation Sync,"Fixed overflow: old was 49/44 chars (truncated in search cards); Removed non-compliant symbols ('|', '@', '+'); Excluded brand name on Airbnb (strictly complies with Airbnb guidelines)"
655561592151833988,463,"Gram's at Shivom, Pawna Lake",Airbnb,"Gram's at Shivom, Pawna Lake - 8 Beds Mixed Dorm",8BHK Villa w/ Private Pool,https://www.airbnb.co.in/rooms/655561592151833988,Ready for Automation Sync,Fixed overflow: old was 48/44 chars (truncated in search cards); Excluded brand name on Airbnb (strictly complies with Airbnb guidelines)
1365044094877344085,187,"Gram's at Shivom, Pawna Lake by",Airbnb,"Gram's at Shivom, Pawna Lake by StayVista",3BHK Villa w/ Private Pool,https://www.airbnb.co.in/rooms/1365044094877344085,Ready for Automation Sync,Excluded brand name on Airbnb (strictly complies with Airbnb guidelines)
658444215852023272,350,"Gram's at Shivom, Pawna Lake",Airbnb,"Gram's at Shivom, Pawna Lake - 6 Beds Female Dorm",6BHK Villa w/ Private Pool,https://www.airbnb.co.in/rooms/658444215852023272,Ready for Automation Sync,Fixed overflow: old was 49/44 chars (truncated in search cards); Excluded brand name on Airbnb (strictly complies with Airbnb guidelines)
1715058028362834514,5597,Tamratva,Airbnb,StayVista at Tamratva Villa w/Pool & Mountain View,3BHK Tamratva • Pool & Mountain View,https://www.airbnb.co.in/rooms/1715058028362834514,Ready for Automation Sync,Fixed overflow: old was 50/44 chars (truncated in search cards); Excluded brand name on Airbnb (strictly complies with Airbnb guidelines)
1155571123407353836,3649,5BR  /Infinity Pool – Majestic Whispers,Airbnb,5BR Villa /Infinity Pool – Majestic Whispers,5BHK Villa w/ Infinity Pool,https://www.airbnb.co.in/rooms/1155571123407353836,Ready for Automation Sync,Excluded brand name on Airbnb (strictly complies with Airbnb guidelines)
1713645446902505408,5634,Luxe 4BR Butterfly  w/BBQ & Bonfire,Airbnb,Luxe 4BR Butterfly Estate w/BBQ & Bonfire,4BHK Estate w/ Bonfire,https://www.airbnb.co.in/rooms/1713645446902505408,Ready for Automation Sync,Excluded brand name on Airbnb (strictly complies with Airbnb guidelines)
1544818283952705352,5013,La Feu,Airbnb,3BR Luxe Pool Villa | StayVista | La Feu @ Goa,3BHK La Feu Villa w/ Pool,https://www.airbnb.co.in/rooms/1544818283952705352,Ready for Automation Sync,"Fixed overflow: old was 46/44 chars (truncated in search cards); Removed non-compliant symbols ('|', '@', '+'); Excluded brand name on Airbnb (strictly complies with Airbnb guidelines)"
929379439554365598,2737,3BR,Airbnb,3BR|Pool Retreat|StayVista|The Barn House@Himachal,3BHK 3BR House w/ Pool,https://www.airbnb.co.in/rooms/929379439554365598,Ready for Automation Sync,"Fixed overflow: old was 50/44 chars (truncated in search cards); Removed non-compliant symbols ('|', '@', '+'); Excluded brand name on Airbnb (strictly complies with Airbnb guidelines)"
1528924273840323437,1053,4BR,Airbnb,4BR|Premium+Pool|StayVista| Spirits Unplugged @HP,4BHK 4BR Villa w/ Pool,https://www.airbnb.co.in/rooms/1528924273840323437,Ready for Automation Sync,"Fixed overflow: old was 49/44 chars (truncated in search cards); Removed non-compliant symbols ('|', '@', '+'); Excluded brand name on Airbnb (strictly complies with Airbnb guidelines)"
1262170134036574538,4035,3BR,Airbnb,3BR |Family Stay|StayVista| Crystalline @Alibaug,3BHK 3BR Villa w/ Private Pool,https://www.airbnb.co.in/rooms/1262170134036574538,Ready for Automation Sync,"Fixed overflow: old was 48/44 chars (truncated in search cards); Removed non-compliant symbols ('|', '@', '+'); Excluded brand name on Airbnb (strictly complies with Airbnb guidelines)"
1767256292670702635,5761,Casa Rishay,Airbnb,"StayVista at Casa Rishay w/ Infinity Pool, BBQ",3BHK Casa Rishay • Infinity Pool & BBQ,https://www.airbnb.co.in/rooms/1767256292670702635,Ready for Automation Sync,Fixed overflow: old was 46/44 chars (truncated in search cards); Excluded brand name on Airbnb (strictly complies with Airbnb guidelines)
1735509714403566192,5739,Bougainville,Airbnb,"StayVista at Bougainville w/ Pool, BBQ",3BHK Bougainville • Pool & BBQ,https://www.airbnb.co.in/rooms/1735509714403566192,Ready for Automation Sync,Excluded brand name on Airbnb (strictly complies with Airbnb guidelines)
1314285099617936358,4227,5BR,Airbnb,5BR |Pool+Bathtub|StayVista| Casa Del Lusso @Baga,5BHK 5BR Villa w/ Pool,https://www.airbnb.co.in/rooms/1314285099617936358,Ready for Automation Sync,"Fixed overflow: old was 49/44 chars (truncated in search cards); Removed non-compliant symbols ('|', '@', '+'); Excluded brand name on Airbnb (strictly complies with Airbnb guidelines)"
1715185848306207501,5687,The Earth by Vieda (Part of ) w/ Pool,Airbnb,The Earth by Vieda (Part of StayVista) w/ Pool,3BHK Villa w/ Pool,https://www.airbnb.co.in/rooms/1715185848306207501,Ready for Automation Sync,Fixed overflow: old was 46/44 chars (truncated in search cards); Excluded brand name on Airbnb (strictly complies with Airbnb guidelines)
1719415717875566180,5666,Shambhala Lakeside,Airbnb,StayVista at Shambhala Lakeside w/Infinity Pool,3BHK Shambhala Lakeside w/ Infinity Pool,https://www.airbnb.co.in/rooms/1719415717875566180,Ready for Automation Sync,Fixed overflow: old was 47/44 chars (truncated in search cards); Excluded brand name on Airbnb (strictly complies with Airbnb guidelines)
1704808665725260067,5659,Shambhala Bodhi,Airbnb,StayVista at Shambhala Bodhi w/Pool & Jacuzzi,3BHK Shambhala Bodhi • Pool & Jacuzzi,https://www.airbnb.co.in/rooms/1704808665725260067,Ready for Automation Sync,Fixed overflow: old was 45/44 chars (truncated in search cards); Excluded brand name on Airbnb (strictly complies with Airbnb guidelines)
1725324179758072563,5721,Shambhala,Airbnb,StayVista at Shambhala - Pawna Lake Front w/Pool,3BHK Shambhala Villa w/ Pool,https://www.airbnb.co.in/rooms/1725324179758072563,Ready for Automation Sync,Fixed overflow: old was 48/44 chars (truncated in search cards); Excluded brand name on Airbnb (strictly complies with Airbnb guidelines)
1627457655548722930,5370,3BR,Airbnb,3BR |BBQ+Bathtub|StayVista| The Mint Villa @Karjat,3BHK 3BR Villa w/ BBQ,https://www.airbnb.co.in/rooms/1627457655548722930,Ready for Automation Sync,"Fixed overflow: old was 50/44 chars (truncated in search cards); Removed non-compliant symbols ('|', '@', '+'); Excluded brand name on Airbnb (strictly complies with Airbnb guidelines)"
1577463708146293383,5090,5BR,Airbnb,5BR |BBQ+Pool|StayVista| Casa Lucent @Nagalwadi,5BHK 5BR • Pool & BBQ,https://www.airbnb.co.in/rooms/1577463708146293383,Ready for Automation Sync,"Fixed overflow: old was 47/44 chars (truncated in search cards); Removed non-compliant symbols ('|', '@', '+'); Excluded brand name on Airbnb (strictly complies with Airbnb guidelines)"
1339955831111702002,4363,"Luxury 3BHK  w/Pool, GYM & Bathtub in Jaipur",Airbnb,"Luxury 3BHK Villa w/Pool, GYM & Bathtub in Jaipur",3BHK Villa w/ Pool,https://www.airbnb.co.in/rooms/1339955831111702002,Ready for Automation Sync,Fixed overflow: old was 49/44 chars (truncated in search cards); Excluded brand name on Airbnb (strictly complies with Airbnb guidelines)
1741246317955837990,4324,Misty Village,Airbnb,StayVista at Misty Village,3BHK Misty Village Villa w/ Private Pool,https://www.airbnb.co.in/rooms/1741246317955837990,Ready for Automation Sync,Excluded brand name on Airbnb (strictly complies with Airbnb guidelines)
1396141684141219544,3945,Chestnut Manor w/Sky Jacuzzi & Steam Room,Airbnb,Chestnut Manor w/Sky Jacuzzi & Steam Room,3BHK Manor w/ Jacuzzi,https://www.airbnb.co.in/rooms/1396141684141219544,Ready for Automation Sync,Excluded brand name on Airbnb (strictly complies with Airbnb guidelines)
1750502083486378380,Not Found,Santora,Airbnb,"StayVista at Villa Santora w/ BBQ, Infinity Pool",3BHK Santora • Infinity Pool & BBQ,https://www.airbnb.co.in/rooms/1750502083486378380,Ready for Automation Sync,Fixed overflow: old was 48/44 chars (truncated in search cards); Excluded brand name on Airbnb (strictly complies with Airbnb guidelines)
1252034365806505017,3924,The Orchard Song,Airbnb,StayVista at The Orchard Song- Chail with Jacuzzi,3BHK The Orchard Song • Jacuzzi & Orchard,https://www.airbnb.co.in/rooms/1252034365806505017,Ready for Automation Sync,Fixed overflow: old was 49/44 chars (truncated in search cards); Excluded brand name on Airbnb (strictly complies with Airbnb guidelines)
1262098702112637455,3897,5BR,Airbnb,5BR|Forest+Bonfir|StayVista|Wellbeing Villa@Kerala,5BHK 5BR Villa w/ Private Pool,https://www.airbnb.co.in/rooms/1262098702112637455,Ready for Automation Sync,"Fixed overflow: old was 50/44 chars (truncated in search cards); Removed non-compliant symbols ('|', '@', '+'); Excluded brand name on Airbnb (strictly complies with Airbnb guidelines)"
1557172779766808736,5064,3BR,Airbnb,3BR| Lawn |StayVista| Brickstone Villa @Bengaluru,3BHK 3BR Villa w/ Lawn,https://www.airbnb.co.in/rooms/1557172779766808736,Ready for Automation Sync,"Fixed overflow: old was 49/44 chars (truncated in search cards); Removed non-compliant symbols ('|', '@', '+'); Excluded brand name on Airbnb (strictly complies with Airbnb guidelines)"
1185429397894915914,3249,@Grey Hues,Airbnb,"@Grey Hues-8bhk-w/ Pool, BBQ and WiFi @Karjat",8BHK @Grey Hues • Pool & BBQ,https://www.airbnb.co.in/rooms/1185429397894915914,Ready for Automation Sync,"Fixed overflow: old was 45/44 chars (truncated in search cards); Removed non-compliant symbols ('|', '@', '+'); Excluded brand name on Airbnb (strictly complies with Airbnb guidelines)"
1567116378180832717,5086,Red Gable,Airbnb,"StayVista at Red Gable w/ Pool, Lawn",3BHK Red Gable • Pool & Lawn,https://www.airbnb.co.in/rooms/1567116378180832717,Ready for Automation Sync,Excluded brand name on Airbnb (strictly complies with Airbnb guidelines)
1755640498629364872,2421,107,Airbnb,StayVista at Villa 107@ Canary Farms | 5BHK Villa,5BHK 107 Villa w/ Private Pool,https://www.airbnb.co.in/rooms/1755640498629364872,Ready for Automation Sync,"Fixed overflow: old was 49/44 chars (truncated in search cards); Removed non-compliant symbols ('|', '@', '+'); Excluded brand name on Airbnb (strictly complies with Airbnb guidelines)"
1694153054327832454,5579,1BHK Superior Apartment with Pool@Imperial Avtara,Airbnb,1BHK Superior Apartment with Pool@Imperial Avtara,1BHK Villa w/ Pool,https://www.airbnb.co.in/rooms/1694153054327832454,Ready for Automation Sync,"Fixed overflow: old was 49/44 chars (truncated in search cards); Removed non-compliant symbols ('|', '@', '+'); Excluded brand name on Airbnb (strictly complies with Airbnb guidelines)"
1698328241226087318,5578,2BHK Apartment with Private Pool @ Imperial Avtara,Airbnb,2BHK Apartment with Private Pool @ Imperial Avtara,2BHK Villa w/ Private Pool,https://www.airbnb.co.in/rooms/1698328241226087318,Ready for Automation Sync,"Fixed overflow: old was 50/44 chars (truncated in search cards); Removed non-compliant symbols ('|', '@', '+'); Excluded brand name on Airbnb (strictly complies with Airbnb guidelines)"
1537546536352019499,3092,Moonlit Trails,Airbnb,StayVista at Moonlit Trails w/ Pool & Lawn,3BHK Moonlit Trails • Pool & Lawn,https://www.airbnb.co.in/rooms/1537546536352019499,Ready for Automation Sync,Excluded brand name on Airbnb (strictly complies with Airbnb guidelines)
1530876237754655519,2126,4BR Moonlit Hills by VEO,Airbnb,4BR Moonlit Hills by VEO - Part of StayVista,4BHK 4BR Moonlit Hills by VEO • Private Pool,https://www.airbnb.co.in/rooms/1530876237754655519,Ready for Automation Sync,Excluded brand name on Airbnb (strictly complies with Airbnb guidelines)
1693381977999261781,5509,Rishva,Airbnb,StayVista at Rishva w/ Pool & Lawn,3BHK Rishva • Pool & Lawn,https://www.airbnb.co.in/rooms/1693381977999261781,Ready for Automation Sync,Excluded brand name on Airbnb (strictly complies with Airbnb guidelines)
1541052194640641265,4942,"PS’ Infinity Hideout w/ Pool, theatre",Airbnb,"StayVista at PS’ Infinity Hideout w/ Pool, theatre",3BHK Villa w/ Pool,https://www.airbnb.co.in/rooms/1541052194640641265,Ready for Automation Sync,Fixed overflow: old was 50/44 chars (truncated in search cards); Excluded brand name on Airbnb (strictly complies with Airbnb guidelines)
1314229620499847888,4158,Ekan by the Sea W/ Pool & WiFi and games,Airbnb,Ekan by the Sea W/ Pool & WiFi and games,3BHK Villa w/ Pool,https://www.airbnb.co.in/rooms/1314229620499847888,Ready for Automation Sync,Excluded brand name on Airbnb (strictly complies with Airbnb guidelines)
1652856425876308257,5393,Ramgarh,Airbnb,"Ramgarh | 4BR @Shaantam Villa w/Chef, Wifi & Views",4BHK Ramgarh Villa w/ Private Pool,https://www.airbnb.co.in/rooms/1652856425876308257,Ready for Automation Sync,"Fixed overflow: old was 50/44 chars (truncated in search cards); Removed non-compliant symbols ('|', '@', '+'); Excluded brand name on Airbnb (strictly complies with Airbnb guidelines)"
1323628103556409357,4208,3 BR w/Pool & Bonfire,Airbnb,3 BR w/Pool & Bonfire- Meadow Muse -Gurgaon,3BHK 3 BR w/Pool & Bonfire • Pool & Bonfire,https://www.airbnb.co.in/rooms/1323628103556409357,Ready for Automation Sync,Excluded brand name on Airbnb (strictly complies with Airbnb guidelines)
1757963613889597297,Not Found,Terra Palms,Airbnb,"StayVista at Terra Palms w/ Pool, BBQ",3BHK Terra Palms • Pool & BBQ,https://www.airbnb.co.in/rooms/1757963613889597297,Ready for Automation Sync,Excluded brand name on Airbnb (strictly complies with Airbnb guidelines)
1542497512438373315,5052,Prana Zen,Airbnb,StayVista at Prana Zen House w/ Pool & BBQ,3BHK Prana Zen • Pool & BBQ,https://www.airbnb.co.in/rooms/1542497512438373315,Ready for Automation Sync,Excluded brand name on Airbnb (strictly complies with Airbnb guidelines)
1567363837286409223,5174,Acasa,Airbnb,StayVista at Acasa w/ Lawn,3BHK Acasa Villa w/ Lawn,https://www.airbnb.co.in/rooms/1567363837286409223,Ready for Automation Sync,Excluded brand name on Airbnb (strictly complies with Airbnb guidelines)
1690291344521880337,5548,Alpenglow,Airbnb,StayVista at Villa Alpenglow w/ Mountain View,3BHK Alpenglow Villa w/ Mountain View,https://www.airbnb.co.in/rooms/1690291344521880337,Ready for Automation Sync,Fixed overflow: old was 45/44 chars (truncated in search cards); Excluded brand name on Airbnb (strictly complies with Airbnb guidelines)
1313520797064200631,5,4BR Mountain Home,Airbnb,4BR Mountain Home | The Boulevard Lonavala,4BHK 4BR Mountain Home Villa w/ Private Pool,https://www.airbnb.co.in/rooms/1313520797064200631,Ready for Automation Sync,"Removed non-compliant symbols ('|', '@', '+'); Excluded brand name on Airbnb (strictly complies with Airbnb guidelines)"
1426638651244980431,4728,Belas Palmeiras 2bhk  with pool by,Airbnb,Belas Palmeiras 2bhk villa with pool by StayVista,2BHK Villa w/ Pool,https://www.airbnb.co.in/rooms/1426638651244980431,Ready for Automation Sync,Fixed overflow: old was 49/44 chars (truncated in search cards); Excluded brand name on Airbnb (strictly complies with Airbnb guidelines)
1649929204218173942,5464,3BR,Airbnb,3BR|Nature Escape|StayVista| Villa Aurelia @Kerala,3BHK 3BR Villa w/ Private Pool,https://www.airbnb.co.in/rooms/1649929204218173942,Ready for Automation Sync,"Fixed overflow: old was 50/44 chars (truncated in search cards); Removed non-compliant symbols ('|', '@', '+'); Excluded brand name on Airbnb (strictly complies with Airbnb guidelines)"
38937607,684,4BR,Airbnb,4BR|Luxury Pool|StayVista|Shalom Villa@Mararikulam,4BHK 4BR Villa w/ Pool,https://www.airbnb.co.in/rooms/38937607,Ready for Automation Sync,"Fixed overflow: old was 50/44 chars (truncated in search cards); Removed non-compliant symbols ('|', '@', '+'); Excluded brand name on Airbnb (strictly complies with Airbnb guidelines)"
777980185338891245,2374,4BR,Airbnb,4BR|Hill Escape|StayVista| Paradise Valley @Munnar,4BHK 4BR Villa w/ Private Pool,https://www.airbnb.co.in/rooms/777980185338891245,Ready for Automation Sync,"Fixed overflow: old was 50/44 chars (truncated in search cards); Removed non-compliant symbols ('|', '@', '+'); Excluded brand name on Airbnb (strictly complies with Airbnb guidelines)"
7990371,371,Crystal Homestay 4BHK w/ Brkfst,Airbnb,Crystal Homestay 4BHK w/ Brkfst - Coffee trails,4BHK Crystal Homestay 4BHK w/ Brkfst w/ Lawn,https://www.airbnb.co.in/rooms/7990371,Ready for Automation Sync,Fixed overflow: old was 47/44 chars (truncated in search cards); Excluded brand name on Airbnb (strictly complies with Airbnb guidelines)
674272508115789575,1554,3 BHK Classic  w/BKFST +Lawn+Gazebo @ Raichak,Airbnb,3 BHK Classic Villa w/BKFST +Lawn+Gazebo @ Raichak,3BHK Villa w/ Lawn,https://www.airbnb.co.in/rooms/674272508115789575,Ready for Automation Sync,"Fixed overflow: old was 50/44 chars (truncated in search cards); Removed non-compliant symbols ('|', '@', '+'); Excluded brand name on Airbnb (strictly complies with Airbnb guidelines)"
1570091794852218214,5190,Zenith,Airbnb,"StayVista at Zenith Villa w/ Pool, Lawn, Bathtub",3BHK Zenith • Pool & Lawn,https://www.airbnb.co.in/rooms/1570091794852218214,Ready for Automation Sync,Fixed overflow: old was 48/44 chars (truncated in search cards); Excluded brand name on Airbnb (strictly complies with Airbnb guidelines)
673655984570801333,1320,4BR Heritage,Airbnb,4BR Heritage Villa |Breakfast|City Centre Udaipur,4BHK 4BR Heritage Villa w/ Private Pool,https://www.airbnb.co.in/rooms/673655984570801333,Ready for Automation Sync,"Fixed overflow: old was 49/44 chars (truncated in search cards); Removed non-compliant symbols ('|', '@', '+'); Excluded brand name on Airbnb (strictly complies with Airbnb guidelines)"
658589546838278356,305,Magnolia Luxe by  – Vieda Collection,Airbnb,Magnolia Luxe by StayVista – Vieda Collection,3BHK Villa w/ Private Pool,https://www.airbnb.co.in/rooms/658589546838278356,Ready for Automation Sync,Fixed overflow: old was 45/44 chars (truncated in search cards); Excluded brand name on Airbnb (strictly complies with Airbnb guidelines)
1025907445027444245,Not Found,Bumble Wood,Airbnb,StayVista at Bumble Wood @ Moonlit Trails w/ Pool,3BHK Bumble Wood Villa w/ Pool,https://www.airbnb.co.in/rooms/1025907445027444245,Ready for Automation Sync,"Fixed overflow: old was 49/44 chars (truncated in search cards); Removed non-compliant symbols ('|', '@', '+'); Excluded brand name on Airbnb (strictly complies with Airbnb guidelines)"
1025916960214223847,3093,Bliss,Airbnb,StayVista at Bliss @ Moonlit Trails w/ Pool,3BHK Bliss Villa w/ Pool,https://www.airbnb.co.in/rooms/1025916960214223847,Ready for Automation Sync,"Removed non-compliant symbols ('|', '@', '+'); Excluded brand name on Airbnb (strictly complies with Airbnb guidelines)"
1735193962167042790,5127,Chroma Crest@Zenith  by VEO,Airbnb,Chroma Crest@Zenith Villa by VEO-Part of StayVista,3BHK Villa w/ Private Pool,https://www.airbnb.co.in/rooms/1735193962167042790,Ready for Automation Sync,"Fixed overflow: old was 50/44 chars (truncated in search cards); Removed non-compliant symbols ('|', '@', '+'); Excluded brand name on Airbnb (strictly complies with Airbnb guidelines)"
1744360640574832579,5768,Miorah Chalet Neo,Airbnb,"StayVista at Miorah Chalet Neo w/ WIFI, Parking",3BHK Miorah Chalet Neo Chalet w/ Lawn,https://www.airbnb.co.in/rooms/1744360640574832579,Ready for Automation Sync,Fixed overflow: old was 47/44 chars (truncated in search cards); Excluded brand name on Airbnb (strictly complies with Airbnb guidelines)
1598463004340126774,5280,5BR,Airbnb,5BR |Nature|StayVista| Hindavi Green Escape @Paud,5BHK 5BR Villa w/ Private Pool,https://www.airbnb.co.in/rooms/1598463004340126774,Ready for Automation Sync,"Fixed overflow: old was 49/44 chars (truncated in search cards); Removed non-compliant symbols ('|', '@', '+'); Excluded brand name on Airbnb (strictly complies with Airbnb guidelines)"
1225176060759996296,3922,2BR,Airbnb,2BR |Mtn View Cozy |StayVista| Aaram Gah @Shringar,2BHK 2BR Villa w/ Private Pool,https://www.airbnb.co.in/rooms/1225176060759996296,Ready for Automation Sync,"Fixed overflow: old was 50/44 chars (truncated in search cards); Removed non-compliant symbols ('|', '@', '+'); Excluded brand name on Airbnb (strictly complies with Airbnb guidelines)"
1628089565869784474,5253,The Hydrangeas By Stayvista,Airbnb,The Hydrangeas By Stayvista|Luxury & Cozy Escape,3BHK The Hydrangeas By Villa w/ Private Pool,https://www.airbnb.co.in/rooms/1628089565869784474,Ready for Automation Sync,"Fixed overflow: old was 48/44 chars (truncated in search cards); Removed non-compliant symbols ('|', '@', '+'); Excluded brand name on Airbnb (strictly complies with Airbnb guidelines)"
1585459505278859729,5177,Mai Ludvina,Airbnb,StayVista at Mai Ludvina w/ Pool,3BHK Mai Ludvina Villa w/ Pool,https://www.airbnb.co.in/rooms/1585459505278859729,Ready for Automation Sync,Excluded brand name on Airbnb (strictly complies with Airbnb guidelines)
1437645533095152847,4508,1,Airbnb,"1-room Cottages at Luma, Mandwa, jetty side escape",3BHK 1 Villa w/ Private Pool,https://www.airbnb.co.in/rooms/1437645533095152847,Ready for Automation Sync,Fixed overflow: old was 50/44 chars (truncated in search cards); Excluded brand name on Airbnb (strictly complies with Airbnb guidelines)
1556409394947357663,5160,Sol Suite @ Luma,Airbnb,Sol Suite @ Luma- 350 mtr from Mandwa Jetty,3BHK Sol Suite @ Luma Villa w/ Private Pool,https://www.airbnb.co.in/rooms/1556409394947357663,Ready for Automation Sync,"Removed non-compliant symbols ('|', '@', '+'); Excluded brand name on Airbnb (strictly complies with Airbnb guidelines)"
1556435648033152803,5161,Aurora Treehouse,Airbnb,Aurora Treehouse - 350 mtr from Mandwa Jetty,3BHK Aurora Treehouse Villa w/ Private Pool,https://www.airbnb.co.in/rooms/1556435648033152803,Ready for Automation Sync,Excluded brand name on Airbnb (strictly complies with Airbnb guidelines)
1739055931537406577,2353,Panorama,Airbnb,StayVista at Panorama @ Gulmohar Estate,3BHK Panorama Estate w/ Lawn,https://www.airbnb.co.in/rooms/1739055931537406577,Ready for Automation Sync,"Removed non-compliant symbols ('|', '@', '+'); Excluded brand name on Airbnb (strictly complies with Airbnb guidelines)"
1535979449186160576,5056,6BR,Airbnb,6BR| Luxe Pool&Tub |StayVista| Bella Villa @Nashik,6BHK 6BR Villa w/ Pool,https://www.airbnb.co.in/rooms/1535979449186160576,Ready for Automation Sync,"Fixed overflow: old was 50/44 chars (truncated in search cards); Removed non-compliant symbols ('|', '@', '+'); Excluded brand name on Airbnb (strictly complies with Airbnb guidelines)"
1738399603301496262,2064,Willowbrook Hill,Airbnb,StayVista at Willowbrook Hill - Bonfire,3BHK Willowbrook Hill Villa w/ Bonfire,https://www.airbnb.co.in/rooms/1738399603301496262,Ready for Automation Sync,Excluded brand name on Airbnb (strictly complies with Airbnb guidelines)
1740441110699086622,Not Found,Amethyst,Airbnb,StayVista at Villa Amethyst w/ Pool & Lawn,3BHK Amethyst • Pool & Lawn,https://www.airbnb.co.in/rooms/1740441110699086622,Ready for Automation Sync,Excluded brand name on Airbnb (strictly complies with Airbnb guidelines)
1757744855685012656,Not Found,That Mountain  A,Airbnb,StayVista at That Mountain House A-Frame|2BR Villa,2BHK That Mountain A Villa w/ Private Pool,https://www.airbnb.co.in/rooms/1757744855685012656,Ready for Automation Sync,"Fixed overflow: old was 50/44 chars (truncated in search cards); Removed non-compliant symbols ('|', '@', '+'); Excluded brand name on Airbnb (strictly complies with Airbnb guidelines)"
1613767619149796517,5288,Oasis Moets WaterfrontEstate,Airbnb,StayVista at Oasis Moets WaterfrontEstate -Raison,3BHK Villa w/ Private Pool,https://www.airbnb.co.in/rooms/1613767619149796517,Ready for Automation Sync,Fixed overflow: old was 49/44 chars (truncated in search cards); Excluded brand name on Airbnb (strictly complies with Airbnb guidelines)
49084039,1668,5BHK V Square  w/Pool & Bonfire,Airbnb,5BHK V Square villa w/Pool & Bonfire | Lonavala,5BHK 5BHK V Square w/Pool & Bonfire w/ Pool,https://www.airbnb.co.in/rooms/49084039,Ready for Automation Sync,"Fixed overflow: old was 47/44 chars (truncated in search cards); Removed non-compliant symbols ('|', '@', '+'); Excluded brand name on Airbnb (strictly complies with Airbnb guidelines)"
1735328400502281437,1551,4 Rooms @  Mountain Crest W/ Outdoor Pool,Airbnb,4 Rooms @ Villa Mountain Crest W/ Outdoor Pool,3BHK Villa w/ Pool,https://www.airbnb.co.in/rooms/1735328400502281437,Ready for Automation Sync,"Fixed overflow: old was 46/44 chars (truncated in search cards); Removed non-compliant symbols ('|', '@', '+'); Excluded brand name on Airbnb (strictly complies with Airbnb guidelines)"
1573682945671946926,2416,2BR  Mountain Crest W/Outdoor Pool @ Kasauli,Airbnb,2BR Villa Mountain Crest W/Outdoor Pool @ Kasauli,2BHK Villa w/ Pool,https://www.airbnb.co.in/rooms/1573682945671946926,Ready for Automation Sync,"Fixed overflow: old was 49/44 chars (truncated in search cards); Removed non-compliant symbols ('|', '@', '+'); Excluded brand name on Airbnb (strictly complies with Airbnb guidelines)"
1220025822136883775,3951,Aura,Airbnb,StayVista at Aura @ M Villa with Pool and Lawn,3BHK Aura • Pool & Lawn,https://www.airbnb.co.in/rooms/1220025822136883775,Ready for Automation Sync,"Fixed overflow: old was 46/44 chars (truncated in search cards); Removed non-compliant symbols ('|', '@', '+'); Excluded brand name on Airbnb (strictly complies with Airbnb guidelines)"
1191208738318951101,3706,Luxe 5BR M,Airbnb,Stayvista Luxe 5BR M Villa w/ Pool @ Bangalore,5BHK Luxe 5BR M Villa w/ Pool,https://www.airbnb.co.in/rooms/1191208738318951101,Ready for Automation Sync,"Fixed overflow: old was 46/44 chars (truncated in search cards); Removed non-compliant symbols ('|', '@', '+'); Excluded brand name on Airbnb (strictly complies with Airbnb guidelines)"
1680361783262432822,5582,Double Room @ Shamrock Riverfront w/ BBQ & Bonfire,Airbnb,Double Room @ Shamrock Riverfront w/ BBQ & Bonfire,3BHK Villa w/ Bonfire,https://www.airbnb.co.in/rooms/1680361783262432822,Ready for Automation Sync,"Fixed overflow: old was 50/44 chars (truncated in search cards); Removed non-compliant symbols ('|', '@', '+'); Excluded brand name on Airbnb (strictly complies with Airbnb guidelines)"
1673888358731137057,5147,Shamrock Riverfront,Airbnb,StayVista at Shamrock Riverfront w/ BBQ & Bonfire,3BHK Shamrock Riverfront • Bonfire & BBQ,https://www.airbnb.co.in/rooms/1673888358731137057,Ready for Automation Sync,Fixed overflow: old was 49/44 chars (truncated in search cards); Excluded brand name on Airbnb (strictly complies with Airbnb guidelines)
1472943160802448862,4736,Hillcrest Grove,Airbnb,StayVista at Hillcrest Grove w/ Bonfire,3BHK Hillcrest Grove Villa w/ Bonfire,https://www.airbnb.co.in/rooms/1472943160802448862,Ready for Automation Sync,Excluded brand name on Airbnb (strictly complies with Airbnb guidelines)
1010548293272234383,3026,Placid,Airbnb,"StayVista at Placid @The Foothills - Lawn, Bonfire",3BHK Placid • Lawn & Bonfire,https://www.airbnb.co.in/rooms/1010548293272234383,Ready for Automation Sync,"Fixed overflow: old was 50/44 chars (truncated in search cards); Removed non-compliant symbols ('|', '@', '+'); Excluded brand name on Airbnb (strictly complies with Airbnb guidelines)"
1011228401772084628,3025,Serene,Airbnb,"StayVista at Serene @The Foothills - Lawn, Bonfire",3BHK Serene • Lawn & Bonfire,https://www.airbnb.co.in/rooms/1011228401772084628,Ready for Automation Sync,"Fixed overflow: old was 50/44 chars (truncated in search cards); Removed non-compliant symbols ('|', '@', '+'); Excluded brand name on Airbnb (strictly complies with Airbnb guidelines)"
1009749786539828216,2962,The Foothills,Airbnb,"StayVista at The Foothills - Lawn, Tents, Bonfire",3BHK The Foothills • Lawn & Bonfire,https://www.airbnb.co.in/rooms/1009749786539828216,Ready for Automation Sync,Fixed overflow: old was 49/44 chars (truncated in search cards); Excluded brand name on Airbnb (strictly complies with Airbnb guidelines)
1010602073307588391,3027,Vibrant,Airbnb,"StayVista at Vibrant @The Foothills -Lawn, Bonfire",3BHK Vibrant • Lawn & Bonfire,https://www.airbnb.co.in/rooms/1010602073307588391,Ready for Automation Sync,"Fixed overflow: old was 50/44 chars (truncated in search cards); Removed non-compliant symbols ('|', '@', '+'); Excluded brand name on Airbnb (strictly complies with Airbnb guidelines)"
1655051888759257824,5511,"3 Double Rooms @ Mana w/Heated Pool, Mountain View",Airbnb,"3 Double Rooms @ Mana w/Heated Pool, Mountain View",3BHK Villa w/ Pool,https://www.airbnb.co.in/rooms/1655051888759257824,Ready for Automation Sync,"Fixed overflow: old was 50/44 chars (truncated in search cards); Removed non-compliant symbols ('|', '@', '+'); Excluded brand name on Airbnb (strictly complies with Airbnb guidelines)"
1647744094678535742,5356,"5BR Mana  w/Heated Pool, Chef, & Scenic Views",Airbnb,"5BR Mana Villa w/Heated Pool, Chef, & Scenic Views",5BHK Villa w/ Pool,https://www.airbnb.co.in/rooms/1647744094678535742,Ready for Automation Sync,Fixed overflow: old was 50/44 chars (truncated in search cards); Excluded brand name on Airbnb (strictly complies with Airbnb guidelines)
856883087247521640,2605,Cecil  Colonial Hill top  Kasauli,Airbnb,Cecil Cottage Colonial Hill top Villa Kasauli,3BHK Villa w/ Private Pool,https://www.airbnb.co.in/rooms/856883087247521640,Ready for Automation Sync,Fixed overflow: old was 45/44 chars (truncated in search cards); Excluded brand name on Airbnb (strictly complies with Airbnb guidelines)
1214303576727097847,1434,Cecil,Airbnb,6BR Hill View | StayVista | Cecil Cottage @Kasauli,6BHK Cecil Cottage w/ Lawn,https://www.airbnb.co.in/rooms/1214303576727097847,Ready for Automation Sync,"Fixed overflow: old was 50/44 chars (truncated in search cards); Removed non-compliant symbols ('|', '@', '+'); Excluded brand name on Airbnb (strictly complies with Airbnb guidelines)"
1738866258992042852,773,2 Rooms @  Hugel	by VEO,Airbnb,2 Rooms @ Villa Hugel	by VEO - Part of StayVista,3BHK 2 Rooms @ Hugel by VEO w/ Private Pool,https://www.airbnb.co.in/rooms/1738866258992042852,Ready for Automation Sync,"Fixed overflow: old was 48/44 chars (truncated in search cards); Removed non-compliant symbols ('|', '@', '+'); Excluded brand name on Airbnb (strictly complies with Airbnb guidelines)"
39188162,691,5BR,Airbnb,5BR| Nature Escape |StayVista| Villa Sullivan@Ooty,5BHK 5BR Villa w/ Private Pool,https://www.airbnb.co.in/rooms/39188162,Ready for Automation Sync,"Fixed overflow: old was 50/44 chars (truncated in search cards); Removed non-compliant symbols ('|', '@', '+'); Excluded brand name on Airbnb (strictly complies with Airbnb guidelines)"
39379622,772,2 Rooms @  Sullivan by VEO,Airbnb,2 Rooms @ Villa Sullivan by VEO -Part of StayVista,3BHK Villa w/ Private Pool,https://www.airbnb.co.in/rooms/39379622,Ready for Automation Sync,"Fixed overflow: old was 50/44 chars (truncated in search cards); Removed non-compliant symbols ('|', '@', '+'); Excluded brand name on Airbnb (strictly complies with Airbnb guidelines)"
39286075,758,Boho Style Room 3 @Agastya  w/Terrace @Badami,Airbnb,Boho Style Room 3 @Agastya Villa w/Terrace @Badami,3BHK Villa w/ Terrace,https://www.airbnb.co.in/rooms/39286075,Ready for Automation Sync,"Fixed overflow: old was 50/44 chars (truncated in search cards); Removed non-compliant symbols ('|', '@', '+'); Excluded brand name on Airbnb (strictly complies with Airbnb guidelines)"
1508493811402416209,755,Agastya,Airbnb,1BR|Luxury Stay|StayVista Agastya Villa @Karntaka,1BHK Agastya Villa w/ Private Pool,https://www.airbnb.co.in/rooms/1508493811402416209,Ready for Automation Sync,"Fixed overflow: old was 49/44 chars (truncated in search cards); Removed non-compliant symbols ('|', '@', '+'); Excluded brand name on Airbnb (strictly complies with Airbnb guidelines)"
1292618084798978215,2834,Jungle Retreat,Airbnb,4BR|Lawn&Bonfire| StayVista |Jungle Retreat @Jawai,4BHK Jungle Retreat • Lawn & Bonfire,https://www.airbnb.co.in/rooms/1292618084798978215,Ready for Automation Sync,"Fixed overflow: old was 50/44 chars (truncated in search cards); Removed non-compliant symbols ('|', '@', '+'); Excluded brand name on Airbnb (strictly complies with Airbnb guidelines)"
1762269646433774565,5762,Feel Good Farm Stay,Airbnb,StayVista at Feel Good Farm Stay w/BBQ & Bonfire,3BHK Feel Good Farm Stay • Bonfire & BBQ,https://www.airbnb.co.in/rooms/1762269646433774565,Ready for Automation Sync,Fixed overflow: old was 48/44 chars (truncated in search cards); Excluded brand name on Airbnb (strictly complies with Airbnb guidelines)
1553557402499225541,5155,Residences at MoetsPalm,Airbnb,Quentin Tarantino@StayVistaResidences at MoetsPalm,3BHK Residences at MoetsPalm w/ Private Pool,https://www.airbnb.co.in/rooms/1553557402499225541,Ready for Automation Sync,"Fixed overflow: old was 50/44 chars (truncated in search cards); Removed non-compliant symbols ('|', '@', '+'); Excluded brand name on Airbnb (strictly complies with Airbnb guidelines)"
1273611662631636328,3975,Terra @ Middle Earth by Vieda (Part of ),Airbnb,Terra @ Middle Earth by Vieda (Part of StayVista),3BHK Villa w/ Private Pool,https://www.airbnb.co.in/rooms/1273611662631636328,Ready for Automation Sync,"Fixed overflow: old was 49/44 chars (truncated in search cards); Removed non-compliant symbols ('|', '@', '+'); Excluded brand name on Airbnb (strictly complies with Airbnb guidelines)"
1273702890780080480,3976,Tellus @ Middle Earth by Vieda (Part of ),Airbnb,Tellus @ Middle Earth by Vieda (Part of StayVista),3BHK Villa w/ Private Pool,https://www.airbnb.co.in/rooms/1273702890780080480,Ready for Automation Sync,"Fixed overflow: old was 50/44 chars (truncated in search cards); Removed non-compliant symbols ('|', '@', '+'); Excluded brand name on Airbnb (strictly complies with Airbnb guidelines)"
1237353211807905856,3845,Middle Earth,Airbnb,StayVista at Middle Earth | 8BHK Pool & Theatre,8BHK Middle Earth Villa w/ Pool,https://www.airbnb.co.in/rooms/1237353211807905856,Ready for Automation Sync,"Fixed overflow: old was 47/44 chars (truncated in search cards); Removed non-compliant symbols ('|', '@', '+'); Excluded brand name on Airbnb (strictly complies with Airbnb guidelines)"
1764284780202653058,5788,Govind Bagh,Airbnb,StayVista at Govind Bagh w/BBQ & Pool,3BHK Govind Bagh • Pool & BBQ,https://www.airbnb.co.in/rooms/1764284780202653058,Ready for Automation Sync,Excluded brand name on Airbnb (strictly complies with Airbnb guidelines)
1726078317398795601,5405,Emperior Suite w/Private pool & Jacuzzi@Vee Resort,Airbnb,Emperior Suite w/Private pool & Jacuzzi@Vee Resort,3BHK Villa w/ Private Pool,https://www.airbnb.co.in/rooms/1726078317398795601,Ready for Automation Sync,"Fixed overflow: old was 50/44 chars (truncated in search cards); Removed non-compliant symbols ('|', '@', '+'); Excluded brand name on Airbnb (strictly complies with Airbnb guidelines)"
1726069767261519859,5404,Emperior Suite w/ Heart Pool & Jacuzzi @Vee Resort,Airbnb,Emperior Suite w/ Heart Pool & Jacuzzi @Vee Resort,3BHK Villa w/ Pool,https://www.airbnb.co.in/rooms/1726069767261519859,Ready for Automation Sync,"Fixed overflow: old was 50/44 chars (truncated in search cards); Removed non-compliant symbols ('|', '@', '+'); Excluded brand name on Airbnb (strictly complies with Airbnb guidelines)"
1452566375594158279,4781,6BR,Airbnb,6BR| Pool+Lawn |StayVista| Silver Leaf @Alibaug,6BHK 6BR • Pool & Lawn,https://www.airbnb.co.in/rooms/1452566375594158279,Ready for Automation Sync,"Fixed overflow: old was 47/44 chars (truncated in search cards); Removed non-compliant symbols ('|', '@', '+'); Excluded brand name on Airbnb (strictly complies with Airbnb guidelines)"
1741132444382356825,5715,Sunrise Manor,Airbnb,StayVista at Sunrise Manor w/ Pool & Lawn,3BHK Sunrise Manor • Pool & Lawn,https://www.airbnb.co.in/rooms/1741132444382356825,Ready for Automation Sync,Excluded brand name on Airbnb (strictly complies with Airbnb guidelines)
580076919987881871,1977,7 Seas,Airbnb,"StayVista at 7 Seas w/ BBQ, Pool",3BHK 7 Seas • Pool & BBQ,https://www.airbnb.co.in/rooms/580076919987881871,Ready for Automation Sync,Excluded brand name on Airbnb (strictly complies with Airbnb guidelines)
1727269896072787719,5736,Luxury,Airbnb,Luxury Cottage,3BHK Luxury Cottage w/ Lawn,https://www.airbnb.co.in/rooms/1727269896072787719,Ready for Automation Sync,Excluded brand name on Airbnb (strictly complies with Airbnb guidelines)
1738867648471905367,5257,Beyond the Ridge,Airbnb,StayVista at Beyond the Ridge w/BBQ & Bonfire,3BHK Beyond the Ridge • Bonfire & BBQ,https://www.airbnb.co.in/rooms/1738867648471905367,Ready for Automation Sync,Fixed overflow: old was 45/44 chars (truncated in search cards); Excluded brand name on Airbnb (strictly complies with Airbnb guidelines)
1294622672162672287,4123,3bhk,Airbnb,Parkville Apartment by StayVista 3bhk Villa,3BHK 3bhk Villa w/ Private Pool,https://www.airbnb.co.in/rooms/1294622672162672287,Ready for Automation Sync,Excluded brand name on Airbnb (strictly complies with Airbnb guidelines)
1593258744456719134,5118,6BR The Rising Sun w/ Pool & BBQ,Airbnb,6BR The Rising Sun w/ Pool & BBQ - Ambernath,6BHK 6BR The Rising Sun w/ Pool & BBQ • Pool,https://www.airbnb.co.in/rooms/1593258744456719134,Ready for Automation Sync,Excluded brand name on Airbnb (strictly complies with Airbnb guidelines)
1544874893818886762,5126,Riverview,Airbnb,Riverview-Family Room w/ Bathtub @ Impiana -Karjat,3BHK Riverview Villa w/ River View,https://www.airbnb.co.in/rooms/1544874893818886762,Ready for Automation Sync,"Fixed overflow: old was 50/44 chars (truncated in search cards); Removed non-compliant symbols ('|', '@', '+'); Excluded brand name on Airbnb (strictly complies with Airbnb guidelines)"
1544811476147397224,5125,Riverview,Airbnb,Riverview-Comfort @Impiana-Pet-friendly for Couple,3BHK Riverview Villa w/ River View,https://www.airbnb.co.in/rooms/1544811476147397224,Ready for Automation Sync,"Fixed overflow: old was 50/44 chars (truncated in search cards); Removed non-compliant symbols ('|', '@', '+'); Excluded brand name on Airbnb (strictly complies with Airbnb guidelines)"
1544198078535903368,5124,Pet,Airbnb,Pet-friendly-Jacuzzi Room@Impiana -Couple-Karjat,3BHK Pet Villa w/ Jacuzzi,https://www.airbnb.co.in/rooms/1544198078535903368,Ready for Automation Sync,"Fixed overflow: old was 48/44 chars (truncated in search cards); Removed non-compliant symbols ('|', '@', '+'); Excluded brand name on Airbnb (strictly complies with Airbnb guidelines)"
1592642288908241406,5274,Tree @The Fig Tree by VEO,Airbnb,Tree House@The Fig Tree by VEO - Part of StayVista,3BHK Tree @The Fig Tree by VEO House w/ Lawn,https://www.airbnb.co.in/rooms/1592642288908241406,Ready for Automation Sync,"Fixed overflow: old was 50/44 chars (truncated in search cards); Removed non-compliant symbols ('|', '@', '+'); Excluded brand name on Airbnb (strictly complies with Airbnb guidelines)"
1587658713418216150,5285,Juniper W/Pvt Jacuzzi @ Sirmour Baag,Airbnb,Juniper W/Pvt Jacuzzi @ Sirmour Baag,3BHK Villa w/ Jacuzzi,https://www.airbnb.co.in/rooms/1587658713418216150,Ready for Automation Sync,"Removed non-compliant symbols ('|', '@', '+'); Excluded brand name on Airbnb (strictly complies with Airbnb guidelines)"
579952293643568952,2017,5BR,Airbnb,5BR|Luxury Pool|StayVista| Coffee & Mist Coorg,5BHK 5BR Villa w/ Pool,https://www.airbnb.co.in/rooms/579952293643568952,Ready for Automation Sync,"Fixed overflow: old was 46/44 chars (truncated in search cards); Removed non-compliant symbols ('|', '@', '+'); Excluded brand name on Airbnb (strictly complies with Airbnb guidelines)"
781601182256858550,2398,4BR,Airbnb,4BR|Hill Escape|StayVista| Midsummer Mist @Kurinji,4BHK 4BR Villa w/ Private Pool,https://www.airbnb.co.in/rooms/781601182256858550,Ready for Automation Sync,"Fixed overflow: old was 50/44 chars (truncated in search cards); Removed non-compliant symbols ('|', '@', '+'); Excluded brand name on Airbnb (strictly complies with Airbnb guidelines)"
1731152743060123818,2919,Sea Breeze,Airbnb,StayVista at Sea Breeze W/ Pool Beachfront Villa,3BHK Sea Breeze Villa w/ Pool,https://www.airbnb.co.in/rooms/1731152743060123818,Ready for Automation Sync,Fixed overflow: old was 48/44 chars (truncated in search cards); Excluded brand name on Airbnb (strictly complies with Airbnb guidelines)
40042182,833,1BR,Airbnb,1BR |Luxury Jacuzzi|StayVista| Serene Nook @Wada,1BHK 1BR Villa w/ Jacuzzi,https://www.airbnb.co.in/rooms/40042182,Ready for Automation Sync,"Fixed overflow: old was 48/44 chars (truncated in search cards); Removed non-compliant symbols ('|', '@', '+'); Excluded brand name on Airbnb (strictly complies with Airbnb guidelines)"
1733922323180696236,5580,Banyan Abode,Airbnb,StayVista at Banyan Abode - Goa w/ BBQ & Pool,3BHK Banyan Abode • Pool & BBQ,https://www.airbnb.co.in/rooms/1733922323180696236,Ready for Automation Sync,Fixed overflow: old was 45/44 chars (truncated in search cards); Excluded brand name on Airbnb (strictly complies with Airbnb guidelines)
53600031,1867,4BR,Airbnb,4BR|Bonfire Nights+Lawn| StayVista @Willowfield|UK,4BHK 4BR • Lawn & Bonfire,https://www.airbnb.co.in/rooms/53600031,Ready for Automation Sync,"Fixed overflow: old was 50/44 chars (truncated in search cards); Removed non-compliant symbols ('|', '@', '+'); Excluded brand name on Airbnb (strictly complies with Airbnb guidelines)"
1688799034713847366,5609,15BR,Airbnb,15BR |Pool|StayVista| The Heliconia Bungalows@Goa,15BHK 15BR Villa w/ Pool,https://www.airbnb.co.in/rooms/1688799034713847366,Ready for Automation Sync,"Fixed overflow: old was 49/44 chars (truncated in search cards); Removed non-compliant symbols ('|', '@', '+'); Excluded brand name on Airbnb (strictly complies with Airbnb guidelines)"
1688827705957874711,5610,3bhk Private  w/Pvt Pool @ Vagator,Airbnb,3bhk Private Villa w/Pvt Pool @ Vagator,3BHK Villa w/ Pool,https://www.airbnb.co.in/rooms/1688827705957874711,Ready for Automation Sync,"Removed non-compliant symbols ('|', '@', '+'); Excluded brand name on Airbnb (strictly complies with Airbnb guidelines)"
1701226885997570197,5604,Kalrav,Airbnb,StayVista at Kalrav w/ BBQ & Bonfire,3BHK Kalrav • Bonfire & BBQ,https://www.airbnb.co.in/rooms/1701226885997570197,Ready for Automation Sync,Excluded brand name on Airbnb (strictly complies with Airbnb guidelines)
1625269721311008687,5078,3BR,Airbnb,3BR|LakeView+BBQ|StayVista| Mangal House@Rajasthan,3BHK 3BR • Lake View & BBQ,https://www.airbnb.co.in/rooms/1625269721311008687,Ready for Automation Sync,"Fixed overflow: old was 50/44 chars (truncated in search cards); Removed non-compliant symbols ('|', '@', '+'); Excluded brand name on Airbnb (strictly complies with Airbnb guidelines)"
1764322512172689746,5746,Marwah Farm,Airbnb,StayVista at Marwah Farm w/ Pool & BBQ,3BHK Marwah Farm • Pool & BBQ,https://www.airbnb.co.in/rooms/1764322512172689746,Ready for Automation Sync,Excluded brand name on Airbnb (strictly complies with Airbnb guidelines)
1415804036806669949,4718,2BHK  w/Pool in Raja Park,Airbnb,2BHK Villa w/Pool in Raja Park - Jaipur,2BHK 2BHK w/Pool in Raja Park Villa w/ Pool,https://www.airbnb.co.in/rooms/1415804036806669949,Ready for Automation Sync,Excluded brand name on Airbnb (strictly complies with Airbnb guidelines)
1414987451811051375,4646,4BR Pool+Min Theat,Airbnb,4BR Pool+Min Theat|StayVista| House of Palm@Jaipur,4BHK 4BR Pool+Min Theat House w/ Pool,https://www.airbnb.co.in/rooms/1414987451811051375,Ready for Automation Sync,"Fixed overflow: old was 50/44 chars (truncated in search cards); Removed non-compliant symbols ('|', '@', '+'); Excluded brand name on Airbnb (strictly complies with Airbnb guidelines)"
1691260185350952645,5616,Vibrissa,Airbnb,StayVista at Vibrissa @ Leopard's Haus w/ BBQ,3BHK Vibrissa Villa w/ BBQ,https://www.airbnb.co.in/rooms/1691260185350952645,Ready for Automation Sync,"Fixed overflow: old was 45/44 chars (truncated in search cards); Removed non-compliant symbols ('|', '@', '+'); Excluded brand name on Airbnb (strictly complies with Airbnb guidelines)"
1441839470734741000,4729,"4BR  Mirador w/Views, AC & Wifi",Airbnb,"4BR Villa Mirador w/Views, AC & Wifi | Rishikesh",4BHK Villa w/ Private Pool,https://www.airbnb.co.in/rooms/1441839470734741000,Ready for Automation Sync,"Fixed overflow: old was 48/44 chars (truncated in search cards); Removed non-compliant symbols ('|', '@', '+'); Excluded brand name on Airbnb (strictly complies with Airbnb guidelines)"
1447446038592274070,4637,Mukteshwar,Airbnb,Mukteshwar | 5BR Cujo's Haus w/Heated Floor & Wifi,5BHK Mukteshwar Villa w/ Private Pool,https://www.airbnb.co.in/rooms/1447446038592274070,Ready for Automation Sync,"Fixed overflow: old was 50/44 chars (truncated in search cards); Removed non-compliant symbols ('|', '@', '+'); Excluded brand name on Airbnb (strictly complies with Airbnb guidelines)"
1217140775649212419,75,3BR,Airbnb,3BR |Pool+Lawn|StayVista| Princess Villa@Lonavala,3BHK 3BR • Pool & Lawn,https://www.airbnb.co.in/rooms/1217140775649212419,Ready for Automation Sync,"Fixed overflow: old was 49/44 chars (truncated in search cards); Removed non-compliant symbols ('|', '@', '+'); Excluded brand name on Airbnb (strictly complies with Airbnb guidelines)"
1720243534808619720,5549,La Rivieraa,Airbnb,"StayVista at La Rivieraa w/ Pool, Lawn",3BHK La Rivieraa • Pool & Lawn,https://www.airbnb.co.in/rooms/1720243534808619720,Ready for Automation Sync,Excluded brand name on Airbnb (strictly complies with Airbnb guidelines)
1294638214195440092,4054,2BR Nook @ Elysium,Airbnb,2BR Nook @ Elysium Estate | Luxury Hilltop Suite,2BHK 2BR Nook @ Elysium Estate w/ Lawn,https://www.airbnb.co.in/rooms/1294638214195440092,Ready for Automation Sync,"Fixed overflow: old was 48/44 chars (truncated in search cards); Removed non-compliant symbols ('|', '@', '+'); Excluded brand name on Airbnb (strictly complies with Airbnb guidelines)"
1203279712360527008,3612,Kanatal,Airbnb,"Kanatal | 5BR Lush @ Chalet Rushli w/Chef, Wifi",5BHK Kanatal Chalet w/ Lawn,https://www.airbnb.co.in/rooms/1203279712360527008,Ready for Automation Sync,"Fixed overflow: old was 47/44 chars (truncated in search cards); Removed non-compliant symbols ('|', '@', '+'); Excluded brand name on Airbnb (strictly complies with Airbnb guidelines)"
1203316476734754567,3854,Kanatal,Airbnb,Kanatal | Luxe 3BR Chalet Rushli w/BBQ & Wifi,3BHK Kanatal Chalet w/ BBQ,https://www.airbnb.co.in/rooms/1203316476734754567,Ready for Automation Sync,"Fixed overflow: old was 45/44 chars (truncated in search cards); Removed non-compliant symbols ('|', '@', '+'); Excluded brand name on Airbnb (strictly complies with Airbnb guidelines)"
1515637753113677722,4195,"3BR Sunset Springs w/Pvt Pool, View & Wifi",Airbnb,"3BR Sunset Springs w/Pvt Pool, View & Wifi",3BHK Villa w/ Pool,https://www.airbnb.co.in/rooms/1515637753113677722,Ready for Automation Sync,Excluded brand name on Airbnb (strictly complies with Airbnb guidelines)
1064101229650022390,3167,4BHK Elegant Pool,Airbnb,4BHK Elegant Pool Villa| Sienna Breeze@ Lonavala,4BHK 4BHK Elegant Pool Villa w/ Pool,https://www.airbnb.co.in/rooms/1064101229650022390,Ready for Automation Sync,"Fixed overflow: old was 48/44 chars (truncated in search cards); Removed non-compliant symbols ('|', '@', '+'); Excluded brand name on Airbnb (strictly complies with Airbnb guidelines)"
1679598562277088370,5543,Bamboo Retreat,Airbnb,StayVista at Bamboo Retreat w/ Bonfire,3BHK Bamboo Retreat Retreat w/ Bonfire,https://www.airbnb.co.in/rooms/1679598562277088370,Ready for Automation Sync,Excluded brand name on Airbnb (strictly complies with Airbnb guidelines)
1738955233514840409,5439,Luxo,Airbnb,StayVista at Villa Luxo w/ Pool & BBQ,3BHK Luxo • Pool & BBQ,https://www.airbnb.co.in/rooms/1738955233514840409,Ready for Automation Sync,Excluded brand name on Airbnb (strictly complies with Airbnb guidelines)
1764297638569552229,5647,Gulposh,Airbnb,StayVista at Gulposh Villa w/ BBQ & Bonfire,3BHK Gulposh • Bonfire & BBQ,https://www.airbnb.co.in/rooms/1764297638569552229,Ready for Automation Sync,Excluded brand name on Airbnb (strictly complies with Airbnb guidelines)
1118598279840060818,3455,3BR,Airbnb,3BR |Pool Retreat|StayVista| Silver Grove @Nashik,3BHK 3BR Retreat w/ Pool,https://www.airbnb.co.in/rooms/1118598279840060818,Ready for Automation Sync,"Fixed overflow: old was 49/44 chars (truncated in search cards); Removed non-compliant symbols ('|', '@', '+'); Excluded brand name on Airbnb (strictly complies with Airbnb guidelines)"
1617369357157778111,5345,Verdant Farmstay,Airbnb,StayVista Verdant Farmstay|A Nature Retreat,3BHK Verdant Farmstay Retreat w/ Lawn,https://www.airbnb.co.in/rooms/1617369357157778111,Ready for Automation Sync,"Removed non-compliant symbols ('|', '@', '+'); Excluded brand name on Airbnb (strictly complies with Airbnb guidelines)"
1736682242031117671,5769,Maison V,Airbnb,StayVista at Maison V w/ Pool & Board Games,3BHK Maison V Villa w/ Pool,https://www.airbnb.co.in/rooms/1736682242031117671,Ready for Automation Sync,Excluded brand name on Airbnb (strictly complies with Airbnb guidelines)
1756483486600557649,Not Found,3BR Classy Stars & Boulevards,Airbnb,3BR Classy Stars & Boulevards Villa,3BHK Villa w/ Private Pool,https://www.airbnb.co.in/rooms/1756483486600557649,Ready for Automation Sync,Excluded brand name on Airbnb (strictly complies with Airbnb guidelines)
1757211890476551241,2636,Waterside 4BR,Airbnb,StayVista | Waterside 4BR Villa w/ BBQ & Bonfire,4BHK Waterside 4BR • Bonfire & BBQ,https://www.airbnb.co.in/rooms/1757211890476551241,Ready for Automation Sync,"Fixed overflow: old was 48/44 chars (truncated in search cards); Removed non-compliant symbols ('|', '@', '+'); Excluded brand name on Airbnb (strictly complies with Airbnb guidelines)"
1764149316709691123,Not Found,The Glass,Airbnb,StayVista at The Glass House w/ Pool & Gazebo,3BHK The Glass • Pool & Gazebo,https://www.airbnb.co.in/rooms/1764149316709691123,Ready for Automation Sync,Fixed overflow: old was 45/44 chars (truncated in search cards); Excluded brand name on Airbnb (strictly complies with Airbnb guidelines)
1762816197275873548,Not Found,The Jaipur Courtyard,Airbnb,The Jaipur Courtyard,3BHK The Jaipur Courtyard w/ Private Pool,https://www.airbnb.co.in/rooms/1762816197275873548,Ready for Automation Sync,Excluded brand name on Airbnb (strictly complies with Airbnb guidelines)
1755588137900956987,Not Found,Remanso Goa,Airbnb,StayVista at Remanso Goa w/ Pool & BBQ,3BHK Remanso Goa • Pool & BBQ,https://www.airbnb.co.in/rooms/1755588137900956987,Ready for Automation Sync,Excluded brand name on Airbnb (strictly complies with Airbnb guidelines)
1734648728195252895,5657,Shanti,Airbnb,StayVista at Shanti Villa w/BBQ & Bonfire,3BHK Shanti • Bonfire & BBQ,https://www.airbnb.co.in/rooms/1734648728195252895,Ready for Automation Sync,Excluded brand name on Airbnb (strictly complies with Airbnb guidelines)
1730289626440132648,Not Found,Sukhom,Airbnb,StayVista at Sukhom Villa w/ Pool & Wi-Fi,3BHK Sukhom Villa w/ Pool,https://www.airbnb.co.in/rooms/1730289626440132648,Ready for Automation Sync,Excluded brand name on Airbnb (strictly complies with Airbnb guidelines)
1368739913954793316,4459,4BR,Airbnb,4BR|Pool RiverView|StayVista| Lagoon Villa @Kerala,4BHK 4BR • Pool & River View,https://www.airbnb.co.in/rooms/1368739913954793316,Ready for Automation Sync,"Fixed overflow: old was 50/44 chars (truncated in search cards); Removed non-compliant symbols ('|', '@', '+'); Excluded brand name on Airbnb (strictly complies with Airbnb guidelines)"
1344807091450773207,4172,Serai Sukoon,Airbnb,1BR |Lake&Jacuzzi | StayVista | Serai Sukoon @Pune,1BHK Serai Sukoon Villa w/ Jacuzzi,https://www.airbnb.co.in/rooms/1344807091450773207,Ready for Automation Sync,"Fixed overflow: old was 50/44 chars (truncated in search cards); Removed non-compliant symbols ('|', '@', '+'); Excluded brand name on Airbnb (strictly complies with Airbnb guidelines)"
996708135156108632,2949,2BR,Airbnb,2BR| Luxury Pool+WIFI |StayVista| Ava @Melapura,2BHK 2BR Villa w/ Pool,https://www.airbnb.co.in/rooms/996708135156108632,Ready for Automation Sync,"Fixed overflow: old was 47/44 chars (truncated in search cards); Removed non-compliant symbols ('|', '@', '+'); Excluded brand name on Airbnb (strictly complies with Airbnb guidelines)"
31814231,300,6BR,Airbnb,6BR|Heritage Stay|StayVista|Greenwood Bungalow@Oty,6BHK 6BR Bungalow w/ Lawn,https://www.airbnb.co.in/rooms/31814231,Ready for Automation Sync,"Fixed overflow: old was 50/44 chars (truncated in search cards); Removed non-compliant symbols ('|', '@', '+'); Excluded brand name on Airbnb (strictly complies with Airbnb guidelines)"
1485338393224427100,4803,3BHK Green Whispers – By VEO,Airbnb,3BHK Green Whispers – By VEO-Trimbakeshwar,3BHK Villa w/ Private Pool,https://www.airbnb.co.in/rooms/1485338393224427100,Ready for Automation Sync,Excluded brand name on Airbnb (strictly complies with Airbnb guidelines)
1620900084911675968,5314,8BR,Airbnb,8BR|Games+Playground|StayVista| Meluha@Vageshwar,8BHK 8BR Villa w/ Private Pool,https://www.airbnb.co.in/rooms/1620900084911675968,Ready for Automation Sync,"Fixed overflow: old was 48/44 chars (truncated in search cards); Removed non-compliant symbols ('|', '@', '+'); Excluded brand name on Airbnb (strictly complies with Airbnb guidelines)"
1741774250939879737,Not Found,Cobblestone,Airbnb,StayVista at Cobblestone Cottage w/ Pool and Wi-Fi,3BHK Cobblestone Cottage w/ Pool,https://www.airbnb.co.in/rooms/1741774250939879737,Ready for Automation Sync,Fixed overflow: old was 50/44 chars (truncated in search cards); Excluded brand name on Airbnb (strictly complies with Airbnb guidelines)
35931683,173,"6BR Pool, Jacuzzi &Dance Floor",Airbnb,"6BR Pool, Jacuzzi &Dance Floor | Villa 41 Lonavala","6BHK 6BR Pool, Jacuzzi &Dance Floor w/ Pool",https://www.airbnb.co.in/rooms/35931683,Ready for Automation Sync,"Fixed overflow: old was 50/44 chars (truncated in search cards); Removed non-compliant symbols ('|', '@', '+'); Excluded brand name on Airbnb (strictly complies with Airbnb guidelines)"
1724444298091221875,4878,Athini,Airbnb,"StayVista at Athini w/ Pool, River View",3BHK Athini • Pool & River View,https://www.airbnb.co.in/rooms/1724444298091221875,Ready for Automation Sync,Excluded brand name on Airbnb (strictly complies with Airbnb guidelines)
1739895286480007097,Not Found,4BR @Pink Magnolia w/Chef & Serenity,Airbnb,4BR @Pink Magnolia w/Chef & Serenity | Mussoorie,4BHK Villa w/ Private Pool,https://www.airbnb.co.in/rooms/1739895286480007097,Ready for Automation Sync,"Fixed overflow: old was 48/44 chars (truncated in search cards); Removed non-compliant symbols ('|', '@', '+'); Excluded brand name on Airbnb (strictly complies with Airbnb guidelines)"
1739667069609471908,Not Found,Alpine Bliss,Airbnb,StayVista at Alpine Bliss w/ Theater+WiFi,3BHK Alpine Bliss Villa w/ Private Pool,https://www.airbnb.co.in/rooms/1739667069609471908,Ready for Automation Sync,"Removed non-compliant symbols ('|', '@', '+'); Excluded brand name on Airbnb (strictly complies with Airbnb guidelines)"
1711343456665526414,4719,Fig Blossom,Airbnb,StayVista at Fig Blossom,3BHK Fig Blossom Villa w/ Private Pool,https://www.airbnb.co.in/rooms/1711343456665526414,Ready for Automation Sync,Excluded brand name on Airbnb (strictly complies with Airbnb guidelines)
1454796717822946646,4801,"Monte Blu 7BHK  w/ Pool + View, Lonavala",Airbnb,"Monte Blu 7BHK Villa w/ Pool + View, Lonavala",7BHK Villa w/ Pool,https://www.airbnb.co.in/rooms/1454796717822946646,Ready for Automation Sync,"Fixed overflow: old was 45/44 chars (truncated in search cards); Removed non-compliant symbols ('|', '@', '+'); Excluded brand name on Airbnb (strictly complies with Airbnb guidelines)"
661175795316054900,3380,Tranquil Stay @Two  w/ Private Pool @karjat,Airbnb,Tranquil Stay @Two Villa w/ Private Pool @karjat,3BHK Villa w/ Private Pool,https://www.airbnb.co.in/rooms/661175795316054900,Ready for Automation Sync,"Fixed overflow: old was 48/44 chars (truncated in search cards); Removed non-compliant symbols ('|', '@', '+'); Excluded brand name on Airbnb (strictly complies with Airbnb guidelines)"
1485452396770502323,4955,Charm,Airbnb,StayVista at Charm @ Palais Vienna w/ Bonfire &BBQ,3BHK Charm • Bonfire & BBQ,https://www.airbnb.co.in/rooms/1485452396770502323,Ready for Automation Sync,"Fixed overflow: old was 50/44 chars (truncated in search cards); Removed non-compliant symbols ('|', '@', '+'); Excluded brand name on Airbnb (strictly complies with Airbnb guidelines)"
40767405,1032,Jodhpur  1 BR,Airbnb,StayVista at Jodhpur House 1 BR w/ Monsoon View,1BHK Jodhpur 1 BR House w/ Lawn,https://www.airbnb.co.in/rooms/40767405,Ready for Automation Sync,Fixed overflow: old was 47/44 chars (truncated in search cards); Excluded brand name on Airbnb (strictly complies with Airbnb guidelines)
1280226703768999599,4097,5BR,Airbnb,5BR|Pool+IndoorGames|StayVista| Sage Villa@Alibaug,5BHK 5BR Villa w/ Pool,https://www.airbnb.co.in/rooms/1280226703768999599,Ready for Automation Sync,"Fixed overflow: old was 50/44 chars (truncated in search cards); Removed non-compliant symbols ('|', '@', '+'); Excluded brand name on Airbnb (strictly complies with Airbnb guidelines)"
1517819060981391304,645,Skyville,Airbnb,2BR|Balcony Views @ StayVista Skyville|Fort Kochi!,2BHK Skyville Villa w/ Balcony,https://www.airbnb.co.in/rooms/1517819060981391304,Ready for Automation Sync,"Fixed overflow: old was 50/44 chars (truncated in search cards); Removed non-compliant symbols ('|', '@', '+'); Excluded brand name on Airbnb (strictly complies with Airbnb guidelines)"
1734743365402206725,5700,Mystique,Airbnb,StayVista at Mystique Villa w/ Plunge Pool & Bar,3BHK Mystique Villa w/ Plunge Pool,https://www.airbnb.co.in/rooms/1734743365402206725,Ready for Automation Sync,Fixed overflow: old was 48/44 chars (truncated in search cards); Excluded brand name on Airbnb (strictly complies with Airbnb guidelines)
1685972101518717709,5588,"Suite Room @ Fernwood, Part of",Airbnb,"Suite Room @ Fernwood, Part of StayVista - Hebbal",3BHK Villa w/ Private Pool,https://www.airbnb.co.in/rooms/1685972101518717709,Ready for Automation Sync,"Fixed overflow: old was 49/44 chars (truncated in search cards); Removed non-compliant symbols ('|', '@', '+'); Excluded brand name on Airbnb (strictly complies with Airbnb guidelines)"
1685503859011051964,5585,"Standard Twin@ Fernwood, Part of",Airbnb,"Standard Twin@ Fernwood, Part of StayVista- Hebbal",3BHK Villa w/ Private Pool,https://www.airbnb.co.in/rooms/1685503859011051964,Ready for Automation Sync,"Fixed overflow: old was 50/44 chars (truncated in search cards); Removed non-compliant symbols ('|', '@', '+'); Excluded brand name on Airbnb (strictly complies with Airbnb guidelines)"
1685420792168711481,5584,"Standard King@ Fernwood, Part Of",Airbnb,"Standard King@ Fernwood, Part Of StayVista- Hebbal",3BHK Villa w/ Private Pool,https://www.airbnb.co.in/rooms/1685420792168711481,Ready for Automation Sync,"Fixed overflow: old was 50/44 chars (truncated in search cards); Removed non-compliant symbols ('|', '@', '+'); Excluded brand name on Airbnb (strictly complies with Airbnb guidelines)"
1685529019264994006,5587,"Executive Twin@ Fernwood, Part Of",Airbnb,"Executive Twin@ Fernwood, Part Of StayVista-Hebbal",3BHK Villa w/ Private Pool,https://www.airbnb.co.in/rooms/1685529019264994006,Ready for Automation Sync,"Fixed overflow: old was 50/44 chars (truncated in search cards); Removed non-compliant symbols ('|', '@', '+'); Excluded brand name on Airbnb (strictly complies with Airbnb guidelines)"
1685518345441933415,5586,"Executive King@Fernwood, Part Of",Airbnb,"Executive King@Fernwood, Part Of StayVista- Hebbal",3BHK Villa w/ Private Pool,https://www.airbnb.co.in/rooms/1685518345441933415,Ready for Automation Sync,"Fixed overflow: old was 50/44 chars (truncated in search cards); Removed non-compliant symbols ('|', '@', '+'); Excluded brand name on Airbnb (strictly complies with Airbnb guidelines)"
1751303375178740620,Not Found,Premium Rooms,Airbnb,StayVista at Premium Rooms @ Greenwich Meridian,3BHK Premium Rooms Villa w/ Private Pool,https://www.airbnb.co.in/rooms/1751303375178740620,Ready for Automation Sync,"Fixed overflow: old was 47/44 chars (truncated in search cards); Removed non-compliant symbols ('|', '@', '+'); Excluded brand name on Airbnb (strictly complies with Airbnb guidelines)"
1751372921919011466,Not Found,Luxury Rooms,Airbnb,StayVista at Luxury Rooms @ Greenwich Meridian,3BHK Luxury Rooms Villa w/ Private Pool,https://www.airbnb.co.in/rooms/1751372921919011466,Ready for Automation Sync,"Fixed overflow: old was 46/44 chars (truncated in search cards); Removed non-compliant symbols ('|', '@', '+'); Excluded brand name on Airbnb (strictly complies with Airbnb guidelines)"
1631067241200332101,5367,10BR,Airbnb,10BR|Pool+Rivr|StayVista|Greenwich Meridian@Karjat,10BHK 10BR Villa w/ Pool,https://www.airbnb.co.in/rooms/1631067241200332101,Ready for Automation Sync,"Fixed overflow: old was 50/44 chars (truncated in search cards); Removed non-compliant symbols ('|', '@', '+'); Excluded brand name on Airbnb (strictly complies with Airbnb guidelines)"
1565924237453397743,3888,3BR,Airbnb,3BR |Hillscape|StayVista|Cliffhanger Solitude@Pune,3BHK 3BR Villa w/ Private Pool,https://www.airbnb.co.in/rooms/1565924237453397743,Ready for Automation Sync,"Fixed overflow: old was 50/44 chars (truncated in search cards); Removed non-compliant symbols ('|', '@', '+'); Excluded brand name on Airbnb (strictly complies with Airbnb guidelines)"
1725122145504697294,5662,"10BR Raison Meadows w/ BBQ & Bonfire, Riverside",Airbnb,"10BR Raison Meadows w/ BBQ & Bonfire, Riverside",10BHK Villa w/ River View,https://www.airbnb.co.in/rooms/1725122145504697294,Ready for Automation Sync,Fixed overflow: old was 47/44 chars (truncated in search cards); Excluded brand name on Airbnb (strictly complies with Airbnb guidelines)
1719294713352118322,5633,Aruna,Airbnb,"StayVista at Villa Aruna w/ Board Games, AC",3BHK Aruna Villa w/ Private Pool,https://www.airbnb.co.in/rooms/1719294713352118322,Ready for Automation Sync,Excluded brand name on Airbnb (strictly complies with Airbnb guidelines)
538909018172533997,1940,"Heron@ Firefly By The River, Coorg",Airbnb,"Heron@ Firefly By The River, Coorg",3BHK Villa w/ Private Pool,https://www.airbnb.co.in/rooms/538909018172533997,Ready for Automation Sync,"Removed non-compliant symbols ('|', '@', '+'); Excluded brand name on Airbnb (strictly complies with Airbnb guidelines)"
1535989542951201605,5080,Luxury Cottages w/ pvt Pool @ Kuhu Natures Resort,Airbnb,Luxury Cottages w/ pvt Pool @ Kuhu Natures Resort,3BHK Villa w/ Pool,https://www.airbnb.co.in/rooms/1535989542951201605,Ready for Automation Sync,"Fixed overflow: old was 49/44 chars (truncated in search cards); Removed non-compliant symbols ('|', '@', '+'); Excluded brand name on Airbnb (strictly complies with Airbnb guidelines)"
1536009114451686389,5081,Luxury Cottages w/ Bathtub @ Kuhu Natures Resort,Airbnb,Luxury Cottages w/ Bathtub @ Kuhu Natures Resort,3BHK Villa w/ Private Pool,https://www.airbnb.co.in/rooms/1536009114451686389,Ready for Automation Sync,"Fixed overflow: old was 48/44 chars (truncated in search cards); Removed non-compliant symbols ('|', '@', '+'); Excluded brand name on Airbnb (strictly complies with Airbnb guidelines)"
1535969614516411051,5079,8 Luxury Cottages@Kuhu Resort w/open,Airbnb,8 Luxury Cottages@Kuhu Resort w/open-air bathrooms,3BHK Villa w/ Private Pool,https://www.airbnb.co.in/rooms/1535969614516411051,Ready for Automation Sync,"Fixed overflow: old was 50/44 chars (truncated in search cards); Removed non-compliant symbols ('|', '@', '+'); Excluded brand name on Airbnb (strictly complies with Airbnb guidelines)"
1710121516292546351,5684,6 Luxury Cottages w/closed bathrooms @ Kuhu Resort,Airbnb,6 Luxury Cottages w/closed bathrooms @ Kuhu Resort,3BHK Villa w/ Private Pool,https://www.airbnb.co.in/rooms/1710121516292546351,Ready for Automation Sync,"Fixed overflow: old was 50/44 chars (truncated in search cards); Removed non-compliant symbols ('|', '@', '+'); Excluded brand name on Airbnb (strictly complies with Airbnb guidelines)"
1690444518153014975,5420,@Sukoon Nature Retreat w/View & Comp Brfkst,Airbnb,Cottage@Sukoon Nature Retreat w/View & Comp Brfkst,3BHK Cottage w/ Lawn,https://www.airbnb.co.in/rooms/1690444518153014975,Ready for Automation Sync,"Fixed overflow: old was 50/44 chars (truncated in search cards); Removed non-compliant symbols ('|', '@', '+'); Excluded brand name on Airbnb (strictly complies with Airbnb guidelines)"
1690462449648651784,5628,2 Rooms @ Sukoon Nature Retreat w/VIews & Wifi,Airbnb,2 Rooms @ Sukoon Nature Retreat w/VIews & Wifi,3BHK Retreat w/ Lawn,https://www.airbnb.co.in/rooms/1690462449648651784,Ready for Automation Sync,"Fixed overflow: old was 46/44 chars (truncated in search cards); Removed non-compliant symbols ('|', '@', '+'); Excluded brand name on Airbnb (strictly complies with Airbnb guidelines)"
1603433029353024964,5332,Jacuzzi Rooms,Airbnb,"StayVista at Jacuzzi Rooms @ Truntum w/ Pool, Lawn",3BHK Jacuzzi Rooms • Pool & Jacuzzi,https://www.airbnb.co.in/rooms/1603433029353024964,Ready for Automation Sync,"Fixed overflow: old was 50/44 chars (truncated in search cards); Removed non-compliant symbols ('|', '@', '+'); Excluded brand name on Airbnb (strictly complies with Airbnb guidelines)"
1603470126965628243,5333,"Deluxe Rooms @ Truntum w/ Pool, Lawn",Airbnb,"StayVista at Deluxe Rooms @ Truntum w/ Pool, Lawn",3BHK Villa w/ Pool,https://www.airbnb.co.in/rooms/1603470126965628243,Ready for Automation Sync,"Fixed overflow: old was 49/44 chars (truncated in search cards); Removed non-compliant symbols ('|', '@', '+'); Excluded brand name on Airbnb (strictly complies with Airbnb guidelines)"
1603388240679155028,5334,3 bedrooms,Airbnb,"StayVista at 3 bedrooms @ Truntum w/ Pool, Lawn",3BHK 3 bedrooms • Pool & Lawn,https://www.airbnb.co.in/rooms/1603388240679155028,Ready for Automation Sync,"Fixed overflow: old was 47/44 chars (truncated in search cards); Removed non-compliant symbols ('|', '@', '+'); Excluded brand name on Airbnb (strictly complies with Airbnb guidelines)"
1668556406221356517,5330,The Barvi Belvedere,Airbnb,StayVista at The Barvi Belvedere w/ Infinity Pool,3BHK The Barvi Belvedere w/ Infinity Pool,https://www.airbnb.co.in/rooms/1668556406221356517,Ready for Automation Sync,Fixed overflow: old was 49/44 chars (truncated in search cards); Excluded brand name on Airbnb (strictly complies with Airbnb guidelines)
1587671933671012358,5283,Matcha @ Sirmour Baag,Airbnb,Matcha @ Sirmour Baag,3BHK Matcha @ Sirmour Baag w/ Private Pool,https://www.airbnb.co.in/rooms/1587671933671012358,Ready for Automation Sync,"Removed non-compliant symbols ('|', '@', '+'); Excluded brand name on Airbnb (strictly complies with Airbnb guidelines)"
1476583588206819887,4737,Hillcrest Serenity,Airbnb,Hillcrest Serenity-Scenic Valley View,3BHK Hillcrest Serenity Villa w/ Valley View,https://www.airbnb.co.in/rooms/1476583588206819887,Ready for Automation Sync,Excluded brand name on Airbnb (strictly complies with Airbnb guidelines)
1614413799127574557,5339,6BR,Airbnb,6BR|Mountain Stay+Fir|StayVista| Raj Bagh@Himachal,6BHK 6BR Villa w/ Private Pool,https://www.airbnb.co.in/rooms/1614413799127574557,Ready for Automation Sync,"Fixed overflow: old was 50/44 chars (truncated in search cards); Removed non-compliant symbols ('|', '@', '+'); Excluded brand name on Airbnb (strictly complies with Airbnb guidelines)"
1639088274828555239,4961,The Boho Hideaway,Airbnb,Comfort Rooms|StayVistaThe Boho Hideaway@Karnataka,3BHK The Boho Hideaway Villa w/ Private Pool,https://www.airbnb.co.in/rooms/1639088274828555239,Ready for Automation Sync,"Fixed overflow: old was 50/44 chars (truncated in search cards); Removed non-compliant symbols ('|', '@', '+'); Excluded brand name on Airbnb (strictly complies with Airbnb guidelines)"
1628095203583506704,5422,Aashray,Airbnb,StayVista at Aashray @ Native Place w/ Shared Pool,3BHK Aashray Villa w/ Pool,https://www.airbnb.co.in/rooms/1628095203583506704,Ready for Automation Sync,"Fixed overflow: old was 50/44 chars (truncated in search cards); Removed non-compliant symbols ('|', '@', '+'); Excluded brand name on Airbnb (strictly complies with Airbnb guidelines)"
1610777118506198094,5298,"1BR Flame @ Hill Top Heaven w/Views, Wifi & Lawn",Airbnb,"1BR Flame @ Hill Top Heaven w/Views, Wifi & Lawn",1BHK Villa w/ Lawn,https://www.airbnb.co.in/rooms/1610777118506198094,Ready for Automation Sync,"Fixed overflow: old was 48/44 chars (truncated in search cards); Removed non-compliant symbols ('|', '@', '+'); Excluded brand name on Airbnb (strictly complies with Airbnb guidelines)"
1632475646149021546,5400,6BR,Airbnb,6BR |Lawn+River View|StayVista| Nomad's Nook @Ooty,6BHK 6BR • River View & Lawn,https://www.airbnb.co.in/rooms/1632475646149021546,Ready for Automation Sync,"Fixed overflow: old was 50/44 chars (truncated in search cards); Removed non-compliant symbols ('|', '@', '+'); Excluded brand name on Airbnb (strictly complies with Airbnb guidelines)"
1629470177748695920,5375,Dynast,Airbnb,"StayVista at Dynast - By the Beach w/ Pool, Lawn",3BHK Dynast • Pool & Lawn,https://www.airbnb.co.in/rooms/1629470177748695920,Ready for Automation Sync,Fixed overflow: old was 48/44 chars (truncated in search cards); Excluded brand name on Airbnb (strictly complies with Airbnb guidelines)
1628883465444319105,5412,3BR,Airbnb,3BR|Cozy |StayVista| Woods & Bricks Cottage@Bnglur,3BHK 3BR Cottage w/ Lawn,https://www.airbnb.co.in/rooms/1628883465444319105,Ready for Automation Sync,"Fixed overflow: old was 50/44 chars (truncated in search cards); Removed non-compliant symbols ('|', '@', '+'); Excluded brand name on Airbnb (strictly complies with Airbnb guidelines)"
1619273844806752414,5346,Superior,Airbnb,StayVista at Superior @ Verdant Farmstay,3BHK Superior Villa w/ Private Pool,https://www.airbnb.co.in/rooms/1619273844806752414,Ready for Automation Sync,"Removed non-compliant symbols ('|', '@', '+'); Excluded brand name on Airbnb (strictly complies with Airbnb guidelines)"
1585391757771613713,5347,Comfort,Airbnb,"StayVista at Comfort @ VerdantFarmstay -Pool, Lawn",3BHK Comfort • Pool & Lawn,https://www.airbnb.co.in/rooms/1585391757771613713,Ready for Automation Sync,"Fixed overflow: old was 50/44 chars (truncated in search cards); Removed non-compliant symbols ('|', '@', '+'); Excluded brand name on Airbnb (strictly complies with Airbnb guidelines)"
1584551873804332780,5203,1 Elegant Room w/Lake View + Pool near Udaipur,Airbnb,1 Elegant Room w/Lake View + Pool near Udaipur,3BHK Villa w/ Pool,https://www.airbnb.co.in/rooms/1584551873804332780,Ready for Automation Sync,"Fixed overflow: old was 46/44 chars (truncated in search cards); Removed non-compliant symbols ('|', '@', '+'); Excluded brand name on Airbnb (strictly complies with Airbnb guidelines)"
1602778771103035564,5243,Princess of Wayanad,Airbnb,StayVista at Princess of Wayanad w/ Pet-friendly.,3BHK Princess of Wayanad w/ Private Pool,https://www.airbnb.co.in/rooms/1602778771103035564,Ready for Automation Sync,Fixed overflow: old was 49/44 chars (truncated in search cards); Excluded brand name on Airbnb (strictly complies with Airbnb guidelines)
1624511563633981992,5238,Premium Rooms,Airbnb,StayVista at Premium Rooms @ Princess of Wayanad,3BHK Premium Rooms Villa w/ Private Pool,https://www.airbnb.co.in/rooms/1624511563633981992,Ready for Automation Sync,"Fixed overflow: old was 48/44 chars (truncated in search cards); Removed non-compliant symbols ('|', '@', '+'); Excluded brand name on Airbnb (strictly complies with Airbnb guidelines)"
1624544833103446860,5414,Comfort Rooms,Airbnb,StayVista at Comfort Rooms @ Princess of Wayanad,3BHK Comfort Rooms Villa w/ Private Pool,https://www.airbnb.co.in/rooms/1624544833103446860,Ready for Automation Sync,"Fixed overflow: old was 48/44 chars (truncated in search cards); Removed non-compliant symbols ('|', '@', '+'); Excluded brand name on Airbnb (strictly complies with Airbnb guidelines)"
1746283152432593591,Not Found,Solace,Airbnb,StayVista at Solace @ Nayara Farmhouse,3BHK Solace Farmhouse w/ Lawn,https://www.airbnb.co.in/rooms/1746283152432593591,Ready for Automation Sync,"Removed non-compliant symbols ('|', '@', '+'); Excluded brand name on Airbnb (strictly complies with Airbnb guidelines)"
1589644164478324010,4725,Nayara Farmhouse,Airbnb,"StayVista at Nayara Farmhouse w/ AC, WiFi",3BHK Nayara Farmhouse Farmhouse w/ Lawn,https://www.airbnb.co.in/rooms/1589644164478324010,Ready for Automation Sync,Excluded brand name on Airbnb (strictly complies with Airbnb guidelines)
1553545626061786428,5154,Residences at Moets Palm,Airbnb,Wes Anderson @ StayVista Residences at Moets Palm,3BHK Residences at Moets Palm • Private Pool,https://www.airbnb.co.in/rooms/1553545626061786428,Ready for Automation Sync,"Fixed overflow: old was 49/44 chars (truncated in search cards); Removed non-compliant symbols ('|', '@', '+'); Excluded brand name on Airbnb (strictly complies with Airbnb guidelines)"
1553580148987255389,5156,Residences at MoetsPalm,Airbnb,Christopher Nolan@StayVistaResidences at MoetsPalm,3BHK Residences at MoetsPalm w/ Private Pool,https://www.airbnb.co.in/rooms/1553580148987255389,Ready for Automation Sync,"Fixed overflow: old was 50/44 chars (truncated in search cards); Removed non-compliant symbols ('|', '@', '+'); Excluded brand name on Airbnb (strictly complies with Airbnb guidelines)"
49575809,1688,3BR,Airbnb,3BR|View|StayVista| Moets Waterfront Estate@Kullu,3BHK 3BR Estate w/ Lawn,https://www.airbnb.co.in/rooms/49575809,Ready for Automation Sync,"Fixed overflow: old was 49/44 chars (truncated in search cards); Removed non-compliant symbols ('|', '@', '+'); Excluded brand name on Airbnb (strictly complies with Airbnb guidelines)"
1543295578368246611,5104,6BR,Airbnb,6BR|Jacuzzi+PetFriendly|StayVista| Impiana @Karjat,6BHK 6BR Villa w/ Jacuzzi,https://www.airbnb.co.in/rooms/1543295578368246611,Ready for Automation Sync,"Fixed overflow: old was 50/44 chars (truncated in search cards); Removed non-compliant symbols ('|', '@', '+'); Excluded brand name on Airbnb (strictly complies with Airbnb guidelines)"
1546037167498027593,5132,Premium Family  @Risacca,Airbnb,"Premium Family Cottage @Risacca-Amer, kukas Jaipur",3BHK Premium Family @Risacca Cottage w/ Lawn,https://www.airbnb.co.in/rooms/1546037167498027593,Ready for Automation Sync,"Fixed overflow: old was 50/44 chars (truncated in search cards); Removed non-compliant symbols ('|', '@', '+'); Excluded brand name on Airbnb (strictly complies with Airbnb guidelines)"
1546046602538559017,5133,"Premium  w/Indoor Pool, Risacca",Airbnb,"Premium Cottage w/Indoor Pool, Risacca-Amer@Jaipur","3BHK Premium w/Indoor Pool, Risacca w/ Pool",https://www.airbnb.co.in/rooms/1546046602538559017,Ready for Automation Sync,"Fixed overflow: old was 50/44 chars (truncated in search cards); Removed non-compliant symbols ('|', '@', '+'); Excluded brand name on Airbnb (strictly complies with Airbnb guidelines)"
1546924017645002969,5139,Ophelia @ The Elmstone,Airbnb,Ophelia @ The Elmstone - Skyline Apartments,3BHK Ophelia @ The Elmstone w/ Private Pool,https://www.airbnb.co.in/rooms/1546924017645002969,Ready for Automation Sync,"Removed non-compliant symbols ('|', '@', '+'); Excluded brand name on Airbnb (strictly complies with Airbnb guidelines)"
1490397204773378828,4931,8BHK,Airbnb,8BHK - Bonfire & Jacuzzi - Ved Vilas @StayVista,8BHK 8BHK • Jacuzzi & Bonfire,https://www.airbnb.co.in/rooms/1490397204773378828,Ready for Automation Sync,"Fixed overflow: old was 47/44 chars (truncated in search cards); Removed non-compliant symbols ('|', '@', '+'); Excluded brand name on Airbnb (strictly complies with Airbnb guidelines)"
1373728003372417994,4471,4BR,Airbnb,4BR|Pool+Bthtub+View|StayVista| Vanya Veda@Udaipur,4BHK 4BR Villa w/ Pool,https://www.airbnb.co.in/rooms/1373728003372417994,Ready for Automation Sync,"Fixed overflow: old was 50/44 chars (truncated in search cards); Removed non-compliant symbols ('|', '@', '+'); Excluded brand name on Airbnb (strictly complies with Airbnb guidelines)"
1523876776711986696,4915,Lakeside Panorama with huge lawn @ Srinagar,Airbnb,Lakeside Panorama with huge lawn @ Srinagar,3BHK Villa w/ Lawn,https://www.airbnb.co.in/rooms/1523876776711986696,Ready for Automation Sync,"Removed non-compliant symbols ('|', '@', '+'); Excluded brand name on Airbnb (strictly complies with Airbnb guidelines)"
1367146915563110298,4510,Tropic @ Woodhouse Story w/,Airbnb,"Tropic @ Woodhouse Story w/- Pool, Wifi @ Goa",3BHK Tropic @ Woodhouse Story w/ w/ Pool,https://www.airbnb.co.in/rooms/1367146915563110298,Ready for Automation Sync,"Fixed overflow: old was 45/44 chars (truncated in search cards); Removed non-compliant symbols ('|', '@', '+'); Excluded brand name on Airbnb (strictly complies with Airbnb guidelines)"
1367156849997117172,4512,Sun @ Woodhouse Story w /,Airbnb,"Sun @ Woodhouse Story w / - Wifi, Pool @ Goa",3BHK Sun @ Woodhouse Story w / Villa w/ Pool,https://www.airbnb.co.in/rooms/1367156849997117172,Ready for Automation Sync,"Removed non-compliant symbols ('|', '@', '+'); Excluded brand name on Airbnb (strictly complies with Airbnb guidelines)"
1367108242492769972,4170,Woodhouse,Airbnb,StayVista at Woodhouse | Pool Lawn 3BR Morjim,3BHK Woodhouse • Pool & Lawn,https://www.airbnb.co.in/rooms/1367108242492769972,Ready for Automation Sync,"Fixed overflow: old was 45/44 chars (truncated in search cards); Removed non-compliant symbols ('|', '@', '+'); Excluded brand name on Airbnb (strictly complies with Airbnb guidelines)"
1367133448165327313,4509,Breeze @ Woodhouse Story w/,Airbnb,"Breeze @ Woodhouse Story w/- Pool, Wifi @ Goa",3BHK Breeze @ Woodhouse Story w/ w/ Pool,https://www.airbnb.co.in/rooms/1367133448165327313,Ready for Automation Sync,"Fixed overflow: old was 45/44 chars (truncated in search cards); Removed non-compliant symbols ('|', '@', '+'); Excluded brand name on Airbnb (strictly complies with Airbnb guidelines)"
1446965736703184566,4602,"4BR  w/Pool, Mountain View Jaipur",Airbnb,"4BR Villa w/Pool, Mountain View Jaipur","4BHK 4BR w/Pool, Mountain View Jaipur • Pool",https://www.airbnb.co.in/rooms/1446965736703184566,Ready for Automation Sync,Excluded brand name on Airbnb (strictly complies with Airbnb guidelines)
1385941824086206921,4589,Glamping Suite 4 @Vaana,Airbnb,"Glamping Suite 4 @Vaana - Jacuzzi @Kamset, Pune",3BHK Glamping Suite 4 @Vaana w/ Jacuzzi,https://www.airbnb.co.in/rooms/1385941824086206921,Ready for Automation Sync,"Fixed overflow: old was 47/44 chars (truncated in search cards); Removed non-compliant symbols ('|', '@', '+'); Excluded brand name on Airbnb (strictly complies with Airbnb guidelines)"
1385984217456415574,4590,Glamping Suite 3 @ Vaana,Airbnb,"Glamping Suite 3 @ Vaana - Jacuzzi @Kamset, Pune.",3BHK Glamping Suite 3 @ Vaana w/ Jacuzzi,https://www.airbnb.co.in/rooms/1385984217456415574,Ready for Automation Sync,"Fixed overflow: old was 49/44 chars (truncated in search cards); Removed non-compliant symbols ('|', '@', '+'); Excluded brand name on Airbnb (strictly complies with Airbnb guidelines)"
1386055670975097285,4592,Glamping Suite 2 @ Vaana,Airbnb,"Glamping Suite 2 @ Vaana - Jacuzzi @Kamset, Pune",3BHK Glamping Suite 2 @ Vaana w/ Jacuzzi,https://www.airbnb.co.in/rooms/1386055670975097285,Ready for Automation Sync,"Fixed overflow: old was 48/44 chars (truncated in search cards); Removed non-compliant symbols ('|', '@', '+'); Excluded brand name on Airbnb (strictly complies with Airbnb guidelines)"
1386043002271534042,4591,Glamping Suite 1 @ Vaana,Airbnb,"Glamping Suite 1 @ Vaana - Jacuzzi @Kamshet, Pune",3BHK Glamping Suite 1 @ Vaana w/ Jacuzzi,https://www.airbnb.co.in/rooms/1386043002271534042,Ready for Automation Sync,"Fixed overflow: old was 49/44 chars (truncated in search cards); Removed non-compliant symbols ('|', '@', '+'); Excluded brand name on Airbnb (strictly complies with Airbnb guidelines)"
1354178283974397451,4445,Meadow Suite Room W/ Jacuzzi @ Ever Falls,Airbnb,Meadow Suite Room W/ Jacuzzi @ Ever Falls,3BHK Villa w/ Jacuzzi,https://www.airbnb.co.in/rooms/1354178283974397451,Ready for Automation Sync,"Removed non-compliant symbols ('|', '@', '+'); Excluded brand name on Airbnb (strictly complies with Airbnb guidelines)"
1354133637835263842,4444,Ever Falls Garden Suite,Airbnb,Ever Falls Garden Suite | Bathtub & Nature Views,3BHK Ever Falls Garden Suite Villa w/ Garden,https://www.airbnb.co.in/rooms/1354133637835263842,Ready for Automation Sync,"Fixed overflow: old was 48/44 chars (truncated in search cards); Removed non-compliant symbols ('|', '@', '+'); Excluded brand name on Airbnb (strictly complies with Airbnb guidelines)"
1354082998871306415,4440,Deluxe  Escape,Airbnb,Deluxe Cottage Escape | Pool & Nature Views,3BHK Deluxe Escape Cottage w/ Pool,https://www.airbnb.co.in/rooms/1354082998871306415,Ready for Automation Sync,"Removed non-compliant symbols ('|', '@', '+'); Excluded brand name on Airbnb (strictly complies with Airbnb guidelines)"
1412788511774030387,4531,The Five Oaks w/ Lux Private Pool Cottages @Karjat,Airbnb,The Five Oaks w/ Lux Private Pool Cottages @Karjat,3BHK Villa w/ Private Pool,https://www.airbnb.co.in/rooms/1412788511774030387,Ready for Automation Sync,"Fixed overflow: old was 50/44 chars (truncated in search cards); Removed non-compliant symbols ('|', '@', '+'); Excluded brand name on Airbnb (strictly complies with Airbnb guidelines)"
1159340286440760740,3694,Gauhar,Airbnb,"Gauhar | Heritage Villa, Srinagar",3BHK Gauhar Villa w/ Private Pool,https://www.airbnb.co.in/rooms/1159340286440760740,Ready for Automation Sync,"Removed non-compliant symbols ('|', '@', '+'); Excluded brand name on Airbnb (strictly complies with Airbnb guidelines)"
1056306599621833286,3192,Agra,Airbnb,"Agra |Verdant Acres w/Pool, Comp Breakfast & Lawn",3BHK Agra • Pool & Lawn,https://www.airbnb.co.in/rooms/1056306599621833286,Ready for Automation Sync,"Fixed overflow: old was 49/44 chars (truncated in search cards); Removed non-compliant symbols ('|', '@', '+'); Excluded brand name on Airbnb (strictly complies with Airbnb guidelines)"
722130504622474895,2280,7 BHK Heritage Homestay w/BKFST + Terrace @Jodhpur,Airbnb,7 BHK Heritage Homestay w/BKFST + Terrace @Jodhpur,7BHK Homestay w/ Terrace,https://www.airbnb.co.in/rooms/722130504622474895,Ready for Automation Sync,"Fixed overflow: old was 50/44 chars (truncated in search cards); Removed non-compliant symbols ('|', '@', '+'); Excluded brand name on Airbnb (strictly complies with Airbnb guidelines)"
1608509759845182813,5266,Comfort Room @ Eira w/ Bonfire,Airbnb,StayVista at Comfort Room @ Eira w/ Bonfire,3BHK Villa w/ Bonfire,https://www.airbnb.co.in/rooms/1608509759845182813,Ready for Automation Sync,"Removed non-compliant symbols ('|', '@', '+'); Excluded brand name on Airbnb (strictly complies with Airbnb guidelines)"
1262850385711330265,4004,7BHK+ Portuguese Tale+Pvt Pool+Lawn@ Assagao,Airbnb,7BHK+ Portuguese Tale+Pvt Pool+Lawn@ Assagao,7BHK Villa w/ Pool,https://www.airbnb.co.in/rooms/1262850385711330265,Ready for Automation Sync,"Removed non-compliant symbols ('|', '@', '+'); Excluded brand name on Airbnb (strictly complies with Airbnb guidelines)"
1541192466371837362,5070,3BH,Airbnb,3BH |Pool&Lawn |Stay Vista|Tranquil Crest@Lonavala,3BHK 3BH • Pool & Lawn,https://www.airbnb.co.in/rooms/1541192466371837362,Ready for Automation Sync,"Fixed overflow: old was 50/44 chars (truncated in search cards); Removed non-compliant symbols ('|', '@', '+'); Excluded brand name on Airbnb (strictly complies with Airbnb guidelines)"
1568117026545149978,5175,The Ray,Airbnb,"StayVista at The Ray w/ Mountain Views, BBQ, AC",3BHK The Ray • Mountain View & BBQ,https://www.airbnb.co.in/rooms/1568117026545149978,Ready for Automation Sync,Fixed overflow: old was 47/44 chars (truncated in search cards); Excluded brand name on Airbnb (strictly complies with Airbnb guidelines)
1152558112006688038,3315,"Sun n Sky by  w/ Pool, Gazebo & Wi",Airbnb,"Sun n Sky by StayVista w/ Pool, Gazebo & Wi-Fi",3BHK Villa w/ Pool,https://www.airbnb.co.in/rooms/1152558112006688038,Ready for Automation Sync,Fixed overflow: old was 46/44 chars (truncated in search cards); Excluded brand name on Airbnb (strictly complies with Airbnb guidelines)
1514352669074642242,4465,"3BR Mud & Mirage w/AC, Garden & Wifi",Airbnb,"3BR Mud & Mirage w/AC, Garden & Wifi | Pilibhit",3BHK Villa w/ Garden,https://www.airbnb.co.in/rooms/1514352669074642242,Ready for Automation Sync,"Fixed overflow: old was 47/44 chars (truncated in search cards); Removed non-compliant symbols ('|', '@', '+'); Excluded brand name on Airbnb (strictly complies with Airbnb guidelines)"
1686914425195117263,5541,Vannraj Farm,Airbnb,StayVista at Vannraj Farm Villa w/ Pool & Bonfire,3BHK Vannraj Farm • Pool & Bonfire,https://www.airbnb.co.in/rooms/1686914425195117263,Ready for Automation Sync,Fixed overflow: old was 49/44 chars (truncated in search cards); Excluded brand name on Airbnb (strictly complies with Airbnb guidelines)
1759989372908031069,5820,2BHK,Airbnb,"StayVista at 2BHK @ Sthala w/ Pool, Mountain View",2BHK 2BHK • Pool & Mountain View,https://www.airbnb.co.in/rooms/1759989372908031069,Ready for Automation Sync,"Fixed overflow: old was 49/44 chars (truncated in search cards); Removed non-compliant symbols ('|', '@', '+'); Excluded brand name on Airbnb (strictly complies with Airbnb guidelines)"
1759944112350838506,5819,4BHK,Airbnb,"StayVista at 4BHK @ Sthala w/ Pool, Mountain View",4BHK 4BHK • Pool & Mountain View,https://www.airbnb.co.in/rooms/1759944112350838506,Ready for Automation Sync,"Fixed overflow: old was 49/44 chars (truncated in search cards); Removed non-compliant symbols ('|', '@', '+'); Excluded brand name on Airbnb (strictly complies with Airbnb guidelines)"
1753518434634753273,5710,Sthala,Airbnb,"StayVista at Sthala w/ Pool, Mountain View",3BHK Sthala • Pool & Mountain View,https://www.airbnb.co.in/rooms/1753518434634753273,Ready for Automation Sync,Excluded brand name on Airbnb (strictly complies with Airbnb guidelines)
1541708963897012985,4467,Bluejay,Airbnb,"StayVista at Villa Bluejay w/Bonfire, Outdoor Pool",3BHK Bluejay • Pool & Bonfire,https://www.airbnb.co.in/rooms/1541708963897012985,Ready for Automation Sync,Fixed overflow: old was 50/44 chars (truncated in search cards); Excluded brand name on Airbnb (strictly complies with Airbnb guidelines)
732911216954287091,2308,3BR,Airbnb,3BR|Farm/w Lux pool |StayVista| Lake La Vie@Nashik,3BHK 3BR Villa w/ Pool,https://www.airbnb.co.in/rooms/732911216954287091,Ready for Automation Sync,"Fixed overflow: old was 50/44 chars (truncated in search cards); Removed non-compliant symbols ('|', '@', '+'); Excluded brand name on Airbnb (strictly complies with Airbnb guidelines)"
1294579556673784307,4030,2BR,Airbnb,2BR |Hill Escape|StayVista| Vivaan Elm @Himachal,2BHK 2BR Villa w/ Private Pool,https://www.airbnb.co.in/rooms/1294579556673784307,Ready for Automation Sync,"Fixed overflow: old was 48/44 chars (truncated in search cards); Removed non-compliant symbols ('|', '@', '+'); Excluded brand name on Airbnb (strictly complies with Airbnb guidelines)"
987398370814645494,2893,Ludlow,Airbnb,Ludlow House | Luxury Villa near Kasauli Mall Road,3BHK Ludlow Villa w/ Private Pool,https://www.airbnb.co.in/rooms/987398370814645494,Ready for Automation Sync,"Fixed overflow: old was 50/44 chars (truncated in search cards); Removed non-compliant symbols ('|', '@', '+'); Excluded brand name on Airbnb (strictly complies with Airbnb guidelines)"
52724853,1815,Luxurious Emerald Acres,Airbnb,StayVista Luxurious Emerald Acres W/ Pool,3BHK Luxurious Emerald Acres Villa w/ Pool,https://www.airbnb.co.in/rooms/52724853,Ready for Automation Sync,Excluded brand name on Airbnb (strictly complies with Airbnb guidelines)
659821790786854702,1745,7BHK Luxury Pool,Airbnb,7BHK Luxury Pool Villa | Emerald Acres Lonavala,7BHK 7BHK Luxury Pool Villa w/ Pool,https://www.airbnb.co.in/rooms/659821790786854702,Ready for Automation Sync,"Fixed overflow: old was 47/44 chars (truncated in search cards); Removed non-compliant symbols ('|', '@', '+'); Excluded brand name on Airbnb (strictly complies with Airbnb guidelines)"
1435470789963028617,3462,Shai Sher,Airbnb,StayVista at Shai Sher Estate | Luxury 7BR Stay,7BHK Shai Sher Estate w/ Lawn,https://www.airbnb.co.in/rooms/1435470789963028617,Ready for Automation Sync,"Fixed overflow: old was 47/44 chars (truncated in search cards); Removed non-compliant symbols ('|', '@', '+'); Excluded brand name on Airbnb (strictly complies with Airbnb guidelines)"
1500533174484371355,4936,4BR Oriana Palms  – Pool + WiFi,Airbnb,4BR Oriana Palms Villa – Pool + WiFi,4BHK 4BR Oriana Palms – Pool + WiFi w/ Pool,https://www.airbnb.co.in/rooms/1500533174484371355,Ready for Automation Sync,"Removed non-compliant symbols ('|', '@', '+'); Excluded brand name on Airbnb (strictly complies with Airbnb guidelines)"
1727261584304797183,5735,Garden View,Airbnb,StayVista at Garden View Cottage @ Cosmic Park w,3BHK Garden View Cottage w/ Garden,https://www.airbnb.co.in/rooms/1727261584304797183,Ready for Automation Sync,"Fixed overflow: old was 48/44 chars (truncated in search cards); Removed non-compliant symbols ('|', '@', '+'); Excluded brand name on Airbnb (strictly complies with Airbnb guidelines)"
1145704515760602577,2373,Euphoria,Airbnb,StayVista at Euphoria w/ Mountain & River Views,3BHK Euphoria Villa w/ River View,https://www.airbnb.co.in/rooms/1145704515760602577,Ready for Automation Sync,Fixed overflow: old was 47/44 chars (truncated in search cards); Excluded brand name on Airbnb (strictly complies with Airbnb guidelines)
51496448,1746,Nainital,Airbnb,Nainital | 5BR @ Villa 360 w/Wifi & Comp Breakfast,5BHK Nainital Villa w/ Private Pool,https://www.airbnb.co.in/rooms/51496448,Ready for Automation Sync,"Fixed overflow: old was 50/44 chars (truncated in search cards); Removed non-compliant symbols ('|', '@', '+'); Excluded brand name on Airbnb (strictly complies with Airbnb guidelines)"
1755706595273161083,1154,5BR @ The Silver Oaks  w/Wifi & Lawn,Airbnb,5BR @ The Silver Oaks Cottage w/Wifi & Lawn,5BHK Cottage w/ Lawn,https://www.airbnb.co.in/rooms/1755706595273161083,Ready for Automation Sync,"Removed non-compliant symbols ('|', '@', '+'); Excluded brand name on Airbnb (strictly complies with Airbnb guidelines)"
1757815134663059171,Not Found,Shashtradhara,Airbnb,Shashtradhara | 3BR Stonecrest Villa w/View & Lawn,3BHK Shashtradhara Villa w/ Lawn,https://www.airbnb.co.in/rooms/1757815134663059171,Ready for Automation Sync,"Fixed overflow: old was 50/44 chars (truncated in search cards); Removed non-compliant symbols ('|', '@', '+'); Excluded brand name on Airbnb (strictly complies with Airbnb guidelines)"
1714398381292439116,5640,4BR Crestwood  w/BBQ & Bonfire,Airbnb,4BR Crestwood Villa w/BBQ & Bonfire | Nainital,4BHK 4BR Crestwood w/BBQ & Bonfire • Bonfire,https://www.airbnb.co.in/rooms/1714398381292439116,Ready for Automation Sync,"Fixed overflow: old was 46/44 chars (truncated in search cards); Removed non-compliant symbols ('|', '@', '+'); Excluded brand name on Airbnb (strictly complies with Airbnb guidelines)"
1715063046223673389,5535,"6BR Banyan Abode w/Bathtub, Views & Bar",Airbnb,"6BR Banyan Abode w/Bathtub, Views & Bar - Seetla",6BHK Villa w/ Private Pool,https://www.airbnb.co.in/rooms/1715063046223673389,Ready for Automation Sync,Fixed overflow: old was 48/44 chars (truncated in search cards); Excluded brand name on Airbnb (strictly complies with Airbnb guidelines)
1749940037440939535,5648,Albert Palms,Airbnb,StayVista at Albert Palms - A Longitude Signature,3BHK Albert Palms Villa w/ Private Pool,https://www.airbnb.co.in/rooms/1749940037440939535,Ready for Automation Sync,Fixed overflow: old was 49/44 chars (truncated in search cards); Excluded brand name on Airbnb (strictly complies with Airbnb guidelines)
1610807043111686389,5363,"1BR Heather @ Hill Top Heaven w/Views, Wifi & Lawn",Airbnb,"1BR Heather @ Hill Top Heaven w/Views, Wifi & Lawn",1BHK Villa w/ Lawn,https://www.airbnb.co.in/rooms/1610807043111686389,Ready for Automation Sync,"Fixed overflow: old was 50/44 chars (truncated in search cards); Removed non-compliant symbols ('|', '@', '+'); Excluded brand name on Airbnb (strictly complies with Airbnb guidelines)"
1480326903296684888,4200,Luxury 3BHK  w/Pvt Pool+Lawn+View in Udaipur,Airbnb,Luxury 3BHK Villa w/Pvt Pool+Lawn+View in Udaipur,3BHK Villa w/ Pool,https://www.airbnb.co.in/rooms/1480326903296684888,Ready for Automation Sync,"Fixed overflow: old was 49/44 chars (truncated in search cards); Removed non-compliant symbols ('|', '@', '+'); Excluded brand name on Airbnb (strictly complies with Airbnb guidelines)"
1475899673145916250,4793,Chico,Airbnb,StayVista at Chico Estate Villa w/ Lawn & Gazebo,3BHK Chico • Lawn & Gazebo,https://www.airbnb.co.in/rooms/1475899673145916250,Ready for Automation Sync,Fixed overflow: old was 48/44 chars (truncated in search cards); Excluded brand name on Airbnb (strictly complies with Airbnb guidelines)
1525958933085632054,1880,4BR,Airbnb,The Green Lagoon • VEO x StayVista 4BR,4BHK 4BR Villa w/ Private Pool,https://www.airbnb.co.in/rooms/1525958933085632054,Ready for Automation Sync,Excluded brand name on Airbnb (strictly complies with Airbnb guidelines)
1711531741741001334,5590,Tara,Airbnb,StayVista at Tara Villa w/ Pool & Jacuzzi,3BHK Tara • Pool & Jacuzzi,https://www.airbnb.co.in/rooms/1711531741741001334,Ready for Automation Sync,Excluded brand name on Airbnb (strictly complies with Airbnb guidelines)
1060561060383295614,3354,"12BR Khohar Haveli w/ Mughal Garden, Pool @ Delhi",Airbnb,"12BR Khohar Haveli w/ Mughal Garden, Pool @ Delhi",12BHK Villa w/ Pool,https://www.airbnb.co.in/rooms/1060561060383295614,Ready for Automation Sync,"Fixed overflow: old was 49/44 chars (truncated in search cards); Removed non-compliant symbols ('|', '@', '+'); Excluded brand name on Airbnb (strictly complies with Airbnb guidelines)"
1385878696671256408,4356,4BR,Airbnb,4BR|HeatedPool+Bonfir|StayVista|Estate Villa@Coorg,4BHK 4BR Villa w/ Private Pool,https://www.airbnb.co.in/rooms/1385878696671256408,Ready for Automation Sync,"Fixed overflow: old was 50/44 chars (truncated in search cards); Removed non-compliant symbols ('|', '@', '+'); Excluded brand name on Airbnb (strictly complies with Airbnb guidelines)"
1719502310546491673,5498,Coastline  138,Airbnb,StayVista at Coastline Villa 138 w/ Gazebo & Bar,3BHK Coastline 138 Villa w/ Gazebo,https://www.airbnb.co.in/rooms/1719502310546491673,Ready for Automation Sync,Fixed overflow: old was 48/44 chars (truncated in search cards); Excluded brand name on Airbnb (strictly complies with Airbnb guidelines)
1673786281462307046,5514,Bean & Brick  w/Bonfire & Garden,Airbnb,StayVista at Bean & Brick Villa w/Bonfire & Garden,3BHK Villa w/ Bonfire,https://www.airbnb.co.in/rooms/1673786281462307046,Ready for Automation Sync,Fixed overflow: old was 50/44 chars (truncated in search cards); Excluded brand name on Airbnb (strictly complies with Airbnb guidelines)
1044045936356094955,3135,Mudra Manor,Airbnb,4BR |Heated Pool|StayVista |Mudra Manor @Karnataka,4BHK Mudra Manor Manor w/ Pool,https://www.airbnb.co.in/rooms/1044045936356094955,Ready for Automation Sync,"Fixed overflow: old was 50/44 chars (truncated in search cards); Removed non-compliant symbols ('|', '@', '+'); Excluded brand name on Airbnb (strictly complies with Airbnb guidelines)"
1193344448407509176,3661,3BR,Airbnb,3BR |Pool+Beach|StayVista| Tarika's Santorini @Goa,3BHK 3BR Villa w/ Pool,https://www.airbnb.co.in/rooms/1193344448407509176,Ready for Automation Sync,"Fixed overflow: old was 50/44 chars (truncated in search cards); Removed non-compliant symbols ('|', '@', '+'); Excluded brand name on Airbnb (strictly complies with Airbnb guidelines)"
1758701295786954403,Not Found,3BR Little Frida w/Comp Brkfst & Wifi,Airbnb,3BR Little Frida w/Comp Brkfst & Wifi | Mukteshwar,3BHK Villa w/ Private Pool,https://www.airbnb.co.in/rooms/1758701295786954403,Ready for Automation Sync,"Fixed overflow: old was 50/44 chars (truncated in search cards); Removed non-compliant symbols ('|', '@', '+'); Excluded brand name on Airbnb (strictly complies with Airbnb guidelines)"
47930945,1612,Ranikhet,Airbnb,"Ranikhet | 4BR Morning Bliss w/Views, Wifi & Lawn",4BHK Ranikhet Villa w/ Lawn,https://www.airbnb.co.in/rooms/47930945,Ready for Automation Sync,"Fixed overflow: old was 49/44 chars (truncated in search cards); Removed non-compliant symbols ('|', '@', '+'); Excluded brand name on Airbnb (strictly complies with Airbnb guidelines)"
1757790236831544340,Not Found,Sundrift,Airbnb,StayVista at Sundrift Villa w/ Pool+BBQ,3BHK Sundrift • Pool & BBQ,https://www.airbnb.co.in/rooms/1757790236831544340,Ready for Automation Sync,"Removed non-compliant symbols ('|', '@', '+'); Excluded brand name on Airbnb (strictly complies with Airbnb guidelines)"
1726660951313264740,5734,5BR Sage @ The Cloudberry Crest w/Views & Wifi,Airbnb,5BR Sage @ The Cloudberry Crest w/Views & Wifi,5BHK Villa w/ Private Pool,https://www.airbnb.co.in/rooms/1726660951313264740,Ready for Automation Sync,"Fixed overflow: old was 46/44 chars (truncated in search cards); Removed non-compliant symbols ('|', '@', '+'); Excluded brand name on Airbnb (strictly complies with Airbnb guidelines)"
1485270068859471819,5027,3BR,Airbnb,3BR | BBQ+Luxe Pool |StayVista| Casa Lumina@Siolim,3BHK 3BR • Pool & BBQ,https://www.airbnb.co.in/rooms/1485270068859471819,Ready for Automation Sync,"Fixed overflow: old was 50/44 chars (truncated in search cards); Removed non-compliant symbols ('|', '@', '+'); Excluded brand name on Airbnb (strictly complies with Airbnb guidelines)"
653408453182488821,289,3BR Sara's Chalet One w/Serene Views & Lawn,Airbnb,3BR Sara's Chalet One w/Serene Views & Lawn,3BHK Chalet w/ Lawn,https://www.airbnb.co.in/rooms/653408453182488821,Ready for Automation Sync,Excluded brand name on Airbnb (strictly complies with Airbnb guidelines)
1412253920497945596,4670,4BR,Airbnb,"4BR - The White Canopy @ StayVista, w/ BBQ& Lawn",4BHK 4BR • Lawn & BBQ,https://www.airbnb.co.in/rooms/1412253920497945596,Ready for Automation Sync,"Fixed overflow: old was 48/44 chars (truncated in search cards); Removed non-compliant symbols ('|', '@', '+'); Excluded brand name on Airbnb (strictly complies with Airbnb guidelines)"
1500502109210895747,4944,2BR,Airbnb,2BR| Lux+Tub+Pool |StayVista| Lazy Mango@Telangana,2BHK 2BR Villa w/ Pool,https://www.airbnb.co.in/rooms/1500502109210895747,Ready for Automation Sync,"Fixed overflow: old was 50/44 chars (truncated in search cards); Removed non-compliant symbols ('|', '@', '+'); Excluded brand name on Airbnb (strictly complies with Airbnb guidelines)"
980120463320876890,Not Found,Emerald,Airbnb,StayVista at Emerald - 10BR w/ Pool,10BHK Emerald Villa w/ Pool,https://www.airbnb.co.in/rooms/980120463320876890,Ready for Automation Sync,Excluded brand name on Airbnb (strictly complies with Airbnb guidelines)
817108263356597625,2430,"The Den Luxury 7BHK W/Pool, Turf & Theater Room",Airbnb,"The Den Luxury 7BHK W/Pool, Turf & Theater Room",7BHK Villa w/ Pool,https://www.airbnb.co.in/rooms/817108263356597625,Ready for Automation Sync,Fixed overflow: old was 47/44 chars (truncated in search cards); Excluded brand name on Airbnb (strictly complies with Airbnb guidelines)
817169940305851813,2432,3 BR Turf & Game Room,Airbnb,3 BR Turf & Game Room- The Den- Karjat,3BHK 3 BR Turf & Game Room w/ Private Pool,https://www.airbnb.co.in/rooms/817169940305851813,Ready for Automation Sync,Excluded brand name on Airbnb (strictly complies with Airbnb guidelines)
972154709697948335,2895,"3BR Westwood  w/Lawn, Indoor Games & Wifi",Airbnb,"3BR Westwood Villa w/Lawn, Indoor Games & Wifi",3BHK Villa w/ Lawn,https://www.airbnb.co.in/rooms/972154709697948335,Ready for Automation Sync,Fixed overflow: old was 46/44 chars (truncated in search cards); Excluded brand name on Airbnb (strictly complies with Airbnb guidelines)
1255453844548187902,3244,5BR The Rasa Bungalow w/Lakeview & Wifi,Airbnb,5BR The Rasa Bungalow w/Lakeview & Wifi,5BHK Bungalow w/ Lake View,https://www.airbnb.co.in/rooms/1255453844548187902,Ready for Automation Sync,Excluded brand name on Airbnb (strictly complies with Airbnb guidelines)
1580343586583941670,5171,2BR,Airbnb,2BR |Pets+BBQ+Lawn|StayVista| Matchbox @TamilNadu,2BHK 2BR • Lawn & BBQ,https://www.airbnb.co.in/rooms/1580343586583941670,Ready for Automation Sync,"Fixed overflow: old was 49/44 chars (truncated in search cards); Removed non-compliant symbols ('|', '@', '+'); Excluded brand name on Airbnb (strictly complies with Airbnb guidelines)"
737262452306969828,Not Found,Anjali,Airbnb,6BHK |Brkfst+PetStay | StayVista | Anjali @ Kerala,6BHK Anjali Villa w/ Private Pool,https://www.airbnb.co.in/rooms/737262452306969828,Ready for Automation Sync,"Fixed overflow: old was 50/44 chars (truncated in search cards); Removed non-compliant symbols ('|', '@', '+'); Excluded brand name on Airbnb (strictly complies with Airbnb guidelines)"
1739160739402845459,2754,Aangan,Airbnb,StayVista at Villa Aangan w/ Pvt Pool & Lawn,3BHK Aangan • Pool & Lawn,https://www.airbnb.co.in/rooms/1739160739402845459,Ready for Automation Sync,Excluded brand name on Airbnb (strictly complies with Airbnb guidelines)
1322355216844624693,4265,7BR Mysty View,Airbnb,"7BR Mysty View | Glass Sunroom, Projector| Kasauli",7BHK 7BR Mysty View Villa w/ Private Pool,https://www.airbnb.co.in/rooms/1322355216844624693,Ready for Automation Sync,"Fixed overflow: old was 50/44 chars (truncated in search cards); Removed non-compliant symbols ('|', '@', '+'); Excluded brand name on Airbnb (strictly complies with Airbnb guidelines)"
50903578,1709,6BR Mysty View,Airbnb,"6BR Mysty View | Glass Sunroom, Projector| Kasauli",6BHK 6BR Mysty View Villa w/ Private Pool,https://www.airbnb.co.in/rooms/50903578,Ready for Automation Sync,"Fixed overflow: old was 50/44 chars (truncated in search cards); Removed non-compliant symbols ('|', '@', '+'); Excluded brand name on Airbnb (strictly complies with Airbnb guidelines)"
1349075584029368275,4280,4BR Amulyam  w/Scenic Views & AC,Airbnb,4BR Amulyam Villa w/Scenic Views & AC | Mukteshwar,4BHK Villa w/ Private Pool,https://www.airbnb.co.in/rooms/1349075584029368275,Ready for Automation Sync,"Fixed overflow: old was 50/44 chars (truncated in search cards); Removed non-compliant symbols ('|', '@', '+'); Excluded brand name on Airbnb (strictly complies with Airbnb guidelines)"
1734574063399749380,3885,"5BR Eton at The Glen, Lonavala, poolside fun stays",Airbnb,"5BR Eton at The Glen, Lonavala, poolside fun stays",5BHK Villa w/ Private Pool,https://www.airbnb.co.in/rooms/1734574063399749380,Ready for Automation Sync,Fixed overflow: old was 50/44 chars (truncated in search cards); Excluded brand name on Airbnb (strictly complies with Airbnb guidelines)
1543440592792882031,3858,"3BR The Green Orchid, Barog, luxe fun hideaway gem",Airbnb,"3BR The Green Orchid, Barog, luxe fun hideaway gem",3BHK Villa w/ Private Pool,https://www.airbnb.co.in/rooms/1543440592792882031,Ready for Automation Sync,Fixed overflow: old was 50/44 chars (truncated in search cards); Excluded brand name on Airbnb (strictly complies with Airbnb guidelines)
1214150921270087976,3874,"3BR Artful Escape, Alibaug, pool club getaway stay",Airbnb,"3BR Artful Escape, Alibaug, pool club getaway stay",3BHK Villa w/ Pool,https://www.airbnb.co.in/rooms/1214150921270087976,Ready for Automation Sync,Fixed overflow: old was 50/44 chars (truncated in search cards); Excluded brand name on Airbnb (strictly complies with Airbnb guidelines)
1203210357137531219,3849,Mussoorie,Airbnb,"Mussoorie| 4BR Mountain Echoes w/Views, Wifi",4BHK Mussoorie Villa w/ Private Pool,https://www.airbnb.co.in/rooms/1203210357137531219,Ready for Automation Sync,"Removed non-compliant symbols ('|', '@', '+'); Excluded brand name on Airbnb (strictly complies with Airbnb guidelines)"
1439568683312792850,3458,6BR,Airbnb,6BR| Pool+Lawn |StayVista| Bella Dream @Rajasthan,6BHK 6BR • Pool & Lawn,https://www.airbnb.co.in/rooms/1439568683312792850,Ready for Automation Sync,"Fixed overflow: old was 49/44 chars (truncated in search cards); Removed non-compliant symbols ('|', '@', '+'); Excluded brand name on Airbnb (strictly complies with Airbnb guidelines)"
1757767126811761604,Not Found,Teer Bangla,Airbnb,StayVista at Teer Bangla | Apple Orchard Retreat,3BHK Teer Bangla Retreat w/ Orchard,https://www.airbnb.co.in/rooms/1757767126811761604,Ready for Automation Sync,"Fixed overflow: old was 48/44 chars (truncated in search cards); Removed non-compliant symbols ('|', '@', '+'); Excluded brand name on Airbnb (strictly complies with Airbnb guidelines)"
1757933202981069804,Not Found,Samara,Airbnb,StayVista at Samara w/ Pool & River View,3BHK Samara • Pool & River View,https://www.airbnb.co.in/rooms/1757933202981069804,Ready for Automation Sync,Excluded brand name on Airbnb (strictly complies with Airbnb guidelines)
1758684093646049616,Not Found,3BR,Airbnb,3BR |City Escape|StayVista| Niwas by Talin @Jaipur,3BHK 3BR Villa w/ Private Pool,https://www.airbnb.co.in/rooms/1758684093646049616,Ready for Automation Sync,"Fixed overflow: old was 50/44 chars (truncated in search cards); Removed non-compliant symbols ('|', '@', '+'); Excluded brand name on Airbnb (strictly complies with Airbnb guidelines)"
1757713318014238080,Not Found,Nestled North A 3BR Ultra Luxury  in Srinagar,Airbnb,Nestled North A 3BR Ultra Luxury Villa in Srinagar,3BHK Villa w/ Private Pool,https://www.airbnb.co.in/rooms/1757713318014238080,Ready for Automation Sync,Fixed overflow: old was 50/44 chars (truncated in search cards); Excluded brand name on Airbnb (strictly complies with Airbnb guidelines)
1758719271593162951,Not Found,Madhuram,Airbnb,StayVista at Madhuram Villa w/ BBQ & Pool,3BHK Madhuram • Pool & BBQ,https://www.airbnb.co.in/rooms/1758719271593162951,Ready for Automation Sync,Excluded brand name on Airbnb (strictly complies with Airbnb guidelines)
1758753294912246628,Not Found,Ethereal,Airbnb,StayVista at Ethereal w/Himalayan Views & Bonfire,3BHK Ethereal Villa w/ Bonfire,https://www.airbnb.co.in/rooms/1758753294912246628,Ready for Automation Sync,Fixed overflow: old was 49/44 chars (truncated in search cards); Excluded brand name on Airbnb (strictly complies with Airbnb guidelines)
1311442941833413315,4117,3BR,Airbnb,3BR |Pool+Gazebo|StayVista| Serene Garden@Lonavala,3BHK 3BR • Pool & Gazebo,https://www.airbnb.co.in/rooms/1311442941833413315,Ready for Automation Sync,"Fixed overflow: old was 50/44 chars (truncated in search cards); Removed non-compliant symbols ('|', '@', '+'); Excluded brand name on Airbnb (strictly complies with Airbnb guidelines)"
24479920,142,Retreat on Cloud 9 Homestay with Vintage rooms,Airbnb,Retreat on Cloud 9 Homestay with Vintage rooms,3BHK Homestay w/ Lawn,https://www.airbnb.co.in/rooms/24479920,Ready for Automation Sync,Fixed overflow: old was 46/44 chars (truncated in search cards); Excluded brand name on Airbnb (strictly complies with Airbnb guidelines)
1587429305168783350,5136,Visthaan by  w/ Pool & lawn,Airbnb,Visthaan by StayVista w/ Pool & lawn,3BHK Visthaan by w/ Pool & lawn w/ Pool,https://www.airbnb.co.in/rooms/1587429305168783350,Ready for Automation Sync,Excluded brand name on Airbnb (strictly complies with Airbnb guidelines)
1741839617765206944,Not Found,Green Embrace,Airbnb,StayVista at Green Embrace w/Pool near Nagpur,3BHK Green Embrace Villa w/ Pool,https://www.airbnb.co.in/rooms/1741839617765206944,Ready for Automation Sync,Fixed overflow: old was 45/44 chars (truncated in search cards); Excluded brand name on Airbnb (strictly complies with Airbnb guidelines)
857588668370712551,2482,Inaayat Cosy 2BR  w/Pool+Gazebo+Lawn @ Jaipur,Airbnb,Inaayat Cosy 2BR Villa w/Pool+Gazebo+Lawn @ Jaipur,2BHK Villa w/ Pool,https://www.airbnb.co.in/rooms/857588668370712551,Ready for Automation Sync,"Fixed overflow: old was 50/44 chars (truncated in search cards); Removed non-compliant symbols ('|', '@', '+'); Excluded brand name on Airbnb (strictly complies with Airbnb guidelines)"
1349791225930252032,4290,3BR,Airbnb,3BR|Peaceful Stay|StayVista| Eden Springs@Lonavala,3BHK 3BR Villa w/ Private Pool,https://www.airbnb.co.in/rooms/1349791225930252032,Ready for Automation Sync,"Fixed overflow: old was 50/44 chars (truncated in search cards); Removed non-compliant symbols ('|', '@', '+'); Excluded brand name on Airbnb (strictly complies with Airbnb guidelines)"
1544853789307220892,4841,"3BHK Pvt Pool WiFi BBQ  Casa Roma, Siolim",Airbnb,"3BHK Pvt Pool WiFi BBQ Villa Casa Roma, Siolim",3BHK Villa w/ Pool,https://www.airbnb.co.in/rooms/1544853789307220892,Ready for Automation Sync,Fixed overflow: old was 46/44 chars (truncated in search cards); Excluded brand name on Airbnb (strictly complies with Airbnb guidelines)
50405214,1701,2BR,Airbnb,2BR| Scenic Stay+Brkfst |StayVista| The Berg @Ooty,2BHK 2BR Villa w/ Private Pool,https://www.airbnb.co.in/rooms/50405214,Ready for Automation Sync,"Fixed overflow: old was 50/44 chars (truncated in search cards); Removed non-compliant symbols ('|', '@', '+'); Excluded brand name on Airbnb (strictly complies with Airbnb guidelines)"
42234446,1196,3 BHK Luxury  w/Scenic View + BKFST @ Wayanad,Airbnb,3 BHK Luxury Villa w/Scenic View + BKFST @ Wayanad,3BHK Villa w/ Private Pool,https://www.airbnb.co.in/rooms/42234446,Ready for Automation Sync,"Fixed overflow: old was 50/44 chars (truncated in search cards); Removed non-compliant symbols ('|', '@', '+'); Excluded brand name on Airbnb (strictly complies with Airbnb guidelines)"
1158317832009494997,3609,"3BR Arcadian Manor w/Pool, Wifi & Lawn",Airbnb,"3BR Arcadian Manor w/Pool, Wifi & Lawn | Varanasi",3BHK Manor w/ Pool,https://www.airbnb.co.in/rooms/1158317832009494997,Ready for Automation Sync,"Fixed overflow: old was 49/44 chars (truncated in search cards); Removed non-compliant symbols ('|', '@', '+'); Excluded brand name on Airbnb (strictly complies with Airbnb guidelines)"
1739047513076313528,Not Found,"Gauti's Apple Retreat w/ BBQ, Bonfire",Airbnb,"StayVista at Gauti's Apple Retreat w/ BBQ, Bonfire",3BHK Retreat w/ Bonfire,https://www.airbnb.co.in/rooms/1739047513076313528,Ready for Automation Sync,Fixed overflow: old was 50/44 chars (truncated in search cards); Excluded brand name on Airbnb (strictly complies with Airbnb guidelines)
48249508,97,Mehta Mansion,Airbnb,Mehta Mansion - 9BHK - w/Pool & lawn - Lonavala,9BHK Mehta Mansion • Pool & Lawn,https://www.airbnb.co.in/rooms/48249508,Ready for Automation Sync,Fixed overflow: old was 47/44 chars (truncated in search cards); Excluded brand name on Airbnb (strictly complies with Airbnb guidelines)
1739101307278586426,3248,Kia Ora,Airbnb,StayVista at Kia Ora w/ Pool & Lawn,3BHK Kia Ora • Pool & Lawn,https://www.airbnb.co.in/rooms/1739101307278586426,Ready for Automation Sync,Excluded brand name on Airbnb (strictly complies with Airbnb guidelines)
1568574560577312665,5213,Nainital,Airbnb,Nainital | 3BR Mist @ Avasa Stays w/Jacuzzi & Wifi,3BHK Nainital Villa w/ Jacuzzi,https://www.airbnb.co.in/rooms/1568574560577312665,Ready for Automation Sync,"Fixed overflow: old was 50/44 chars (truncated in search cards); Removed non-compliant symbols ('|', '@', '+'); Excluded brand name on Airbnb (strictly complies with Airbnb guidelines)"
1674619177179558270,5494,4BR Avasaa,Airbnb,4BR Avasaa - The House In The Wild w/Lawn & Wifi,4BHK 4BR Avasaa House w/ Lawn,https://www.airbnb.co.in/rooms/1674619177179558270,Ready for Automation Sync,Fixed overflow: old was 48/44 chars (truncated in search cards); Excluded brand name on Airbnb (strictly complies with Airbnb guidelines)
1543329619746342214,3899,4BR Avasa Stays w/Comp Breakfast & Wifi,Airbnb,4BR Avasa Stays w/Comp Breakfast & Wifi | Nainital,4BHK Villa w/ Private Pool,https://www.airbnb.co.in/rooms/1543329619746342214,Ready for Automation Sync,"Fixed overflow: old was 50/44 chars (truncated in search cards); Removed non-compliant symbols ('|', '@', '+'); Excluded brand name on Airbnb (strictly complies with Airbnb guidelines)"
1565732273267159948,4032,Lotus by the Lake,Airbnb,StayVista at Lotus by the Lake w/ Pvt Pool,3BHK Lotus by the Lake Villa w/ Pool,https://www.airbnb.co.in/rooms/1565732273267159948,Ready for Automation Sync,Excluded brand name on Airbnb (strictly complies with Airbnb guidelines)
735924038405032024,2312,2BR,Airbnb,2BR|Luxury Pool|StayVista| Sage Scenery @Udaipur,2BHK 2BR Villa w/ Pool,https://www.airbnb.co.in/rooms/735924038405032024,Ready for Automation Sync,"Fixed overflow: old was 48/44 chars (truncated in search cards); Removed non-compliant symbols ('|', '@', '+'); Excluded brand name on Airbnb (strictly complies with Airbnb guidelines)"
1741162002671123634,Not Found,Avanya Retreat,Airbnb,StayVista at Avanya Retreat - Gurgaon w/ Pool,3BHK Avanya Retreat Retreat w/ Pool,https://www.airbnb.co.in/rooms/1741162002671123634,Ready for Automation Sync,Fixed overflow: old was 45/44 chars (truncated in search cards); Excluded brand name on Airbnb (strictly complies with Airbnb guidelines)
1191660100806021899,3729,4BR,Airbnb,4BR|Farm+Pool|StayVista|Wellnest Natural @Tirupati,4BHK 4BR Villa w/ Pool,https://www.airbnb.co.in/rooms/1191660100806021899,Ready for Automation Sync,"Fixed overflow: old was 50/44 chars (truncated in search cards); Removed non-compliant symbols ('|', '@', '+'); Excluded brand name on Airbnb (strictly complies with Airbnb guidelines)"
1557920980386943615,1786,2BR Treetop @ Albert  w/Views & Wifi,Airbnb,2BR Treetop @ Albert Estate w/Views & Wifi,2BHK Estate w/ Lawn,https://www.airbnb.co.in/rooms/1557920980386943615,Ready for Automation Sync,"Removed non-compliant symbols ('|', '@', '+'); Excluded brand name on Airbnb (strictly complies with Airbnb guidelines)"
1360622721928344598,4480,"6BR Virginia @ Albert  w/BBQ, Wifi & Bonfire",Airbnb,"6BR Virginia @ Albert Estate w/BBQ, Wifi & Bonfire",6BHK Estate w/ Bonfire,https://www.airbnb.co.in/rooms/1360622721928344598,Ready for Automation Sync,"Fixed overflow: old was 50/44 chars (truncated in search cards); Removed non-compliant symbols ('|', '@', '+'); Excluded brand name on Airbnb (strictly complies with Airbnb guidelines)"
1227450452527243658,3906,2BR Offgrid Ginai w/Serene Views & Lawn,Airbnb,2BR Offgrid Ginai w/Serene Views & Lawn | Ranikhet,2BHK Villa w/ Lawn,https://www.airbnb.co.in/rooms/1227450452527243658,Ready for Automation Sync,"Fixed overflow: old was 50/44 chars (truncated in search cards); Removed non-compliant symbols ('|', '@', '+'); Excluded brand name on Airbnb (strictly complies with Airbnb guidelines)"
1404158593464923020,4499,3BR,Airbnb,3BR|Lux Pool+BBQ|StayVista| Sundrift Villa @Plam,3BHK 3BR • Pool & BBQ,https://www.airbnb.co.in/rooms/1404158593464923020,Ready for Automation Sync,"Fixed overflow: old was 48/44 chars (truncated in search cards); Removed non-compliant symbols ('|', '@', '+'); Excluded brand name on Airbnb (strictly complies with Airbnb guidelines)"
1730912878787426355,2881,Dale,Airbnb,StayVista at Dale @ Sylvara,3BHK Dale Villa w/ Private Pool,https://www.airbnb.co.in/rooms/1730912878787426355,Ready for Automation Sync,"Removed non-compliant symbols ('|', '@', '+'); Excluded brand name on Airbnb (strictly complies with Airbnb guidelines)"
1526546309950936047,5002,4BR Heritage Haveli,Airbnb,4BR Heritage Haveli| Vintage Varanasi bythe Ganges,4BHK 4BR Heritage Haveli w/ Private Pool,https://www.airbnb.co.in/rooms/1526546309950936047,Ready for Automation Sync,"Fixed overflow: old was 50/44 chars (truncated in search cards); Removed non-compliant symbols ('|', '@', '+'); Excluded brand name on Airbnb (strictly complies with Airbnb guidelines)"
1665374309433764951,5501,The Earth Stone,Airbnb,StayVista at The Earth Stone w/ Pool,3BHK The Earth Stone Villa w/ Pool,https://www.airbnb.co.in/rooms/1665374309433764951,Ready for Automation Sync,Excluded brand name on Airbnb (strictly complies with Airbnb guidelines)
1430201160178120551,4722,4BR,Airbnb,4BR |PvtPool+Lawn|StayVista| Serenova @Karnataka,4BHK 4BR Villa w/ Lawn,https://www.airbnb.co.in/rooms/1430201160178120551,Ready for Automation Sync,"Fixed overflow: old was 48/44 chars (truncated in search cards); Removed non-compliant symbols ('|', '@', '+'); Excluded brand name on Airbnb (strictly complies with Airbnb guidelines)"
1444631177693935202,4827,Gardenéa Collection,Airbnb,StayVista at Gardenéa Collection - 12 BHK,12BHK Gardenéa Collection Villa w/ Garden,https://www.airbnb.co.in/rooms/1444631177693935202,Ready for Automation Sync,Excluded brand name on Airbnb (strictly complies with Airbnb guidelines)
1444624987799359455,4826,17 BHK,Airbnb,17 BHK-Gardenéa-semi-indoor swimming pool @Alibuag,17BHK 17 BHK • Pool & Garden,https://www.airbnb.co.in/rooms/1444624987799359455,Ready for Automation Sync,"Fixed overflow: old was 50/44 chars (truncated in search cards); Removed non-compliant symbols ('|', '@', '+'); Excluded brand name on Airbnb (strictly complies with Airbnb guidelines)"
1755823452736884328,1603,"Vista Divine 1BR w/Brkfast, Wifi & View",Airbnb,"Vista Divine 1BR w/Brkfast, Wifi & View",1BHK Villa w/ Private Pool,https://www.airbnb.co.in/rooms/1755823452736884328,Ready for Automation Sync,Excluded brand name on Airbnb (strictly complies with Airbnb guidelines)
1756252297667183735,1436,2 Rooms,Airbnb,StayVista at 2 Rooms @ Cecil Cottages,3BHK 2 Rooms Villa w/ Private Pool,https://www.airbnb.co.in/rooms/1756252297667183735,Ready for Automation Sync,"Removed non-compliant symbols ('|', '@', '+'); Excluded brand name on Airbnb (strictly complies with Airbnb guidelines)"
1755790770078126375,Not Found,1BR @Vista Divine w/ Caretaker & Wifi,Airbnb,1BR @Vista Divine w/ Caretaker & Wifi,1BHK Villa w/ Private Pool,https://www.airbnb.co.in/rooms/1755790770078126375,Ready for Automation Sync,"Removed non-compliant symbols ('|', '@', '+'); Excluded brand name on Airbnb (strictly complies with Airbnb guidelines)"
1757150225621371068,Not Found,The Crystal Crest,Airbnb,StayVista at The Crystal Crest-Jacuzzi | Dehradun,3BHK The Crystal Crest Villa w/ Jacuzzi,https://www.airbnb.co.in/rooms/1757150225621371068,Ready for Automation Sync,"Fixed overflow: old was 49/44 chars (truncated in search cards); Removed non-compliant symbols ('|', '@', '+'); Excluded brand name on Airbnb (strictly complies with Airbnb guidelines)"
1756242528489564000,Not Found,Shambhala @ Himalayan Retreat,Airbnb,Shambhala @ Himalayan Retreat | 3BR Cottage,3BHK Shambhala @ Himalayan Retreat w/ Lawn,https://www.airbnb.co.in/rooms/1756242528489564000,Ready for Automation Sync,"Removed non-compliant symbols ('|', '@', '+'); Excluded brand name on Airbnb (strictly complies with Airbnb guidelines)"
1755790912872396658,1592,The Springhills,Airbnb,StayVista at The Springhills Villa - Pool & Lawn,3BHK The Springhills • Pool & Lawn,https://www.airbnb.co.in/rooms/1755790912872396658,Ready for Automation Sync,Fixed overflow: old was 48/44 chars (truncated in search cards); Excluded brand name on Airbnb (strictly complies with Airbnb guidelines)
1756397447160263204,Not Found,Arncliff,Airbnb,StayVista at Arncliff | 2BR Villa in Mussoorie,2BHK Arncliff Villa w/ Private Pool,https://www.airbnb.co.in/rooms/1756397447160263204,Ready for Automation Sync,"Fixed overflow: old was 46/44 chars (truncated in search cards); Removed non-compliant symbols ('|', '@', '+'); Excluded brand name on Airbnb (strictly complies with Airbnb guidelines)"
1756452799522394748,,Panorama,Airbnb,StayVista at Panorama @ Golden Bliss w/ Lush Lawn,3BHK Panorama Villa w/ Lawn,https://www.airbnb.co.in/rooms/1756452799522394748,Ready for Automation Sync,"Fixed overflow: old was 49/44 chars (truncated in search cards); Removed non-compliant symbols ('|', '@', '+'); Excluded brand name on Airbnb (strictly complies with Airbnb guidelines)"
1756494559537027026,2081,Sunset On The Lake,Airbnb,StayVista at Sunset On The Lake w/ Pool-Igatpuri,3BHK Sunset On The Lake Villa w/ Pool,https://www.airbnb.co.in/rooms/1756494559537027026,Ready for Automation Sync,Fixed overflow: old was 48/44 chars (truncated in search cards); Excluded brand name on Airbnb (strictly complies with Airbnb guidelines)
1756520794673571778,Not Found,2BR Meranti @ Vintage Retreat w/AC,Airbnb,2BR Meranti @ Vintage Retreat w/AC - Bhimtal,2BHK Retreat w/ Lawn,https://www.airbnb.co.in/rooms/1756520794673571778,Ready for Automation Sync,"Removed non-compliant symbols ('|', '@', '+'); Excluded brand name on Airbnb (strictly complies with Airbnb guidelines)"
1756960318194858496,Not Found,2BR Jade@Pristine Pines w/Comp Breakfast @Kasauli,Airbnb,2BR Jade@Pristine Pines w/Comp Breakfast @Kasauli,2BHK Villa w/ Private Pool,https://www.airbnb.co.in/rooms/1756960318194858496,Ready for Automation Sync,"Fixed overflow: old was 49/44 chars (truncated in search cards); Removed non-compliant symbols ('|', '@', '+'); Excluded brand name on Airbnb (strictly complies with Airbnb guidelines)"
1756976313286979509,2385,Sage @ Pristine Pines w/Comp Breakfast in Kasauli,Airbnb,Sage @ Pristine Pines w/Comp Breakfast in Kasauli,3BHK Villa w/ Private Pool,https://www.airbnb.co.in/rooms/1756976313286979509,Ready for Automation Sync,"Fixed overflow: old was 49/44 chars (truncated in search cards); Removed non-compliant symbols ('|', '@', '+'); Excluded brand name on Airbnb (strictly complies with Airbnb guidelines)"
1757062653651530386,Not Found,Sierra Sky,Airbnb,StayVista at Villa Sierra Sky w/Mod Amenities,3BHK Sierra Sky Villa w/ Private Pool,https://www.airbnb.co.in/rooms/1757062653651530386,Ready for Automation Sync,Fixed overflow: old was 45/44 chars (truncated in search cards); Excluded brand name on Airbnb (strictly complies with Airbnb guidelines)
1757096630322975104,Not Found,Rumjhum,Airbnb,StayVista at Villa Rumjhum |Pool+Bonfire+BBQ,3BHK Rumjhum • Pool & Bonfire,https://www.airbnb.co.in/rooms/1757096630322975104,Ready for Automation Sync,"Removed non-compliant symbols ('|', '@', '+'); Excluded brand name on Airbnb (strictly complies with Airbnb guidelines)"
1757084659056550112,Not Found,4BR,Airbnb,4BR |Lawn+BBQ+Bonfire|StayVista| Vayu Farm@Nashik,4BHK 4BR • Lawn & Bonfire,https://www.airbnb.co.in/rooms/1757084659056550112,Ready for Automation Sync,"Fixed overflow: old was 49/44 chars (truncated in search cards); Removed non-compliant symbols ('|', '@', '+'); Excluded brand name on Airbnb (strictly complies with Airbnb guidelines)"
1731597371942353069,5695,5BR Namaya Retreat w/Pvt Pool & BBQ,Airbnb,5BR Namaya Retreat w/Pvt Pool & BBQ | Haridwar,5BHK Retreat w/ Pool,https://www.airbnb.co.in/rooms/1731597371942353069,Ready for Automation Sync,"Fixed overflow: old was 46/44 chars (truncated in search cards); Removed non-compliant symbols ('|', '@', '+'); Excluded brand name on Airbnb (strictly complies with Airbnb guidelines)"
1354700965675185911,4360,3BHK,Airbnb,3BHK| Luxe Pool |StayVista| Grey Sky @Rajasthan,3BHK 3BHK Villa w/ Pool,https://www.airbnb.co.in/rooms/1354700965675185911,Ready for Automation Sync,"Fixed overflow: old was 47/44 chars (truncated in search cards); Removed non-compliant symbols ('|', '@', '+'); Excluded brand name on Airbnb (strictly complies with Airbnb guidelines)"
1082672422667525648,3375,Savara Luxury 2BR  in Kasauli W/ Glass,Airbnb,Savara Luxury 2BR Villa in Kasauli W/ Glass House,2BHK Villa w/ Private Pool,https://www.airbnb.co.in/rooms/1082672422667525648,Ready for Automation Sync,Fixed overflow: old was 49/44 chars (truncated in search cards); Excluded brand name on Airbnb (strictly complies with Airbnb guidelines)
1082655694425143483,3374,Savara A 3BR Luxury  in Kasauli W/Glass,Airbnb,Savara A 3BR Luxury Villa in Kasauli W/Glass House,3BHK Villa w/ Private Pool,https://www.airbnb.co.in/rooms/1082655694425143483,Ready for Automation Sync,Fixed overflow: old was 50/44 chars (truncated in search cards); Excluded brand name on Airbnb (strictly complies with Airbnb guidelines)
1075009554225149918,3179,5BR ExclusiveVilla w/ Heated Infinity Pool,Airbnb,5BR ExclusiveVilla w/ Heated Infinity Pool| Savara,5BHK Villa w/ Infinity Pool,https://www.airbnb.co.in/rooms/1075009554225149918,Ready for Automation Sync,"Fixed overflow: old was 50/44 chars (truncated in search cards); Removed non-compliant symbols ('|', '@', '+'); Excluded brand name on Airbnb (strictly complies with Airbnb guidelines)"
1280262474590880144,3928,"Ember & Sage w/ Indoor Pools, BBQ",Airbnb,"StayVista at Ember & Sage w/ Indoor Pools, BBQ","3BHK Ember & Sage w/ Indoor Pools, BBQ • BBQ",https://www.airbnb.co.in/rooms/1280262474590880144,Ready for Automation Sync,Fixed overflow: old was 46/44 chars (truncated in search cards); Excluded brand name on Airbnb (strictly complies with Airbnb guidelines)
1280115632858760599,4095,"Ember   w/ Pool, Lawn & Indoor Games",Airbnb,"Ember Villa StayVista w/ Pool, Lawn & Indoor Games",3BHK Villa w/ Pool,https://www.airbnb.co.in/rooms/1280115632858760599,Ready for Automation Sync,Fixed overflow: old was 50/44 chars (truncated in search cards); Excluded brand name on Airbnb (strictly complies with Airbnb guidelines)
1756993009187935569,Not Found,Wooden Arches,Airbnb,"StayVista at Wooden Arches | 4BR, Lawn & BBQ",4BHK Wooden Arches • Lawn & BBQ,https://www.airbnb.co.in/rooms/1756993009187935569,Ready for Automation Sync,"Removed non-compliant symbols ('|', '@', '+'); Excluded brand name on Airbnb (strictly complies with Airbnb guidelines)"
1568090753388920862,5199,Residences,Airbnb,Seaview Apartment W/ Balcony@StayVista Residences,3BHK Residences Villa w/ Balcony,https://www.airbnb.co.in/rooms/1568090753388920862,Ready for Automation Sync,"Fixed overflow: old was 49/44 chars (truncated in search cards); Removed non-compliant symbols ('|', '@', '+'); Excluded brand name on Airbnb (strictly complies with Airbnb guidelines)"
1665740299767642282,5500,Bohemian,Airbnb,"StayVista at Bohemian w/ Infinity Pool, Lawn",3BHK Bohemian • Infinity Pool & Lawn,https://www.airbnb.co.in/rooms/1665740299767642282,Ready for Automation Sync,Excluded brand name on Airbnb (strictly complies with Airbnb guidelines)
1367223479648768060,4438,4BR WiFi Pool,Airbnb,4BR WiFi Pool |StayVista| at Rivendell @Lonavala,4BHK 4BR WiFi Pool Villa w/ Pool,https://www.airbnb.co.in/rooms/1367223479648768060,Ready for Automation Sync,"Fixed overflow: old was 48/44 chars (truncated in search cards); Removed non-compliant symbols ('|', '@', '+'); Excluded brand name on Airbnb (strictly complies with Airbnb guidelines)"
1230130148370014316,3943,2BR Ultra Luxury  w/Lawn &Firepit in Srinagar,Airbnb,2BR Ultra Luxury Villa w/Lawn &Firepit in Srinagar,2BHK Villa w/ Lawn,https://www.airbnb.co.in/rooms/1230130148370014316,Ready for Automation Sync,Fixed overflow: old was 50/44 chars (truncated in search cards); Excluded brand name on Airbnb (strictly complies with Airbnb guidelines)
944698822806029380,100,Gyspsy,Airbnb,"StayVista at Gyspsy @ Bungalow 89 w/ Balcony, WiFi",3BHK Gyspsy Bungalow w/ Balcony,https://www.airbnb.co.in/rooms/944698822806029380,Ready for Automation Sync,"Fixed overflow: old was 50/44 chars (truncated in search cards); Removed non-compliant symbols ('|', '@', '+'); Excluded brand name on Airbnb (strictly complies with Airbnb guidelines)"
655616217941641860,189,Greenwood 1,Airbnb,"5R+Pool, Lawn+Wifi+StayVista Greenwood 1@Lonavala",3BHK Greenwood 1 • Pool & Lawn,https://www.airbnb.co.in/rooms/655616217941641860,Ready for Automation Sync,"Fixed overflow: old was 49/44 chars (truncated in search cards); Removed non-compliant symbols ('|', '@', '+'); Excluded brand name on Airbnb (strictly complies with Airbnb guidelines)"
1028102837849332591,3140,The Mansion,Airbnb,The Mansion - 8BHK W/Outdoor Infinity Pool,8BHK The Mansion Villa w/ Infinity Pool,https://www.airbnb.co.in/rooms/1028102837849332591,Ready for Automation Sync,Excluded brand name on Airbnb (strictly complies with Airbnb guidelines)
688759231491338068,2220,Hogwarts,Airbnb,Hogwarts-style Magical & Luxury Stay - 2 BR,2BHK Hogwarts Villa w/ Private Pool,https://www.airbnb.co.in/rooms/688759231491338068,Ready for Automation Sync,Excluded brand name on Airbnb (strictly complies with Airbnb guidelines)
688752564017314344,2219,Shades @ The Mansion W/Outdoor Infinity Pool,Airbnb,Shades @ The Mansion W/Outdoor Infinity Pool,3BHK Villa w/ Infinity Pool,https://www.airbnb.co.in/rooms/688752564017314344,Ready for Automation Sync,"Removed non-compliant symbols ('|', '@', '+'); Excluded brand name on Airbnb (strictly complies with Airbnb guidelines)"
1431068187280259133,2108,Hues @ The Mansion W/Outdoor Infinity Pool,Airbnb,Hues @ The Mansion W/Outdoor Infinity Pool,3BHK Villa w/ Infinity Pool,https://www.airbnb.co.in/rooms/1431068187280259133,Ready for Automation Sync,"Removed non-compliant symbols ('|', '@', '+'); Excluded brand name on Airbnb (strictly complies with Airbnb guidelines)"
1329394630734433588,1890,4 Rooms @ The Mansion W/Outdoor Infinity Pool,Airbnb,4 Rooms @ The Mansion W/Outdoor Infinity Pool,3BHK Villa w/ Infinity Pool,https://www.airbnb.co.in/rooms/1329394630734433588,Ready for Automation Sync,"Fixed overflow: old was 45/44 chars (truncated in search cards); Removed non-compliant symbols ('|', '@', '+'); Excluded brand name on Airbnb (strictly complies with Airbnb guidelines)"
658249917284322257,1633,The Mansion W/Outdoor Infinity Pool & Jacuzzi,Airbnb,The Mansion W/Outdoor Infinity Pool & Jacuzzi,3BHK Villa w/ Infinity Pool,https://www.airbnb.co.in/rooms/658249917284322257,Ready for Automation Sync,Fixed overflow: old was 45/44 chars (truncated in search cards); Excluded brand name on Airbnb (strictly complies with Airbnb guidelines)
48153572,1624,Attic @Golden Bliss  w/Spacious room &wifi,Airbnb,Attic @Golden Bliss Cottage w/Spacious room &wifi,3BHK Cottage w/ Lawn,https://www.airbnb.co.in/rooms/48153572,Ready for Automation Sync,"Fixed overflow: old was 49/44 chars (truncated in search cards); Removed non-compliant symbols ('|', '@', '+'); Excluded brand name on Airbnb (strictly complies with Airbnb guidelines)"
1538377972178382334,5057,4R,Airbnb,4R Villa-Pool+Beachview |Di Mora By The Sea @Baga,3BHK 4R Villa w/ Pool,https://www.airbnb.co.in/rooms/1538377972178382334,Ready for Automation Sync,"Fixed overflow: old was 49/44 chars (truncated in search cards); Removed non-compliant symbols ('|', '@', '+'); Excluded brand name on Airbnb (strictly complies with Airbnb guidelines)"
653962523645036913,347,Dehradun,Airbnb,Dehradun | 2BR Cottage @ Dudly Manor w/Wifi & Chef,2BHK Dehradun Cottage w/ Lawn,https://www.airbnb.co.in/rooms/653962523645036913,Ready for Automation Sync,"Fixed overflow: old was 50/44 chars (truncated in search cards); Removed non-compliant symbols ('|', '@', '+'); Excluded brand name on Airbnb (strictly complies with Airbnb guidelines)"
1436812019951572462,4761,3BHK,Airbnb,3BHK |CozyPool+Jacuzzi |StayVista| Casa Meraki@Goa,3BHK 3BHK Villa w/ Jacuzzi,https://www.airbnb.co.in/rooms/1436812019951572462,Ready for Automation Sync,"Fixed overflow: old was 50/44 chars (truncated in search cards); Removed non-compliant symbols ('|', '@', '+'); Excluded brand name on Airbnb (strictly complies with Airbnb guidelines)"
1393939763644808626,4505,"Windchime 4BR Pool, Lawn & View",Airbnb,"Windchime 4BR Pool, Lawn & View Villa","4BHK Windchime 4BR Pool, Lawn & View w/ Pool",https://www.airbnb.co.in/rooms/1393939763644808626,Ready for Automation Sync,Excluded brand name on Airbnb (strictly complies with Airbnb guidelines)
1728821592417876281,2638,The Barn,Airbnb,"StayVista at The Barn @ Canary Farms, Lonavala",3BHK The Barn Villa w/ Private Pool,https://www.airbnb.co.in/rooms/1728821592417876281,Ready for Automation Sync,"Fixed overflow: old was 46/44 chars (truncated in search cards); Removed non-compliant symbols ('|', '@', '+'); Excluded brand name on Airbnb (strictly complies with Airbnb guidelines)"
1668053929062846257,5503,Forest Pearl,Airbnb,"StayVista at Forest Pearl w/ Infinity Pool, Lawn",3BHK Forest Pearl • Infinity Pool & Lawn,https://www.airbnb.co.in/rooms/1668053929062846257,Ready for Automation Sync,Fixed overflow: old was 48/44 chars (truncated in search cards); Excluded brand name on Airbnb (strictly complies with Airbnb guidelines)
1657910736337169603,5502,Horizon Block,Airbnb,"StayVista at Horizon Block w/ Infinity Pool, Lawn",3BHK Horizon Block • Infinity Pool & Lawn,https://www.airbnb.co.in/rooms/1657910736337169603,Ready for Automation Sync,Fixed overflow: old was 49/44 chars (truncated in search cards); Excluded brand name on Airbnb (strictly complies with Airbnb guidelines)
1755592213805513411,Not Found,Amorist,Airbnb,StayVista at Amorist Villa w/ Pool & Mountain View,3BHK Amorist • Pool & Mountain View,https://www.airbnb.co.in/rooms/1755592213805513411,Ready for Automation Sync,Fixed overflow: old was 50/44 chars (truncated in search cards); Excluded brand name on Airbnb (strictly complies with Airbnb guidelines)
1755633434626873258,Not Found,The Fig Tree Haven by VEO,Airbnb,The Fig Tree Haven by VEO - Part of StayVista,3BHK Villa w/ Private Pool,https://www.airbnb.co.in/rooms/1755633434626873258,Ready for Automation Sync,Fixed overflow: old was 45/44 chars (truncated in search cards); Excluded brand name on Airbnb (strictly complies with Airbnb guidelines)
1755523816180593106,Not Found,Casa Saipem,Airbnb,StayVista at Casa Saipem W/Pvt Pool+Riverview,3BHK Casa Saipem • Pool & River View,https://www.airbnb.co.in/rooms/1755523816180593106,Ready for Automation Sync,"Fixed overflow: old was 45/44 chars (truncated in search cards); Removed non-compliant symbols ('|', '@', '+'); Excluded brand name on Airbnb (strictly complies with Airbnb guidelines)"
1755548757763367927,,Nirvana,Airbnb,StayVista at Nirvana @ Krishnalaya Mansion w/Pool,3BHK Nirvana Villa w/ Pool,https://www.airbnb.co.in/rooms/1755548757763367927,Ready for Automation Sync,"Fixed overflow: old was 49/44 chars (truncated in search cards); Removed non-compliant symbols ('|', '@', '+'); Excluded brand name on Airbnb (strictly complies with Airbnb guidelines)"
1755683789448189548,Not Found,Cidade,Airbnb,"StayVista at Villa Cidade w/ Pool, Lawn",3BHK Cidade • Pool & Lawn,https://www.airbnb.co.in/rooms/1755683789448189548,Ready for Automation Sync,Excluded brand name on Airbnb (strictly complies with Airbnb guidelines)
1399643083184544511,4407,5BR,Airbnb,5BR|Luxe Pool+Bathtub|StayVista| Villa Selene @Goa,5BHK 5BR Villa w/ Pool,https://www.airbnb.co.in/rooms/1399643083184544511,Ready for Automation Sync,"Fixed overflow: old was 50/44 chars (truncated in search cards); Removed non-compliant symbols ('|', '@', '+'); Excluded brand name on Airbnb (strictly complies with Airbnb guidelines)"
39454414,687,4BR,Airbnb,4BR |Mountain Escape|StayVista| PleasantVille @HP,4BHK 4BR Villa w/ Private Pool,https://www.airbnb.co.in/rooms/39454414,Ready for Automation Sync,"Fixed overflow: old was 49/44 chars (truncated in search cards); Removed non-compliant symbols ('|', '@', '+'); Excluded brand name on Airbnb (strictly complies with Airbnb guidelines)"
38558607,666,Wooden,Airbnb,3BR |Jacuzzi Bliss @ StayVista Wooden House | Wada,3BHK Wooden House w/ Jacuzzi,https://www.airbnb.co.in/rooms/38558607,Ready for Automation Sync,"Fixed overflow: old was 50/44 chars (truncated in search cards); Removed non-compliant symbols ('|', '@', '+'); Excluded brand name on Airbnb (strictly complies with Airbnb guidelines)"
1571676848600543033,662,Pura Vida,Airbnb,StayVista at Pura Vida | Luxury Pool Villa,3BHK Pura Vida Villa w/ Pool,https://www.airbnb.co.in/rooms/1571676848600543033,Ready for Automation Sync,"Removed non-compliant symbols ('|', '@', '+'); Excluded brand name on Airbnb (strictly complies with Airbnb guidelines)"
38220621,659,2BR,Airbnb,2BR| Mountain Escape |StayVista| Sarion@Theog,2BHK 2BR Villa w/ Private Pool,https://www.airbnb.co.in/rooms/38220621,Ready for Automation Sync,"Fixed overflow: old was 45/44 chars (truncated in search cards); Removed non-compliant symbols ('|', '@', '+'); Excluded brand name on Airbnb (strictly complies with Airbnb guidelines)"
1714301027826087251,5611,Raila Bagh,Airbnb,StayVista at Raila Bagh w/Pool & Snooker in Jaipur,3BHK Raila Bagh Villa w/ Pool,https://www.airbnb.co.in/rooms/1714301027826087251,Ready for Automation Sync,Fixed overflow: old was 50/44 chars (truncated in search cards); Excluded brand name on Airbnb (strictly complies with Airbnb guidelines)
672125792301572838,2050,4BR+Casa Saipem+W/Pvt Pool+Riverview@Candolim,Airbnb,4BR+Casa Saipem+W/Pvt Pool+Riverview@Candolim,4BHK Villa w/ Pool,https://www.airbnb.co.in/rooms/672125792301572838,Ready for Automation Sync,"Fixed overflow: old was 45/44 chars (truncated in search cards); Removed non-compliant symbols ('|', '@', '+'); Excluded brand name on Airbnb (strictly complies with Airbnb guidelines)"
1234579447063692885,3891,5BR,Airbnb,5BR|Pool+Bathtub|StayVista| zen Haven @Tringalwadi,5BHK 5BR Villa w/ Pool,https://www.airbnb.co.in/rooms/1234579447063692885,Ready for Automation Sync,"Fixed overflow: old was 50/44 chars (truncated in search cards); Removed non-compliant symbols ('|', '@', '+'); Excluded brand name on Airbnb (strictly complies with Airbnb guidelines)"
1608598724583121115,5325,4BR Vafa Acres @ w/ Bathtub,Airbnb,4BR Vafa Acres @StayVista w/ Bathtub- Mysore,4BHK Villa w/ Private Pool,https://www.airbnb.co.in/rooms/1608598724583121115,Ready for Automation Sync,"Removed non-compliant symbols ('|', '@', '+'); Excluded brand name on Airbnb (strictly complies with Airbnb guidelines)"
1736747756842218553,5741,Pistachio,Airbnb,"StayVista at Pistachio w/ Pool, Valley View",3BHK Pistachio • Pool & Valley View,https://www.airbnb.co.in/rooms/1736747756842218553,Ready for Automation Sync,Excluded brand name on Airbnb (strictly complies with Airbnb guidelines)
1073623799524217806,3041,2BR Waterfront  near Bhojpur Temple in Bhopal,Airbnb,2BR Waterfront Villa near Bhojpur Temple in Bhopal,2BHK Villa w/ Private Pool,https://www.airbnb.co.in/rooms/1073623799524217806,Ready for Automation Sync,Fixed overflow: old was 50/44 chars (truncated in search cards); Excluded brand name on Airbnb (strictly complies with Airbnb guidelines)
1754203139341786088,Not Found,Boho Banyan Lux,Airbnb,StayVista at Boho Banyan Lux Villa w/Pool & Lawn,3BHK Boho Banyan Lux • Pool & Lawn,https://www.airbnb.co.in/rooms/1754203139341786088,Ready for Automation Sync,Fixed overflow: old was 48/44 chars (truncated in search cards); Excluded brand name on Airbnb (strictly complies with Airbnb guidelines)
1754223316636336677,Not Found,Sidhowal Lodge,Airbnb,StayVista at Sidhowal Lodge - 1 BR w/ Comp BF,1BHK Sidhowal Lodge Villa w/ Private Pool,https://www.airbnb.co.in/rooms/1754223316636336677,Ready for Automation Sync,Fixed overflow: old was 45/44 chars (truncated in search cards); Excluded brand name on Airbnb (strictly complies with Airbnb guidelines)
1754780551817325773,Not Found,Meer,Airbnb,StayVista at Villa Meer w/ Pool & Lawn,3BHK Meer • Pool & Lawn,https://www.airbnb.co.in/rooms/1754780551817325773,Ready for Automation Sync,Excluded brand name on Airbnb (strictly complies with Airbnb guidelines)
1563670418566249927,2077,Grey Mosaics,Airbnb,"StayVista at Grey Mosaics w/ Bar, Lawn & Pvt. Pool",3BHK Grey Mosaics • Pool & Lawn,https://www.airbnb.co.in/rooms/1563670418566249927,Ready for Automation Sync,Fixed overflow: old was 50/44 chars (truncated in search cards); Excluded brand name on Airbnb (strictly complies with Airbnb guidelines)
1348373395154446212,4302,Sasha Farms,Airbnb,StayVista at Sasha Farms - Roha w/Pickleball Court,3BHK Sasha Farms Villa w/ Private Pool,https://www.airbnb.co.in/rooms/1348373395154446212,Ready for Automation Sync,Fixed overflow: old was 50/44 chars (truncated in search cards); Excluded brand name on Airbnb (strictly complies with Airbnb guidelines)
52660418,1807,Eva,Airbnb,StayVista at Eva Villa | 3BR Pool by the Lake,3BHK Eva Villa w/ Pool,https://www.airbnb.co.in/rooms/52660418,Ready for Automation Sync,"Fixed overflow: old was 45/44 chars (truncated in search cards); Removed non-compliant symbols ('|', '@', '+'); Excluded brand name on Airbnb (strictly complies with Airbnb guidelines)"
1548339359242397877,4519,"6BR The Pali w/Bathtub, Pool Table, Chef & Views",Airbnb,"6BR The Pali w/Bathtub, Pool Table, Chef & Views",6BHK Villa w/ Pool,https://www.airbnb.co.in/rooms/1548339359242397877,Ready for Automation Sync,Fixed overflow: old was 48/44 chars (truncated in search cards); Excluded brand name on Airbnb (strictly complies with Airbnb guidelines)
1649090175134142237,5480,Mandimane,Airbnb,StayVista at Villa Mandimane w/ Bonfire & Pool,3BHK Mandimane • Pool & Bonfire,https://www.airbnb.co.in/rooms/1649090175134142237,Ready for Automation Sync,Fixed overflow: old was 46/44 chars (truncated in search cards); Excluded brand name on Airbnb (strictly complies with Airbnb guidelines)
1203402037013716368,3816,6BR,Airbnb,6BR |Pool+Jacuzzi|StayVista| Seraphine @Lonavala,6BHK 6BR • Pool & Jacuzzi,https://www.airbnb.co.in/rooms/1203402037013716368,Ready for Automation Sync,"Fixed overflow: old was 48/44 chars (truncated in search cards); Removed non-compliant symbols ('|', '@', '+'); Excluded brand name on Airbnb (strictly complies with Airbnb guidelines)"
36398399,220,6BHK,Airbnb,6BHK-Villa Meer-w/pool & Huge Lawn-Nashik,6BHK 6BHK • Pool & Lawn,https://www.airbnb.co.in/rooms/36398399,Ready for Automation Sync,Excluded brand name on Airbnb (strictly complies with Airbnb guidelines)
32174190,317,Shubmann  w / River View,Airbnb,StayVista at Shubmann Villa w / River View - Wada,3BHK Shubmann w / River View w/ River View,https://www.airbnb.co.in/rooms/32174190,Ready for Automation Sync,Fixed overflow: old was 49/44 chars (truncated in search cards); Excluded brand name on Airbnb (strictly complies with Airbnb guidelines)
549631663649644951,256,La Bougainvillea,Airbnb,StayVista at La Bougainvillea | Heritage Home,3BHK La Bougainvillea Villa w/ Private Pool,https://www.airbnb.co.in/rooms/549631663649644951,Ready for Automation Sync,"Fixed overflow: old was 45/44 chars (truncated in search cards); Removed non-compliant symbols ('|', '@', '+'); Excluded brand name on Airbnb (strictly complies with Airbnb guidelines)"
1628064447805875480,5433,Luxury 3BHK Riverside  w/Pool & Lawn @Udaipur,Airbnb,Luxury 3BHK Riverside Villa w/Pool & Lawn @Udaipur,3BHK Villa w/ Pool,https://www.airbnb.co.in/rooms/1628064447805875480,Ready for Automation Sync,"Fixed overflow: old was 50/44 chars (truncated in search cards); Removed non-compliant symbols ('|', '@', '+'); Excluded brand name on Airbnb (strictly complies with Airbnb guidelines)"
1730870489567411287,150,Moksh,Airbnb,StayVista at Moksh Villa - 4BR -Jacuzzi & TT Table,4BHK Moksh Villa w/ Jacuzzi,https://www.airbnb.co.in/rooms/1730870489567411287,Ready for Automation Sync,Fixed overflow: old was 50/44 chars (truncated in search cards); Excluded brand name on Airbnb (strictly complies with Airbnb guidelines)
1543344082874146932,4634,"4BR The Edge of Sky w/Views, Lawn & Wifi",Airbnb,"4BR The Edge of Sky w/Views, Lawn & Wifi |Chakrata",4BHK Villa w/ Lawn,https://www.airbnb.co.in/rooms/1543344082874146932,Ready for Automation Sync,"Fixed overflow: old was 50/44 chars (truncated in search cards); Removed non-compliant symbols ('|', '@', '+'); Excluded brand name on Airbnb (strictly complies with Airbnb guidelines)"
1731680768817426908,5683,Mudhouse Escape,Airbnb,"StayVista at Mudhouse Escape w/ Pool, BBQ",3BHK Mudhouse Escape • Pool & BBQ,https://www.airbnb.co.in/rooms/1731680768817426908,Ready for Automation Sync,Excluded brand name on Airbnb (strictly complies with Airbnb guidelines)
1718763848022810342,5658,"7BR The Cloudberry Crest w/Home Theatre, AC & Wifi",Airbnb,"7BR The Cloudberry Crest w/Home Theatre, AC & Wifi",7BHK Villa w/ Private Pool,https://www.airbnb.co.in/rooms/1718763848022810342,Ready for Automation Sync,Fixed overflow: old was 50/44 chars (truncated in search cards); Excluded brand name on Airbnb (strictly complies with Airbnb guidelines)
1608483032148993377,5146,The River Story,Airbnb,"StayVista at The River Story - Raison w/ Lawn, BBQ",3BHK The River Story • Lawn & BBQ,https://www.airbnb.co.in/rooms/1608483032148993377,Ready for Automation Sync,Fixed overflow: old was 50/44 chars (truncated in search cards); Excluded brand name on Airbnb (strictly complies with Airbnb guidelines)
1617094018078638272,5398,Still,Airbnb,"StayVista at Still @ The River Story w/ Lawn, BBQ",3BHK Still • Lawn & BBQ,https://www.airbnb.co.in/rooms/1617094018078638272,Ready for Automation Sync,"Fixed overflow: old was 49/44 chars (truncated in search cards); Removed non-compliant symbols ('|', '@', '+'); Excluded brand name on Airbnb (strictly complies with Airbnb guidelines)"
1617080415823175245,5397,Flow,Airbnb,"StayVista at Flow @ The River Story w/ Lawn, BBQ",3BHK Flow • Lawn & BBQ,https://www.airbnb.co.in/rooms/1617080415823175245,Ready for Automation Sync,"Fixed overflow: old was 48/44 chars (truncated in search cards); Removed non-compliant symbols ('|', '@', '+'); Excluded brand name on Airbnb (strictly complies with Airbnb guidelines)"
1018135851588901269,3034,Ivory Grove,Airbnb,"StayVista at Ivory Grove w/ Pool, Bathtub, Jacuzzi",3BHK Ivory Grove • Pool & Jacuzzi,https://www.airbnb.co.in/rooms/1018135851588901269,Ready for Automation Sync,Fixed overflow: old was 50/44 chars (truncated in search cards); Excluded brand name on Airbnb (strictly complies with Airbnb guidelines)
23407148,121,Stone  Bezze,Airbnb,2BR StayVista Stone House Bezze@Nashik,2BHK Stone Bezze House w/ Lawn,https://www.airbnb.co.in/rooms/23407148,Ready for Automation Sync,"Removed non-compliant symbols ('|', '@', '+'); Excluded brand name on Airbnb (strictly complies with Airbnb guidelines)"
1392464926431108323,4221,The Grand Ten – Pool & Turf Retreat in Karjat,Airbnb,The Grand Ten – Pool & Turf Retreat in Karjat,3BHK Retreat w/ Pool,https://www.airbnb.co.in/rooms/1392464926431108323,Ready for Automation Sync,Fixed overflow: old was 45/44 chars (truncated in search cards); Excluded brand name on Airbnb (strictly complies with Airbnb guidelines)
1409908929160649496,4230,1R,Airbnb,1R|PetReady|StayVista| Creative Castle@Pondicherry,3BHK 1R Villa w/ Private Pool,https://www.airbnb.co.in/rooms/1409908929160649496,Ready for Automation Sync,"Fixed overflow: old was 50/44 chars (truncated in search cards); Removed non-compliant symbols ('|', '@', '+'); Excluded brand name on Airbnb (strictly complies with Airbnb guidelines)"
1527331947781492226,2583,Pink Palace,Airbnb,StayVista at Pink Palace | Hillview 3BHK Ooty,3BHK Pink Palace Villa w/ Private Pool,https://www.airbnb.co.in/rooms/1527331947781492226,Ready for Automation Sync,"Fixed overflow: old was 45/44 chars (truncated in search cards); Removed non-compliant symbols ('|', '@', '+'); Excluded brand name on Airbnb (strictly complies with Airbnb guidelines)"
1353492293083758361,4446,"4BR,w/",Airbnb,"4BR,w/-Pool-StayVista-Ruby at Casa San Antonio@Goa","4BHK 4BR,w/ Villa w/ Pool",https://www.airbnb.co.in/rooms/1353492293083758361,Ready for Automation Sync,"Fixed overflow: old was 50/44 chars (truncated in search cards); Removed non-compliant symbols ('|', '@', '+'); Excluded brand name on Airbnb (strictly complies with Airbnb guidelines)"
1354074550944649607,4447,"2BR,Lawn,Pool",Airbnb,"2BR,Lawn,Pool - Flint at Casa San Antonio @ Goa","2BHK 2BR,Lawn,Pool • Pool & Lawn",https://www.airbnb.co.in/rooms/1354074550944649607,Ready for Automation Sync,"Fixed overflow: old was 47/44 chars (truncated in search cards); Removed non-compliant symbols ('|', '@', '+'); Excluded brand name on Airbnb (strictly complies with Airbnb guidelines)"
810605687354891686,2447,"@Annex  w/Pool & Balcony, Lonavala",Airbnb,"StayVista @Annex villa w/Pool & Balcony, Lonavala",3BHK Villa w/ Pool,https://www.airbnb.co.in/rooms/810605687354891686,Ready for Automation Sync,"Fixed overflow: old was 49/44 chars (truncated in search cards); Removed non-compliant symbols ('|', '@', '+'); Excluded brand name on Airbnb (strictly complies with Airbnb guidelines)"
1754044669386822591,,Normandy,Airbnb,StayVista at Normandy House -French Interiors&Wifi,3BHK Normandy House w/ Lawn,https://www.airbnb.co.in/rooms/1754044669386822591,Ready for Automation Sync,Fixed overflow: old was 50/44 chars (truncated in search cards); Excluded brand name on Airbnb (strictly complies with Airbnb guidelines)
1754068749038706980,Not Found,Belle Epoque,Airbnb,StayVista at Belle Epoque @ Normandy House,3BHK Belle Epoque House w/ Lawn,https://www.airbnb.co.in/rooms/1754068749038706980,Ready for Automation Sync,"Removed non-compliant symbols ('|', '@', '+'); Excluded brand name on Airbnb (strictly complies with Airbnb guidelines)"
1754083693474669771,Not Found,Joie De Vivre,Airbnb,StayVista at Joie De Vivre @ Normandy House,3BHK Joie De Vivre House w/ Lawn,https://www.airbnb.co.in/rooms/1754083693474669771,Ready for Automation Sync,"Removed non-compliant symbols ('|', '@', '+'); Excluded brand name on Airbnb (strictly complies with Airbnb guidelines)"
1754102312460758198,Not Found,Arc En Soil,Airbnb,StayVista at Arc En Soil @ Normandy House,3BHK Arc En Soil House w/ Lawn,https://www.airbnb.co.in/rooms/1754102312460758198,Ready for Automation Sync,"Removed non-compliant symbols ('|', '@', '+'); Excluded brand name on Airbnb (strictly complies with Airbnb guidelines)"
1754160390110873356,Not Found,Vintage,Airbnb,StayVista at Vintage Estate w/ Lawn,3BHK Vintage Estate w/ Lawn,https://www.airbnb.co.in/rooms/1754160390110873356,Ready for Automation Sync,Excluded brand name on Airbnb (strictly complies with Airbnb guidelines)
1656320750744463552,5465,4BR,Airbnb,4BR|Pool+BBQ+Hill|StayVista| Earthy Escapes @Pune,4BHK 4BR • Pool & BBQ,https://www.airbnb.co.in/rooms/1656320750744463552,Ready for Automation Sync,"Fixed overflow: old was 49/44 chars (truncated in search cards); Removed non-compliant symbols ('|', '@', '+'); Excluded brand name on Airbnb (strictly complies with Airbnb guidelines)"
1450650135517899493,4706,3BR,Airbnb,3BR |Pool+Bathtub+Ebike|StayVista| Casa Joe @Goa,3BHK 3BR Villa w/ Pool,https://www.airbnb.co.in/rooms/1450650135517899493,Ready for Automation Sync,"Fixed overflow: old was 48/44 chars (truncated in search cards); Removed non-compliant symbols ('|', '@', '+'); Excluded brand name on Airbnb (strictly complies with Airbnb guidelines)"
1208554085148695928,2267,Belle,Airbnb,StayVista at Belle @ Eastbury,3BHK Belle Villa w/ Private Pool,https://www.airbnb.co.in/rooms/1208554085148695928,Ready for Automation Sync,"Removed non-compliant symbols ('|', '@', '+'); Excluded brand name on Airbnb (strictly complies with Airbnb guidelines)"
1208478853883571250,2245,Eastbury,Airbnb,StayVista at Eastbury | 3BR Luxury Hill Retreat,3BHK Eastbury Retreat w/ Lawn,https://www.airbnb.co.in/rooms/1208478853883571250,Ready for Automation Sync,"Fixed overflow: old was 47/44 chars (truncated in search cards); Removed non-compliant symbols ('|', '@', '+'); Excluded brand name on Airbnb (strictly complies with Airbnb guidelines)"
1341178703010806422,4395,"4BR @Barkat  w/Jacuzzi, Pool Table, Bathtub",Airbnb,"4BR @Barkat Villa w/Jacuzzi, Pool Table, Bathtub",4BHK Villa w/ Pool,https://www.airbnb.co.in/rooms/1341178703010806422,Ready for Automation Sync,"Fixed overflow: old was 48/44 chars (truncated in search cards); Removed non-compliant symbols ('|', '@', '+'); Excluded brand name on Airbnb (strictly complies with Airbnb guidelines)"
1631923405694264506,5366,3BR,Airbnb,3BR|Scenic Escape|StayVista|Khaybar Villa@Lonavala,3BHK 3BR Villa w/ Private Pool,https://www.airbnb.co.in/rooms/1631923405694264506,Ready for Automation Sync,"Fixed overflow: old was 50/44 chars (truncated in search cards); Removed non-compliant symbols ('|', '@', '+'); Excluded brand name on Airbnb (strictly complies with Airbnb guidelines)"
785936888102138160,2407,4BR,Airbnb,4BR|Nature Retreat|StayVista| Creek Edge@Yol Chant,4BHK 4BR Retreat w/ Lawn,https://www.airbnb.co.in/rooms/785936888102138160,Ready for Automation Sync,"Fixed overflow: old was 50/44 chars (truncated in search cards); Removed non-compliant symbols ('|', '@', '+'); Excluded brand name on Airbnb (strictly complies with Airbnb guidelines)"
1678695067334624142,5470,The Eminence,Airbnb,StayVista at The Eminence Villa w/ Valley View,3BHK The Eminence Villa w/ Valley View,https://www.airbnb.co.in/rooms/1678695067334624142,Ready for Automation Sync,Fixed overflow: old was 46/44 chars (truncated in search cards); Excluded brand name on Airbnb (strictly complies with Airbnb guidelines)
1562865764131469212,5152,3BR,Airbnb,3BR| Pool+Tub+Wifi |StayVista| Casa Ashar@Siolim,3BHK 3BR Villa w/ Pool,https://www.airbnb.co.in/rooms/1562865764131469212,Ready for Automation Sync,"Fixed overflow: old was 48/44 chars (truncated in search cards); Removed non-compliant symbols ('|', '@', '+'); Excluded brand name on Airbnb (strictly complies with Airbnb guidelines)"
1720874622104272387,5639,Golden Muse,Airbnb,StayVista at Golden Muse w/ BBQ & Jacuzzi,3BHK Golden Muse • Jacuzzi & BBQ,https://www.airbnb.co.in/rooms/1720874622104272387,Ready for Automation Sync,Excluded brand name on Airbnb (strictly complies with Airbnb guidelines)
1323611742793514419,4137,2BR Bonfire,Airbnb,2BR Bonfire|Pool Escape |StayVista| Ikigai@Udaipur,2BHK 2BR Bonfire • Pool & Bonfire,https://www.airbnb.co.in/rooms/1323611742793514419,Ready for Automation Sync,"Fixed overflow: old was 50/44 chars (truncated in search cards); Removed non-compliant symbols ('|', '@', '+'); Excluded brand name on Airbnb (strictly complies with Airbnb guidelines)"
655392763907972005,958,Maira,Airbnb,3BHK|Lawn Bliss|StayVista at Villa Maira@Lonavala|,3BHK Maira Villa w/ Lawn,https://www.airbnb.co.in/rooms/655392763907972005,Ready for Automation Sync,"Fixed overflow: old was 50/44 chars (truncated in search cards); Removed non-compliant symbols ('|', '@', '+'); Excluded brand name on Airbnb (strictly complies with Airbnb guidelines)"
777908525036300828,2534,2BR,Airbnb,2BR|Pvt Pool Luxe|StayVista| Soul Serenity| Nashik,2BHK 2BR Villa w/ Pool,https://www.airbnb.co.in/rooms/777908525036300828,Ready for Automation Sync,"Fixed overflow: old was 50/44 chars (truncated in search cards); Removed non-compliant symbols ('|', '@', '+'); Excluded brand name on Airbnb (strictly complies with Airbnb guidelines)"
1212048350724352773,1306,Ora Living,Airbnb,1BHK|Jacuzzi+Meals |StayVista Ora Living| Lonavala,1BHK Ora Living Villa w/ Jacuzzi,https://www.airbnb.co.in/rooms/1212048350724352773,Ready for Automation Sync,"Fixed overflow: old was 50/44 chars (truncated in search cards); Removed non-compliant symbols ('|', '@', '+'); Excluded brand name on Airbnb (strictly complies with Airbnb guidelines)"
1694772303497788575,5105,Rooted by Frangipani,Airbnb,StayVista at Rooted by Frangipani w/ Pool & BBQ,3BHK Rooted by Frangipani • Pool & BBQ,https://www.airbnb.co.in/rooms/1694772303497788575,Ready for Automation Sync,Fixed overflow: old was 47/44 chars (truncated in search cards); Excluded brand name on Airbnb (strictly complies with Airbnb guidelines)
1718612535560295735,5623,Belle Crest Ridge,Airbnb,StayVista at Belle Crest Ridge w/Jacuzzi & Bonfire,3BHK Belle Crest Ridge • Jacuzzi & Bonfire,https://www.airbnb.co.in/rooms/1718612535560295735,Ready for Automation Sync,Fixed overflow: old was 50/44 chars (truncated in search cards); Excluded brand name on Airbnb (strictly complies with Airbnb guidelines)
1125233656634874903,3371,Kaarma,Airbnb,4BHK|Pool+MtnView|StayVista |Kaarma Villa@Lonavala,4BHK Kaarma Villa w/ Pool,https://www.airbnb.co.in/rooms/1125233656634874903,Ready for Automation Sync,"Fixed overflow: old was 50/44 chars (truncated in search cards); Removed non-compliant symbols ('|', '@', '+'); Excluded brand name on Airbnb (strictly complies with Airbnb guidelines)"
1272186220705290979,3970,Luxe 4BR Whispering Arc w/Pool & Wifi,Airbnb,Luxe 4BR Whispering Arc w/Pool & Wifi | Ramnagar,4BHK Villa w/ Pool,https://www.airbnb.co.in/rooms/1272186220705290979,Ready for Automation Sync,"Fixed overflow: old was 48/44 chars (truncated in search cards); Removed non-compliant symbols ('|', '@', '+'); Excluded brand name on Airbnb (strictly complies with Airbnb guidelines)"
887398786151836069,2654,"2BR Safari @ Rolling Hills w/Pvt Pool, Lawn & Wifi",Airbnb,"2BR Safari @ Rolling Hills w/Pvt Pool, Lawn & Wifi",2BHK Villa w/ Pool,https://www.airbnb.co.in/rooms/887398786151836069,Ready for Automation Sync,"Fixed overflow: old was 50/44 chars (truncated in search cards); Removed non-compliant symbols ('|', '@', '+'); Excluded brand name on Airbnb (strictly complies with Airbnb guidelines)"
1585461020777698004,5182,3BR,Airbnb,3BR |Luxury Lawn+Pool|StayVista| Canopy Cove @Pune,3BHK 3BR • Pool & Lawn,https://www.airbnb.co.in/rooms/1585461020777698004,Ready for Automation Sync,"Fixed overflow: old was 50/44 chars (truncated in search cards); Removed non-compliant symbols ('|', '@', '+'); Excluded brand name on Airbnb (strictly complies with Airbnb guidelines)"
1740385464519564749,Not Found,Orion  4BR,Airbnb,StayVista at Orion Villa 4BR|Jacuzzi+Views,4BHK Orion 4BR Villa w/ Jacuzzi,https://www.airbnb.co.in/rooms/1740385464519564749,Ready for Automation Sync,"Removed non-compliant symbols ('|', '@', '+'); Excluded brand name on Airbnb (strictly complies with Airbnb guidelines)"
1366565075801962920,4412,3BR Tarang,Airbnb,3BR Tarang - The Nest -Comp BF Private Pool- Coorg,3BHK 3BR Tarang Villa w/ Private Pool,https://www.airbnb.co.in/rooms/1366565075801962920,Ready for Automation Sync,Fixed overflow: old was 50/44 chars (truncated in search cards); Excluded brand name on Airbnb (strictly complies with Airbnb guidelines)
793964694128772978,2426,4BR,Airbnb,4BR| Pool+Playground |StayVista| Le Arc @Lonavala,4BHK 4BR Villa w/ Pool,https://www.airbnb.co.in/rooms/793964694128772978,Ready for Automation Sync,"Fixed overflow: old was 49/44 chars (truncated in search cards); Removed non-compliant symbols ('|', '@', '+'); Excluded brand name on Airbnb (strictly complies with Airbnb guidelines)"
1359331620221397402,4399,Cassias : Elegant 3BHK  w/Terrace in Jaipur,Airbnb,Cassias : Elegant 3BHK Villa w/Terrace in Jaipur,3BHK Villa w/ Terrace,https://www.airbnb.co.in/rooms/1359331620221397402,Ready for Automation Sync,Fixed overflow: old was 48/44 chars (truncated in search cards); Excluded brand name on Airbnb (strictly complies with Airbnb guidelines)
35169775,456,3BR,Airbnb,3BR|Backwater View|StayVista|Cheppanam House@Kochi,3BHK 3BR House w/ Lawn,https://www.airbnb.co.in/rooms/35169775,Ready for Automation Sync,"Fixed overflow: old was 50/44 chars (truncated in search cards); Removed non-compliant symbols ('|', '@', '+'); Excluded brand name on Airbnb (strictly complies with Airbnb guidelines)"
1125950736558934673,3473,2BR ElegantVilla w/Balcony+Scenic View @Puducherry,Airbnb,2BR ElegantVilla w/Balcony+Scenic View @Puducherry,2BHK Villa w/ Balcony,https://www.airbnb.co.in/rooms/1125950736558934673,Ready for Automation Sync,"Fixed overflow: old was 50/44 chars (truncated in search cards); Removed non-compliant symbols ('|', '@', '+'); Excluded brand name on Airbnb (strictly complies with Airbnb guidelines)"
1430348017880606740,4678,3BHK,Airbnb,3BHK | Mountain View + Breakfast | Ooty,3BHK 3BHK Villa w/ Mountain View,https://www.airbnb.co.in/rooms/1430348017880606740,Ready for Automation Sync,"Removed non-compliant symbols ('|', '@', '+'); Excluded brand name on Airbnb (strictly complies with Airbnb guidelines)"
1707071493074689259,5667,3BR,Airbnb,StayVista at 3BR @ IRIS W/ Outdoor Pool,3BHK 3BR Villa w/ Pool,https://www.airbnb.co.in/rooms/1707071493074689259,Ready for Automation Sync,"Removed non-compliant symbols ('|', '@', '+'); Excluded brand name on Airbnb (strictly complies with Airbnb guidelines)"
1741775505885108647,4204,Sapphire Sands,Airbnb,StayVista at Sapphire Sands w/ Pool,3BHK Sapphire Sands Villa w/ Pool,https://www.airbnb.co.in/rooms/1741775505885108647,Ready for Automation Sync,Excluded brand name on Airbnb (strictly complies with Airbnb guidelines)
1741147286988268895,Not Found,Pearl Of The Dunes,Airbnb,StayVista at Pearl Of The Dunes W/ Pool @ Amritsar,3BHK Pearl Of The Dunes Villa w/ Pool,https://www.airbnb.co.in/rooms/1741147286988268895,Ready for Automation Sync,"Fixed overflow: old was 50/44 chars (truncated in search cards); Removed non-compliant symbols ('|', '@', '+'); Excluded brand name on Airbnb (strictly complies with Airbnb guidelines)"
1163553056987231933,3668,"5BR  of Hive w/Views, Lawn & Wifi",Airbnb,"5BR House of Hive w/Views, Lawn & Wifi | Nainital","5BHK 5BR of Hive w/Views, Lawn & Wifi • Lawn",https://www.airbnb.co.in/rooms/1163553056987231933,Ready for Automation Sync,"Fixed overflow: old was 49/44 chars (truncated in search cards); Removed non-compliant symbols ('|', '@', '+'); Excluded brand name on Airbnb (strictly complies with Airbnb guidelines)"
1181524595533432260,3680,"3BR Skylark Peaks w/Jacuzzi, Wifi & BBQ",Airbnb,"3BR Skylark Peaks w/Jacuzzi, Wifi & BBQ | Ramgarh",3BHK Villa w/ Jacuzzi,https://www.airbnb.co.in/rooms/1181524595533432260,Ready for Automation Sync,"Fixed overflow: old was 49/44 chars (truncated in search cards); Removed non-compliant symbols ('|', '@', '+'); Excluded brand name on Airbnb (strictly complies with Airbnb guidelines)"
1589033030170626981,5212,"Cozy 3BR Olive Fields w/AC, Lawn & Wifi",Airbnb,"Cozy 3BR Olive Fields w/AC, Lawn & Wifi |Rishikesh",3BHK Villa w/ Lawn,https://www.airbnb.co.in/rooms/1589033030170626981,Ready for Automation Sync,"Fixed overflow: old was 50/44 chars (truncated in search cards); Removed non-compliant symbols ('|', '@', '+'); Excluded brand name on Airbnb (strictly complies with Airbnb guidelines)"
664836870630358248,976,3BR Woodside Meadows Hilltop Cabin with Jacuzzi,Airbnb,3BR Woodside Meadows Hilltop Cabin with Jacuzzi,3BHK Villa w/ Jacuzzi,https://www.airbnb.co.in/rooms/664836870630358248,Ready for Automation Sync,Fixed overflow: old was 47/44 chars (truncated in search cards); Excluded brand name on Airbnb (strictly complies with Airbnb guidelines)
1751334464111819418,Not Found,Morning Bliss,Airbnb,StayVista at Morning Bliss,3BHK Morning Bliss Villa w/ Private Pool,https://www.airbnb.co.in/rooms/1751334464111819418,Ready for Automation Sync,Excluded brand name on Airbnb (strictly complies with Airbnb guidelines)
1270132029289406558,3902,Sol & Sands W/ Private Pool,Airbnb,StayVista at Sol & Sands W/ Private Pool,3BHK Villa w/ Private Pool,https://www.airbnb.co.in/rooms/1270132029289406558,Ready for Automation Sync,Excluded brand name on Airbnb (strictly complies with Airbnb guidelines)
1564924728843405246,Not Found,Coral Breeze,Airbnb,StayVista at Coral Breeze | Luxury Pool,3BHK Coral Breeze Villa w/ Pool,https://www.airbnb.co.in/rooms/1564924728843405246,Ready for Automation Sync,"Removed non-compliant symbols ('|', '@', '+'); Excluded brand name on Airbnb (strictly complies with Airbnb guidelines)"
996821270577531998,2953,"4BR  Vaari w/Pvt Pool, Lawn & Bonfire",Airbnb,"4BR Villa Vaari w/Pvt Pool, Lawn & Bonfire",4BHK Villa w/ Pool,https://www.airbnb.co.in/rooms/996821270577531998,Ready for Automation Sync,Excluded brand name on Airbnb (strictly complies with Airbnb guidelines)
1209352810454222254,1641,Cobblestone,Airbnb,Luxury Pool | StayVista |Villa Cobblestone@Nashik,3BHK Cobblestone Villa w/ Pool,https://www.airbnb.co.in/rooms/1209352810454222254,Ready for Automation Sync,"Fixed overflow: old was 49/44 chars (truncated in search cards); Removed non-compliant symbols ('|', '@', '+'); Excluded brand name on Airbnb (strictly complies with Airbnb guidelines)"
42052074,1194,4BR,Airbnb,"4BR | Solitude in Woods W/ Pool, Kids play area",4BHK 4BR Villa w/ Pool,https://www.airbnb.co.in/rooms/42052074,Ready for Automation Sync,"Fixed overflow: old was 47/44 chars (truncated in search cards); Removed non-compliant symbols ('|', '@', '+'); Excluded brand name on Airbnb (strictly complies with Airbnb guidelines)"
1740476164889973748,Not Found,El,Airbnb,StayVista at El House - 4BR w/ Pvt Pool & Lawn,4BHK El • Pool & Lawn,https://www.airbnb.co.in/rooms/1740476164889973748,Ready for Automation Sync,Fixed overflow: old was 46/44 chars (truncated in search cards); Excluded brand name on Airbnb (strictly complies with Airbnb guidelines)
1535945695447706664,2457,3BR Colonial Retreat w/Comp Breakfast & Lawn,Airbnb,3BR Colonial Retreat w/Comp Breakfast & Lawn,3BHK Retreat w/ Lawn,https://www.airbnb.co.in/rooms/1535945695447706664,Ready for Automation Sync,Excluded brand name on Airbnb (strictly complies with Airbnb guidelines)
1649798828441869095,5461,Bali,Airbnb,"StayVista at Villa Bali w/ Pool, BBQ",3BHK Bali • Pool & BBQ,https://www.airbnb.co.in/rooms/1649798828441869095,Ready for Automation Sync,Excluded brand name on Airbnb (strictly complies with Airbnb guidelines)
1741288583730399382,Not Found,La Belleza,Airbnb,StayVista at La Belleza -Lake View & Infinity Pool,3BHK La Belleza • Infinity Pool & Lake View,https://www.airbnb.co.in/rooms/1741288583730399382,Ready for Automation Sync,Fixed overflow: old was 50/44 chars (truncated in search cards); Excluded brand name on Airbnb (strictly complies with Airbnb guidelines)
1741801499860464521,4887,The Emily Chalet,Airbnb,StayVista at The Emily Chalet - Nr. Naini Lake,3BHK The Emily Chalet Chalet w/ Lawn,https://www.airbnb.co.in/rooms/1741801499860464521,Ready for Automation Sync,Fixed overflow: old was 46/44 chars (truncated in search cards); Excluded brand name on Airbnb (strictly complies with Airbnb guidelines)
1741036332659584660,Not Found,Serene,Airbnb,StayVista at Serene Cottage,3BHK Serene Cottage w/ Lawn,https://www.airbnb.co.in/rooms/1741036332659584660,Ready for Automation Sync,Excluded brand name on Airbnb (strictly complies with Airbnb guidelines)
48046975,1608,2BR,Airbnb,2BR | Scenic Stay+Bonf |StayVista| Luna Villa@Pune,2BHK 2BR Villa w/ Private Pool,https://www.airbnb.co.in/rooms/48046975,Ready for Automation Sync,"Fixed overflow: old was 50/44 chars (truncated in search cards); Removed non-compliant symbols ('|', '@', '+'); Excluded brand name on Airbnb (strictly complies with Airbnb guidelines)"
1213596126512636125,3061,5BR Luxe stay Riverside Symphony @Manali,Airbnb,5BR Luxe stay Riverside Symphony @Manali,5BHK Villa w/ River View,https://www.airbnb.co.in/rooms/1213596126512636125,Ready for Automation Sync,"Removed non-compliant symbols ('|', '@', '+'); Excluded brand name on Airbnb (strictly complies with Airbnb guidelines)"
1739855007044448754,1846,Brookvale,Airbnb,StayVista at Brookvale Cottage w/ Gazebo & Pool,3BHK Brookvale • Pool & Gazebo,https://www.airbnb.co.in/rooms/1739855007044448754,Ready for Automation Sync,Fixed overflow: old was 47/44 chars (truncated in search cards); Excluded brand name on Airbnb (strictly complies with Airbnb guidelines)
1583971042235445359,3426,Plazzio,Airbnb,StayVista at Plazzio w/ BBQ & Infinity Pool,3BHK Plazzio • Infinity Pool & BBQ,https://www.airbnb.co.in/rooms/1583971042235445359,Ready for Automation Sync,Excluded brand name on Airbnb (strictly complies with Airbnb guidelines)
1740600967695637322,Not Found,Lawrence Terrace,Airbnb,StayVista at Lawrence Terrace w/ Wifi,3BHK Lawrence Terrace Villa w/ Terrace,https://www.airbnb.co.in/rooms/1740600967695637322,Ready for Automation Sync,Excluded brand name on Airbnb (strictly complies with Airbnb guidelines)
39379661,775,Hugel 3BR w/ Tea Plantation View,Airbnb,Villa Hugel 3BR w/ Tea Plantation View - Ooty,3BHK Villa w/ Private Pool,https://www.airbnb.co.in/rooms/39379661,Ready for Automation Sync,Fixed overflow: old was 45/44 chars (truncated in search cards); Excluded brand name on Airbnb (strictly complies with Airbnb guidelines)
1741059881525298540,Not Found,Rustique Radiance,Airbnb,StayVista at Rustique Radiance w/ Pool @ Lonavala,3BHK Rustique Radiance Villa w/ Pool,https://www.airbnb.co.in/rooms/1741059881525298540,Ready for Automation Sync,"Fixed overflow: old was 49/44 chars (truncated in search cards); Removed non-compliant symbols ('|', '@', '+'); Excluded brand name on Airbnb (strictly complies with Airbnb guidelines)"
1739614366180132324,Not Found,Bellissimo Panorama,Airbnb,StayVista at Bellissimo Panorama - Infinity Pool,3BHK Bellissimo Panorama w/ Infinity Pool,https://www.airbnb.co.in/rooms/1739614366180132324,Ready for Automation Sync,Fixed overflow: old was 48/44 chars (truncated in search cards); Excluded brand name on Airbnb (strictly complies with Airbnb guidelines)
1734496875518022622,423,Bhimtal,Airbnb,"Bhimtal | 6BR Mistletoe House w/Cook, Wifi & Lawn",6BHK Bhimtal House w/ Lawn,https://www.airbnb.co.in/rooms/1734496875518022622,Ready for Automation Sync,"Fixed overflow: old was 49/44 chars (truncated in search cards); Removed non-compliant symbols ('|', '@', '+'); Excluded brand name on Airbnb (strictly complies with Airbnb guidelines)"
1740413486963072898,Not Found,Inara,Airbnb,StayVista at Inara w/ Pool & Mountain View 3bhk,3BHK Inara • Pool & Mountain View,https://www.airbnb.co.in/rooms/1740413486963072898,Ready for Automation Sync,Fixed overflow: old was 47/44 chars (truncated in search cards); Excluded brand name on Airbnb (strictly complies with Airbnb guidelines)
887393549156944051,2599,"4BR Rolling Hills w/Pvt Pool, Lawn & Wifi",Airbnb,"4BR Rolling Hills w/Pvt Pool, Lawn & Wifi",4BHK Villa w/ Pool,https://www.airbnb.co.in/rooms/887393549156944051,Ready for Automation Sync,Excluded brand name on Airbnb (strictly complies with Airbnb guidelines)
1737503134831934294,5644,Altiora Kasauli,Airbnb,StayVista at Altiora Kasauli w/Outdoor Pool & Lawn,3BHK Altiora Kasauli • Pool & Lawn,https://www.airbnb.co.in/rooms/1737503134831934294,Ready for Automation Sync,Fixed overflow: old was 50/44 chars (truncated in search cards); Excluded brand name on Airbnb (strictly complies with Airbnb guidelines)
39233476,692,The Hugel : 5BHK w/ Lawn & Tea Views,Airbnb,The Hugel Villa: 5BHK w/ Lawn & Tea Views,5BHK Villa w/ Lawn,https://www.airbnb.co.in/rooms/39233476,Ready for Automation Sync,Excluded brand name on Airbnb (strictly complies with Airbnb guidelines)
1328731394087707350,4198,4BHK Luxury,Airbnb,4BHK Luxury-Picturesque View Daffodil Villa@Karjat,4BHK 4BHK Luxury Villa w/ Private Pool,https://www.airbnb.co.in/rooms/1328731394087707350,Ready for Automation Sync,"Fixed overflow: old was 50/44 chars (truncated in search cards); Removed non-compliant symbols ('|', '@', '+'); Excluded brand name on Airbnb (strictly complies with Airbnb guidelines)"
1589106898841425225,3624,6BR,Airbnb,6BR|Terrace|StayVista|Serenity by the Ganges@Rishi,6BHK 6BR Villa w/ Terrace,https://www.airbnb.co.in/rooms/1589106898841425225,Ready for Automation Sync,"Fixed overflow: old was 50/44 chars (truncated in search cards); Removed non-compliant symbols ('|', '@', '+'); Excluded brand name on Airbnb (strictly complies with Airbnb guidelines)"
1396882556708831111,4600,Binclave,Airbnb,3BHK | Jacuzzi Pool | StayVista | Binclave @Jaipur,3BHK Binclave • Pool & Jacuzzi,https://www.airbnb.co.in/rooms/1396882556708831111,Ready for Automation Sync,"Fixed overflow: old was 50/44 chars (truncated in search cards); Removed non-compliant symbols ('|', '@', '+'); Excluded brand name on Airbnb (strictly complies with Airbnb guidelines)"
1655523773272802792,5382,6BR,Airbnb,6BR |Coastal Stay|StayVista| Bricks and Tides@Pune,6BHK 6BR Villa w/ Private Pool,https://www.airbnb.co.in/rooms/1655523773272802792,Ready for Automation Sync,"Fixed overflow: old was 50/44 chars (truncated in search cards); Removed non-compliant symbols ('|', '@', '+'); Excluded brand name on Airbnb (strictly complies with Airbnb guidelines)"
1740355059210738238,Not Found,4BHK,Airbnb,4BHK| Luxe Stay |StayVista| Sabora White @Jaipur,4BHK 4BHK Villa w/ Private Pool,https://www.airbnb.co.in/rooms/1740355059210738238,Ready for Automation Sync,"Fixed overflow: old was 48/44 chars (truncated in search cards); Removed non-compliant symbols ('|', '@', '+'); Excluded brand name on Airbnb (strictly complies with Airbnb guidelines)"
1099793442933629977,3401,1BHK,Airbnb,1BHK|OceanView|StayVista|Own The Beach Life@Kerala,1BHK 1BHK Villa w/ Private Pool,https://www.airbnb.co.in/rooms/1099793442933629977,Ready for Automation Sync,"Fixed overflow: old was 50/44 chars (truncated in search cards); Removed non-compliant symbols ('|', '@', '+'); Excluded brand name on Airbnb (strictly complies with Airbnb guidelines)"
684444026253996908,2118,3BR,Airbnb,3BR|Lawn+Bonfire| StayVista| Bamboo Grove@Dehradun,3BHK 3BR • Lawn & Bonfire,https://www.airbnb.co.in/rooms/684444026253996908,Ready for Automation Sync,"Fixed overflow: old was 50/44 chars (truncated in search cards); Removed non-compliant symbols ('|', '@', '+'); Excluded brand name on Airbnb (strictly complies with Airbnb guidelines)"
35590446,473,4BR,Airbnb,4BR|Peaceful stay|StayVista| The Owl House @Jaipur,4BHK 4BR House w/ Lawn,https://www.airbnb.co.in/rooms/35590446,Ready for Automation Sync,"Fixed overflow: old was 50/44 chars (truncated in search cards); Removed non-compliant symbols ('|', '@', '+'); Excluded brand name on Airbnb (strictly complies with Airbnb guidelines)"
36815489,291,3BR +BBQ & Views,Airbnb,3BR +BBQ & Views | StayVista| Sara's Chalet 3 @Uk,3BHK 3BR +BBQ & Views Chalet w/ BBQ,https://www.airbnb.co.in/rooms/36815489,Ready for Automation Sync,"Fixed overflow: old was 49/44 chars (truncated in search cards); Removed non-compliant symbols ('|', '@', '+'); Excluded brand name on Airbnb (strictly complies with Airbnb guidelines)"
1059121442575299927,3234,The Big Chill,Airbnb,2BHK |Brkfst|StayVista |The Big Chill Villa@Kerala,2BHK The Big Chill Villa w/ Private Pool,https://www.airbnb.co.in/rooms/1059121442575299927,Ready for Automation Sync,"Fixed overflow: old was 50/44 chars (truncated in search cards); Removed non-compliant symbols ('|', '@', '+'); Excluded brand name on Airbnb (strictly complies with Airbnb guidelines)"
654660357644872073,7,"4BR+Pvt lawn, gazebo+",Airbnb,"4BR+Pvt lawn, gazebo+StayVista-Valencia @Lonavala","4BHK 4BR+Pvt lawn, gazebo+ • Lawn & Gazebo",https://www.airbnb.co.in/rooms/654660357644872073,Ready for Automation Sync,"Fixed overflow: old was 49/44 chars (truncated in search cards); Removed non-compliant symbols ('|', '@', '+'); Excluded brand name on Airbnb (strictly complies with Airbnb guidelines)"
1305546599246963180,4082,3B Luxury Pool + Cashew Creek @Nagaon,Airbnb,3B Luxury Pool + Cashew Creek @Nagaon,3BHK Villa w/ Pool,https://www.airbnb.co.in/rooms/1305546599246963180,Ready for Automation Sync,"Removed non-compliant symbols ('|', '@', '+'); Excluded brand name on Airbnb (strictly complies with Airbnb guidelines)"
567651849146512242,1435,Cecil  4BR Colonial Hill Top  Kasauli,Airbnb,Cecil Cottage 4BR Colonial Hill Top Villa Kasauli,4BHK Villa w/ Private Pool,https://www.airbnb.co.in/rooms/567651849146512242,Ready for Automation Sync,Fixed overflow: old was 49/44 chars (truncated in search cards); Excluded brand name on Airbnb (strictly complies with Airbnb guidelines)
48384952,1634,2BR,Airbnb,2BR |Infinity Pool|StayVista| Casa Paun @Lonavala,2BHK 2BR Villa w/ Infinity Pool,https://www.airbnb.co.in/rooms/48384952,Ready for Automation Sync,"Fixed overflow: old was 49/44 chars (truncated in search cards); Removed non-compliant symbols ('|', '@', '+'); Excluded brand name on Airbnb (strictly complies with Airbnb guidelines)"
1432495737163448040,4675,2BR,Airbnb,2BR| River+Pool+Bonfire|StayVista| Kailaasa @Ooty,2BHK 2BR • Pool & Bonfire,https://www.airbnb.co.in/rooms/1432495737163448040,Ready for Automation Sync,"Fixed overflow: old was 49/44 chars (truncated in search cards); Removed non-compliant symbols ('|', '@', '+'); Excluded brand name on Airbnb (strictly complies with Airbnb guidelines)"
1604939659525448039,5341,4BHK at Noor @ Morbaugh Palace w/ Pool near Jaipur,Airbnb,4BHK at Noor @ Morbaugh Palace w/ Pool near Jaipur,4BHK Villa w/ Pool,https://www.airbnb.co.in/rooms/1604939659525448039,Ready for Automation Sync,"Fixed overflow: old was 50/44 chars (truncated in search cards); Removed non-compliant symbols ('|', '@', '+'); Excluded brand name on Airbnb (strictly complies with Airbnb guidelines)"
1187289959980422118,3761,6BR,Airbnb,6BR |Lake+Brkfst+Luxe|StayVista| La Nirvana @Pawna,6BHK 6BR Villa w/ Private Pool,https://www.airbnb.co.in/rooms/1187289959980422118,Ready for Automation Sync,"Fixed overflow: old was 50/44 chars (truncated in search cards); Removed non-compliant symbols ('|', '@', '+'); Excluded brand name on Airbnb (strictly complies with Airbnb guidelines)"
48234753,1626,3BR,Airbnb,3BR| OpenAir Jacuzzi |StayVista| Bellevue @Kasauli,3BHK 3BR Villa w/ Jacuzzi,https://www.airbnb.co.in/rooms/48234753,Ready for Automation Sync,"Fixed overflow: old was 50/44 chars (truncated in search cards); Removed non-compliant symbols ('|', '@', '+'); Excluded brand name on Airbnb (strictly complies with Airbnb guidelines)"
1749060731054848339,5811,3BHK,Airbnb,StayVista at 3BHK @ Nivara w/ Bonfire,3BHK 3BHK Villa w/ Bonfire,https://www.airbnb.co.in/rooms/1749060731054848339,Ready for Automation Sync,"Removed non-compliant symbols ('|', '@', '+'); Excluded brand name on Airbnb (strictly complies with Airbnb guidelines)"
1749089160672952965,5809,2BHK Nivara,Airbnb,"StayVista at 2BHK Nivara w/ Bonfire, Mountain View",2BHK 2BHK Nivara • Mountain View & Bonfire,https://www.airbnb.co.in/rooms/1749089160672952965,Ready for Automation Sync,Fixed overflow: old was 50/44 chars (truncated in search cards); Excluded brand name on Airbnb (strictly complies with Airbnb guidelines)
1380144746922633034,4597,The Skyview Duo,Airbnb,"StayVista at The Skyview Duo w/ WiFi, Lawn, AC",3BHK The Skyview Duo Villa w/ Lawn,https://www.airbnb.co.in/rooms/1380144746922633034,Ready for Automation Sync,Fixed overflow: old was 46/44 chars (truncated in search cards); Excluded brand name on Airbnb (strictly complies with Airbnb guidelines)
1186715383807873266,3762,"@La Rive 5BR w/Pool + Lake View, Pawna",Airbnb,"StayVista @La Rive 5BR w/Pool + Lake View, Pawna",5BHK Villa w/ Pool,https://www.airbnb.co.in/rooms/1186715383807873266,Ready for Automation Sync,"Fixed overflow: old was 48/44 chars (truncated in search cards); Removed non-compliant symbols ('|', '@', '+'); Excluded brand name on Airbnb (strictly complies with Airbnb guidelines)"
1433130002534301445,4540,Bayleaf,Airbnb,3BHK Pool Villa | StayVista | Bayleaf @Nashik,3BHK Bayleaf Villa w/ Pool,https://www.airbnb.co.in/rooms/1433130002534301445,Ready for Automation Sync,"Fixed overflow: old was 45/44 chars (truncated in search cards); Removed non-compliant symbols ('|', '@', '+'); Excluded brand name on Airbnb (strictly complies with Airbnb guidelines)"
1537428237580012324,2841,3BR,Airbnb,3BR |Scenic Stay|StayVista| Pineview @Mussoorie,3BHK 3BR Villa w/ Private Pool,https://www.airbnb.co.in/rooms/1537428237580012324,Ready for Automation Sync,"Fixed overflow: old was 47/44 chars (truncated in search cards); Removed non-compliant symbols ('|', '@', '+'); Excluded brand name on Airbnb (strictly complies with Airbnb guidelines)"
762110660620435476,647,5BR,Airbnb,5BR-Lakeside Summers-w/pool and farm view-Nashik,5BHK 5BR Villa w/ Pool,https://www.airbnb.co.in/rooms/762110660620435476,Ready for Automation Sync,Fixed overflow: old was 48/44 chars (truncated in search cards); Excluded brand name on Airbnb (strictly complies with Airbnb guidelines)
1442667869172693669,4774,7BR Heritage Emily Chalet Nr. Naini Lake,Airbnb,7BR Heritage Emily Chalet Nr. Naini Lake,7BHK Chalet w/ Lawn,https://www.airbnb.co.in/rooms/1442667869172693669,Ready for Automation Sync,Excluded brand name on Airbnb (strictly complies with Airbnb guidelines)
52661761,1810,"3BR Lux  360 w/Chef, Caretkr & Mod Amenities",Airbnb,"3BR Lux Villa 360 w/Chef, Caretkr & Mod Amenities",3BHK Villa w/ Private Pool,https://www.airbnb.co.in/rooms/52661761,Ready for Automation Sync,Fixed overflow: old was 49/44 chars (truncated in search cards); Excluded brand name on Airbnb (strictly complies with Airbnb guidelines)
52661529,1809,"Ayarpatta Nanital Luxe 4BR @ 360 w/Wifi, Chef",Airbnb,"Ayarpatta Nanital Luxe 4BR @Villa 360 w/Wifi, Chef",4BHK Villa w/ Private Pool,https://www.airbnb.co.in/rooms/52661529,Ready for Automation Sync,"Fixed overflow: old was 50/44 chars (truncated in search cards); Removed non-compliant symbols ('|', '@', '+'); Excluded brand name on Airbnb (strictly complies with Airbnb guidelines)"
1653418095917656256,5482,5BR,Airbnb,5BR |Mountain View+Bonfir|StayVista| Nivara@Naggar,5BHK 5BR Villa w/ Mountain View,https://www.airbnb.co.in/rooms/1653418095917656256,Ready for Automation Sync,"Fixed overflow: old was 50/44 chars (truncated in search cards); Removed non-compliant symbols ('|', '@', '+'); Excluded brand name on Airbnb (strictly complies with Airbnb guidelines)"
1045395416069784603,3012,6BR Cloudberry,Airbnb,6BR Cloudberry Estate | Pool & Lawn | New Delhi,6BHK 6BR Cloudberry • Pool & Lawn,https://www.airbnb.co.in/rooms/1045395416069784603,Ready for Automation Sync,"Fixed overflow: old was 47/44 chars (truncated in search cards); Removed non-compliant symbols ('|', '@', '+'); Excluded brand name on Airbnb (strictly complies with Airbnb guidelines)"
1613766122768710650,5386,"Dorm Room @ Lagoons Kuruva w/ Pool, Lawn",Airbnb,"Dorm Room @ Lagoons Kuruva w/ Pool, Lawn",3BHK Villa w/ Pool,https://www.airbnb.co.in/rooms/1613766122768710650,Ready for Automation Sync,"Removed non-compliant symbols ('|', '@', '+'); Excluded brand name on Airbnb (strictly complies with Airbnb guidelines)"
39009540,689,3BR Pet Friendly  w/Terrace @Badami Bangalore,Airbnb,3BR Pet Friendly Villa w/Terrace @Badami Bangalore,3BHK Villa w/ Terrace,https://www.airbnb.co.in/rooms/39009540,Ready for Automation Sync,"Fixed overflow: old was 50/44 chars (truncated in search cards); Removed non-compliant symbols ('|', '@', '+'); Excluded brand name on Airbnb (strictly complies with Airbnb guidelines)"
1344650951128888065,4405,Bloom,Airbnb,StayVista at Bloom @ The Rivernook w/ River View,3BHK Bloom Villa w/ River View,https://www.airbnb.co.in/rooms/1344650951128888065,Ready for Automation Sync,"Fixed overflow: old was 48/44 chars (truncated in search cards); Removed non-compliant symbols ('|', '@', '+'); Excluded brand name on Airbnb (strictly complies with Airbnb guidelines)"
1323752373967499749,4113,5BR,Airbnb,5BR |Nature Escape|StayVista| The Rivernook @Coorg,5BHK 5BR Villa w/ Private Pool,https://www.airbnb.co.in/rooms/1323752373967499749,Ready for Automation Sync,"Fixed overflow: old was 50/44 chars (truncated in search cards); Removed non-compliant symbols ('|', '@', '+'); Excluded brand name on Airbnb (strictly complies with Airbnb guidelines)"
1409447071066439393,4549,4BHK Wifi+Bonfire,Airbnb,4BHK Wifi+Bonfire |StayVista| Villa Aruvi @Ooty,4BHK 4BHK Wifi+Bonfire Villa w/ Bonfire,https://www.airbnb.co.in/rooms/1409447071066439393,Ready for Automation Sync,"Fixed overflow: old was 47/44 chars (truncated in search cards); Removed non-compliant symbols ('|', '@', '+'); Excluded brand name on Airbnb (strictly complies with Airbnb guidelines)"
816458895524874243,2455,3BR,Airbnb,3BR|Luxury Stay|StayVista| Villa Sienna@Chikmaglur,3BHK 3BR Villa w/ Private Pool,https://www.airbnb.co.in/rooms/816458895524874243,Ready for Automation Sync,"Fixed overflow: old was 50/44 chars (truncated in search cards); Removed non-compliant symbols ('|', '@', '+'); Excluded brand name on Airbnb (strictly complies with Airbnb guidelines)"
1554264128276949039,5082,6BR,Airbnb,6BR| Inf Pool|StayVista| Aria by the Hills @Nashik,6BHK 6BR Villa w/ Pool,https://www.airbnb.co.in/rooms/1554264128276949039,Ready for Automation Sync,"Fixed overflow: old was 50/44 chars (truncated in search cards); Removed non-compliant symbols ('|', '@', '+'); Excluded brand name on Airbnb (strictly complies with Airbnb guidelines)"
1294694749244221921,435,Elevar,Airbnb,5BR Pvt Pool | StayVista Elevar Villa | Karjat Gem,5BHK Elevar Villa w/ Pool,https://www.airbnb.co.in/rooms/1294694749244221921,Ready for Automation Sync,"Fixed overflow: old was 50/44 chars (truncated in search cards); Removed non-compliant symbols ('|', '@', '+'); Excluded brand name on Airbnb (strictly complies with Airbnb guidelines)"
1588175109554810252,5157,Vista Retreat,Airbnb,Villa|BBQ+Pets+Pool|StayVista| Kraya Villa@Udaipur,3BHK Retreat • Pool & BBQ,https://www.airbnb.co.in/rooms/1588175109554810252,Ready for Automation Sync,"Fixed overflow: old was 50/44 chars (truncated in search cards); Removed non-compliant symbols ('|', '@', '+'); Excluded brand name on Airbnb (strictly complies with Airbnb guidelines)"
51719812,1751,4BR,Airbnb,4BR |Heated Pool|StayVista|Status Villa @Panchgani,4BHK 4BR Villa w/ Pool,https://www.airbnb.co.in/rooms/51719812,Ready for Automation Sync,"Fixed overflow: old was 50/44 chars (truncated in search cards); Removed non-compliant symbols ('|', '@', '+'); Excluded brand name on Airbnb (strictly complies with Airbnb guidelines)"
1564972766551453958,2419,The Wild Escape,Airbnb,4BR Rustic |StayVista |The Wild Escape@TamilNadu,4BHK The Wild Escape Villa w/ Private Pool,https://www.airbnb.co.in/rooms/1564972766551453958,Ready for Automation Sync,"Fixed overflow: old was 48/44 chars (truncated in search cards); Removed non-compliant symbols ('|', '@', '+'); Excluded brand name on Airbnb (strictly complies with Airbnb guidelines)"
1203429489428120239,3445,Luxury 2BR  w/Pool & Lawn @ Kukas Road Jaipur,Airbnb,Luxury 2BR Villa w/Pool & Lawn @ Kukas Road Jaipur,2BHK Villa w/ Pool,https://www.airbnb.co.in/rooms/1203429489428120239,Ready for Automation Sync,"Fixed overflow: old was 50/44 chars (truncated in search cards); Removed non-compliant symbols ('|', '@', '+'); Excluded brand name on Airbnb (strictly complies with Airbnb guidelines)"
1175670217388835336,2334,3BR,Airbnb,3BR| Pool Retreat |StayVista| Stars by the Bay@Goa,3BHK 3BR Retreat w/ Pool,https://www.airbnb.co.in/rooms/1175670217388835336,Ready for Automation Sync,"Fixed overflow: old was 50/44 chars (truncated in search cards); Removed non-compliant symbols ('|', '@', '+'); Excluded brand name on Airbnb (strictly complies with Airbnb guidelines)"
655359798217321131,1859,3BHK Aranyam Pool,Airbnb,3BHK Aranyam Pool Villa | Lonavala,3BHK 3BHK Aranyam Pool Villa w/ Pool,https://www.airbnb.co.in/rooms/655359798217321131,Ready for Automation Sync,"Removed non-compliant symbols ('|', '@', '+'); Excluded brand name on Airbnb (strictly complies with Airbnb guidelines)"
1346798288903510878,4068,4BR,Airbnb,4BR|PvtPool |StayVista|Casa Elyra Villa @Lonavala,4BHK 4BR Villa w/ Private Pool,https://www.airbnb.co.in/rooms/1346798288903510878,Ready for Automation Sync,"Fixed overflow: old was 49/44 chars (truncated in search cards); Removed non-compliant symbols ('|', '@', '+'); Excluded brand name on Airbnb (strictly complies with Airbnb guidelines)"
1558555108704728925,3781,3BR,Airbnb,3BR|Gazbo+Lawn|StayVista|TheRainfield Villa@Nashik,3BHK 3BR Villa w/ Lawn,https://www.airbnb.co.in/rooms/1558555108704728925,Ready for Automation Sync,"Fixed overflow: old was 50/44 chars (truncated in search cards); Removed non-compliant symbols ('|', '@', '+'); Excluded brand name on Airbnb (strictly complies with Airbnb guidelines)"
653349512701309143,2021,`s Birdsong,Airbnb,StayVista`s Birdsong - 4bhk Villa with Pool,4BHK `s Birdsong Villa w/ Pool,https://www.airbnb.co.in/rooms/653349512701309143,Ready for Automation Sync,Excluded brand name on Airbnb (strictly complies with Airbnb guidelines)
1216282398302454014,3581,Nilaya,Airbnb,StayVista at Nilaya | Pool Villa by the Lake,3BHK Nilaya Villa w/ Pool,https://www.airbnb.co.in/rooms/1216282398302454014,Ready for Automation Sync,"Removed non-compliant symbols ('|', '@', '+'); Excluded brand name on Airbnb (strictly complies with Airbnb guidelines)"
1303333012783318804,656,2BR,Airbnb,2BR |Luxury Stay+WIFI|StayVista| Skyville B @Kochi,2BHK 2BR Villa w/ Private Pool,https://www.airbnb.co.in/rooms/1303333012783318804,Ready for Automation Sync,"Fixed overflow: old was 50/44 chars (truncated in search cards); Removed non-compliant symbols ('|', '@', '+'); Excluded brand name on Airbnb (strictly complies with Airbnb guidelines)"
735905394790576672,563,Wild Orchid,Airbnb,2BR Pool&Bonfire| StayVista | Wild Orchid @Udaipur,2BHK Wild Orchid • Pool & Bonfire,https://www.airbnb.co.in/rooms/735905394790576672,Ready for Automation Sync,"Fixed overflow: old was 50/44 chars (truncated in search cards); Removed non-compliant symbols ('|', '@', '+'); Excluded brand name on Airbnb (strictly complies with Airbnb guidelines)"
927861995924893982,551,Jay  – Luxe  with Indoor Games @Alibaug,Airbnb,Jay House – Luxe Villa with Indoor Games @Alibaug,3BHK Villa w/ Private Pool,https://www.airbnb.co.in/rooms/927861995924893982,Ready for Automation Sync,"Fixed overflow: old was 49/44 chars (truncated in search cards); Removed non-compliant symbols ('|', '@', '+'); Excluded brand name on Airbnb (strictly complies with Airbnb guidelines)"
651777734611765490,547,@ The Leaf Lux w/Pool & Games,Airbnb,StayVista @ The Leaf Lux w/Pool & Games,3BHK @ The Leaf Lux w/Pool & Games w/ Pool,https://www.airbnb.co.in/rooms/651777734611765490,Ready for Automation Sync,"Removed non-compliant symbols ('|', '@', '+'); Excluded brand name on Airbnb (strictly complies with Airbnb guidelines)"
1719428388549835639,5613,Luxury 4BR  w/Pickle Ball/Pool/Snooker Jaipur,Airbnb,Luxury 4BR Villa w/Pickle Ball/Pool/Snooker Jaipur,4BHK Villa w/ Pool,https://www.airbnb.co.in/rooms/1719428388549835639,Ready for Automation Sync,Fixed overflow: old was 50/44 chars (truncated in search cards); Excluded brand name on Airbnb (strictly complies with Airbnb guidelines)
1137496515947401606,3459,Luxury 6BR  w/Pool & Mountain View @ Udaipur,Airbnb,Luxury 6BR Villa w/Pool & Mountain View @ Udaipur,6BHK Villa w/ Pool,https://www.airbnb.co.in/rooms/1137496515947401606,Ready for Automation Sync,"Fixed overflow: old was 49/44 chars (truncated in search cards); Removed non-compliant symbols ('|', '@', '+'); Excluded brand name on Airbnb (strictly complies with Airbnb guidelines)"
1452774222241930140,4817,4BR Bael Leaf  – W/ Infinity Pool & Theatre,Airbnb,4BR Bael Leaf Villa – W/ Infinity Pool & Theatre,4BHK Villa w/ Infinity Pool,https://www.airbnb.co.in/rooms/1452774222241930140,Ready for Automation Sync,Fixed overflow: old was 48/44 chars (truncated in search cards); Excluded brand name on Airbnb (strictly complies with Airbnb guidelines)
1577316386523165697,5195,La Beaumont by  with Pool & Lawn 4bhk,Airbnb,La Beaumont by StayVista with Pool & Lawn 4bhk,4BHK Villa w/ Pool,https://www.airbnb.co.in/rooms/1577316386523165697,Ready for Automation Sync,Fixed overflow: old was 46/44 chars (truncated in search cards); Excluded brand name on Airbnb (strictly complies with Airbnb guidelines)
1204160340875851172,3855,The Sweet Sunsation,Airbnb,"The Sweet Sunsation-Gurgaon W/ Pool, BBQ",3BHK The Sweet Sunsation • Pool & BBQ,https://www.airbnb.co.in/rooms/1204160340875851172,Ready for Automation Sync,Excluded brand name on Airbnb (strictly complies with Airbnb guidelines)
1562178360575844085,1690,La Palm/ W,Airbnb,"La Palm/ W- Pool, Gym, Steam & Sauna @lonavla",3BHK La Palm/ W Villa w/ Pool,https://www.airbnb.co.in/rooms/1562178360575844085,Ready for Automation Sync,"Fixed overflow: old was 45/44 chars (truncated in search cards); Removed non-compliant symbols ('|', '@', '+'); Excluded brand name on Airbnb (strictly complies with Airbnb guidelines)"
39283997,752,Boho Style Room 1 @Agastya  w/Terrace @Badami,Airbnb,Boho Style Room 1 @Agastya Villa w/Terrace @Badami,3BHK Villa w/ Terrace,https://www.airbnb.co.in/rooms/39283997,Ready for Automation Sync,"Fixed overflow: old was 50/44 chars (truncated in search cards); Removed non-compliant symbols ('|', '@', '+'); Excluded brand name on Airbnb (strictly complies with Airbnb guidelines)"
1427288727838275615,2832,2BR  Vivendi Mountain Cabin @ Dharamshala,Airbnb,2BR Villa Vivendi Mountain Cabin @ Dharamshala,2BHK Villa w/ Private Pool,https://www.airbnb.co.in/rooms/1427288727838275615,Ready for Automation Sync,"Fixed overflow: old was 46/44 chars (truncated in search cards); Removed non-compliant symbols ('|', '@', '+'); Excluded brand name on Airbnb (strictly complies with Airbnb guidelines)"
1426492167808144758,2831,3BR  Vivendi,Airbnb,3BR Villa Vivendi | Hilltop Cabin in Dharamshala,3BHK 3BR Vivendi Villa w/ Private Pool,https://www.airbnb.co.in/rooms/1426492167808144758,Ready for Automation Sync,"Fixed overflow: old was 48/44 chars (truncated in search cards); Removed non-compliant symbols ('|', '@', '+'); Excluded brand name on Airbnb (strictly complies with Airbnb guidelines)"
1587593405644955697,2748,Vivendi,Airbnb,"Villa Vivendi | Hilltop Cabin, Dharamshala",3BHK Vivendi Villa w/ Private Pool,https://www.airbnb.co.in/rooms/1587593405644955697,Ready for Automation Sync,"Removed non-compliant symbols ('|', '@', '+'); Excluded brand name on Airbnb (strictly complies with Airbnb guidelines)"
53549446,1860,2BR Lama,Airbnb,2BR Lama House | Forest View Near Manali Mall Road,2BHK 2BR Lama House w/ Lawn,https://www.airbnb.co.in/rooms/53549446,Ready for Automation Sync,"Fixed overflow: old was 50/44 chars (truncated in search cards); Removed non-compliant symbols ('|', '@', '+'); Excluded brand name on Airbnb (strictly complies with Airbnb guidelines)"
52293471,1780,4BR Lama,Airbnb,4BR Lama House | Forest View near Mall Road,4BHK 4BR Lama House w/ Lawn,https://www.airbnb.co.in/rooms/52293471,Ready for Automation Sync,"Removed non-compliant symbols ('|', '@', '+'); Excluded brand name on Airbnb (strictly complies with Airbnb guidelines)"
558481139173079617,1991,3BR Lama,Airbnb,3BR Lama House | with Forest View Near Mall Road,3BHK 3BR Lama House w/ Lawn,https://www.airbnb.co.in/rooms/558481139173079617,Ready for Automation Sync,"Fixed overflow: old was 48/44 chars (truncated in search cards); Removed non-compliant symbols ('|', '@', '+'); Excluded brand name on Airbnb (strictly complies with Airbnb guidelines)"
558400395885728784,1984,1BR Lama,Airbnb,"1BR Lama House | Forest Facing Room, Manali",1BHK 1BR Lama House w/ Lawn,https://www.airbnb.co.in/rooms/558400395885728784,Ready for Automation Sync,"Removed non-compliant symbols ('|', '@', '+'); Excluded brand name on Airbnb (strictly complies with Airbnb guidelines)"
52293151,1777,6BR Lama,Airbnb,6BR Lama House | Near Mall Road with Bonfire,6BHK 6BR Lama House w/ Bonfire,https://www.airbnb.co.in/rooms/52293151,Ready for Automation Sync,"Removed non-compliant symbols ('|', '@', '+'); Excluded brand name on Airbnb (strictly complies with Airbnb guidelines)"
43192102,1377,Serendipity,Airbnb,Serendipity - 2BR cozy chalet in Palampur,2BHK Serendipity Chalet w/ Lawn,https://www.airbnb.co.in/rooms/43192102,Ready for Automation Sync,Excluded brand name on Airbnb (strictly complies with Airbnb guidelines)
810794609497486413,2313,Luxury 4BR The Brick  near Delhi Airport,Airbnb,Luxury 4BR The Brick House near Delhi Airport,4BHK House w/ Lawn,https://www.airbnb.co.in/rooms/810794609497486413,Ready for Automation Sync,Fixed overflow: old was 45/44 chars (truncated in search cards); Excluded brand name on Airbnb (strictly complies with Airbnb guidelines)
1538161559913169405,2464,2BR,Airbnb,2BR|Farm Escape|StayVista| Colour Bloom |Uttarakhd,2BHK 2BR Villa w/ Private Pool,https://www.airbnb.co.in/rooms/1538161559913169405,Ready for Automation Sync,"Fixed overflow: old was 50/44 chars (truncated in search cards); Removed non-compliant symbols ('|', '@', '+'); Excluded brand name on Airbnb (strictly complies with Airbnb guidelines)"
1739868308326380498,4710,Whitewood Serene,Airbnb,StayVista at Whitewood Serene,3BHK Whitewood Serene Villa w/ Private Pool,https://www.airbnb.co.in/rooms/1739868308326380498,Ready for Automation Sync,Excluded brand name on Airbnb (strictly complies with Airbnb guidelines)
1134835528340401705,3349,4BR Ivycrest  w/Views & Pvt Pool,Airbnb,4BR Ivycrest Estate w/Views & Pvt Pool | Dehradun,4BHK 4BR Ivycrest w/Views & Pvt Pool w/ Pool,https://www.airbnb.co.in/rooms/1134835528340401705,Ready for Automation Sync,"Fixed overflow: old was 49/44 chars (truncated in search cards); Removed non-compliant symbols ('|', '@', '+'); Excluded brand name on Airbnb (strictly complies with Airbnb guidelines)"
1557023639510640481,3004,Golden Sunsets by  w/Pool & Carrom,Airbnb,Golden Sunsets by StayVista w/Pool & Carrom,3BHK Villa w/ Pool,https://www.airbnb.co.in/rooms/1557023639510640481,Ready for Automation Sync,Excluded brand name on Airbnb (strictly complies with Airbnb guidelines)
1746357877904788050,5803,The Crest & Muse w/BBQ & Bonfire,Airbnb,StayVista at The Crest & Muse w/BBQ & Bonfire,3BHK Villa w/ Bonfire,https://www.airbnb.co.in/rooms/1746357877904788050,Ready for Automation Sync,Fixed overflow: old was 45/44 chars (truncated in search cards); Excluded brand name on Airbnb (strictly complies with Airbnb guidelines)
1135368292490280680,3461,"6BR Corbett Calling w/Pool, AC & Wifi",Airbnb,"6BR Corbett Calling w/Pool, AC & Wifi |Jim Corbett",6BHK Villa w/ Pool,https://www.airbnb.co.in/rooms/1135368292490280680,Ready for Automation Sync,"Fixed overflow: old was 50/44 chars (truncated in search cards); Removed non-compliant symbols ('|', '@', '+'); Excluded brand name on Airbnb (strictly complies with Airbnb guidelines)"
1105740550081616722,3390,Varanasi,Airbnb,Varanasi | 4BR The Ganga House w/River View & Wifi,4BHK Varanasi House w/ River View,https://www.airbnb.co.in/rooms/1105740550081616722,Ready for Automation Sync,"Fixed overflow: old was 50/44 chars (truncated in search cards); Removed non-compliant symbols ('|', '@', '+'); Excluded brand name on Airbnb (strictly complies with Airbnb guidelines)"
52329367,1778,"4BR Primrose  w/Views, Lawn & Wifi",Airbnb,"4BR Primrose Villa w/Views, Lawn & Wifi |Mussoorie",4BHK Villa w/ Lawn,https://www.airbnb.co.in/rooms/52329367,Ready for Automation Sync,"Fixed overflow: old was 50/44 chars (truncated in search cards); Removed non-compliant symbols ('|', '@', '+'); Excluded brand name on Airbnb (strictly complies with Airbnb guidelines)"
49102808,1631,"3BR Mellow  w/Views, Wifi & BBQ",Airbnb,"3BR Mellow Cottage w/Views, Wifi & BBQ | Mussoorie","3BHK 3BR Mellow w/Views, Wifi & BBQ w/ BBQ",https://www.airbnb.co.in/rooms/49102808,Ready for Automation Sync,"Fixed overflow: old was 50/44 chars (truncated in search cards); Removed non-compliant symbols ('|', '@', '+'); Excluded brand name on Airbnb (strictly complies with Airbnb guidelines)"
1328125629373683970,3967,4BR,Airbnb,4BR|Lux Pool+Balcony|StayVista| Bahava @Igatpuri,4BHK 4BR • Pool & Balcony,https://www.airbnb.co.in/rooms/1328125629373683970,Ready for Automation Sync,"Fixed overflow: old was 48/44 chars (truncated in search cards); Removed non-compliant symbols ('|', '@', '+'); Excluded brand name on Airbnb (strictly complies with Airbnb guidelines)"
1742001757251295516,5491,Ivory,Airbnb,"StayVista at Ivory House w/ Pool, Beach View",3BHK Ivory House w/ Pool,https://www.airbnb.co.in/rooms/1742001757251295516,Ready for Automation Sync,Excluded brand name on Airbnb (strictly complies with Airbnb guidelines)
1727484038891290888,5729,"6BR Premium Rooms @ Raison Meadows, Riverside",Airbnb,"6BR Premium Rooms @ Raison Meadows, Riverside",6BHK Villa w/ River View,https://www.airbnb.co.in/rooms/1727484038891290888,Ready for Automation Sync,"Fixed overflow: old was 45/44 chars (truncated in search cards); Removed non-compliant symbols ('|', '@', '+'); Excluded brand name on Airbnb (strictly complies with Airbnb guidelines)"
1714339203834557450,5643,3BR Chalet Royale with Zen Deck & Bonfire in Jammu,Airbnb,3BR Chalet Royale with Zen Deck & Bonfire in Jammu,3BHK Chalet w/ Bonfire,https://www.airbnb.co.in/rooms/1714339203834557450,Ready for Automation Sync,Fixed overflow: old was 50/44 chars (truncated in search cards); Excluded brand name on Airbnb (strictly complies with Airbnb guidelines)
1339690796906423062,4326,"3BR @Barkat  w/Jacuzzi, Pool Table & Chef",Airbnb,"3BR @Barkat Villa w/Jacuzzi, Pool Table & Chef",3BHK Villa w/ Pool,https://www.airbnb.co.in/rooms/1339690796906423062,Ready for Automation Sync,"Fixed overflow: old was 46/44 chars (truncated in search cards); Removed non-compliant symbols ('|', '@', '+'); Excluded brand name on Airbnb (strictly complies with Airbnb guidelines)"
1421515422003188762,242,Cascades,Airbnb,3R+Pvt Pool+Lawn+StayVista Cascades@Lonavala,3BHK Cascades • Pool & Lawn,https://www.airbnb.co.in/rooms/1421515422003188762,Ready for Automation Sync,"Removed non-compliant symbols ('|', '@', '+'); Excluded brand name on Airbnb (strictly complies with Airbnb guidelines)"
720634224416311893,2283,8 Oaks 4BR Ancestral Home Amid Pine & Deodar Trees,Airbnb,8 Oaks 4BR Ancestral Home Amid Pine & Deodar Trees,4BHK Villa w/ Private Pool,https://www.airbnb.co.in/rooms/720634224416311893,Ready for Automation Sync,Fixed overflow: old was 50/44 chars (truncated in search cards); Excluded brand name on Airbnb (strictly complies with Airbnb guidelines)
1739835255449171795,915,Zephyr,Airbnb,StayVista at Zephyr @ Breezy Banks- Riverside&Chef,3BHK Zephyr Villa w/ River View,https://www.airbnb.co.in/rooms/1739835255449171795,Ready for Automation Sync,"Fixed overflow: old was 50/44 chars (truncated in search cards); Removed non-compliant symbols ('|', '@', '+'); Excluded brand name on Airbnb (strictly complies with Airbnb guidelines)"
1512152604835932040,1918,Corfu,Airbnb,"StayVista at Corfu - 3 BR w/ BBQ, Pool and Lawn",3BHK Corfu • Pool & Lawn,https://www.airbnb.co.in/rooms/1512152604835932040,Ready for Automation Sync,Fixed overflow: old was 47/44 chars (truncated in search cards); Excluded brand name on Airbnb (strictly complies with Airbnb guidelines)
1738821433632600799,4500,Uno,Airbnb,StayVista at Uno @ The Himalayan Den w/ Bonfire,3BHK Uno Villa w/ Bonfire,https://www.airbnb.co.in/rooms/1738821433632600799,Ready for Automation Sync,"Fixed overflow: old was 47/44 chars (truncated in search cards); Removed non-compliant symbols ('|', '@', '+'); Excluded brand name on Airbnb (strictly complies with Airbnb guidelines)"
1738842462780526313,1625,Umber,Airbnb,StayVista at Umber Villa -5BR w/ Pool & Lawn,5BHK Umber • Pool & Lawn,https://www.airbnb.co.in/rooms/1738842462780526313,Ready for Automation Sync,Excluded brand name on Airbnb (strictly complies with Airbnb guidelines)
1738893279273275673,1794,The Tavern At Canary Farms,Airbnb,StayVista at The Tavern At Canary Farms,3BHK Villa w/ Private Pool,https://www.airbnb.co.in/rooms/1738893279273275673,Ready for Automation Sync,Excluded brand name on Airbnb (strictly complies with Airbnb guidelines)
1307941753166035154,4111,"4BR NeerVana w/Pvt Pool, Wifi & Lawn",Airbnb,"4BR NeerVana w/Pvt Pool, Wifi & Lawn",4BHK Villa w/ Pool,https://www.airbnb.co.in/rooms/1307941753166035154,Ready for Automation Sync,Excluded brand name on Airbnb (strictly complies with Airbnb guidelines)
1537560173879570535,3797,"Cozy 3BR Suri Ville w/Lawn, View & Wifi",Airbnb,"Cozy 3BR Suri Ville w/Lawn, View & Wifi | Bhimtal",3BHK Villa w/ Lawn,https://www.airbnb.co.in/rooms/1537560173879570535,Ready for Automation Sync,"Fixed overflow: old was 49/44 chars (truncated in search cards); Removed non-compliant symbols ('|', '@', '+'); Excluded brand name on Airbnb (strictly complies with Airbnb guidelines)"
598815893385245032,2060,"3BR  Mango Trails w/Pvt Pool, Wifi & Lawn",Airbnb,"3BR Villa Mango Trails w/Pvt Pool, Wifi & Lawn",3BHK Villa w/ Pool,https://www.airbnb.co.in/rooms/598815893385245032,Ready for Automation Sync,Fixed overflow: old was 46/44 chars (truncated in search cards); Excluded brand name on Airbnb (strictly complies with Airbnb guidelines)
1622332072399997730,5143,4BR,Airbnb,4BR|Mnt View|StayVista|The Pink Magnolia@Mussoorie,4BHK 4BR Villa w/ Private Pool,https://www.airbnb.co.in/rooms/1622332072399997730,Ready for Automation Sync,"Fixed overflow: old was 50/44 chars (truncated in search cards); Removed non-compliant symbols ('|', '@', '+'); Excluded brand name on Airbnb (strictly complies with Airbnb guidelines)"
696087173762684075,2235,4BHK Nature Luxury  @Ooty,Airbnb,4BHK Nature Luxury Villa @Ooty | Haven Grandeur,4BHK 4BHK Nature Luxury @Ooty • Private Pool,https://www.airbnb.co.in/rooms/696087173762684075,Ready for Automation Sync,"Fixed overflow: old was 47/44 chars (truncated in search cards); Removed non-compliant symbols ('|', '@', '+'); Excluded brand name on Airbnb (strictly complies with Airbnb guidelines)"
1366406687110337255,4392,3BR Luxury  w/Pvt Pool in City Centre Udaipur,Airbnb,3BR Luxury Villa w/Pvt Pool in City Centre Udaipur,3BHK Villa w/ Pool,https://www.airbnb.co.in/rooms/1366406687110337255,Ready for Automation Sync,Fixed overflow: old was 50/44 chars (truncated in search cards); Excluded brand name on Airbnb (strictly complies with Airbnb guidelines)
1739138135250729466,Not Found,Crimson Bleu,Airbnb,StayVista at Crimson Bleu w/ Bonfire,3BHK Crimson Bleu Villa w/ Bonfire,https://www.airbnb.co.in/rooms/1739138135250729466,Ready for Automation Sync,Excluded brand name on Airbnb (strictly complies with Airbnb guidelines)
1324721204506292146,4250,"Priana 6BHK  w/Pool, GYM & Bathtub in Jaipur",Airbnb,"Priana 6BHK Villa w/Pool, GYM & Bathtub in Jaipur",6BHK Villa w/ Pool,https://www.airbnb.co.in/rooms/1324721204506292146,Ready for Automation Sync,Fixed overflow: old was 49/44 chars (truncated in search cards); Excluded brand name on Airbnb (strictly complies with Airbnb guidelines)
1443349867039435671,4904,Bloom @ Petal Perch,Airbnb,Bloom @ Petal Perch | Valley View Villa in Kasauli,3BHK Bloom @ Petal Perch w/ Valley View,https://www.airbnb.co.in/rooms/1443349867039435671,Ready for Automation Sync,"Fixed overflow: old was 50/44 chars (truncated in search cards); Removed non-compliant symbols ('|', '@', '+'); Excluded brand name on Airbnb (strictly complies with Airbnb guidelines)"
1443331801904594879,4905,Blossom @ Petal Perch,Airbnb,Blossom @ Petal Perch | Luxury Villa in Kasauli,3BHK Blossom @ Petal Perch w/ Private Pool,https://www.airbnb.co.in/rooms/1443331801904594879,Ready for Automation Sync,"Fixed overflow: old was 47/44 chars (truncated in search cards); Removed non-compliant symbols ('|', '@', '+'); Excluded brand name on Airbnb (strictly complies with Airbnb guidelines)"
1441774717908069622,4746,Petal Perch,Airbnb,Petal Perch | Luxury Villa W/Bonfire in Kasauli,3BHK Petal Perch Villa w/ Bonfire,https://www.airbnb.co.in/rooms/1441774717908069622,Ready for Automation Sync,"Fixed overflow: old was 47/44 chars (truncated in search cards); Removed non-compliant symbols ('|', '@', '+'); Excluded brand name on Airbnb (strictly complies with Airbnb guidelines)"
656122526722052274,536,3BR,Airbnb,3BR|Garden Pool|StayVista| El Lodge Villa@Lonavala,3BHK 3BR • Pool & Garden,https://www.airbnb.co.in/rooms/656122526722052274,Ready for Automation Sync,"Fixed overflow: old was 50/44 chars (truncated in search cards); Removed non-compliant symbols ('|', '@', '+'); Excluded brand name on Airbnb (strictly complies with Airbnb guidelines)"
1025642053576297421,3074,4BR,Airbnb,4BR |Lakefront | StayVista| Backwater Hill@Khopoli,4BHK 4BR Villa w/ Private Pool,https://www.airbnb.co.in/rooms/1025642053576297421,Ready for Automation Sync,"Fixed overflow: old was 50/44 chars (truncated in search cards); Removed non-compliant symbols ('|', '@', '+'); Excluded brand name on Airbnb (strictly complies with Airbnb guidelines)"
36056415,499,Bhimtal,Airbnb,Bhimtal | 3BR @The Verandah w/Bonfire & BBQ,3BHK Bhimtal • Bonfire & BBQ,https://www.airbnb.co.in/rooms/36056415,Ready for Automation Sync,"Removed non-compliant symbols ('|', '@', '+'); Excluded brand name on Airbnb (strictly complies with Airbnb guidelines)"
35356405,462,4BR,Airbnb,"4BR- @Casa Del Verde, w/pool, lawn &bonfire",4BHK 4BR • Pool & Lawn,https://www.airbnb.co.in/rooms/35356405,Ready for Automation Sync,"Removed non-compliant symbols ('|', '@', '+'); Excluded brand name on Airbnb (strictly complies with Airbnb guidelines)"
1714295259482907935,5589,Milestone,Airbnb,"StayVista at Milestone Villa w/Pool, Mountain View",3BHK Milestone • Pool & Mountain View,https://www.airbnb.co.in/rooms/1714295259482907935,Ready for Automation Sync,Fixed overflow: old was 50/44 chars (truncated in search cards); Excluded brand name on Airbnb (strictly complies with Airbnb guidelines)
1220009625578789584,434,3BR,Airbnb,3BR|PvtPool+Brkfst|Waterlily Villa@Parra,3BHK 3BR Villa w/ Private Pool,https://www.airbnb.co.in/rooms/1220009625578789584,Ready for Automation Sync,"Removed non-compliant symbols ('|', '@', '+'); Excluded brand name on Airbnb (strictly complies with Airbnb guidelines)"
1244671380540502024,3108,2BR,Airbnb,2BR|Pet Friendly|StayVista| Wildwood Canopy@Jaipur,2BHK 2BR Villa w/ Private Pool,https://www.airbnb.co.in/rooms/1244671380540502024,Ready for Automation Sync,"Fixed overflow: old was 50/44 chars (truncated in search cards); Removed non-compliant symbols ('|', '@', '+'); Excluded brand name on Airbnb (strictly complies with Airbnb guidelines)"
1322946216236648463,4173,5BR,Airbnb,5BR |Luxury Pool|StayVista| Areca Breeze @Alibaug,5BHK 5BR Villa w/ Pool,https://www.airbnb.co.in/rooms/1322946216236648463,Ready for Automation Sync,"Fixed overflow: old was 49/44 chars (truncated in search cards); Removed non-compliant symbols ('|', '@', '+'); Excluded brand name on Airbnb (strictly complies with Airbnb guidelines)"
1620096035792365118,Not Found,Comfort @ Golden Pause by VEO,Airbnb,Comfort @ Golden Pause by VEO - Part of StayVista,3BHK Villa w/ Private Pool,https://www.airbnb.co.in/rooms/1620096035792365118,Ready for Automation Sync,"Fixed overflow: old was 49/44 chars (truncated in search cards); Removed non-compliant symbols ('|', '@', '+'); Excluded brand name on Airbnb (strictly complies with Airbnb guidelines)"
1620067440636460885,Not Found,6BR,Airbnb,6BR |Luxury Pool |StayVista| Golden Pause @Jaipur,6BHK 6BR Villa w/ Pool,https://www.airbnb.co.in/rooms/1620067440636460885,Ready for Automation Sync,"Fixed overflow: old was 49/44 chars (truncated in search cards); Removed non-compliant symbols ('|', '@', '+'); Excluded brand name on Airbnb (strictly complies with Airbnb guidelines)"
47296994,Not Found,"The Rain 4BHK w/Breakfast, Private Pool",Airbnb,"The Rain 4BHK w/Breakfast, Private Pool - Alleppey",4BHK Villa w/ Private Pool,https://www.airbnb.co.in/rooms/47296994,Ready for Automation Sync,Fixed overflow: old was 50/44 chars (truncated in search cards); Excluded brand name on Airbnb (strictly complies with Airbnb guidelines)
672194580192008284,412,ToyaToya,Airbnb,3BRJacuzzi+Lawn|StayVista ToyaToya |VillaKozhikode,3BHK ToyaToya • Jacuzzi & Lawn,https://www.airbnb.co.in/rooms/672194580192008284,Ready for Automation Sync,"Fixed overflow: old was 50/44 chars (truncated in search cards); Removed non-compliant symbols ('|', '@', '+'); Excluded brand name on Airbnb (strictly complies with Airbnb guidelines)"
768437524309185291,387,3BR Aashirwaad Luxurious  w/Breakfast,Airbnb,3BR Aashirwaad Luxurious Villa w/Breakfast-Coonoor,3BHK Villa w/ Private Pool,https://www.airbnb.co.in/rooms/768437524309185291,Ready for Automation Sync,Fixed overflow: old was 50/44 chars (truncated in search cards); Excluded brand name on Airbnb (strictly complies with Airbnb guidelines)
33623390,381,Bhimtal,Airbnb,Bhimtal | 2BR Cypress @ The Verandah w/Views & BBQ,2BHK Bhimtal Villa w/ BBQ,https://www.airbnb.co.in/rooms/33623390,Ready for Automation Sync,"Fixed overflow: old was 50/44 chars (truncated in search cards); Removed non-compliant symbols ('|', '@', '+'); Excluded brand name on Airbnb (strictly complies with Airbnb guidelines)"
661992161437919996,374,Tulip Terraces,Airbnb,Tulip Terraces | 6BR Fireplace Villa Manali,6BHK Tulip Terraces Villa w/ Terrace,https://www.airbnb.co.in/rooms/661992161437919996,Ready for Automation Sync,"Removed non-compliant symbols ('|', '@', '+'); Excluded brand name on Airbnb (strictly complies with Airbnb guidelines)"
33502735,373,The Hideout Farms,Airbnb,StayVista at The Hideout Farms | 2BR Pool Villa,2BHK The Hideout Farms Villa w/ Pool,https://www.airbnb.co.in/rooms/33502735,Ready for Automation Sync,"Fixed overflow: old was 47/44 chars (truncated in search cards); Removed non-compliant symbols ('|', '@', '+'); Excluded brand name on Airbnb (strictly complies with Airbnb guidelines)"
35888516,32,4BR,Airbnb,4BR|Heritage Stay|StayVista|White Pebbles@Lonavala,4BHK 4BR Villa w/ Private Pool,https://www.airbnb.co.in/rooms/35888516,Ready for Automation Sync,"Fixed overflow: old was 50/44 chars (truncated in search cards); Removed non-compliant symbols ('|', '@', '+'); Excluded brand name on Airbnb (strictly complies with Airbnb guidelines)"
1630411725699462664,4523,3BR Yug @ Tehri Peaks w/Jacuzzi & Mountain Views,Airbnb,3BR Yug @ Tehri Peaks w/Jacuzzi & Mountain Views,3BHK Villa w/ Mountain View,https://www.airbnb.co.in/rooms/1630411725699462664,Ready for Automation Sync,"Fixed overflow: old was 48/44 chars (truncated in search cards); Removed non-compliant symbols ('|', '@', '+'); Excluded brand name on Airbnb (strictly complies with Airbnb guidelines)"
1734685855226959267,357,In The Clouds,Airbnb,StayVista at Cottage In The Clouds,3BHK In The Clouds Cottage w/ Lawn,https://www.airbnb.co.in/rooms/1734685855226959267,Ready for Automation Sync,Excluded brand name on Airbnb (strictly complies with Airbnb guidelines)
654001690497595692,348,"1BR  @ Dudly Manor w/Pool, Gym & Lawn",Airbnb,"1BR Cottage @ Dudly Manor w/Pool, Gym & Lawn",1BHK Cottage w/ Pool,https://www.airbnb.co.in/rooms/654001690497595692,Ready for Automation Sync,"Removed non-compliant symbols ('|', '@', '+'); Excluded brand name on Airbnb (strictly complies with Airbnb guidelines)"
40407098,324,Greenwood,Airbnb,"4BHK Pvt Pool, Garden | StayVista Greenwood Villa",4BHK Greenwood • Pool & Garden,https://www.airbnb.co.in/rooms/40407098,Ready for Automation Sync,"Fixed overflow: old was 49/44 chars (truncated in search cards); Removed non-compliant symbols ('|', '@', '+'); Excluded brand name on Airbnb (strictly complies with Airbnb guidelines)"
1511993314533246186,318,9R+Pool+Lawn+Pickle Court,Airbnb,9R+Pool+Lawn+Pickle Court-StayVista@Nivaant Farms.,3BHK 9R+Pool+Lawn+Pickle Court • Pool & Lawn,https://www.airbnb.co.in/rooms/1511993314533246186,Ready for Automation Sync,"Fixed overflow: old was 50/44 chars (truncated in search cards); Removed non-compliant symbols ('|', '@', '+'); Excluded brand name on Airbnb (strictly complies with Airbnb guidelines)"
32201582,315,3BHK @B,Airbnb,3BHK @B-24 Spring-w/Pvt Pool & Nature Trail - Wada,3BHK 3BHK @B Villa w/ Pool,https://www.airbnb.co.in/rooms/32201582,Ready for Automation Sync,"Fixed overflow: old was 50/44 chars (truncated in search cards); Removed non-compliant symbols ('|', '@', '+'); Excluded brand name on Airbnb (strictly complies with Airbnb guidelines)"
1715066065562670692,4279,Cinnamon @ Swiss Chalet,Airbnb,Cinnamon @ Swiss Chalet | Riverside | Tangmarg,3BHK Cinnamon @ Swiss Chalet w/ River View,https://www.airbnb.co.in/rooms/1715066065562670692,Ready for Automation Sync,"Fixed overflow: old was 46/44 chars (truncated in search cards); Removed non-compliant symbols ('|', '@', '+'); Excluded brand name on Airbnb (strictly complies with Airbnb guidelines)"
1158385922944248084,3644,Apple @ Swiss Chalet,Airbnb,Apple @ Swiss Chalet | Riverside | Tangmarg,3BHK Apple @ Swiss Chalet w/ River View,https://www.airbnb.co.in/rooms/1158385922944248084,Ready for Automation Sync,"Removed non-compliant symbols ('|', '@', '+'); Excluded brand name on Airbnb (strictly complies with Airbnb guidelines)"
1158370439135994048,3643,3BR Teak @ Swiss Chalet,Airbnb,3BR Teak @ Swiss Chalet | Riverside | Tangmarg,3BHK 3BR Teak @ Swiss Chalet w/ River View,https://www.airbnb.co.in/rooms/1158370439135994048,Ready for Automation Sync,"Fixed overflow: old was 46/44 chars (truncated in search cards); Removed non-compliant symbols ('|', '@', '+'); Excluded brand name on Airbnb (strictly complies with Airbnb guidelines)"
1715044753672291492,3642,Rose @ Swiss Chalet,Airbnb,Rose @ Swiss Chalet | Riverside | Tangmarg,3BHK Rose @ Swiss Chalet w/ River View,https://www.airbnb.co.in/rooms/1715044753672291492,Ready for Automation Sync,"Removed non-compliant symbols ('|', '@', '+'); Excluded brand name on Airbnb (strictly complies with Airbnb guidelines)"
1715011096301307519,3641,Timber @ Swiss Chalet,Airbnb,Timber @ Swiss Chalet | Riverside | Tangmarg,3BHK Timber @ Swiss Chalet w/ River View,https://www.airbnb.co.in/rooms/1715011096301307519,Ready for Automation Sync,"Removed non-compliant symbols ('|', '@', '+'); Excluded brand name on Airbnb (strictly complies with Airbnb guidelines)"
1146136614751640632,3423,Swiss Chalet Luxury,Airbnb,Swiss Chalet Luxury Villa | Riverside | Tangmarg,3BHK Swiss Chalet Luxury Villa w/ River View,https://www.airbnb.co.in/rooms/1146136614751640632,Ready for Automation Sync,"Fixed overflow: old was 48/44 chars (truncated in search cards); Removed non-compliant symbols ('|', '@', '+'); Excluded brand name on Airbnb (strictly complies with Airbnb guidelines)"
39589386,308,2BR,Airbnb,2BR| Pool+Brkfst |StayVista| Tall Silver@Karnataka,2BHK 2BR Villa w/ Pool,https://www.airbnb.co.in/rooms/39589386,Ready for Automation Sync,"Fixed overflow: old was 50/44 chars (truncated in search cards); Removed non-compliant symbols ('|', '@', '+'); Excluded brand name on Airbnb (strictly complies with Airbnb guidelines)"
1309281799190914739,301,Tulip Terraces,Airbnb,"Tulip Terraces | Mountain View Villa, Manali",3BHK Tulip Terraces Villa w/ Mountain View,https://www.airbnb.co.in/rooms/1309281799190914739,Ready for Automation Sync,"Removed non-compliant symbols ('|', '@', '+'); Excluded brand name on Airbnb (strictly complies with Airbnb guidelines)"
1480324607099905318,4792,3BHK,Airbnb,3BHK |view+Pool |StayVista| Casa Shwika @Telangana,3BHK 3BHK Villa w/ Pool,https://www.airbnb.co.in/rooms/1480324607099905318,Ready for Automation Sync,"Fixed overflow: old was 50/44 chars (truncated in search cards); Removed non-compliant symbols ('|', '@', '+'); Excluded brand name on Airbnb (strictly complies with Airbnb guidelines)"
657035982772572703,1574,Hillside Cove,Airbnb,4BR|Pool Retreat@StayVista Hillside Cove|Lonavala!,4BHK Hillside Cove Retreat w/ Pool,https://www.airbnb.co.in/rooms/657035982772572703,Ready for Automation Sync,"Fixed overflow: old was 50/44 chars (truncated in search cards); Removed non-compliant symbols ('|', '@', '+'); Excluded brand name on Airbnb (strictly complies with Airbnb guidelines)"
1502754659971663582,4861,4BHK Corville Apts,Airbnb,"4BHK Corville Apts | Pool, Karaoke & BBQ, Goa",4BHK 4BHK Corville Apts • Pool & BBQ,https://www.airbnb.co.in/rooms/1502754659971663582,Ready for Automation Sync,"Fixed overflow: old was 45/44 chars (truncated in search cards); Removed non-compliant symbols ('|', '@', '+'); Excluded brand name on Airbnb (strictly complies with Airbnb guidelines)"
1526817211087265746,5023,3BR,Airbnb,3BR|Farm+Bonfir|StayVista| Villa Atharva@Bangalore,3BHK 3BR Villa w/ Private Pool,https://www.airbnb.co.in/rooms/1526817211087265746,Ready for Automation Sync,"Fixed overflow: old was 50/44 chars (truncated in search cards); Removed non-compliant symbols ('|', '@', '+'); Excluded brand name on Airbnb (strictly complies with Airbnb guidelines)"
836579726411474345,5312,Misty Oaks 3BHK w/ Breakfast & View Near Ooty,Airbnb,Misty Oaks 3BHK w/ Breakfast & View Near Ooty,3BHK Villa w/ Private Pool,https://www.airbnb.co.in/rooms/836579726411474345,Ready for Automation Sync,Fixed overflow: old was 45/44 chars (truncated in search cards); Excluded brand name on Airbnb (strictly complies with Airbnb guidelines)
1041920923582535396,5313,Verdure,Airbnb,StayVista at Verdure @ Villa Misty Oaks w/ Lawn,3BHK Verdure Villa w/ Lawn,https://www.airbnb.co.in/rooms/1041920923582535396,Ready for Automation Sync,"Fixed overflow: old was 47/44 chars (truncated in search cards); Removed non-compliant symbols ('|', '@', '+'); Excluded brand name on Airbnb (strictly complies with Airbnb guidelines)"
1241719799257765115,3427,Dusk by the Hills,Airbnb,"StayVista at Dusk by the Hills w/ Pool, Lonavala",3BHK Dusk by the Hills Villa w/ Pool,https://www.airbnb.co.in/rooms/1241719799257765115,Ready for Automation Sync,Fixed overflow: old was 48/44 chars (truncated in search cards); Excluded brand name on Airbnb (strictly complies with Airbnb guidelines)
46781700,1549,Vista Divine,Airbnb,3BR RiverView +WiFi StayVista Vista Divine,3BHK Divine Villa w/ River View,https://www.airbnb.co.in/rooms/46781700,Ready for Automation Sync,"Removed non-compliant symbols ('|', '@', '+'); Excluded brand name on Airbnb (strictly complies with Airbnb guidelines)"
1420104360206545654,4653,3BR,Airbnb,3BR|Luxury Pool|StayVista| Tarika’s Goldshore @Goa,3BHK 3BR Villa w/ Pool,https://www.airbnb.co.in/rooms/1420104360206545654,Ready for Automation Sync,"Fixed overflow: old was 50/44 chars (truncated in search cards); Removed non-compliant symbols ('|', '@', '+'); Excluded brand name on Airbnb (strictly complies with Airbnb guidelines)"
51334089,2530,3 Luxury Rooms @ Coffee & Mist with Bonfire,Airbnb,3 Luxury Rooms @ Coffee & Mist with Bonfire,3BHK Villa w/ Bonfire,https://www.airbnb.co.in/rooms/51334089,Ready for Automation Sync,"Removed non-compliant symbols ('|', '@', '+'); Excluded brand name on Airbnb (strictly complies with Airbnb guidelines)"
994596099196245979,2738,2BR,Airbnb,2BR|BF+Scenic|StayVista| Villa Estuaire @ Ooty Gem,2BHK 2BR Villa w/ Private Pool,https://www.airbnb.co.in/rooms/994596099196245979,Ready for Automation Sync,"Fixed overflow: old was 50/44 chars (truncated in search cards); Removed non-compliant symbols ('|', '@', '+'); Excluded brand name on Airbnb (strictly complies with Airbnb guidelines)"
1081042341159002060,3334,Oakwood Manor,Airbnb,StayVista at Oakwood Manor | 2BR Cottage Stay,2BHK Oakwood Manor Cottage w/ Lawn,https://www.airbnb.co.in/rooms/1081042341159002060,Ready for Automation Sync,"Fixed overflow: old was 45/44 chars (truncated in search cards); Removed non-compliant symbols ('|', '@', '+'); Excluded brand name on Airbnb (strictly complies with Airbnb guidelines)"
1566636182348530852,3971,7BR Luxe Homestay @Dehradun w/Buttler & Amenities,Airbnb,7BR Luxe Homestay @Dehradun w/Buttler & Amenities,7BHK Homestay w/ Lawn,https://www.airbnb.co.in/rooms/1566636182348530852,Ready for Automation Sync,"Fixed overflow: old was 49/44 chars (truncated in search cards); Removed non-compliant symbols ('|', '@', '+'); Excluded brand name on Airbnb (strictly complies with Airbnb guidelines)"
1717297890594748978,5673,Serenity Cove,Airbnb,"StayVista at Serenity Cove w/ Lounge, Gym",3BHK Serenity Cove Villa w/ Private Pool,https://www.airbnb.co.in/rooms/1717297890594748978,Ready for Automation Sync,Excluded brand name on Airbnb (strictly complies with Airbnb guidelines)
1294765918814212018,3010,3BR Pool / Dawn Ecstasy Hillside Mahabaleshwar,Airbnb,3BR Pool / Dawn Ecstasy Hillside Mahabaleshwar,3BHK Villa w/ Pool,https://www.airbnb.co.in/rooms/1294765918814212018,Ready for Automation Sync,Fixed overflow: old was 46/44 chars (truncated in search cards); Excluded brand name on Airbnb (strictly complies with Airbnb guidelines)
1386115307256861298,4418,4BR,Airbnb,4BR |Pvt Pool+Lawn|StayVista| Casa Ti Amo @Siolim,4BHK 4BR • Pool & Lawn,https://www.airbnb.co.in/rooms/1386115307256861298,Ready for Automation Sync,"Fixed overflow: old was 49/44 chars (truncated in search cards); Removed non-compliant symbols ('|', '@', '+'); Excluded brand name on Airbnb (strictly complies with Airbnb guidelines)"
1015722241978114793,2998,4BR,Airbnb,4BR |Lux Pool|StayVista| Hill Crest Mansion@Nashik,4BHK 4BR Villa w/ Pool,https://www.airbnb.co.in/rooms/1015722241978114793,Ready for Automation Sync,"Fixed overflow: old was 50/44 chars (truncated in search cards); Removed non-compliant symbols ('|', '@', '+'); Excluded brand name on Airbnb (strictly complies with Airbnb guidelines)"
1623071525918405518,5327,"Luxe 6BR Elysian Forest w/Pvt Pool, Games and Wifi",Airbnb,"Luxe 6BR Elysian Forest w/Pvt Pool, Games and Wifi",6BHK Villa w/ Pool,https://www.airbnb.co.in/rooms/1623071525918405518,Ready for Automation Sync,Fixed overflow: old was 50/44 chars (truncated in search cards); Excluded brand name on Airbnb (strictly complies with Airbnb guidelines)
1444776259565475486,4419,Mussoorie,Airbnb,Mussoorie | 5BR Cliffbourne w/View & Luxe interior,5BHK Mussoorie Villa w/ Private Pool,https://www.airbnb.co.in/rooms/1444776259565475486,Ready for Automation Sync,"Fixed overflow: old was 50/44 chars (truncated in search cards); Removed non-compliant symbols ('|', '@', '+'); Excluded brand name on Airbnb (strictly complies with Airbnb guidelines)"
1444869116708295564,Not Found,Cliffbourne,Airbnb,Cliffbourne - 2BR,2BHK Cliffbourne Villa w/ Private Pool,https://www.airbnb.co.in/rooms/1444869116708295564,Ready for Automation Sync,Excluded brand name on Airbnb (strictly complies with Airbnb guidelines)
1715132286007517302,5218,Petal @ Everdale W/Heated Pool,Airbnb,Petal @ Everdale W/Heated Pool,3BHK Petal @ Everdale W/Heated Pool w/ Pool,https://www.airbnb.co.in/rooms/1715132286007517302,Ready for Automation Sync,"Removed non-compliant symbols ('|', '@', '+'); Excluded brand name on Airbnb (strictly complies with Airbnb guidelines)"
1570096801748628418,5217,6BR Bloom @ Everdale w/Pvt Pool & Chef+Buttler,Airbnb,6BR Bloom @ Everdale w/Pvt Pool & Chef+Buttler,6BHK Villa w/ Pool,https://www.airbnb.co.in/rooms/1570096801748628418,Ready for Automation Sync,"Fixed overflow: old was 46/44 chars (truncated in search cards); Removed non-compliant symbols ('|', '@', '+'); Excluded brand name on Airbnb (strictly complies with Airbnb guidelines)"
1171423414740840540,3647,4BR,Airbnb,4BR|Pool|StayVista| Reflection by the Woods@Kodagu,4BHK 4BR Villa w/ Pool,https://www.airbnb.co.in/rooms/1171423414740840540,Ready for Automation Sync,"Fixed overflow: old was 50/44 chars (truncated in search cards); Removed non-compliant symbols ('|', '@', '+'); Excluded brand name on Airbnb (strictly complies with Airbnb guidelines)"
1654253217400043086,5485,Misty Dews,Airbnb,StayVista at Misty Dews w/ Pool,3BHK Misty Dews Villa w/ Pool,https://www.airbnb.co.in/rooms/1654253217400043086,Ready for Automation Sync,Excluded brand name on Airbnb (strictly complies with Airbnb guidelines)
1543153077315378366,2163,Beyond The Blue Door,Airbnb,StayVista at Beyond The Blue Door | jaccuzi Villa,3BHK Beyond The Blue Door w/ Private Pool,https://www.airbnb.co.in/rooms/1543153077315378366,Ready for Automation Sync,"Fixed overflow: old was 49/44 chars (truncated in search cards); Removed non-compliant symbols ('|', '@', '+'); Excluded brand name on Airbnb (strictly complies with Airbnb guidelines)"
1501180300240794915,4897,Casa Clarence+Pvt Pool+Jacuzzi+TV+Wifi@candolim,Airbnb,Casa Clarence+Pvt Pool+Jacuzzi+TV+Wifi@candolim,3BHK Villa w/ Pool,https://www.airbnb.co.in/rooms/1501180300240794915,Ready for Automation Sync,"Fixed overflow: old was 47/44 chars (truncated in search cards); Removed non-compliant symbols ('|', '@', '+'); Excluded brand name on Airbnb (strictly complies with Airbnb guidelines)"
973612202639577969,2814,Luxury 4BHK  w/Pool & Lawn city centre Jaipur,Airbnb,Luxury 4BHK Villa w/Pool & Lawn city centre Jaipur,4BHK Villa w/ Pool,https://www.airbnb.co.in/rooms/973612202639577969,Ready for Automation Sync,Fixed overflow: old was 50/44 chars (truncated in search cards); Excluded brand name on Airbnb (strictly complies with Airbnb guidelines)
1293214234958693452,3990,Solaris,Airbnb,"StayVista Solaris w/ Pool, Lawn, Jacuzzi & games",3BHK Solaris • Pool & Jacuzzi,https://www.airbnb.co.in/rooms/1293214234958693452,Ready for Automation Sync,Fixed overflow: old was 48/44 chars (truncated in search cards); Excluded brand name on Airbnb (strictly complies with Airbnb guidelines)
654859698910402674,1454,4BR,Airbnb,4BR |Pvt Pool+Games|StayVista| Casa Blanca @Karjat,4BHK 4BR Villa w/ Pool,https://www.airbnb.co.in/rooms/654859698910402674,Ready for Automation Sync,"Fixed overflow: old was 50/44 chars (truncated in search cards); Removed non-compliant symbols ('|', '@', '+'); Excluded brand name on Airbnb (strictly complies with Airbnb guidelines)"
671449870071278352,2198,Mist,Airbnb,StayVista at Mist @ Cottage On The Lake,3BHK Mist Cottage w/ Lawn,https://www.airbnb.co.in/rooms/671449870071278352,Ready for Automation Sync,"Removed non-compliant symbols ('|', '@', '+'); Excluded brand name on Airbnb (strictly complies with Airbnb guidelines)"
651184344982134180,2164,4BR Lakeview  w/ Chef + Kids Play Area,Airbnb,4BR Lakeview Villa w/ Chef + Kids Play Area,4BHK Villa w/ Lake View,https://www.airbnb.co.in/rooms/651184344982134180,Ready for Automation Sync,"Removed non-compliant symbols ('|', '@', '+'); Excluded brand name on Airbnb (strictly complies with Airbnb guidelines)"
1322884950267516197,4022,De Suku,Airbnb,3BR Pvt Pool+Lawn | StayVista |Villa De Suku @Nsk,3BHK De Suku • Pool & Lawn,https://www.airbnb.co.in/rooms/1322884950267516197,Ready for Automation Sync,"Fixed overflow: old was 49/44 chars (truncated in search cards); Removed non-compliant symbols ('|', '@', '+'); Excluded brand name on Airbnb (strictly complies with Airbnb guidelines)"
1512857094884224198,2924,3BR Luxury  w/Glass Room + lakeview in Indore,Airbnb,3BR Luxury Villa w/Glass Room + lakeview in Indore,3BHK Villa w/ Lake View,https://www.airbnb.co.in/rooms/1512857094884224198,Ready for Automation Sync,"Fixed overflow: old was 50/44 chars (truncated in search cards); Removed non-compliant symbols ('|', '@', '+'); Excluded brand name on Airbnb (strictly complies with Airbnb guidelines)"
1713486412788674026,5520,Jashn,Airbnb,StayVista at Jashn Villa w/ Infinity Pool,3BHK Jashn Villa w/ Infinity Pool,https://www.airbnb.co.in/rooms/1713486412788674026,Ready for Automation Sync,Excluded brand name on Airbnb (strictly complies with Airbnb guidelines)
1741787638341171379,Not Found,Mystic Castle,Airbnb,StayVista at Mystic Castle w/ Pool,3BHK Mystic Castle Villa w/ Pool,https://www.airbnb.co.in/rooms/1741787638341171379,Ready for Automation Sync,Excluded brand name on Airbnb (strictly complies with Airbnb guidelines)
1259858851044097165,3884,7BR Lux Croft w/BBQ+Games,Airbnb,7BR Lux Croft w/BBQ+Games| SV at Glen,7BHK 7BR Lux Croft w/BBQ+Games Villa w/ BBQ,https://www.airbnb.co.in/rooms/1259858851044097165,Ready for Automation Sync,"Removed non-compliant symbols ('|', '@', '+'); Excluded brand name on Airbnb (strictly complies with Airbnb guidelines)"
972847103884735554,2883,7BR,Airbnb,7BR|Pool+Jacuzzi|StayVista| Sapphire Sands @Siolim,7BHK 7BR • Pool & Jacuzzi,https://www.airbnb.co.in/rooms/972847103884735554,Ready for Automation Sync,"Fixed overflow: old was 50/44 chars (truncated in search cards); Removed non-compliant symbols ('|', '@', '+'); Excluded brand name on Airbnb (strictly complies with Airbnb guidelines)"
1741156387853805475,Not Found,Cascading Valleys,Airbnb,StayVista at Cascading Valleys,3BHK Cascading Valleys Villa w/ Private Pool,https://www.airbnb.co.in/rooms/1741156387853805475,Ready for Automation Sync,Excluded brand name on Airbnb (strictly complies with Airbnb guidelines)
880208671653812744,2643,Farmhouse Retreat,Airbnb,3BR Pool Gem | StayVista Farmhouse Retreat @Nashik,3BHK Farmhouse Retreat Farmhouse w/ Pool,https://www.airbnb.co.in/rooms/880208671653812744,Ready for Automation Sync,"Fixed overflow: old was 50/44 chars (truncated in search cards); Removed non-compliant symbols ('|', '@', '+'); Excluded brand name on Airbnb (strictly complies with Airbnb guidelines)"
1730953306622266589,1983,Below The Hill,Airbnb,StayVista at House Below The Hill - Pool+Games,3BHK Below The Hill House w/ Pool,https://www.airbnb.co.in/rooms/1730953306622266589,Ready for Automation Sync,"Fixed overflow: old was 46/44 chars (truncated in search cards); Removed non-compliant symbols ('|', '@', '+'); Excluded brand name on Airbnb (strictly complies with Airbnb guidelines)"
1221505967686373121,1691,Fairfield,Airbnb,4BHK|Lawn Haven|StayVista Fairfield Villa@Lonavala,4BHK Fairfield Villa w/ Lawn,https://www.airbnb.co.in/rooms/1221505967686373121,Ready for Automation Sync,"Fixed overflow: old was 50/44 chars (truncated in search cards); Removed non-compliant symbols ('|', '@', '+'); Excluded brand name on Airbnb (strictly complies with Airbnb guidelines)"
1741088375032580881,Not Found,The Elmont,Airbnb,"StayVista at The Elmont w/ Pool, Lawn",3BHK The Elmont • Pool & Lawn,https://www.airbnb.co.in/rooms/1741088375032580881,Ready for Automation Sync,Excluded brand name on Airbnb (strictly complies with Airbnb guidelines)
1735500976749744034,5536,Kings Abode,Airbnb,"StayVista at Kings Abode w/ Mountain View, BBQ",3BHK Kings Abode • Mountain View & BBQ,https://www.airbnb.co.in/rooms/1735500976749744034,Ready for Automation Sync,Fixed overflow: old was 46/44 chars (truncated in search cards); Excluded brand name on Airbnb (strictly complies with Airbnb guidelines)
864316027833850135,2485,"4BHK Pool  w/ Deck @Bel Air Mansion, Lonavala",Airbnb,"4BHK Pool Villa w/ Deck @Bel Air Mansion, Lonavala",4BHK Villa w/ Pool,https://www.airbnb.co.in/rooms/864316027833850135,Ready for Automation Sync,"Fixed overflow: old was 50/44 chars (truncated in search cards); Removed non-compliant symbols ('|', '@', '+'); Excluded brand name on Airbnb (strictly complies with Airbnb guidelines)"
1182367283517197482,3514,5BR,Airbnb,5BR|Scenic Views|StayVista| Spice Notes @Munnar,5BHK 5BR Villa w/ Private Pool,https://www.airbnb.co.in/rooms/1182367283517197482,Ready for Automation Sync,"Fixed overflow: old was 47/44 chars (truncated in search cards); Removed non-compliant symbols ('|', '@', '+'); Excluded brand name on Airbnb (strictly complies with Airbnb guidelines)"
781601292161642602,2405,Stonehill Manor 2BR Mountain cabin @ Dharamshala,Airbnb,Stonehill Manor 2BR Mountain cabin @ Dharamshala,2BHK Manor w/ Lawn,https://www.airbnb.co.in/rooms/781601292161642602,Ready for Automation Sync,"Fixed overflow: old was 48/44 chars (truncated in search cards); Removed non-compliant symbols ('|', '@', '+'); Excluded brand name on Airbnb (strictly complies with Airbnb guidelines)"
1594620122014686337,5306,Thelma & Louise  w/ Jacuzzi,Airbnb,StayVista at Thelma & Louise Cottage w/ Jacuzzi,3BHK Thelma & Louise w/ Jacuzzi w/ Jacuzzi,https://www.airbnb.co.in/rooms/1594620122014686337,Ready for Automation Sync,Fixed overflow: old was 47/44 chars (truncated in search cards); Excluded brand name on Airbnb (strictly complies with Airbnb guidelines)
1581174931659995531,4735,Louise,Airbnb,"StayVista at Louise Cottage w/ Jacuzzi, Heater",3BHK Louise Cottage w/ Jacuzzi,https://www.airbnb.co.in/rooms/1581174931659995531,Ready for Automation Sync,Fixed overflow: old was 46/44 chars (truncated in search cards); Excluded brand name on Airbnb (strictly complies with Airbnb guidelines)
1573703474127073539,1710,3BR Mysty View,Airbnb,3BR Mysty View | Hilltop Villa W/ Glass Sun Room,3BHK 3BR Mysty View Villa w/ Private Pool,https://www.airbnb.co.in/rooms/1573703474127073539,Ready for Automation Sync,"Fixed overflow: old was 48/44 chars (truncated in search cards); Removed non-compliant symbols ('|', '@', '+'); Excluded brand name on Airbnb (strictly complies with Airbnb guidelines)"
1648315041986419222,5471,Ekagra,Airbnb,StayVista at Ekagra w/ Bathtub & Jacuzzi,3BHK Ekagra Villa w/ Jacuzzi,https://www.airbnb.co.in/rooms/1648315041986419222,Ready for Automation Sync,Excluded brand name on Airbnb (strictly complies with Airbnb guidelines)
1472409775622960573,Not Found,"3BHK Vivara  – Pool & Bonfire, Wayanad",Airbnb,"3BHK Vivara Villa – Pool & Bonfire, Wayanad",3BHK Villa w/ Pool,https://www.airbnb.co.in/rooms/1472409775622960573,Ready for Automation Sync,Excluded brand name on Airbnb (strictly complies with Airbnb guidelines)
1731083912057462156,4091,2BR,Airbnb,2BR| AC+Heater |StayVista| The Anchorage @Katal,2BHK 2BR Villa w/ Private Pool,https://www.airbnb.co.in/rooms/1731083912057462156,Ready for Automation Sync,"Fixed overflow: old was 47/44 chars (truncated in search cards); Removed non-compliant symbols ('|', '@', '+'); Excluded brand name on Airbnb (strictly complies with Airbnb guidelines)"
1673053907659109051,5443,Dewa,Airbnb,"StayVista at Villa Dewa w/ BBQ, Bonfire",3BHK Dewa • Bonfire & BBQ,https://www.airbnb.co.in/rooms/1673053907659109051,Ready for Automation Sync,Excluded brand name on Airbnb (strictly complies with Airbnb guidelines)
1188859468770744332,3654,4BHK Premium  W/Infinity Pool+Bathtub+Snooker,Airbnb,4BHK Premium Villa W/Infinity Pool+Bathtub+Snooker,4BHK Villa w/ Infinity Pool,https://www.airbnb.co.in/rooms/1188859468770744332,Ready for Automation Sync,"Fixed overflow: old was 50/44 chars (truncated in search cards); Removed non-compliant symbols ('|', '@', '+'); Excluded brand name on Airbnb (strictly complies with Airbnb guidelines)"
1356220012876295395,4283,4BR,Airbnb,4BR|BaliThemed Villa+Pool|StayVista|Casa V2@Jaipur,4BHK 4BR Villa w/ Pool,https://www.airbnb.co.in/rooms/1356220012876295395,Ready for Automation Sync,"Fixed overflow: old was 50/44 chars (truncated in search cards); Removed non-compliant symbols ('|', '@', '+'); Excluded brand name on Airbnb (strictly complies with Airbnb guidelines)"
1696898501382391536,5020,The Sahib’s Bungalow w/ Bonfire,Airbnb,StayVista at The Sahib’s Bungalow w/ Bonfire,3BHK Bungalow w/ Bonfire,https://www.airbnb.co.in/rooms/1696898501382391536,Ready for Automation Sync,Excluded brand name on Airbnb (strictly complies with Airbnb guidelines)
1564363940837487414,5068,3BR,Airbnb,3BR|Sunset+View|StayVista| Mistydawn Villas@Gandhi,3BHK 3BR Villa w/ Private Pool,https://www.airbnb.co.in/rooms/1564363940837487414,Ready for Automation Sync,"Fixed overflow: old was 50/44 chars (truncated in search cards); Removed non-compliant symbols ('|', '@', '+'); Excluded brand name on Airbnb (strictly complies with Airbnb guidelines)"
23135024,107,4bhk,Airbnb,4bhk- Pvt Pool+Lawn-El House @Lonavala,4BHK 4bhk • Pool & Lawn,https://www.airbnb.co.in/rooms/23135024,Ready for Automation Sync,"Removed non-compliant symbols ('|', '@', '+'); Excluded brand name on Airbnb (strictly complies with Airbnb guidelines)"
1214322045659230303,Not Found,Cardamom Casa,Airbnb,3BHK|Cozy Bonfire |StayVista |Cardamom Casa@Munnar,3BHK Cardamom Casa Villa w/ Bonfire,https://www.airbnb.co.in/rooms/1214322045659230303,Ready for Automation Sync,"Fixed overflow: old was 50/44 chars (truncated in search cards); Removed non-compliant symbols ('|', '@', '+'); Excluded brand name on Airbnb (strictly complies with Airbnb guidelines)"
1556271472405999518,5121,Mudra Tattva,Airbnb,"StayVista at Mudra Tattva w/ Infinity Pool, Lawn",3BHK Mudra Tattva • Infinity Pool & Lawn,https://www.airbnb.co.in/rooms/1556271472405999518,Ready for Automation Sync,Fixed overflow: old was 48/44 chars (truncated in search cards); Excluded brand name on Airbnb (strictly complies with Airbnb guidelines)
722156490526771334,2282,Hillside Paradise,Airbnb,"Hillside Paradise | Pool, Jacuzzi, Kids Play Area",3BHK Hillside Paradise • Pool & Jacuzzi,https://www.airbnb.co.in/rooms/722156490526771334,Ready for Automation Sync,"Fixed overflow: old was 49/44 chars (truncated in search cards); Removed non-compliant symbols ('|', '@', '+'); Excluded brand name on Airbnb (strictly complies with Airbnb guidelines)"
1588400101344999374,3678,Nova Nest,Airbnb,"StayVista at Nova Nest w/ AC, WiFi, Terrace",3BHK Nova Nest Villa w/ Terrace,https://www.airbnb.co.in/rooms/1588400101344999374,Ready for Automation Sync,Excluded brand name on Airbnb (strictly complies with Airbnb guidelines)
1721711332529541543,5618,Mayfield Valley,Airbnb,StayVista at Mayfield Valley w/ Lawn & WiFi,3BHK Mayfield Valley Villa w/ Lawn,https://www.airbnb.co.in/rooms/1721711332529541543,Ready for Automation Sync,Excluded brand name on Airbnb (strictly complies with Airbnb guidelines)
1523564964212117975,4947,3BR,Airbnb,3BR|Cozy Pool+Lawn |StayVista| Mizu Retreat@Karjat,3BHK 3BR • Pool & Lawn,https://www.airbnb.co.in/rooms/1523564964212117975,Ready for Automation Sync,"Fixed overflow: old was 50/44 chars (truncated in search cards); Removed non-compliant symbols ('|', '@', '+'); Excluded brand name on Airbnb (strictly complies with Airbnb guidelines)"
1579503167135172438,5172,6BR,Airbnb,6BR |Scenic Views|StayVista| Wedgewood Blu @Ooty,6BHK 6BR Villa w/ Private Pool,https://www.airbnb.co.in/rooms/1579503167135172438,Ready for Automation Sync,"Fixed overflow: old was 48/44 chars (truncated in search cards); Removed non-compliant symbols ('|', '@', '+'); Excluded brand name on Airbnb (strictly complies with Airbnb guidelines)"
1640484599473159217,4223,Auric Acres,Airbnb,"StayVista at Auric Acres w/ AC, Pool, Lawn",3BHK Auric Acres • Pool & Lawn,https://www.airbnb.co.in/rooms/1640484599473159217,Ready for Automation Sync,Excluded brand name on Airbnb (strictly complies with Airbnb guidelines)
864795981631234057,2616,Verde Francolin Farms 3BR  W/Pvt Pool @ Sohna,Airbnb,Verde Francolin Farms 3BR Villa W/Pvt Pool @ Sohna,3BHK Villa w/ Pool,https://www.airbnb.co.in/rooms/864795981631234057,Ready for Automation Sync,"Fixed overflow: old was 50/44 chars (truncated in search cards); Removed non-compliant symbols ('|', '@', '+'); Excluded brand name on Airbnb (strictly complies with Airbnb guidelines)"
1214372490388818938,2501,"Francolin Farms 5BR Pool , Sohna",Airbnb,"Francolin Farms 5BR Pool Villa, Sohna","5BHK Francolin Farms 5BR Pool , Sohna • Pool",https://www.airbnb.co.in/rooms/1214372490388818938,Ready for Automation Sync,Excluded brand name on Airbnb (strictly complies with Airbnb guidelines)
1259817596878344847,3914,The Glen,Airbnb,"StayVista at The Glen w/ Pool, BBQ, Bonfire",3BHK The Glen • Pool & Bonfire,https://www.airbnb.co.in/rooms/1259817596878344847,Ready for Automation Sync,Excluded brand name on Airbnb (strictly complies with Airbnb guidelines)
1041841661285122679,3094,4BR,Airbnb,4BR |WiFi+Lawn+View | StayVista| Aarna House@Pune,4BHK 4BR House w/ Lawn,https://www.airbnb.co.in/rooms/1041841661285122679,Ready for Automation Sync,"Fixed overflow: old was 49/44 chars (truncated in search cards); Removed non-compliant symbols ('|', '@', '+'); Excluded brand name on Airbnb (strictly complies with Airbnb guidelines)"
1477481101207352114,4810,5BR,Airbnb,5BR | Palais Vienna Luxury Palace W/ Dal Lake view,5BHK 5BR Villa w/ Lake View,https://www.airbnb.co.in/rooms/1477481101207352114,Ready for Automation Sync,"Fixed overflow: old was 50/44 chars (truncated in search cards); Removed non-compliant symbols ('|', '@', '+'); Excluded brand name on Airbnb (strictly complies with Airbnb guidelines)"
36824703,290,3R+Valley View+Deck+ Sara's Chalet 2@UKD,Airbnb,3R+Valley View+Deck+StayVista Sara's Chalet 2@UKD,3BHK Chalet w/ Valley View,https://www.airbnb.co.in/rooms/36824703,Ready for Automation Sync,"Fixed overflow: old was 49/44 chars (truncated in search cards); Removed non-compliant symbols ('|', '@', '+'); Excluded brand name on Airbnb (strictly complies with Airbnb guidelines)"
656086305778944797,288,3R  w/infinity pool+bonfire,Airbnb,3R Villa w/infinity pool+bonfire-ShivomVilla@Pawna,3BHK Villa w/ Infinity Pool,https://www.airbnb.co.in/rooms/656086305778944797,Ready for Automation Sync,"Fixed overflow: old was 50/44 chars (truncated in search cards); Removed non-compliant symbols ('|', '@', '+'); Excluded brand name on Airbnb (strictly complies with Airbnb guidelines)"
14531504,268,Shimla Manor by VEO,Airbnb,Shimla Manor by VEO - Part of StayVista,3BHK Shimla Manor by VEO Manor w/ Lawn,https://www.airbnb.co.in/rooms/14531504,Ready for Automation Sync,Excluded brand name on Airbnb (strictly complies with Airbnb guidelines)
8602984,260,5BR,Airbnb,5BR|Mountain View|StayVista| The Verandah @Bhimtal,5BHK 5BR Villa w/ Mountain View,https://www.airbnb.co.in/rooms/8602984,Ready for Automation Sync,"Fixed overflow: old was 50/44 chars (truncated in search cards); Removed non-compliant symbols ('|', '@', '+'); Excluded brand name on Airbnb (strictly complies with Airbnb guidelines)"
1315780779020935893,4064,8BR,Airbnb,8BR |Heated Infinity Pool|StayVist Ilika @Kasauli,8BHK 8BR Villa w/ Infinity Pool,https://www.airbnb.co.in/rooms/1315780779020935893,Ready for Automation Sync,"Fixed overflow: old was 49/44 chars (truncated in search cards); Removed non-compliant symbols ('|', '@', '+'); Excluded brand name on Airbnb (strictly complies with Airbnb guidelines)"
1410513303075848763,4416,Aarna  w/ Private Pool & Pickleball Court,Airbnb,Aarna Estate w/ Private Pool & Pickleball Court,3BHK Estate w/ Private Pool,https://www.airbnb.co.in/rooms/1410513303075848763,Ready for Automation Sync,Fixed overflow: old was 47/44 chars (truncated in search cards); Excluded brand name on Airbnb (strictly complies with Airbnb guidelines)
655495556116702783,223,5BR,Airbnb,5BR|Pool|StayVista| Greenwoods Villa 10 @Lonavala,5BHK 5BR Villa w/ Pool,https://www.airbnb.co.in/rooms/655495556116702783,Ready for Automation Sync,"Fixed overflow: old was 49/44 chars (truncated in search cards); Removed non-compliant symbols ('|', '@', '+'); Excluded brand name on Airbnb (strictly complies with Airbnb guidelines)"
1508607427164556350,221,4bhk,Airbnb,"4bhk-Pool & Lawn -StayVista@Villa Azul, Lonavala",4BHK 4bhk • Pool & Lawn,https://www.airbnb.co.in/rooms/1508607427164556350,Ready for Automation Sync,"Fixed overflow: old was 48/44 chars (truncated in search cards); Removed non-compliant symbols ('|', '@', '+'); Excluded brand name on Airbnb (strictly complies with Airbnb guidelines)"
1212767102458561677,218,Verde,Airbnb,4R-PureVeg+Pvt Pool-StayVista Villa Verde@Lonavala,3BHK Verde Villa w/ Pool,https://www.airbnb.co.in/rooms/1212767102458561677,Ready for Automation Sync,"Fixed overflow: old was 50/44 chars (truncated in search cards); Removed non-compliant symbols ('|', '@', '+'); Excluded brand name on Airbnb (strictly complies with Airbnb guidelines)"
39430501,217,4BR,Airbnb,4BR|Pool Retreat|StayVista| Bianco Villa @Lonavala,4BHK 4BR Villa w/ Pool,https://www.airbnb.co.in/rooms/39430501,Ready for Automation Sync,"Fixed overflow: old was 50/44 chars (truncated in search cards); Removed non-compliant symbols ('|', '@', '+'); Excluded brand name on Airbnb (strictly complies with Airbnb guidelines)"
669967418523452574,209,6BR,Airbnb,6BR|Rooftop Pool+Beach View|StayVista| Ashore @Goa,6BHK 6BR Villa w/ Pool,https://www.airbnb.co.in/rooms/669967418523452574,Ready for Automation Sync,"Fixed overflow: old was 50/44 chars (truncated in search cards); Removed non-compliant symbols ('|', '@', '+'); Excluded brand name on Airbnb (strictly complies with Airbnb guidelines)"
43039748,166,Le Sutra Geometrica,Airbnb,"Le Sutra Geometrica- 3BR Luxe Pool Villa, Lonavala",3BHK Le Sutra Geometrica Villa w/ Pool,https://www.airbnb.co.in/rooms/43039748,Ready for Automation Sync,Fixed overflow: old was 50/44 chars (truncated in search cards); Excluded brand name on Airbnb (strictly complies with Airbnb guidelines)
659023003643005049,157,5BR w/Pool & Lawn,Airbnb,"5BR w/Pool & Lawn-StayVista Greenwoods 9, Lonavala",5BHK 5BR w/Pool & Lawn • Pool & Lawn,https://www.airbnb.co.in/rooms/659023003643005049,Ready for Automation Sync,Fixed overflow: old was 50/44 chars (truncated in search cards); Excluded brand name on Airbnb (strictly complies with Airbnb guidelines)
684555775428496112,156,Greenwood 8,Airbnb,"5R+Pvt Pool, TT+StayVista Greenwood 8@Lonavala",3BHK Greenwood 8 Villa w/ Pool,https://www.airbnb.co.in/rooms/684555775428496112,Ready for Automation Sync,"Fixed overflow: old was 46/44 chars (truncated in search cards); Removed non-compliant symbols ('|', '@', '+'); Excluded brand name on Airbnb (strictly complies with Airbnb guidelines)"
48387363,1638,The Haven,Airbnb,3BR|Hill Views |StayVista The Haven @ Kasauli Gem!,3BHK The Haven Villa w/ Private Pool,https://www.airbnb.co.in/rooms/48387363,Ready for Automation Sync,"Fixed overflow: old was 50/44 chars (truncated in search cards); Removed non-compliant symbols ('|', '@', '+'); Excluded brand name on Airbnb (strictly complies with Airbnb guidelines)"
1511251970311063360,154,Grande Montana,Airbnb,StayVista at Grande Montana - 3BR w/ Pool & Lawn,3BHK Grande Montana • Pool & Lawn,https://www.airbnb.co.in/rooms/1511251970311063360,Ready for Automation Sync,Fixed overflow: old was 48/44 chars (truncated in search cards); Excluded brand name on Airbnb (strictly complies with Airbnb guidelines)
654838535454913507,130,5BR,Airbnb,5BR|Garden Escape|StayVista| Greenwoods 6@Lonavala,5BHK 5BR Villa w/ Garden,https://www.airbnb.co.in/rooms/654838535454913507,Ready for Automation Sync,"Fixed overflow: old was 50/44 chars (truncated in search cards); Removed non-compliant symbols ('|', '@', '+'); Excluded brand name on Airbnb (strictly complies with Airbnb guidelines)"
22575625,125,La Petite,Airbnb,3BR Mountain View | StayVista La Petite | Lonavala,3BHK La Petite Villa w/ Mountain View,https://www.airbnb.co.in/rooms/22575625,Ready for Automation Sync,"Fixed overflow: old was 50/44 chars (truncated in search cards); Removed non-compliant symbols ('|', '@', '+'); Excluded brand name on Airbnb (strictly complies with Airbnb guidelines)"
1367080432113579342,4337,3BR,Airbnb,3BR |Pool+View|StayVista| Aaranya Villa @Telangana,3BHK 3BR Villa w/ Pool,https://www.airbnb.co.in/rooms/1367080432113579342,Ready for Automation Sync,"Fixed overflow: old was 50/44 chars (truncated in search cards); Removed non-compliant symbols ('|', '@', '+'); Excluded brand name on Airbnb (strictly complies with Airbnb guidelines)"
1475240867734462975,4807,2BR,Airbnb,2BR|Heritage|StayVista|TheClay Courtyard@Bangalore,2BHK 2BR Villa w/ Private Pool,https://www.airbnb.co.in/rooms/1475240867734462975,Ready for Automation Sync,"Fixed overflow: old was 50/44 chars (truncated in search cards); Removed non-compliant symbols ('|', '@', '+'); Excluded brand name on Airbnb (strictly complies with Airbnb guidelines)"
1430098170842692767,4661,Avyanna,Airbnb,"Avyanna Villa - 6 BHK - w/Pool, Veg - Lonavala",6BHK Avyanna Villa w/ Pool,https://www.airbnb.co.in/rooms/1430098170842692767,Ready for Automation Sync,Fixed overflow: old was 46/44 chars (truncated in search cards); Excluded brand name on Airbnb (strictly complies with Airbnb guidelines)
1739168330414181705,Not Found,Sunshine,Airbnb,StayVista at Sunshine Estate,3BHK Sunshine Estate w/ Lawn,https://www.airbnb.co.in/rooms/1739168330414181705,Ready for Automation Sync,Excluded brand name on Airbnb (strictly complies with Airbnb guidelines)
1442728334615727226,4785,4BR,Airbnb,4BR|Views+BBQ|StayVista| Euphoria’s Edge @Majkhali,4BHK 4BR Villa w/ BBQ,https://www.airbnb.co.in/rooms/1442728334615727226,Ready for Automation Sync,"Fixed overflow: old was 50/44 chars (truncated in search cards); Removed non-compliant symbols ('|', '@', '+'); Excluded brand name on Airbnb (strictly complies with Airbnb guidelines)"
1738363624678891377,3416,Wisteria Whispers,Airbnb,StayVista at Wisteria Whispers - 4BR Lawn+Bonfire,4BHK Wisteria Whispers • Lawn & Bonfire,https://www.airbnb.co.in/rooms/1738363624678891377,Ready for Automation Sync,"Fixed overflow: old was 49/44 chars (truncated in search cards); Removed non-compliant symbols ('|', '@', '+'); Excluded brand name on Airbnb (strictly complies with Airbnb guidelines)"
1738919267565651353,1208,Sierra,Airbnb,StayVista at Sierra @ Tulip Terraces-Mountain View,3BHK Sierra • Mountain View & Terrace,https://www.airbnb.co.in/rooms/1738919267565651353,Ready for Automation Sync,"Fixed overflow: old was 50/44 chars (truncated in search cards); Removed non-compliant symbols ('|', '@', '+'); Excluded brand name on Airbnb (strictly complies with Airbnb guidelines)"
1651202918833922307,5237,New Tehri,Airbnb,New Tehri | 3BR Mira @ Tehri Peaks w/Jacuzzi,3BHK New Tehri Villa w/ Jacuzzi,https://www.airbnb.co.in/rooms/1651202918833922307,Ready for Automation Sync,"Removed non-compliant symbols ('|', '@', '+'); Excluded brand name on Airbnb (strictly complies with Airbnb guidelines)"
1533940662037738181,3531,Nyra Farms,Airbnb,"StayVista at Nyra Farms | Pool, Lawn & BBQ",3BHK Nyra Farms • Pool & Lawn,https://www.airbnb.co.in/rooms/1533940662037738181,Ready for Automation Sync,"Removed non-compliant symbols ('|', '@', '+'); Excluded brand name on Airbnb (strictly complies with Airbnb guidelines)"
1731038174486116448,2730,The Magnolia Farm,Airbnb,StayVista at The Magnolia Farm-Indoor Pool&Jacuzzi,3BHK The Magnolia Farm • Pool & Jacuzzi,https://www.airbnb.co.in/rooms/1731038174486116448,Ready for Automation Sync,Fixed overflow: old was 50/44 chars (truncated in search cards); Excluded brand name on Airbnb (strictly complies with Airbnb guidelines)
1019973039509234650,3018,2BR,Airbnb,2BR|Gym+Snooker|StayVista| The Goldilocks @Hajjala,2BHK 2BR Villa w/ Private Pool,https://www.airbnb.co.in/rooms/1019973039509234650,Ready for Automation Sync,"Fixed overflow: old was 50/44 chars (truncated in search cards); Removed non-compliant symbols ('|', '@', '+'); Excluded brand name on Airbnb (strictly complies with Airbnb guidelines)"
1236626473933739875,3900,2BR,Airbnb,2BR |Luxe Pool | StayVista| Aravali Villa @Udaipur,2BHK 2BR Villa w/ Pool,https://www.airbnb.co.in/rooms/1236626473933739875,Ready for Automation Sync,"Fixed overflow: old was 50/44 chars (truncated in search cards); Removed non-compliant symbols ('|', '@', '+'); Excluded brand name on Airbnb (strictly complies with Airbnb guidelines)"
1138194328666798967,3570,5BR,Airbnb,5BR|Nature Escape|StayVista|Silver Oak Farm@Karntk,5BHK 5BR Villa w/ Private Pool,https://www.airbnb.co.in/rooms/1138194328666798967,Ready for Automation Sync,"Fixed overflow: old was 50/44 chars (truncated in search cards); Removed non-compliant symbols ('|', '@', '+'); Excluded brand name on Airbnb (strictly complies with Airbnb guidelines)"
1665880554349745789,5328,Aarzzu,Airbnb,StayVista at Aarzzu w/ Lawn & Pet Friendly,3BHK Aarzzu Villa w/ Lawn,https://www.airbnb.co.in/rooms/1665880554349745789,Ready for Automation Sync,Excluded brand name on Airbnb (strictly complies with Airbnb guidelines)
672062761730535121,1969,3BR,Airbnb,3BR|Beach Escape|StayVista| Mawi Infinity @Arambol,3BHK 3BR Villa w/ Private Pool,https://www.airbnb.co.in/rooms/672062761730535121,Ready for Automation Sync,"Fixed overflow: old was 50/44 chars (truncated in search cards); Removed non-compliant symbols ('|', '@', '+'); Excluded brand name on Airbnb (strictly complies with Airbnb guidelines)"
1650478780672525545,5385,5BR,Airbnb,5BR |Pool|StayVista| Pearl Hillview Mansion@Lonvla,5BHK 5BR Villa w/ Pool,https://www.airbnb.co.in/rooms/1650478780672525545,Ready for Automation Sync,"Fixed overflow: old was 50/44 chars (truncated in search cards); Removed non-compliant symbols ('|', '@', '+'); Excluded brand name on Airbnb (strictly complies with Airbnb guidelines)"
1632425194965689899,1625,Umber,Airbnb,5BR | Jacuzzi Retreat|Lawn @ StayVista Umber Villa,5BHK Umber • Jacuzzi & Lawn,https://www.airbnb.co.in/rooms/1632425194965689899,Ready for Automation Sync,"Fixed overflow: old was 50/44 chars (truncated in search cards); Removed non-compliant symbols ('|', '@', '+'); Excluded brand name on Airbnb (strictly complies with Airbnb guidelines)"
1293146668766566220,4085,Crystal Creek,Airbnb,StayVista at Crystal Creek | Gulmarg Retreat,3BHK Crystal Creek Retreat w/ Lawn,https://www.airbnb.co.in/rooms/1293146668766566220,Ready for Automation Sync,"Removed non-compliant symbols ('|', '@', '+'); Excluded brand name on Airbnb (strictly complies with Airbnb guidelines)"
1137252400439231359,3629,"2BR Oak @ Corbett Calling w/Pvt Pool, Wifi & Lawn",Airbnb,"2BR Oak @ Corbett Calling w/Pvt Pool, Wifi & Lawn",2BHK Villa w/ Pool,https://www.airbnb.co.in/rooms/1137252400439231359,Ready for Automation Sync,"Fixed overflow: old was 49/44 chars (truncated in search cards); Removed non-compliant symbols ('|', '@', '+'); Excluded brand name on Airbnb (strictly complies with Airbnb guidelines)"
1137235661888859662,3628,"4BR Corbett Calling w/Pvt Pool, Lawn & Comp Brkfst",Airbnb,"4BR Corbett Calling w/Pvt Pool, Lawn & Comp Brkfst",4BHK Villa w/ Pool,https://www.airbnb.co.in/rooms/1137235661888859662,Ready for Automation Sync,Fixed overflow: old was 50/44 chars (truncated in search cards); Excluded brand name on Airbnb (strictly complies with Airbnb guidelines)
1120665047797438533,3480,The Manor,Airbnb,"The Manor | Luxury Countryside Stay, Kullu",3BHK The Manor Manor w/ Lawn,https://www.airbnb.co.in/rooms/1120665047797438533,Ready for Automation Sync,"Removed non-compliant symbols ('|', '@', '+'); Excluded brand name on Airbnb (strictly complies with Airbnb guidelines)"
1079453786128193960,2750,Amber @ Golden Triangle by VEO,Airbnb,Amber @ Golden Triangle by VEO - Part of StayVista,3BHK Villa w/ Private Pool,https://www.airbnb.co.in/rooms/1079453786128193960,Ready for Automation Sync,"Fixed overflow: old was 50/44 chars (truncated in search cards); Removed non-compliant symbols ('|', '@', '+'); Excluded brand name on Airbnb (strictly complies with Airbnb guidelines)"
1145517443218309359,2796,Basalt,Airbnb,Basalt - 5 BHK Villa - W/Infinitty Pool - Karjat,5BHK Basalt Villa w/ Pool,https://www.airbnb.co.in/rooms/1145517443218309359,Ready for Automation Sync,Fixed overflow: old was 48/44 chars (truncated in search cards); Excluded brand name on Airbnb (strictly complies with Airbnb guidelines)
942565801431907866,2731,3BR Hill Retreat,Airbnb,3BR Hill Retreat|StayVista| Gaash Cottage@Himachal,3BHK 3BR Hill Retreat Cottage w/ Lawn,https://www.airbnb.co.in/rooms/942565801431907866,Ready for Automation Sync,"Fixed overflow: old was 50/44 chars (truncated in search cards); Removed non-compliant symbols ('|', '@', '+'); Excluded brand name on Airbnb (strictly complies with Airbnb guidelines)"
1228690527552286885,2980,Nook Leopard’s Creek 2BR Luxury  W/Pool Table,Airbnb,Nook Leopard’s Creek 2BR Luxury Villa W/Pool Table,2BHK Villa w/ Pool,https://www.airbnb.co.in/rooms/1228690527552286885,Ready for Automation Sync,Fixed overflow: old was 50/44 chars (truncated in search cards); Excluded brand name on Airbnb (strictly complies with Airbnb guidelines)
1723665371663928943,5688,Gazania,Airbnb,"StayVista at Gazania Villa w/Outdoor Pool, Bonfire",3BHK Gazania • Pool & Bonfire,https://www.airbnb.co.in/rooms/1723665371663928943,Ready for Automation Sync,Fixed overflow: old was 50/44 chars (truncated in search cards); Excluded brand name on Airbnb (strictly complies with Airbnb guidelines)
1698240978652685869,2598,Of Nine,Airbnb,StayVista at House Of Nine,3BHK Of Nine House w/ Lawn,https://www.airbnb.co.in/rooms/1698240978652685869,Ready for Automation Sync,Excluded brand name on Airbnb (strictly complies with Airbnb guidelines)
1588325300842425138,4322,The SolitaireHome,Airbnb,"StayVista at The SolitaireHome w/BBQ, Lawn, Karjat",3BHK The SolitaireHome • Lawn & BBQ,https://www.airbnb.co.in/rooms/1588325300842425138,Ready for Automation Sync,Fixed overflow: old was 50/44 chars (truncated in search cards); Excluded brand name on Airbnb (strictly complies with Airbnb guidelines)
1183840021989901161,3795,"Firelight @ Rustic Retreat, Mall Road Kasauli",Airbnb,"Firelight @ Rustic Retreat, Mall Road Kasauli",3BHK Retreat w/ Lawn,https://www.airbnb.co.in/rooms/1183840021989901161,Ready for Automation Sync,"Fixed overflow: old was 45/44 chars (truncated in search cards); Removed non-compliant symbols ('|', '@', '+'); Excluded brand name on Airbnb (strictly complies with Airbnb guidelines)"
1349701524209432738,4334,5BHK,Airbnb,5BHK |Luxury| StayVista| Serenity Skies Apt@Nashik,5BHK 5BHK Villa w/ Private Pool,https://www.airbnb.co.in/rooms/1349701524209432738,Ready for Automation Sync,"Fixed overflow: old was 50/44 chars (truncated in search cards); Removed non-compliant symbols ('|', '@', '+'); Excluded brand name on Airbnb (strictly complies with Airbnb guidelines)"
1018571112053836596,3091,3BR,Airbnb,3BR|StayVista|Bliss @ Riverfront Retreat - Qaraar,3BHK 3BR Retreat w/ Lawn,https://www.airbnb.co.in/rooms/1018571112053836596,Ready for Automation Sync,"Fixed overflow: old was 49/44 chars (truncated in search cards); Removed non-compliant symbols ('|', '@', '+'); Excluded brand name on Airbnb (strictly complies with Airbnb guidelines)"
1018571100540672974,3090,Peace,Airbnb,StayVista at Peace @ Riverfront Retreat - Qaraar,3BHK Peace Retreat w/ Lawn,https://www.airbnb.co.in/rooms/1018571100540672974,Ready for Automation Sync,"Fixed overflow: old was 48/44 chars (truncated in search cards); Removed non-compliant symbols ('|', '@', '+'); Excluded brand name on Airbnb (strictly complies with Airbnb guidelines)"
1018571089231580567,2797,Riverfront Retreat,Airbnb,StayVista at Riverfront Retreat - Qaraar | Luxury,3BHK Riverfront Retreat Retreat w/ Lawn,https://www.airbnb.co.in/rooms/1018571089231580567,Ready for Automation Sync,"Fixed overflow: old was 49/44 chars (truncated in search cards); Removed non-compliant symbols ('|', '@', '+'); Excluded brand name on Airbnb (strictly complies with Airbnb guidelines)"
1678780196577579048,5521,Papillon,Airbnb,"StayVista at Villa Papillon w/ Pool, Bonfire",3BHK Papillon • Pool & Bonfire,https://www.airbnb.co.in/rooms/1678780196577579048,Ready for Automation Sync,Excluded brand name on Airbnb (strictly complies with Airbnb guidelines)
1531120564300842993,3763,La Sierra,Airbnb,"StayVista at La Sierra w/ Pawna Lake View, WiFi",3BHK La Sierra Villa w/ Lake View,https://www.airbnb.co.in/rooms/1531120564300842993,Ready for Automation Sync,Fixed overflow: old was 47/44 chars (truncated in search cards); Excluded brand name on Airbnb (strictly complies with Airbnb guidelines)
40850614,1048,Lake Mansion,Airbnb,StayVista at Lake Mansion w/ Lawn & Pool,3BHK Lake Mansion • Pool & Lawn,https://www.airbnb.co.in/rooms/40850614,Ready for Automation Sync,Excluded brand name on Airbnb (strictly complies with Airbnb guidelines)
1350533534103663387,4298,Varanasi,Airbnb,Varanasi | Cozy 3BR Sunrise Apt w/Parking & Wifi,3BHK Varanasi Villa w/ Private Pool,https://www.airbnb.co.in/rooms/1350533534103663387,Ready for Automation Sync,"Fixed overflow: old was 48/44 chars (truncated in search cards); Removed non-compliant symbols ('|', '@', '+'); Excluded brand name on Airbnb (strictly complies with Airbnb guidelines)"
826554413957464486,2452,4BR,Airbnb,4BR| Pvt Pool |StayVista| Mediterranean Bliss @Goa,4BHK 4BR Villa w/ Pool,https://www.airbnb.co.in/rooms/826554413957464486,Ready for Automation Sync,"Fixed overflow: old was 50/44 chars (truncated in search cards); Removed non-compliant symbols ('|', '@', '+'); Excluded brand name on Airbnb (strictly complies with Airbnb guidelines)"
1693391444135554436,Not Found,Umrao Bagh,Airbnb,StayVista at Umrao Bagh w/ Pool & Bonfire,3BHK Umrao Bagh • Pool & Bonfire,https://www.airbnb.co.in/rooms/1693391444135554436,Ready for Automation Sync,Excluded brand name on Airbnb (strictly complies with Airbnb guidelines)
1715727106774438017,5680,Greek,Airbnb,StayVista at Greek Villa w/ Private Pool and Lawn,3BHK Greek • Private Pool & Lawn,https://www.airbnb.co.in/rooms/1715727106774438017,Ready for Automation Sync,Fixed overflow: old was 49/44 chars (truncated in search cards); Excluded brand name on Airbnb (strictly complies with Airbnb guidelines)
858339005049944178,2584,Misty Barn,Airbnb,StayVista at Misty Barn | Pet-Friendly 5BR,5BHK Misty Barn Villa w/ Private Pool,https://www.airbnb.co.in/rooms/858339005049944178,Ready for Automation Sync,"Removed non-compliant symbols ('|', '@', '+'); Excluded brand name on Airbnb (strictly complies with Airbnb guidelines)"
793970431262339229,2423,"Le Sutra Udaan @4BR Luxe  w/Jacuzzi, Lonavala",Airbnb,"Le Sutra Udaan @4BR Luxe villa w/Jacuzzi, Lonavala",4BHK Villa w/ Jacuzzi,https://www.airbnb.co.in/rooms/793970431262339229,Ready for Automation Sync,"Fixed overflow: old was 50/44 chars (truncated in search cards); Removed non-compliant symbols ('|', '@', '+'); Excluded brand name on Airbnb (strictly complies with Airbnb guidelines)"
39373208,100,4BR Scenic View Stay,Airbnb,4BR Scenic View Stay | Bungalow 89 Lonavala,4BHK 4BR Scenic View Stay Bungalow w/ Lawn,https://www.airbnb.co.in/rooms/39373208,Ready for Automation Sync,"Removed non-compliant symbols ('|', '@', '+'); Excluded brand name on Airbnb (strictly complies with Airbnb guidelines)"
1654984519903612055,5458,4BR,Airbnb,4BR |Luxe Pool+BBQ|StayVista| Soulscape @Karnataka,4BHK 4BR • Pool & BBQ,https://www.airbnb.co.in/rooms/1654984519903612055,Ready for Automation Sync,"Fixed overflow: old was 50/44 chars (truncated in search cards); Removed non-compliant symbols ('|', '@', '+'); Excluded brand name on Airbnb (strictly complies with Airbnb guidelines)"
1352258049992081879,4443,Bloom @ Shivoham Farms 6 BR  W/Pool in Sohna,Airbnb,Bloom @ Shivoham Farms 6 BR Villa W/Pool in Sohna,6BHK Villa w/ Pool,https://www.airbnb.co.in/rooms/1352258049992081879,Ready for Automation Sync,"Fixed overflow: old was 49/44 chars (truncated in search cards); Removed non-compliant symbols ('|', '@', '+'); Excluded brand name on Airbnb (strictly complies with Airbnb guidelines)"
1226634467150114395,2608,10 by GTV  Luxury Pool  In Delhi,Airbnb,Estate 10 by GTV Estate Luxury Pool Villa In Delhi,3BHK 10 by GTV Luxury Pool In Delhi w/ Pool,https://www.airbnb.co.in/rooms/1226634467150114395,Ready for Automation Sync,Fixed overflow: old was 50/44 chars (truncated in search cards); Excluded brand name on Airbnb (strictly complies with Airbnb guidelines)
1563651807696850635,4093,5BR,Airbnb,5BR|Jacuzzi+Bonfire|StayVista|Hampton Grove@Himach,5BHK 5BR • Jacuzzi & Bonfire,https://www.airbnb.co.in/rooms/1563651807696850635,Ready for Automation Sync,"Fixed overflow: old was 50/44 chars (truncated in search cards); Removed non-compliant symbols ('|', '@', '+'); Excluded brand name on Airbnb (strictly complies with Airbnb guidelines)"
40739507,1027,"1BR @ Amala w/ Wifi, Caretaker, Chef",Airbnb,"1BR @ Amala w/ Wifi, Caretaker, Chef - Kanatal",1BHK Villa w/ Private Pool,https://www.airbnb.co.in/rooms/40739507,Ready for Automation Sync,"Fixed overflow: old was 46/44 chars (truncated in search cards); Removed non-compliant symbols ('|', '@', '+'); Excluded brand name on Airbnb (strictly complies with Airbnb guidelines)"
1380990685143982770,1005,Kanatal,Airbnb,"Kanatal | 2BR @ Amala w/Bonfire, Wifi & Parking.",2BHK Kanatal Villa w/ Bonfire,https://www.airbnb.co.in/rooms/1380990685143982770,Ready for Automation Sync,"Fixed overflow: old was 48/44 chars (truncated in search cards); Removed non-compliant symbols ('|', '@', '+'); Excluded brand name on Airbnb (strictly complies with Airbnb guidelines)"
1564893286691992324,1006,"6BR Amala w/Bonfire, Wi",Airbnb,"6BR Amala w/Bonfire, Wi-Fi & BBQ, Parking & Chef","6BHK 6BR Amala w/Bonfire, Wi • Bonfire & BBQ",https://www.airbnb.co.in/rooms/1564893286691992324,Ready for Automation Sync,Fixed overflow: old was 48/44 chars (truncated in search cards); Excluded brand name on Airbnb (strictly complies with Airbnb guidelines)
1304935248813539682,4174,Gassa Home,Airbnb,2BHK | ScenicLawn | StayVista | Gassa Home@Gangtok,2BHK Gassa Home Villa w/ Private Pool,https://www.airbnb.co.in/rooms/1304935248813539682,Ready for Automation Sync,"Fixed overflow: old was 50/44 chars (truncated in search cards); Removed non-compliant symbols ('|', '@', '+'); Excluded brand name on Airbnb (strictly complies with Airbnb guidelines)"
1734474981679841350,850,Misty Mountains,Airbnb,StayVista at Misty Mountains Cottage-2BR Hill View,2BHK Misty Mountains Cottage w/ Lawn,https://www.airbnb.co.in/rooms/1734474981679841350,Ready for Automation Sync,Fixed overflow: old was 50/44 chars (truncated in search cards); Excluded brand name on Airbnb (strictly complies with Airbnb guidelines)
1735246458904631451,2835,Casa Ember,Airbnb,StayVista at Casa Ember - 4 BHK w/ Private Pool,4BHK Casa Ember Villa w/ Private Pool,https://www.airbnb.co.in/rooms/1735246458904631451,Ready for Automation Sync,Fixed overflow: old was 47/44 chars (truncated in search cards); Excluded brand name on Airbnb (strictly complies with Airbnb guidelines)
1556318981967969151,Not Found,5R,Airbnb,"5R-StayVista Greenwood Seven Villa +Pool, Lonavala",3BHK 5R Villa w/ Pool,https://www.airbnb.co.in/rooms/1556318981967969151,Ready for Automation Sync,"Fixed overflow: old was 50/44 chars (truncated in search cards); Removed non-compliant symbols ('|', '@', '+'); Excluded brand name on Airbnb (strictly complies with Airbnb guidelines)"
1588364350289160966,29,Serene,Airbnb,StayVista at Serene w/ Pool - Karjat,3BHK Serene Villa w/ Pool,https://www.airbnb.co.in/rooms/1588364350289160966,Ready for Automation Sync,Excluded brand name on Airbnb (strictly complies with Airbnb guidelines)
19028419,57,Santoni Farms,Airbnb,StayVista at Santoni Farms - 3 BR,3BHK Santoni Farms Villa w/ Private Pool,https://www.airbnb.co.in/rooms/19028419,Ready for Automation Sync,Excluded brand name on Airbnb (strictly complies with Airbnb guidelines)
1080231264875074262,2826,Badshah Farmstay,Airbnb,3BHK|Pool & Gym|StayVista Badshah Farmstay @Jaipur,3BHK Badshah Farmstay Villa w/ Pool,https://www.airbnb.co.in/rooms/1080231264875074262,Ready for Automation Sync,"Fixed overflow: old was 50/44 chars (truncated in search cards); Removed non-compliant symbols ('|', '@', '+'); Excluded brand name on Airbnb (strictly complies with Airbnb guidelines)"
1044030352482477200,3240,Luxury 1BR Pet Friendly w/ Riverside & Chef,Airbnb,Luxury 1BR Pet Friendly w/ Riverside & Chef,1BHK Villa w/ River View,https://www.airbnb.co.in/rooms/1044030352482477200,Ready for Automation Sync,Excluded brand name on Airbnb (strictly complies with Airbnb guidelines)
816392927814571325,2454,Cedar,Airbnb,StayVista at Cedar | 2BR Villa w/ Jacuzzi & Lawn,2BHK Cedar • Jacuzzi & Lawn,https://www.airbnb.co.in/rooms/816392927814571325,Ready for Automation Sync,"Fixed overflow: old was 48/44 chars (truncated in search cards); Removed non-compliant symbols ('|', '@', '+'); Excluded brand name on Airbnb (strictly complies with Airbnb guidelines)"
1642483955357240032,5262,7BR,Airbnb,7BR |Beachfront|StayVist Sapphire Shores @Alibaug,7BHK 7BR Villa w/ Private Pool,https://www.airbnb.co.in/rooms/1642483955357240032,Ready for Automation Sync,"Fixed overflow: old was 49/44 chars (truncated in search cards); Removed non-compliant symbols ('|', '@', '+'); Excluded brand name on Airbnb (strictly complies with Airbnb guidelines)"
1642548453456396856,5462,4BR,Airbnb,4BR|Garden Escape|StayVista|Pranamya Villa@Alibaug,4BHK 4BR Villa w/ Garden,https://www.airbnb.co.in/rooms/1642548453456396856,Ready for Automation Sync,"Fixed overflow: old was 50/44 chars (truncated in search cards); Removed non-compliant symbols ('|', '@', '+'); Excluded brand name on Airbnb (strictly complies with Airbnb guidelines)"
1594674206435465196,5215,6BR,Airbnb,6BR|Infinity Pool|StayVista| Montara View@Igatpuri,6BHK 6BR Villa w/ Infinity Pool,https://www.airbnb.co.in/rooms/1594674206435465196,Ready for Automation Sync,"Fixed overflow: old was 50/44 chars (truncated in search cards); Removed non-compliant symbols ('|', '@', '+'); Excluded brand name on Airbnb (strictly complies with Airbnb guidelines)"
1603371211301598547,5260,3BR,Airbnb,3BR|Riverfront Stay|StayVista| Maison Vera@Lonavla,3BHK 3BR Villa w/ Private Pool,https://www.airbnb.co.in/rooms/1603371211301598547,Ready for Automation Sync,"Fixed overflow: old was 50/44 chars (truncated in search cards); Removed non-compliant symbols ('|', '@', '+'); Excluded brand name on Airbnb (strictly complies with Airbnb guidelines)"
1584482283138792342,4903,2BR,Airbnb,2BR |Pool+Lawn+BBQ|StayVista| Treeansh @Punjab,2BHK 2BR • Pool & Lawn,https://www.airbnb.co.in/rooms/1584482283138792342,Ready for Automation Sync,"Fixed overflow: old was 46/44 chars (truncated in search cards); Removed non-compliant symbols ('|', '@', '+'); Excluded brand name on Airbnb (strictly complies with Airbnb guidelines)"
1546927696612941625,5006,4BR,Airbnb,4BR|Lake+Pool|StayVista|Nilaya In The Hills@Udaipr,4BHK 4BR Villa w/ Pool,https://www.airbnb.co.in/rooms/1546927696612941625,Ready for Automation Sync,"Fixed overflow: old was 50/44 chars (truncated in search cards); Removed non-compliant symbols ('|', '@', '+'); Excluded brand name on Airbnb (strictly complies with Airbnb guidelines)"
1522316558908981036,5021,3BR,Airbnb,3BR|Pool+Views|StayVista|Samar Fateh Garh @Udaipur,3BHK 3BR Villa w/ Pool,https://www.airbnb.co.in/rooms/1522316558908981036,Ready for Automation Sync,"Fixed overflow: old was 50/44 chars (truncated in search cards); Removed non-compliant symbols ('|', '@', '+'); Excluded brand name on Airbnb (strictly complies with Airbnb guidelines)"
1501292975805690243,4922,5BR,Airbnb,5BR|Pool+BBQ|StayVista|Orchard by theRiver@Lonavla,5BHK 5BR • Pool & BBQ,https://www.airbnb.co.in/rooms/1501292975805690243,Ready for Automation Sync,"Fixed overflow: old was 50/44 chars (truncated in search cards); Removed non-compliant symbols ('|', '@', '+'); Excluded brand name on Airbnb (strictly complies with Airbnb guidelines)"
1583997549764709911,4884,3BR,Airbnb,3BR| Tub+WiFi+View|StayVista| Clairmont Arc@Karjat,3BHK 3BR Villa w/ Private Pool,https://www.airbnb.co.in/rooms/1583997549764709911,Ready for Automation Sync,"Fixed overflow: old was 50/44 chars (truncated in search cards); Removed non-compliant symbols ('|', '@', '+'); Excluded brand name on Airbnb (strictly complies with Airbnb guidelines)"
1509179876395918590,4908,5BR,Airbnb,5BR |Pool+Games|StayVista| Villa Lemonade @Alibaug,5BHK 5BR Villa w/ Pool,https://www.airbnb.co.in/rooms/1509179876395918590,Ready for Automation Sync,"Fixed overflow: old was 50/44 chars (truncated in search cards); Removed non-compliant symbols ('|', '@', '+'); Excluded brand name on Airbnb (strictly complies with Airbnb guidelines)"
1420037749736276483,4690,8BR,Airbnb,8BR|Hill Stay|StayVist| Himalayan Echo @Chaukhuta,8BHK 8BR Villa w/ Private Pool,https://www.airbnb.co.in/rooms/1420037749736276483,Ready for Automation Sync,"Fixed overflow: old was 49/44 chars (truncated in search cards); Removed non-compliant symbols ('|', '@', '+'); Excluded brand name on Airbnb (strictly complies with Airbnb guidelines)"
1631132675659226373,4522,3BR,Airbnb,3BR |Jacuzzi+Bonfire|StayVista| Anant @Mussoorie,3BHK 3BR • Jacuzzi & Bonfire,https://www.airbnb.co.in/rooms/1631132675659226373,Ready for Automation Sync,"Fixed overflow: old was 48/44 chars (truncated in search cards); Removed non-compliant symbols ('|', '@', '+'); Excluded brand name on Airbnb (strictly complies with Airbnb guidelines)"
1549080337594543705,4464,5BR,Airbnb,5BR|BBQ Retrt+Pool|StayVista|Horizon Villa@Lonavla,5BHK 5BR • Pool & BBQ,https://www.airbnb.co.in/rooms/1549080337594543705,Ready for Automation Sync,"Fixed overflow: old was 50/44 chars (truncated in search cards); Removed non-compliant symbols ('|', '@', '+'); Excluded brand name on Airbnb (strictly complies with Airbnb guidelines)"
1528661526883852456,1787,3BR Ivy @ Albert  w/Wifi & Bonfire,Airbnb,3BR Ivy @ Albert Estate w/Wifi & Bonfire,3BHK Estate w/ Bonfire,https://www.airbnb.co.in/rooms/1528661526883852456,Ready for Automation Sync,"Removed non-compliant symbols ('|', '@', '+'); Excluded brand name on Airbnb (strictly complies with Airbnb guidelines)"
1298373001524658066,2449,3BR,Airbnb,3BR- Breezy Whispers w/ Pool in Igatpuri,3BHK 3BR Villa w/ Pool,https://www.airbnb.co.in/rooms/1298373001524658066,Ready for Automation Sync,Excluded brand name on Airbnb (strictly complies with Airbnb guidelines)
1350449368740364169,4271,5BR,Airbnb,5BR|Poolside Lawn|StayVista| Blisswood Cottage@Nsk,5BHK 5BR Cottage w/ Lawn,https://www.airbnb.co.in/rooms/1350449368740364169,Ready for Automation Sync,"Fixed overflow: old was 50/44 chars (truncated in search cards); Removed non-compliant symbols ('|', '@', '+'); Excluded brand name on Airbnb (strictly complies with Airbnb guidelines)"
659139512578811337,1582,"5BR Family  w/Chef, Parking & Wifi",Airbnb,"5BR Family Cottage w/Chef, Parking & Wifi",5BHK Cottage w/ Lawn,https://www.airbnb.co.in/rooms/659139512578811337,Ready for Automation Sync,Excluded brand name on Airbnb (strictly complies with Airbnb guidelines)
1387503413238385309,4377,3BR,Airbnb,3BR |Nature Escape|StayVista|Under the Stars @Ooty,3BHK 3BR Villa w/ Private Pool,https://www.airbnb.co.in/rooms/1387503413238385309,Ready for Automation Sync,"Fixed overflow: old was 50/44 chars (truncated in search cards); Removed non-compliant symbols ('|', '@', '+'); Excluded brand name on Airbnb (strictly complies with Airbnb guidelines)"
1564980419551836168,4361,2BR,Airbnb,2BR|Gazebo|StayVista| Hearth & Haven @Casuarina,2BHK 2BR Villa w/ Gazebo,https://www.airbnb.co.in/rooms/1564980419551836168,Ready for Automation Sync,"Fixed overflow: old was 47/44 chars (truncated in search cards); Removed non-compliant symbols ('|', '@', '+'); Excluded brand name on Airbnb (strictly complies with Airbnb guidelines)"
1431613588131013445,4154,7BR,Airbnb,7BR|Architect Villa|StayVista| Pranah @Lonavala,7BHK 7BR Villa w/ Private Pool,https://www.airbnb.co.in/rooms/1431613588131013445,Ready for Automation Sync,"Fixed overflow: old was 47/44 chars (truncated in search cards); Removed non-compliant symbols ('|', '@', '+'); Excluded brand name on Airbnb (strictly complies with Airbnb guidelines)"
1567954339880235137,4254,Beyond Infinity,Airbnb,5BR |Pool+Views|StayVista Beyond Infinity @Lonavla,5BHK Beyond Infinity Villa w/ Pool,https://www.airbnb.co.in/rooms/1567954339880235137,Ready for Automation Sync,"Fixed overflow: old was 50/44 chars (truncated in search cards); Removed non-compliant symbols ('|', '@', '+'); Excluded brand name on Airbnb (strictly complies with Airbnb guidelines)"
1354089827900697498,2135,5BR,Airbnb,5BR|Luxury Stay|StayVista| Gulmohar Estate@Kasauli,5BHK 5BR Estate w/ Lawn,https://www.airbnb.co.in/rooms/1354089827900697498,Ready for Automation Sync,"Fixed overflow: old was 50/44 chars (truncated in search cards); Removed non-compliant symbols ('|', '@', '+'); Excluded brand name on Airbnb (strictly complies with Airbnb guidelines)"
1524510268068295906,4153,4BR,Airbnb,4BR|Pool+Deck|StayVista| Laguna Escape @Dhom Dam,4BHK 4BR Villa w/ Pool,https://www.airbnb.co.in/rooms/1524510268068295906,Ready for Automation Sync,"Fixed overflow: old was 48/44 chars (truncated in search cards); Removed non-compliant symbols ('|', '@', '+'); Excluded brand name on Airbnb (strictly complies with Airbnb guidelines)"
1379532757554340272,4055,2BR,Airbnb,2BR|Hilltop Stay|StayVista|Aspen@Elysium Estate@HP,2BHK 2BR Estate w/ Lawn,https://www.airbnb.co.in/rooms/1379532757554340272,Ready for Automation Sync,"Fixed overflow: old was 50/44 chars (truncated in search cards); Removed non-compliant symbols ('|', '@', '+'); Excluded brand name on Airbnb (strictly complies with Airbnb guidelines)"
1295374809200604850,4056,2BR,Airbnb,2BR|Luxury Stay+Bonfir|StayVista|Vivaan Cheerio@HP,2BHK 2BR Villa w/ Private Pool,https://www.airbnb.co.in/rooms/1295374809200604850,Ready for Automation Sync,"Fixed overflow: old was 50/44 chars (truncated in search cards); Removed non-compliant symbols ('|', '@', '+'); Excluded brand name on Airbnb (strictly complies with Airbnb guidelines)"
1304151522057468015,4025,6BR,Airbnb,6BR|Pool+Games|StayVista| Casa Frangipani @Alibaug,6BHK 6BR Villa w/ Pool,https://www.airbnb.co.in/rooms/1304151522057468015,Ready for Automation Sync,"Fixed overflow: old was 50/44 chars (truncated in search cards); Removed non-compliant symbols ('|', '@', '+'); Excluded brand name on Airbnb (strictly complies with Airbnb guidelines)"
1262933164228113606,3987,7BR,Airbnb,7BR|Mountain+Pool|StayVista| Dolce Montagna@Lonvla,7BHK 7BR Villa w/ Pool,https://www.airbnb.co.in/rooms/1262933164228113606,Ready for Automation Sync,"Fixed overflow: old was 50/44 chars (truncated in search cards); Removed non-compliant symbols ('|', '@', '+'); Excluded brand name on Airbnb (strictly complies with Airbnb guidelines)"
1422937428570031682,4748,Silver Oak,Airbnb,Silver Oak | 3BR Luxury Mountain Cabin in Manali,3BHK Silver Oak Villa w/ Private Pool,https://www.airbnb.co.in/rooms/1422937428570031682,Ready for Automation Sync,"Fixed overflow: old was 48/44 chars (truncated in search cards); Removed non-compliant symbols ('|', '@', '+'); Excluded brand name on Airbnb (strictly complies with Airbnb guidelines)"
1422888740163059302,4747,Golden Pine Luxury 3 BR Wooden  in Manali,Airbnb,Golden Pine Luxury 3 BR Wooden Cottage in Manali,3BHK Cottage w/ Lawn,https://www.airbnb.co.in/rooms/1422888740163059302,Ready for Automation Sync,Fixed overflow: old was 48/44 chars (truncated in search cards); Excluded brand name on Airbnb (strictly complies with Airbnb guidelines)
1044589684801677252,3176,5BR,Airbnb,5BR |Hill Escape|StayVista| The West Wind @Ooty,5BHK 5BR Villa w/ Private Pool,https://www.airbnb.co.in/rooms/1044589684801677252,Ready for Automation Sync,"Fixed overflow: old was 47/44 chars (truncated in search cards); Removed non-compliant symbols ('|', '@', '+'); Excluded brand name on Airbnb (strictly complies with Airbnb guidelines)"
1422256687923874991,4711,6BR Luxury Hill,Airbnb,6BR Luxury Hill Cottage | Retreat Cottages @Manali,6BHK 6BR Luxury Hill Cottage w/ Lawn,https://www.airbnb.co.in/rooms/1422256687923874991,Ready for Automation Sync,"Fixed overflow: old was 50/44 chars (truncated in search cards); Removed non-compliant symbols ('|', '@', '+'); Excluded brand name on Airbnb (strictly complies with Airbnb guidelines)"
756273865179897178,2349,2BR,Airbnb,2BR |Brkfst+Views|StayVista| The Alcove @Ooty,2BHK 2BR Villa w/ Private Pool,https://www.airbnb.co.in/rooms/756273865179897178,Ready for Automation Sync,"Fixed overflow: old was 45/44 chars (truncated in search cards); Removed non-compliant symbols ('|', '@', '+'); Excluded brand name on Airbnb (strictly complies with Airbnb guidelines)"
1314295580432027417,2195,4BR,Airbnb,4BR| Heritage Stay|StayVista| Springfield @Kasauli,4BHK 4BR Villa w/ Private Pool,https://www.airbnb.co.in/rooms/1314295580432027417,Ready for Automation Sync,"Fixed overflow: old was 50/44 chars (truncated in search cards); Removed non-compliant symbols ('|', '@', '+'); Excluded brand name on Airbnb (strictly complies with Airbnb guidelines)"
633043817307642846,2144,6BR,Airbnb,6BR|BBQ+Bonfire|StayVista| Vintage Retreat@Bhimtal,6BHK 6BR • Bonfire & BBQ,https://www.airbnb.co.in/rooms/633043817307642846,Ready for Automation Sync,"Fixed overflow: old was 50/44 chars (truncated in search cards); Removed non-compliant symbols ('|', '@', '+'); Excluded brand name on Airbnb (strictly complies with Airbnb guidelines)"
1351280425107989760,2142,6BR,Airbnb,6BR |Pool+Games|StayVista| The CinCin @Lonavala,6BHK 6BR Villa w/ Pool,https://www.airbnb.co.in/rooms/1351280425107989760,Ready for Automation Sync,"Fixed overflow: old was 47/44 chars (truncated in search cards); Removed non-compliant symbols ('|', '@', '+'); Excluded brand name on Airbnb (strictly complies with Airbnb guidelines)"
1378779314125423272,2045,9BR,Airbnb,9BR|Infinity Pool|StayVista| Vine & Splash@Lonvala,9BHK 9BR Villa w/ Infinity Pool,https://www.airbnb.co.in/rooms/1378779314125423272,Ready for Automation Sync,"Fixed overflow: old was 50/44 chars (truncated in search cards); Removed non-compliant symbols ('|', '@', '+'); Excluded brand name on Airbnb (strictly complies with Airbnb guidelines)"
54044091,1903,3BR,Airbnb,3BR|Pool+Jacuzzi|StayVista| Tinted Skies @Wada,3BHK 3BR • Pool & Jacuzzi,https://www.airbnb.co.in/rooms/54044091,Ready for Automation Sync,"Fixed overflow: old was 46/44 chars (truncated in search cards); Removed non-compliant symbols ('|', '@', '+'); Excluded brand name on Airbnb (strictly complies with Airbnb guidelines)"
673592499205481656,883,3BR,Airbnb,3BR|Pool+Lux|StayVista|Firefly Homestay@Whitefield,3BHK 3BR Homestay w/ Pool,https://www.airbnb.co.in/rooms/673592499205481656,Ready for Automation Sync,"Fixed overflow: old was 50/44 chars (truncated in search cards); Removed non-compliant symbols ('|', '@', '+'); Excluded brand name on Airbnb (strictly complies with Airbnb guidelines)"
651984547333712116,1754,5BR,Airbnb,5BR|Games+Pool|StayVista| Reflection House@Alibaug,5BHK 5BR House w/ Pool,https://www.airbnb.co.in/rooms/651984547333712116,Ready for Automation Sync,"Fixed overflow: old was 50/44 chars (truncated in search cards); Removed non-compliant symbols ('|', '@', '+'); Excluded brand name on Airbnb (strictly complies with Airbnb guidelines)"
656959555152049681,1544,6BR,Airbnb,6BR|Luxury Pool|StayVista| Mountain Crest @Kasauli,6BHK 6BR Villa w/ Pool,https://www.airbnb.co.in/rooms/656959555152049681,Ready for Automation Sync,"Fixed overflow: old was 50/44 chars (truncated in search cards); Removed non-compliant symbols ('|', '@', '+'); Excluded brand name on Airbnb (strictly complies with Airbnb guidelines)"
1446158152809596745,1140,2BR,Airbnb,2BR|Forest View|StayVista| Destine Cottage@Kasauli,2BHK 2BR Cottage w/ Lawn,https://www.airbnb.co.in/rooms/1446158152809596745,Ready for Automation Sync,"Fixed overflow: old was 50/44 chars (truncated in search cards); Removed non-compliant symbols ('|', '@', '+'); Excluded brand name on Airbnb (strictly complies with Airbnb guidelines)"
1572317221260630998,1765,4BR,Airbnb,4BR|Nature+Pool |StayVista| Classique Woods@Karjat,4BHK 4BR Villa w/ Pool,https://www.airbnb.co.in/rooms/1572317221260630998,Ready for Automation Sync,"Fixed overflow: old was 50/44 chars (truncated in search cards); Removed non-compliant symbols ('|', '@', '+'); Excluded brand name on Airbnb (strictly complies with Airbnb guidelines)"
1578875562762067339,5194,5BR,Airbnb,5BR |Pool+BBQ|StayVista| Maison Privée @Siolim,5BHK 5BR • Pool & BBQ,https://www.airbnb.co.in/rooms/1578875562762067339,Ready for Automation Sync,"Fixed overflow: old was 46/44 chars (truncated in search cards); Removed non-compliant symbols ('|', '@', '+'); Excluded brand name on Airbnb (strictly complies with Airbnb guidelines)"
1562183079401694038,4921,5BR,Airbnb,5BR |Infinity Pool|StayVista| Miraai Farm @Nashik,5BHK 5BR Villa w/ Infinity Pool,https://www.airbnb.co.in/rooms/1562183079401694038,Ready for Automation Sync,"Fixed overflow: old was 49/44 chars (truncated in search cards); Removed non-compliant symbols ('|', '@', '+'); Excluded brand name on Airbnb (strictly complies with Airbnb guidelines)"
1563472056139992908,5087,3BR,Airbnb,3BR|Pool+AC+WIFI|StayVista| Canton Villa @Nashik,3BHK 3BR Villa w/ Pool,https://www.airbnb.co.in/rooms/1563472056139992908,Ready for Automation Sync,"Fixed overflow: old was 48/44 chars (truncated in search cards); Removed non-compliant symbols ('|', '@', '+'); Excluded brand name on Airbnb (strictly complies with Airbnb guidelines)"
1567289421318952517,5019,7BR,Airbnb,7BR|Pool+Games|StayVista|House of Believer @Jaipur,7BHK 7BR House w/ Pool,https://www.airbnb.co.in/rooms/1567289421318952517,Ready for Automation Sync,"Fixed overflow: old was 50/44 chars (truncated in search cards); Removed non-compliant symbols ('|', '@', '+'); Excluded brand name on Airbnb (strictly complies with Airbnb guidelines)"
1519344612102864988,4996,3BR,Airbnb,3BR|Pool+River View|StayVista| The Arks Villa @Goa,3BHK 3BR • Pool & River View,https://www.airbnb.co.in/rooms/1519344612102864988,Ready for Automation Sync,"Fixed overflow: old was 50/44 chars (truncated in search cards); Removed non-compliant symbols ('|', '@', '+'); Excluded brand name on Airbnb (strictly complies with Airbnb guidelines)"
1492613314913436518,4949,4BR,Airbnb,4BR|Pool+Hill Views|StayVista| Kankas House@Bagwra,4BHK 4BR House w/ Pool,https://www.airbnb.co.in/rooms/1492613314913436518,Ready for Automation Sync,"Fixed overflow: old was 50/44 chars (truncated in search cards); Removed non-compliant symbols ('|', '@', '+'); Excluded brand name on Airbnb (strictly complies with Airbnb guidelines)"
1588412965187947211,1731,5bhk Arihant  w/ Pvt Pool @ Lonavala,Airbnb,5bhk Arihant Villa w/ Pvt Pool @ Lonavala,5BHK Villa w/ Pool,https://www.airbnb.co.in/rooms/1588412965187947211,Ready for Automation Sync,"Removed non-compliant symbols ('|', '@', '+'); Excluded brand name on Airbnb (strictly complies with Airbnb guidelines)"
1236758298882788036,3787,4BR,Airbnb,4BR|Nature Retreat-Le Mistral@Kodaikanal,4BHK 4BR Retreat w/ Lawn,https://www.airbnb.co.in/rooms/1236758298882788036,Ready for Automation Sync,"Removed non-compliant symbols ('|', '@', '+'); Excluded brand name on Airbnb (strictly complies with Airbnb guidelines)"
1225022253375934965,1647,3BHK Private Pool Paradise,Airbnb,3BHK Private Pool Paradise |Ananda,3BHK Villa w/ Private Pool,https://www.airbnb.co.in/rooms/1225022253375934965,Ready for Automation Sync,"Removed non-compliant symbols ('|', '@', '+'); Excluded brand name on Airbnb (strictly complies with Airbnb guidelines)"
948271139345197162,2709,5BR,Airbnb,5BR|Sea View+Games| Villa Sereno@Alibaug,5BHK 5BR Villa w/ Private Pool,https://www.airbnb.co.in/rooms/948271139345197162,Ready for Automation Sync,"Removed non-compliant symbols ('|', '@', '+'); Excluded brand name on Airbnb (strictly complies with Airbnb guidelines)"
1214353039427419645,3821,4BR,Airbnb,4BR|Pvt Pool | Stonescape@Nashik Retreat,4BHK 4BR Retreat w/ Pool,https://www.airbnb.co.in/rooms/1214353039427419645,Ready for Automation Sync,"Removed non-compliant symbols ('|', '@', '+'); Excluded brand name on Airbnb (strictly complies with Airbnb guidelines)"
1441812430834161114,4780,10BR,Airbnb,10BR|Pool+BBQ+WIFI|StayVista| Roźe Home @Calangute,10BHK 10BR • Pool & BBQ,https://www.airbnb.co.in/rooms/1441812430834161114,Ready for Automation Sync,"Fixed overflow: old was 50/44 chars (truncated in search cards); Removed non-compliant symbols ('|', '@', '+'); Excluded brand name on Airbnb (strictly complies with Airbnb guidelines)"
1422948046678590966,4700,7BR,Airbnb,7BR |Mountain Escape|StayVista| The Altair @Sarion,7BHK 7BR Villa w/ Private Pool,https://www.airbnb.co.in/rooms/1422948046678590966,Ready for Automation Sync,"Fixed overflow: old was 50/44 chars (truncated in search cards); Removed non-compliant symbols ('|', '@', '+'); Excluded brand name on Airbnb (strictly complies with Airbnb guidelines)"
1389009652460406873,4561,"Luxury 3BR , Pool & Lawn Malviya NagarJaipur",Airbnb,"Luxury 3BR Villa, Pool & Lawn Malviya NagarJaipur",3BHK Villa w/ Pool,https://www.airbnb.co.in/rooms/1389009652460406873,Ready for Automation Sync,Fixed overflow: old was 49/44 chars (truncated in search cards); Excluded brand name on Airbnb (strictly complies with Airbnb guidelines)
1415768667960794491,4498,3BR,Airbnb,3BR|Luxury Pool|StayVista| Villa Blanca @Gangapur,3BHK 3BR Villa w/ Pool,https://www.airbnb.co.in/rooms/1415768667960794491,Ready for Automation Sync,"Fixed overflow: old was 49/44 chars (truncated in search cards); Removed non-compliant symbols ('|', '@', '+'); Excluded brand name on Airbnb (strictly complies with Airbnb guidelines)"
1387500192087116790,4466,2BR,Airbnb,2BR|Pet Friendly|StayVista| Valley Whispers @Ketty,2BHK 2BR Villa w/ Private Pool,https://www.airbnb.co.in/rooms/1387500192087116790,Ready for Automation Sync,"Fixed overflow: old was 50/44 chars (truncated in search cards); Removed non-compliant symbols ('|', '@', '+'); Excluded brand name on Airbnb (strictly complies with Airbnb guidelines)"
1512775590914132334,4461,2BR,Airbnb,2BR|Pool Retreat|StayVista| Asteria Enclave@Nashik,2BHK 2BR Retreat w/ Pool,https://www.airbnb.co.in/rooms/1512775590914132334,Ready for Automation Sync,"Fixed overflow: old was 50/44 chars (truncated in search cards); Removed non-compliant symbols ('|', '@', '+'); Excluded brand name on Airbnb (strictly complies with Airbnb guidelines)"
1310587805208812447,Not Found,3BR Juneo Orchards w/Nearby Hike & Trails @Rajgarh,Airbnb,3BR Juneo Orchards w/Nearby Hike & Trails @Rajgarh,3BHK Villa w/ Orchard,https://www.airbnb.co.in/rooms/1310587805208812447,Ready for Automation Sync,"Fixed overflow: old was 50/44 chars (truncated in search cards); Removed non-compliant symbols ('|', '@', '+'); Excluded brand name on Airbnb (strictly complies with Airbnb guidelines)"
1079653407750237146,Not Found,2BR Ornate,Airbnb,2BR Ornate-Juneo Orchards/Bonfire @Rajgarh Kasauli,2BHK 2BR Ornate • Bonfire & Orchard,https://www.airbnb.co.in/rooms/1079653407750237146,Ready for Automation Sync,"Fixed overflow: old was 50/44 chars (truncated in search cards); Removed non-compliant symbols ('|', '@', '+'); Excluded brand name on Airbnb (strictly complies with Airbnb guidelines)"
1079660898447516453,Not Found,1BR Modesto,Airbnb,1BR Modesto-Juneo Orchards w/Bonfire @ Rajgarh,1BHK 1BR Modesto • Bonfire & Orchard,https://www.airbnb.co.in/rooms/1079660898447516453,Ready for Automation Sync,"Fixed overflow: old was 46/44 chars (truncated in search cards); Removed non-compliant symbols ('|', '@', '+'); Excluded brand name on Airbnb (strictly complies with Airbnb guidelines)"
1385238391275584278,4325,4BR Hill Escape,Airbnb,4BR Hill Escape|StayVista| Serenity Sunny Side @TN,4BHK 4BR Hill Escape Villa w/ Private Pool,https://www.airbnb.co.in/rooms/1385238391275584278,Ready for Automation Sync,"Fixed overflow: old was 50/44 chars (truncated in search cards); Removed non-compliant symbols ('|', '@', '+'); Excluded brand name on Airbnb (strictly complies with Airbnb guidelines)"
1348322081743047880,4318,5BR,Airbnb,5BR|Jacuzzi|StayVista| Palazzo in the Munt@Lonavla,5BHK 5BR Villa w/ Jacuzzi,https://www.airbnb.co.in/rooms/1348322081743047880,Ready for Automation Sync,"Fixed overflow: old was 50/44 chars (truncated in search cards); Removed non-compliant symbols ('|', '@', '+'); Excluded brand name on Airbnb (strictly complies with Airbnb guidelines)"
1364921048180205167,4231,4BR,Airbnb,4BR |Pet Friendly|StayVista| Three Rivers @Madapur,4BHK 4BR Villa w/ Private Pool,https://www.airbnb.co.in/rooms/1364921048180205167,Ready for Automation Sync,"Fixed overflow: old was 50/44 chars (truncated in search cards); Removed non-compliant symbols ('|', '@', '+'); Excluded brand name on Airbnb (strictly complies with Airbnb guidelines)"
953179160767334184,2804,Ivory Elaris,Airbnb,"StayVista at Ivory Elaris w/ Bonfire, Pool, Lawn",3BHK Ivory Elaris • Pool & Lawn,https://www.airbnb.co.in/rooms/953179160767334184,Ready for Automation Sync,Fixed overflow: old was 48/44 chars (truncated in search cards); Excluded brand name on Airbnb (strictly complies with Airbnb guidelines)
953179187960352972,2803,Pearl,Airbnb,"StayVista at Pearl @ Elaris w/ Bonfire, Pool, Lawn",3BHK Pearl • Pool & Lawn,https://www.airbnb.co.in/rooms/953179187960352972,Ready for Automation Sync,"Fixed overflow: old was 50/44 chars (truncated in search cards); Removed non-compliant symbols ('|', '@', '+'); Excluded brand name on Airbnb (strictly complies with Airbnb guidelines)"
953172942811348446,2785,Elaris,Airbnb,"StayVista at Elaris w/ Bonfire, Pool, Lawn",3BHK Elaris • Pool & Lawn,https://www.airbnb.co.in/rooms/953172942811348446,Ready for Automation Sync,Excluded brand name on Airbnb (strictly complies with Airbnb guidelines)
1062034434267534905,3137,3BR,Airbnb,3BR|Coastal Escape|StayVista|The Courtyard@Alibaug,3BHK 3BR Villa w/ Private Pool,https://www.airbnb.co.in/rooms/1062034434267534905,Ready for Automation Sync,"Fixed overflow: old was 50/44 chars (truncated in search cards); Removed non-compliant symbols ('|', '@', '+'); Excluded brand name on Airbnb (strictly complies with Airbnb guidelines)"
1229506718560250720,3901,9BR,Airbnb,9BR|Firepit Stay|StayVista|Alpha and Peek @Srinaga,9BHK 9BR Villa w/ Private Pool,https://www.airbnb.co.in/rooms/1229506718560250720,Ready for Automation Sync,"Fixed overflow: old was 50/44 chars (truncated in search cards); Removed non-compliant symbols ('|', '@', '+'); Excluded brand name on Airbnb (strictly complies with Airbnb guidelines)"
1532317768565942106,3850,3BR,Airbnb,3BR |Hill Escape|StayVista| Mountain Whispers @UK,3BHK 3BR Villa w/ Private Pool,https://www.airbnb.co.in/rooms/1532317768565942106,Ready for Automation Sync,"Fixed overflow: old was 49/44 chars (truncated in search cards); Removed non-compliant symbols ('|', '@', '+'); Excluded brand name on Airbnb (strictly complies with Airbnb guidelines)"
656079073576721705,695,6BR Maximus  Lonavala W/Pool,Airbnb,6BR Maximus Villa Lonavala W/Pool,6BHK 6BR Maximus Lonavala W/Pool w/ Pool,https://www.airbnb.co.in/rooms/656079073576721705,Ready for Automation Sync,Excluded brand name on Airbnb (strictly complies with Airbnb guidelines)
1183695880491420185,3745,4BR,Airbnb,4BR|Bonfire Stay|StayVista| Rustic Retreat@Kasauli,4BHK 4BR Retreat w/ Bonfire,https://www.airbnb.co.in/rooms/1183695880491420185,Ready for Automation Sync,"Fixed overflow: old was 50/44 chars (truncated in search cards); Removed non-compliant symbols ('|', '@', '+'); Excluded brand name on Airbnb (strictly complies with Airbnb guidelines)"
1217019921607687717,3708,6BR,Airbnb,6BR |Lake+Jacuzzi|StayVista| Evara Villa @Lonavala,6BHK 6BR Villa w/ Jacuzzi,https://www.airbnb.co.in/rooms/1217019921607687717,Ready for Automation Sync,"Fixed overflow: old was 50/44 chars (truncated in search cards); Removed non-compliant symbols ('|', '@', '+'); Excluded brand name on Airbnb (strictly complies with Airbnb guidelines)"
1116529321161868980,3522,6BR,Airbnb,6BR|Luxury Pool|StayVista| Minty Mirage @Vadgaon,6BHK 6BR Villa w/ Pool,https://www.airbnb.co.in/rooms/1116529321161868980,Ready for Automation Sync,"Fixed overflow: old was 48/44 chars (truncated in search cards); Removed non-compliant symbols ('|', '@', '+'); Excluded brand name on Airbnb (strictly complies with Airbnb guidelines)"
1106286026338594084,3454,5BR,Airbnb,5BR|LuxPool+Deck|StayVista| Mangifera Estate @Atit,5BHK 5BR Estate w/ Lawn,https://www.airbnb.co.in/rooms/1106286026338594084,Ready for Automation Sync,"Fixed overflow: old was 50/44 chars (truncated in search cards); Removed non-compliant symbols ('|', '@', '+'); Excluded brand name on Airbnb (strictly complies with Airbnb guidelines)"
1082310642709752982,3370,4BR,Airbnb,4BR|Lake+Mountain|StayVista| Villa Terra@Panchgani,4BHK 4BR Villa w/ Private Pool,https://www.airbnb.co.in/rooms/1082310642709752982,Ready for Automation Sync,"Fixed overflow: old was 50/44 chars (truncated in search cards); Removed non-compliant symbols ('|', '@', '+'); Excluded brand name on Airbnb (strictly complies with Airbnb guidelines)"
1086023617849640735,3353,3BR,Airbnb,3BR |Scenic Pool|StayVista| Celeste Villa @Trimbak,3BHK 3BR Villa w/ Pool,https://www.airbnb.co.in/rooms/1086023617849640735,Ready for Automation Sync,"Fixed overflow: old was 50/44 chars (truncated in search cards); Removed non-compliant symbols ('|', '@', '+'); Excluded brand name on Airbnb (strictly complies with Airbnb guidelines)"
1224266631576048693,3247,3BR,Airbnb,3BR |PvtPool+Lawn|StayVista| Prairie Haven @Anjuna,3BHK 3BR Villa w/ Lawn,https://www.airbnb.co.in/rooms/1224266631576048693,Ready for Automation Sync,"Fixed overflow: old was 50/44 chars (truncated in search cards); Removed non-compliant symbols ('|', '@', '+'); Excluded brand name on Airbnb (strictly complies with Airbnb guidelines)"
1041776054702411744,3098,4BR,Airbnb,4BR|Coastal Stay|StayVista| Nautical Nook@Tarkarli,4BHK 4BR Villa w/ Private Pool,https://www.airbnb.co.in/rooms/1041776054702411744,Ready for Automation Sync,"Fixed overflow: old was 50/44 chars (truncated in search cards); Removed non-compliant symbols ('|', '@', '+'); Excluded brand name on Airbnb (strictly complies with Airbnb guidelines)"
1046045293525480845,3001,Sunnyside Farmstay,Airbnb,StayVista at Sunnyside Farmstay with breakfast,3BHK Sunnyside Farmstay w/ Private Pool,https://www.airbnb.co.in/rooms/1046045293525480845,Ready for Automation Sync,Fixed overflow: old was 46/44 chars (truncated in search cards); Excluded brand name on Airbnb (strictly complies with Airbnb guidelines)
1017266964032002246,2933,2BR,Airbnb,2BR|Hill Escape+WIFI|StayVista|Dreamy Skies@Pangot,2BHK 2BR Villa w/ Private Pool,https://www.airbnb.co.in/rooms/1017266964032002246,Ready for Automation Sync,"Fixed overflow: old was 50/44 chars (truncated in search cards); Removed non-compliant symbols ('|', '@', '+'); Excluded brand name on Airbnb (strictly complies with Airbnb guidelines)"
1623596656942395815,5395,White Owl by VEO,Airbnb,White Owl by VEO - Part of StayVista,3BHK White Owl by VEO Villa w/ Private Pool,https://www.airbnb.co.in/rooms/1623596656942395815,Ready for Automation Sync,Excluded brand name on Airbnb (strictly complies with Airbnb guidelines)
1224267751796378887,2947,3BR,Airbnb,3BR|Bonfire Stay|StayVista|Skylight Serenity@Bhose,3BHK 3BR Villa w/ Bonfire,https://www.airbnb.co.in/rooms/1224267751796378887,Ready for Automation Sync,"Fixed overflow: old was 50/44 chars (truncated in search cards); Removed non-compliant symbols ('|', '@', '+'); Excluded brand name on Airbnb (strictly complies with Airbnb guidelines)"
1293201065491059007,2927,3BR,Airbnb,3BR|Scenic Stay|StayVista|Himalayan Horizon@Gngtok,3BHK 3BR Villa w/ Private Pool,https://www.airbnb.co.in/rooms/1293201065491059007,Ready for Automation Sync,"Fixed overflow: old was 50/44 chars (truncated in search cards); Removed non-compliant symbols ('|', '@', '+'); Excluded brand name on Airbnb (strictly complies with Airbnb guidelines)"
922957678575809098,2736,4BR,Airbnb,4BR |Pvt Pool+Lawn|StayVista| Kismet Villa @Moira,4BHK 4BR • Pool & Lawn,https://www.airbnb.co.in/rooms/922957678575809098,Ready for Automation Sync,"Fixed overflow: old was 49/44 chars (truncated in search cards); Removed non-compliant symbols ('|', '@', '+'); Excluded brand name on Airbnb (strictly complies with Airbnb guidelines)"
1694931686982518724,5638,Premium Room,Airbnb,StayVista at Premium Room @ Mulberry Tree House,3BHK Premium Room House w/ Lawn,https://www.airbnb.co.in/rooms/1694931686982518724,Ready for Automation Sync,"Fixed overflow: old was 47/44 chars (truncated in search cards); Removed non-compliant symbols ('|', '@', '+'); Excluded brand name on Airbnb (strictly complies with Airbnb guidelines)"
1296138637373310347,2458,4BHK,Airbnb,4BHK-Skyline-Mountains View- Panchgani,4BHK 4BHK Villa w/ Private Pool,https://www.airbnb.co.in/rooms/1296138637373310347,Ready for Automation Sync,Excluded brand name on Airbnb (strictly complies with Airbnb guidelines)
1191043023526122411,3769,3BR,Airbnb,3BR |Scenic Lake|StayVista| Three Shores@Pune Stay,3BHK 3BR Villa w/ Private Pool,https://www.airbnb.co.in/rooms/1191043023526122411,Ready for Automation Sync,"Fixed overflow: old was 50/44 chars (truncated in search cards); Removed non-compliant symbols ('|', '@', '+'); Excluded brand name on Airbnb (strictly complies with Airbnb guidelines)"
1673727192871133172,5522,Luxury 5BHK  w/Pool & Mountain View in Jaipur,Airbnb,Luxury 5BHK Villa w/Pool & Mountain View in Jaipur,5BHK Villa w/ Pool,https://www.airbnb.co.in/rooms/1673727192871133172,Ready for Automation Sync,Fixed overflow: old was 50/44 chars (truncated in search cards); Excluded brand name on Airbnb (strictly complies with Airbnb guidelines)
1668073299500107217,5441,3BR @ Naukuchiatal,Airbnb,3BR @ Naukuchiatal | Himalayan Escapes w/Caretaker,3BHK 3BR @ Naukuchiatal w/ Private Pool,https://www.airbnb.co.in/rooms/1668073299500107217,Ready for Automation Sync,"Fixed overflow: old was 50/44 chars (truncated in search cards); Removed non-compliant symbols ('|', '@', '+'); Excluded brand name on Airbnb (strictly complies with Airbnb guidelines)"
987970813601804876,2880,Lumos Paradise,Airbnb,StayVista at Lumos Paradise w/ Pool & Lawn,3BHK Lumos Paradise • Pool & Lawn,https://www.airbnb.co.in/rooms/987970813601804876,Ready for Automation Sync,Excluded brand name on Airbnb (strictly complies with Airbnb guidelines)
1435947407248407249,3447,The Sweet Life,Airbnb,The Sweet Life - Luxury Farm Stay W/ Private Pool,3BHK The Sweet Life Villa w/ Private Pool,https://www.airbnb.co.in/rooms/1435947407248407249,Ready for Automation Sync,Fixed overflow: old was 49/44 chars (truncated in search cards); Excluded brand name on Airbnb (strictly complies with Airbnb guidelines)
1732589885943018669,Not Found,Blue Perch,Airbnb,StayVista at Blue Perch w/ BBQ & Bonfire,3BHK Blue Perch • Bonfire & BBQ,https://www.airbnb.co.in/rooms/1732589885943018669,Ready for Automation Sync,Excluded brand name on Airbnb (strictly complies with Airbnb guidelines)
1203310776198952411,3853,Berg 2BR @ Chalet Rushli w/Caretaker & Wifi,Airbnb,Berg 2BR @ Chalet Rushli w/Caretaker & Wifi,2BHK Chalet w/ Lawn,https://www.airbnb.co.in/rooms/1203310776198952411,Ready for Automation Sync,"Removed non-compliant symbols ('|', '@', '+'); Excluded brand name on Airbnb (strictly complies with Airbnb guidelines)"
1193826063094809769,3661,Tarika's +3BHK +Pool @Varca Beach,Airbnb,Tarika's +3BHK Villa+Pool @Varca Beach,3BHK Villa w/ Pool,https://www.airbnb.co.in/rooms/1193826063094809769,Ready for Automation Sync,"Removed non-compliant symbols ('|', '@', '+'); Excluded brand name on Airbnb (strictly complies with Airbnb guidelines)"
1041076989031399528,3147,WoodstoneVilla,Airbnb,5BHK|Pool&Lawn |StayVista |WoodstoneVilla@Lonavala,5BHK WoodstoneVilla • Pool & Lawn,https://www.airbnb.co.in/rooms/1041076989031399528,Ready for Automation Sync,"Fixed overflow: old was 50/44 chars (truncated in search cards); Removed non-compliant symbols ('|', '@', '+'); Excluded brand name on Airbnb (strictly complies with Airbnb guidelines)"
1705012413321057729,5583,of Dawn,Airbnb,"StayVista at House of Dawn w/ Pool, Lawn",3BHK of Dawn • Pool & Lawn,https://www.airbnb.co.in/rooms/1705012413321057729,Ready for Automation Sync,Excluded brand name on Airbnb (strictly complies with Airbnb guidelines)
1074408051514244357,2695,5BR,Airbnb,5BR|Pool Retreat|StayVista| Golden Triangle@Kabini,5BHK 5BR Retreat w/ Pool,https://www.airbnb.co.in/rooms/1074408051514244357,Ready for Automation Sync,"Fixed overflow: old was 50/44 chars (truncated in search cards); Removed non-compliant symbols ('|', '@', '+'); Excluded brand name on Airbnb (strictly complies with Airbnb guidelines)"
904005337682206131,2582,5BR,Airbnb,5BR |Heritage+Pool|StayVista| Regal Retreat@Kerala,5BHK 5BR Retreat w/ Pool,https://www.airbnb.co.in/rooms/904005337682206131,Ready for Automation Sync,"Fixed overflow: old was 50/44 chars (truncated in search cards); Removed non-compliant symbols ('|', '@', '+'); Excluded brand name on Airbnb (strictly complies with Airbnb guidelines)"
1385289006384180360,3350,4BR,Airbnb,4BR|Scenic+Bonfire|StayVista|Terra Tints @ Nashik!,4BHK 4BR Villa w/ Bonfire,https://www.airbnb.co.in/rooms/1385289006384180360,Ready for Automation Sync,"Fixed overflow: old was 50/44 chars (truncated in search cards); Removed non-compliant symbols ('|', '@', '+'); Excluded brand name on Airbnb (strictly complies with Airbnb guidelines)"
1605051472972031677,5307,Brickhouse Aranya,Airbnb,"StayVista at Brickhouse Aranya w/ Pool, Farm View",3BHK Brickhouse Aranya Villa w/ Pool,https://www.airbnb.co.in/rooms/1605051472972031677,Ready for Automation Sync,Fixed overflow: old was 49/44 chars (truncated in search cards); Excluded brand name on Airbnb (strictly complies with Airbnb guidelines)
1199071879379415408,Not Found,Sea Breeze,Airbnb,StayVista Sea Breeze W/ Pool Beachfront 5BR Villa,5BHK Sea Breeze Villa w/ Pool,https://www.airbnb.co.in/rooms/1199071879379415408,Ready for Automation Sync,Fixed overflow: old was 49/44 chars (truncated in search cards); Excluded brand name on Airbnb (strictly complies with Airbnb guidelines)
1512058395753645708,4733,Haze,Airbnb,Haze -The Altair | Luxury Mountain Villa W/bonfire,3BHK Haze Villa w/ Bonfire,https://www.airbnb.co.in/rooms/1512058395753645708,Ready for Automation Sync,"Fixed overflow: old was 50/44 chars (truncated in search cards); Removed non-compliant symbols ('|', '@', '+'); Excluded brand name on Airbnb (strictly complies with Airbnb guidelines)"
879982358415684848,2648,3BR,Airbnb,3BR|Balcony+Views|StayVista| Ivory Hill @Karnataka,3BHK 3BR Villa w/ Balcony,https://www.airbnb.co.in/rooms/879982358415684848,Ready for Automation Sync,"Fixed overflow: old was 50/44 chars (truncated in search cards); Removed non-compliant symbols ('|', '@', '+'); Excluded brand name on Airbnb (strictly complies with Airbnb guidelines)"
1627432077682083754,5373,5BR,Airbnb,5BR|Bonfire Stay|StayVista| Blue Marble @Rajasthan,5BHK 5BR Villa w/ Bonfire,https://www.airbnb.co.in/rooms/1627432077682083754,Ready for Automation Sync,"Fixed overflow: old was 50/44 chars (truncated in search cards); Removed non-compliant symbols ('|', '@', '+'); Excluded brand name on Airbnb (strictly complies with Airbnb guidelines)"
822955453202118083,2524,10BR,Airbnb,10BR|PvtPool+Cinema|StayVista Isabella–Siridao@Goa,10BHK 10BR Villa w/ Private Pool,https://www.airbnb.co.in/rooms/822955453202118083,Ready for Automation Sync,"Fixed overflow: old was 50/44 chars (truncated in search cards); Removed non-compliant symbols ('|', '@', '+'); Excluded brand name on Airbnb (strictly complies with Airbnb guidelines)"
861339995083375798,2525,5BR,Airbnb,5BR|Luxe Pool Retreat|StayVista|Oceanic Sunset@Goa,5BHK 5BR Retreat w/ Pool,https://www.airbnb.co.in/rooms/861339995083375798,Ready for Automation Sync,"Fixed overflow: old was 50/44 chars (truncated in search cards); Removed non-compliant symbols ('|', '@', '+'); Excluded brand name on Airbnb (strictly complies with Airbnb guidelines)"
1224487039923785949,2518,3BR,Airbnb,3BR|Luxe Pool|StayVista|Enchanting Haven@Panchgani,3BHK 3BR Villa w/ Pool,https://www.airbnb.co.in/rooms/1224487039923785949,Ready for Automation Sync,"Fixed overflow: old was 50/44 chars (truncated in search cards); Removed non-compliant symbols ('|', '@', '+'); Excluded brand name on Airbnb (strictly complies with Airbnb guidelines)"
1486818673914572805,4923,3BHK W/Pvt Pool+Bathtub+Lawn,Airbnb,3BHK W/Pvt Pool+Bathtub+Lawn-Arden Blu@Arpora Baga,3BHK 3BHK W/Pvt Pool+Bathtub+Lawn w/ Pool,https://www.airbnb.co.in/rooms/1486818673914572805,Ready for Automation Sync,"Fixed overflow: old was 50/44 chars (truncated in search cards); Removed non-compliant symbols ('|', '@', '+'); Excluded brand name on Airbnb (strictly complies with Airbnb guidelines)"
1118579460086888338,3576,Tree,Airbnb,StayVista at Tree House @ Exotica Kabini All Meals,3BHK Tree House w/ Lawn,https://www.airbnb.co.in/rooms/1118579460086888338,Ready for Automation Sync,"Fixed overflow: old was 50/44 chars (truncated in search cards); Removed non-compliant symbols ('|', '@', '+'); Excluded brand name on Airbnb (strictly complies with Airbnb guidelines)"
1118565800227258897,3541,Woods,Airbnb,StayVista at Woods @ Exotica Kabini All Meals Incl,3BHK Woods Villa w/ Private Pool,https://www.airbnb.co.in/rooms/1118565800227258897,Ready for Automation Sync,"Fixed overflow: old was 50/44 chars (truncated in search cards); Removed non-compliant symbols ('|', '@', '+'); Excluded brand name on Airbnb (strictly complies with Airbnb guidelines)"
1118574008822790882,3575,Majestic,Airbnb,StayVista at Majestic @ Exotica Kabini Al Meals In,3BHK Majestic Villa w/ Private Pool,https://www.airbnb.co.in/rooms/1118574008822790882,Ready for Automation Sync,"Fixed overflow: old was 50/44 chars (truncated in search cards); Removed non-compliant symbols ('|', '@', '+'); Excluded brand name on Airbnb (strictly complies with Airbnb guidelines)"
1118558989880437265,3540,Glory,Airbnb,StayVista at Glory @  Exotica Kabini All Meals Inc,3BHK Glory Villa w/ Private Pool,https://www.airbnb.co.in/rooms/1118558989880437265,Ready for Automation Sync,"Fixed overflow: old was 50/44 chars (truncated in search cards); Removed non-compliant symbols ('|', '@', '+'); Excluded brand name on Airbnb (strictly complies with Airbnb guidelines)"
1118543571528693229,3506,3BR Exotica Kabini All Meal Incl Riverbank Luxury,Airbnb,3BR Exotica Kabini All Meal Incl Riverbank Luxury,3BHK Villa w/ Private Pool,https://www.airbnb.co.in/rooms/1118543571528693229,Ready for Automation Sync,Fixed overflow: old was 49/44 chars (truncated in search cards); Excluded brand name on Airbnb (strictly complies with Airbnb guidelines)
1471486996852825412,4914,3BHK Pvt Pool & Lawn,Airbnb,"3BHK Pvt Pool & Lawn Villa | Beth Shalom, Lonavala",3BHK 3BHK Pvt Pool & Lawn • Pool & Lawn,https://www.airbnb.co.in/rooms/1471486996852825412,Ready for Automation Sync,"Fixed overflow: old was 50/44 chars (truncated in search cards); Removed non-compliant symbols ('|', '@', '+'); Excluded brand name on Airbnb (strictly complies with Airbnb guidelines)"
1601985936931388665,5162,Moonstone,Airbnb,StayVista atMoonstone@Tirtham Ivory Home w/Jacuzzi,3BHK Moonstone Villa w/ Jacuzzi,https://www.airbnb.co.in/rooms/1601985936931388665,Ready for Automation Sync,"Fixed overflow: old was 50/44 chars (truncated in search cards); Removed non-compliant symbols ('|', '@', '+'); Excluded brand name on Airbnb (strictly complies with Airbnb guidelines)"
1564226697982291953,5163,4BR,Airbnb,4BR|Jacuzzi |StayVista|Tirtham Ivory Home@Himachal,4BHK 4BR Villa w/ Jacuzzi,https://www.airbnb.co.in/rooms/1564226697982291953,Ready for Automation Sync,"Fixed overflow: old was 50/44 chars (truncated in search cards); Removed non-compliant symbols ('|', '@', '+'); Excluded brand name on Airbnb (strictly complies with Airbnb guidelines)"
995274304879480973,2900,6BHK  Rosso w/Pool & Dance Floor @ Lonavala,Airbnb,6BHK Villa Rosso w/Pool & Dance Floor @ Lonavala,6BHK Villa w/ Pool,https://www.airbnb.co.in/rooms/995274304879480973,Ready for Automation Sync,"Fixed overflow: old was 48/44 chars (truncated in search cards); Removed non-compliant symbols ('|', '@', '+'); Excluded brand name on Airbnb (strictly complies with Airbnb guidelines)"
1262695155307517512,4019,4BHK Rooftop Pool,Airbnb,4BHK Rooftop Pool Villa| SV at Casa Canto@Siolim,4BHK 4BHK Rooftop Pool Villa w/ Pool,https://www.airbnb.co.in/rooms/1262695155307517512,Ready for Automation Sync,"Fixed overflow: old was 48/44 chars (truncated in search cards); Removed non-compliant symbols ('|', '@', '+'); Excluded brand name on Airbnb (strictly complies with Airbnb guidelines)"
710462650296703854,2254,6BHK  at Mulshi,Airbnb,6BHK Villa at Mulshi - Asanjo @StayVista,6BHK 6BHK at Mulshi Villa w/ Private Pool,https://www.airbnb.co.in/rooms/710462650296703854,Ready for Automation Sync,"Removed non-compliant symbols ('|', '@', '+'); Excluded brand name on Airbnb (strictly complies with Airbnb guidelines)"
1144094609826459687,3618,Grey Slate,Airbnb,StayVista at Grey Slate @ Shai Sher Estate | 4BR,4BHK Grey Slate Estate w/ Lawn,https://www.airbnb.co.in/rooms/1144094609826459687,Ready for Automation Sync,"Fixed overflow: old was 48/44 chars (truncated in search cards); Removed non-compliant symbols ('|', '@', '+'); Excluded brand name on Airbnb (strictly complies with Airbnb guidelines)"
1144055028283486341,3636,5BR Lux Pool  w/ Panoramic View@ Rio Vista,Airbnb,5BR Lux Pool Villa w/ Panoramic View@ Rio Vista,5BHK Villa w/ Pool,https://www.airbnb.co.in/rooms/1144055028283486341,Ready for Automation Sync,"Fixed overflow: old was 47/44 chars (truncated in search cards); Removed non-compliant symbols ('|', '@', '+'); Excluded brand name on Airbnb (strictly complies with Airbnb guidelines)"
1018742813518796364,3037,Rosemary,Airbnb,2BR |Bonfire+Lawn |StayVista |Rosemary Cottage @HP,2BHK Rosemary • Lawn & Bonfire,https://www.airbnb.co.in/rooms/1018742813518796364,Ready for Automation Sync,"Fixed overflow: old was 50/44 chars (truncated in search cards); Removed non-compliant symbols ('|', '@', '+'); Excluded brand name on Airbnb (strictly complies with Airbnb guidelines)"
1143383833355958024,3617,Quill,Airbnb,StayVista at Quill @ Shai Sher Estate | 3BR,3BHK Quill Estate w/ Lawn,https://www.airbnb.co.in/rooms/1143383833355958024,Ready for Automation Sync,"Removed non-compliant symbols ('|', '@', '+'); Excluded brand name on Airbnb (strictly complies with Airbnb guidelines)"
1141799793945136235,3630,2BR Peace,Airbnb,"2BR Peace - Hush Escape W/BBQ, view @Arki Shimla",2BHK 2BR Peace Villa w/ BBQ,https://www.airbnb.co.in/rooms/1141799793945136235,Ready for Automation Sync,"Fixed overflow: old was 48/44 chars (truncated in search cards); Removed non-compliant symbols ('|', '@', '+'); Excluded brand name on Airbnb (strictly complies with Airbnb guidelines)"
1141946175552635420,Not Found,Twilight Grove,Airbnb,"StayVista at Twilight Grove - 4BR w/ BBQ, Pool",4BHK Twilight Grove • Pool & BBQ,https://www.airbnb.co.in/rooms/1141946175552635420,Ready for Automation Sync,Fixed overflow: old was 46/44 chars (truncated in search cards); Excluded brand name on Airbnb (strictly complies with Airbnb guidelines)
1141844597700765287,3631,Cozy 3BR,Airbnb,Cozy 3BR -Hush Escape W/BBQ/View @ Arki Shimla,3BHK Cozy 3BR Villa w/ BBQ,https://www.airbnb.co.in/rooms/1141844597700765287,Ready for Automation Sync,"Fixed overflow: old was 46/44 chars (truncated in search cards); Removed non-compliant symbols ('|', '@', '+'); Excluded brand name on Airbnb (strictly complies with Airbnb guidelines)"
1018555385178179852,Not Found,"@ Ivory Grandeur w/ Private Pool, Wi",Airbnb,"StayVista @ Ivory Grandeur w/ Private Pool, Wi-Fi",3BHK Villa w/ Private Pool,https://www.airbnb.co.in/rooms/1018555385178179852,Ready for Automation Sync,"Fixed overflow: old was 49/44 chars (truncated in search cards); Removed non-compliant symbols ('|', '@', '+'); Excluded brand name on Airbnb (strictly complies with Airbnb guidelines)"
1141730674821579809,3597,5BR The Hush Escape,Airbnb,"5BR The Hush Escape -Lawn, Deck, Open terrace@Arki",5BHK 5BR The Hush Escape • Lawn & Terrace,https://www.airbnb.co.in/rooms/1141730674821579809,Ready for Automation Sync,"Fixed overflow: old was 50/44 chars (truncated in search cards); Removed non-compliant symbols ('|', '@', '+'); Excluded brand name on Airbnb (strictly complies with Airbnb guidelines)"
1141182610435299944,3635,Coralbells @ Snowdrop,Airbnb,Coralbells @ Snowdrop House | Cozy 3BR Stay,3BHK Coralbells @ Snowdrop House w/ Lawn,https://www.airbnb.co.in/rooms/1141182610435299944,Ready for Automation Sync,"Removed non-compliant symbols ('|', '@', '+'); Excluded brand name on Airbnb (strictly complies with Airbnb guidelines)"
1017213264210774063,3021,2 BHK Pet Friendly  w/Lake View near Nagpur,Airbnb,2 BHK Pet Friendly Villa w/Lake View near Nagpur,2BHK Villa w/ Lake View,https://www.airbnb.co.in/rooms/1017213264210774063,Ready for Automation Sync,Fixed overflow: old was 48/44 chars (truncated in search cards); Excluded brand name on Airbnb (strictly complies with Airbnb guidelines)
1141172662699890224,3634,Bluebells @ Snowdrop,Airbnb,Bluebells @ Snowdrop House | 4BR w/ River Views,4BHK Bluebells @ Snowdrop w/ River View,https://www.airbnb.co.in/rooms/1141172662699890224,Ready for Automation Sync,"Fixed overflow: old was 47/44 chars (truncated in search cards); Removed non-compliant symbols ('|', '@', '+'); Excluded brand name on Airbnb (strictly complies with Airbnb guidelines)"
1017153852924521616,3089,Treehouse,Airbnb,StayVista at Treehouse @ Sands of Thar w/ Pool,3BHK Treehouse Villa w/ Pool,https://www.airbnb.co.in/rooms/1017153852924521616,Ready for Automation Sync,"Fixed overflow: old was 46/44 chars (truncated in search cards); Removed non-compliant symbols ('|', '@', '+'); Excluded brand name on Airbnb (strictly complies with Airbnb guidelines)"
1138043054561836837,3554,Madhuban,Airbnb,"StayVista at Madhuban w/ TV, AC & Board Games",3BHK Madhuban Villa w/ Private Pool,https://www.airbnb.co.in/rooms/1138043054561836837,Ready for Automation Sync,Fixed overflow: old was 45/44 chars (truncated in search cards); Excluded brand name on Airbnb (strictly complies with Airbnb guidelines)
1017114357298119786,3087,Oasis,Airbnb,StayVista at Oasis @ Sands of Thar w/Infinity Pool,3BHK Oasis Villa w/ Infinity Pool,https://www.airbnb.co.in/rooms/1017114357298119786,Ready for Automation Sync,"Fixed overflow: old was 50/44 chars (truncated in search cards); Removed non-compliant symbols ('|', '@', '+'); Excluded brand name on Airbnb (strictly complies with Airbnb guidelines)"
1141140563440359876,3567,Snowdrop,Airbnb,Snowdrop House | Kath Kuni stay w/ River view,3BHK Snowdrop House w/ River View,https://www.airbnb.co.in/rooms/1141140563440359876,Ready for Automation Sync,"Fixed overflow: old was 45/44 chars (truncated in search cards); Removed non-compliant symbols ('|', '@', '+'); Excluded brand name on Airbnb (strictly complies with Airbnb guidelines)"
1017134994698025154,3088,Dune,Airbnb,StayVista at Dune @ Sands of Thar w/Infinity Pool,3BHK Dune Villa w/ Infinity Pool,https://www.airbnb.co.in/rooms/1017134994698025154,Ready for Automation Sync,"Fixed overflow: old was 49/44 chars (truncated in search cards); Removed non-compliant symbols ('|', '@', '+'); Excluded brand name on Airbnb (strictly complies with Airbnb guidelines)"
1137538244042073097,3500,Tulip,Airbnb,StayVista at Tulip @ Ikebana w/ Mountain views,3BHK Tulip Villa w/ Mountain View,https://www.airbnb.co.in/rooms/1137538244042073097,Ready for Automation Sync,"Fixed overflow: old was 46/44 chars (truncated in search cards); Removed non-compliant symbols ('|', '@', '+'); Excluded brand name on Airbnb (strictly complies with Airbnb guidelines)"
1041152753041090728,Not Found,Tentopia,Airbnb,StayVista at  Tentopia @ Nomads’ Nest Campout,3BHK Tentopia Villa w/ Private Pool,https://www.airbnb.co.in/rooms/1041152753041090728,Ready for Automation Sync,"Fixed overflow: old was 45/44 chars (truncated in search cards); Removed non-compliant symbols ('|', '@', '+'); Excluded brand name on Airbnb (strictly complies with Airbnb guidelines)"
1011276328508545261,2982,Maativan,Airbnb,"StayVista at Maativan - Eco Home, Pool, Lawn- Wada",3BHK Maativan • Pool & Lawn,https://www.airbnb.co.in/rooms/1011276328508545261,Ready for Automation Sync,Fixed overflow: old was 50/44 chars (truncated in search cards); Excluded brand name on Airbnb (strictly complies with Airbnb guidelines)
1017096213989751804,3086,Mirage,Airbnb,StayVista at Mirage @Sands of Thar w/Infinity Pool,3BHK Mirage Villa w/ Infinity Pool,https://www.airbnb.co.in/rooms/1017096213989751804,Ready for Automation Sync,"Fixed overflow: old was 50/44 chars (truncated in search cards); Removed non-compliant symbols ('|', '@', '+'); Excluded brand name on Airbnb (strictly complies with Airbnb guidelines)"
1137528712285538039,3499,Bloom,Airbnb,StayVista at Bloom @ Ikebana w/ Mountain views,3BHK Bloom Villa w/ Mountain View,https://www.airbnb.co.in/rooms/1137528712285538039,Ready for Automation Sync,"Fixed overflow: old was 46/44 chars (truncated in search cards); Removed non-compliant symbols ('|', '@', '+'); Excluded brand name on Airbnb (strictly complies with Airbnb guidelines)"
1017041030716494727,https://www.airbnb.co.in/rooms/1017041030716494727,Shrimant Wada Royal Stay,Airbnb,StayVista at Shrimant Wada Royal Stay,3BHK Shrimant Wada Royal Stay • Private Pool,https://www.airbnb.co.in/rooms/1017041030716494727,Ready for Automation Sync,Excluded brand name on Airbnb (strictly complies with Airbnb guidelines)
863411154634194510,2528,Nature's Odyssey,Airbnb,"Nature's Odyssey | Pool, Lawn, Jacuzzi @ StayVista",3BHK Nature's Odyssey • Pool & Jacuzzi,https://www.airbnb.co.in/rooms/863411154634194510,Ready for Automation Sync,"Fixed overflow: old was 50/44 chars (truncated in search cards); Removed non-compliant symbols ('|', '@', '+'); Excluded brand name on Airbnb (strictly complies with Airbnb guidelines)"
1041131231430125928,3212,Vagabond,Airbnb,StayVista at  Vagabond @ Nomads’ Nest Campout,3BHK Vagabond Villa w/ Private Pool,https://www.airbnb.co.in/rooms/1041131231430125928,Ready for Automation Sync,"Fixed overflow: old was 45/44 chars (truncated in search cards); Removed non-compliant symbols ('|', '@', '+'); Excluded brand name on Airbnb (strictly complies with Airbnb guidelines)"
1012049436707936828,Not Found,2BHK  in Kasauli with Huge Lawn,Airbnb,2BHK villa in Kasauli with Huge Lawn,2BHK 2BHK in Kasauli with Huge Lawn w/ Lawn,https://www.airbnb.co.in/rooms/1012049436707936828,Ready for Automation Sync,Excluded brand name on Airbnb (strictly complies with Airbnb guidelines)
985253036440148060,2940,Sage 4BR @  Gardenia w/ Huge Lawn,Airbnb,Sage 4BR @ Villa Gardenia w/ Huge Lawn - Aurai,4BHK Sage 4BR @ Gardenia w/ Huge Lawn • Lawn,https://www.airbnb.co.in/rooms/985253036440148060,Ready for Automation Sync,"Fixed overflow: old was 46/44 chars (truncated in search cards); Removed non-compliant symbols ('|', '@', '+'); Excluded brand name on Airbnb (strictly complies with Airbnb guidelines)"
1016987130107265621,3030,Sands of Thar,Airbnb,"StayVista at Sands of Thar w/ Infinity Pool, BBQ",3BHK Sands of Thar • Infinity Pool & BBQ,https://www.airbnb.co.in/rooms/1016987130107265621,Ready for Automation Sync,Fixed overflow: old was 48/44 chars (truncated in search cards); Excluded brand name on Airbnb (strictly complies with Airbnb guidelines)
862821049075373927,2604,"3BR Panorama @BrookVale Manor w/Pool, BBQ @Haryana",Airbnb,"3BR Panorama @BrookVale Manor w/Pool, BBQ @Haryana",3BHK Manor w/ Pool,https://www.airbnb.co.in/rooms/862821049075373927,Ready for Automation Sync,"Fixed overflow: old was 50/44 chars (truncated in search cards); Removed non-compliant symbols ('|', '@', '+'); Excluded brand name on Airbnb (strictly complies with Airbnb guidelines)"
1015591380385741688,Not Found,Tranquil Hillside,Airbnb,"StayVista at Tranquil Hillside Estate w/Pool, Lawn",3BHK Tranquil Hillside • Pool & Lawn,https://www.airbnb.co.in/rooms/1015591380385741688,Ready for Automation Sync,Fixed overflow: old was 50/44 chars (truncated in search cards); Excluded brand name on Airbnb (strictly complies with Airbnb guidelines)
1136717221701311277,3529,Tableland Vista,Airbnb,StayVista at Tableland Vista w/ Jacuzzi & Fire,3BHK Tableland Villa w/ Jacuzzi,https://www.airbnb.co.in/rooms/1136717221701311277,Ready for Automation Sync,Fixed overflow: old was 46/44 chars (truncated in search cards); Excluded brand name on Airbnb (strictly complies with Airbnb guidelines)
1050309685273596763,3112,Zephyr,Airbnb,"StayVista at Zephyr Estate w/ BBQ, Wi-Fi, Bonfire",3BHK Zephyr • Bonfire & BBQ,https://www.airbnb.co.in/rooms/1050309685273596763,Ready for Automation Sync,Fixed overflow: old was 49/44 chars (truncated in search cards); Excluded brand name on Airbnb (strictly complies with Airbnb guidelines)
902715758429375749,2635,Suroor 3BR Pvt  W/ Central Heating @ Tangmarg,Airbnb,Suroor 3BR Pvt Villa W/ Central Heating @ Tangmarg,3BHK Villa w/ Private Pool,https://www.airbnb.co.in/rooms/902715758429375749,Ready for Automation Sync,"Fixed overflow: old was 50/44 chars (truncated in search cards); Removed non-compliant symbols ('|', '@', '+'); Excluded brand name on Airbnb (strictly complies with Airbnb guidelines)"
1106416680997726756,Not Found,"3BR w/Lawn, Bonfire, BBQ",Airbnb,"3BR w/Lawn, Bonfire, BBQ -Whistling Oaks @Bhimtal","3BHK 3BR w/Lawn, Bonfire, BBQ Villa w/ Lawn",https://www.airbnb.co.in/rooms/1106416680997726756,Ready for Automation Sync,"Fixed overflow: old was 49/44 chars (truncated in search cards); Removed non-compliant symbols ('|', '@', '+'); Excluded brand name on Airbnb (strictly complies with Airbnb guidelines)"
934570015401409354,Not Found,10R Luxury Homestay,Airbnb,10R Luxury Homestay-360 Hill View-Theog-Himachal,3BHK 10R Luxury Homestay Homestay w/ Lawn,https://www.airbnb.co.in/rooms/934570015401409354,Ready for Automation Sync,Fixed overflow: old was 48/44 chars (truncated in search cards); Excluded brand name on Airbnb (strictly complies with Airbnb guidelines)
1028251115679130632,Not Found,Ripple Rhapsody,Airbnb,"StayVista at Ripple Rhapsody @ The Rain w/Pool,Spa",3BHK Ripple Rhapsody Villa w/ Pool,https://www.airbnb.co.in/rooms/1028251115679130632,Ready for Automation Sync,"Fixed overflow: old was 50/44 chars (truncated in search cards); Removed non-compliant symbols ('|', '@', '+'); Excluded brand name on Airbnb (strictly complies with Airbnb guidelines)"
1029579759407180108,Not Found,Your listing started on 21 November 2023,Airbnb,Your listing started on 21 November 2023,3BHK Villa w/ Private Pool,https://www.airbnb.co.in/rooms/1029579759407180108,Ready for Automation Sync,Excluded brand name on Airbnb (strictly complies with Airbnb guidelines)
741629034617026193,2338,8 Oaks 2BR Ancestral Home Amid Pine & Deodar Trees,Airbnb,8 Oaks 2BR Ancestral Home Amid Pine & Deodar Trees,2BHK Villa w/ Private Pool,https://www.airbnb.co.in/rooms/741629034617026193,Ready for Automation Sync,Fixed overflow: old was 50/44 chars (truncated in search cards); Excluded brand name on Airbnb (strictly complies with Airbnb guidelines)
876469993698190265,2632,NAFS,Airbnb,"StayVista at NAFS @ Noah’s Ark w/ Pool, WiFi, BBQ!",3BHK NAFS • Pool & BBQ,https://www.airbnb.co.in/rooms/876469993698190265,Ready for Automation Sync,"Fixed overflow: old was 50/44 chars (truncated in search cards); Removed non-compliant symbols ('|', '@', '+'); Excluded brand name on Airbnb (strictly complies with Airbnb guidelines)"
984559038126217323,2913,Serenity Farms 3BR  W/Pool Nr Westin Sohna,Airbnb,Serenity Farms 3BR Villa W/Pool Nr Westin Sohna,3BHK Villa w/ Pool,https://www.airbnb.co.in/rooms/984559038126217323,Ready for Automation Sync,Fixed overflow: old was 47/44 chars (truncated in search cards); Excluded brand name on Airbnb (strictly complies with Airbnb guidelines)
1065669316528751995,Not Found,3BRMercara Hill Homesty w/h outdorJacuzzi Madikeri,Airbnb,3BRMercara Hill Homesty w/h outdorJacuzzi Madikeri,3BHK Villa w/ Jacuzzi,https://www.airbnb.co.in/rooms/1065669316528751995,Ready for Automation Sync,Fixed overflow: old was 50/44 chars (truncated in search cards); Excluded brand name on Airbnb (strictly complies with Airbnb guidelines)
1086080807247857872,3251,"@ Wildflower  – 4BR, Pool & Games",Airbnb,"StayVista @ Wildflower Villa – 4BR, Pool & Games","4BHK @ Wildflower – 4BR, Pool & Games • Pool",https://www.airbnb.co.in/rooms/1086080807247857872,Ready for Automation Sync,"Fixed overflow: old was 48/44 chars (truncated in search cards); Removed non-compliant symbols ('|', '@', '+'); Excluded brand name on Airbnb (strictly complies with Airbnb guidelines)"
1046711240749305975,3187,"Heer’s  w/ Infinity Pool, Deck",Airbnb,"StayVista at Heer’s Cottage w/ Infinity Pool, Deck",3BHK Cottage w/ Infinity Pool,https://www.airbnb.co.in/rooms/1046711240749305975,Ready for Automation Sync,Fixed overflow: old was 50/44 chars (truncated in search cards); Excluded brand name on Airbnb (strictly complies with Airbnb guidelines)
913553770352922599,Not Found,Egretta,Airbnb,StayVista at Egretta@ Firefly By The River Coorg,3BHK Egretta Villa w/ Private Pool,https://www.airbnb.co.in/rooms/913553770352922599,Ready for Automation Sync,"Fixed overflow: old was 48/44 chars (truncated in search cards); Removed non-compliant symbols ('|', '@', '+'); Excluded brand name on Airbnb (strictly complies with Airbnb guidelines)"
1041073841213002666,3211,StarrySands,Airbnb,StayVista at  StarrySands @ Nomads’ Nest Campout,3BHK StarrySands Villa w/ Private Pool,https://www.airbnb.co.in/rooms/1041073841213002666,Ready for Automation Sync,"Fixed overflow: old was 48/44 chars (truncated in search cards); Removed non-compliant symbols ('|', '@', '+'); Excluded brand name on Airbnb (strictly complies with Airbnb guidelines)"
901732793825066239,2697,Ivy Manor 3BR Srinagar,Airbnb,StayVista | Ivy Manor 3BR Srinagar w/ Lawn & WiFi,3BHK Ivy Manor 3BR Srinagar Manor w/ Lawn,https://www.airbnb.co.in/rooms/901732793825066239,Ready for Automation Sync,"Fixed overflow: old was 49/44 chars (truncated in search cards); Removed non-compliant symbols ('|', '@', '+'); Excluded brand name on Airbnb (strictly complies with Airbnb guidelines)"
1091728967161692834,3346,Aura @ Golden Apex by VEO,Airbnb,Aura @ Golden Apex by VEO - Part of StayVista,3BHK Villa w/ Private Pool,https://www.airbnb.co.in/rooms/1091728967161692834,Ready for Automation Sync,"Fixed overflow: old was 45/44 chars (truncated in search cards); Removed non-compliant symbols ('|', '@', '+'); Excluded brand name on Airbnb (strictly complies with Airbnb guidelines)"
653271244507722677,Not Found,4BHK,Airbnb,4BHK - StayVista @ Villaggio w/private pool,4BHK 4BHK Villa w/ Private Pool,https://www.airbnb.co.in/rooms/653271244507722677,Ready for Automation Sync,"Removed non-compliant symbols ('|', '@', '+'); Excluded brand name on Airbnb (strictly complies with Airbnb guidelines)"
876463172459170480,2585,"Noahs Ark 3BHK Mountain View w/Pvt Pool,WiFi & BBQ",Airbnb,"Noahs Ark 3BHK Mountain View w/Pvt Pool,WiFi & BBQ",3BHK Villa w/ Pool,https://www.airbnb.co.in/rooms/876463172459170480,Ready for Automation Sync,Fixed overflow: old was 50/44 chars (truncated in search cards); Excluded brand name on Airbnb (strictly complies with Airbnb guidelines)
913538487719211884,2722,Ardea,Airbnb,StayVista at Ardea @ Firefly By The River Coorg,3BHK Ardea Villa w/ Private Pool,https://www.airbnb.co.in/rooms/913538487719211884,Ready for Automation Sync,"Fixed overflow: old was 47/44 chars (truncated in search cards); Removed non-compliant symbols ('|', '@', '+'); Excluded brand name on Airbnb (strictly complies with Airbnb guidelines)"
1036701010408121761,Not Found,6BR,Airbnb,6BR-StayVista @Richmond House by VEO- Pool,6BHK 6BR House w/ Pool,https://www.airbnb.co.in/rooms/1036701010408121761,Ready for Automation Sync,"Removed non-compliant symbols ('|', '@', '+'); Excluded brand name on Airbnb (strictly complies with Airbnb guidelines)"
52272440,1775,Casa Bella Vista,Airbnb,"Casa Bella Vista | 3BR, Central Manali",3BHK Casa Bella Villa w/ Private Pool,https://www.airbnb.co.in/rooms/52272440,Ready for Automation Sync,"Removed non-compliant symbols ('|', '@', '+'); Excluded brand name on Airbnb (strictly complies with Airbnb guidelines)"
1137328628461170735,Not Found,Cosy Crest 3BR  Getaway w/Indoor Pool Table,Airbnb,Cosy Crest 3BR Villa Getaway w/Indoor Pool Table,3BHK Villa w/ Pool,https://www.airbnb.co.in/rooms/1137328628461170735,Ready for Automation Sync,Fixed overflow: old was 48/44 chars (truncated in search cards); Excluded brand name on Airbnb (strictly complies with Airbnb guidelines)
1106369085518453085,2707,4BR,Airbnb,4BR-StayVista@Casa Boho w/ Infinity Pool+WiFi+BBQ,4BHK 4BR • Infinity Pool & BBQ,https://www.airbnb.co.in/rooms/1106369085518453085,Ready for Automation Sync,"Fixed overflow: old was 49/44 chars (truncated in search cards); Removed non-compliant symbols ('|', '@', '+'); Excluded brand name on Airbnb (strictly complies with Airbnb guidelines)"
1043819716198877638,Not Found,Luxury 4BR Pet,Airbnb,Luxury 4BR Pet-Friendly Villa w/Pool+BBQ in Jaipur,4BHK Luxury 4BR Pet • Pool & BBQ,https://www.airbnb.co.in/rooms/1043819716198877638,Ready for Automation Sync,"Fixed overflow: old was 50/44 chars (truncated in search cards); Removed non-compliant symbols ('|', '@', '+'); Excluded brand name on Airbnb (strictly complies with Airbnb guidelines)"
893843110619416896,2682,Pinewood  near Srinagar Airport,Airbnb,StayVista at Pinewood Villa near Srinagar Airport,3BHK Villa w/ Private Pool,https://www.airbnb.co.in/rooms/893843110619416896,Ready for Automation Sync,Fixed overflow: old was 49/44 chars (truncated in search cards); Excluded brand name on Airbnb (strictly complies with Airbnb guidelines)
959766057737814131,Not Found,Heritage,Airbnb,"StayVista at Heritage @ Royal Crest w/ Terrace, AC",3BHK Heritage Villa w/ Terrace,https://www.airbnb.co.in/rooms/959766057737814131,Ready for Automation Sync,"Fixed overflow: old was 50/44 chars (truncated in search cards); Removed non-compliant symbols ('|', '@', '+'); Excluded brand name on Airbnb (strictly complies with Airbnb guidelines)"
913482668468598916,2749,4 BR Fusion of Old,Airbnb,4 BR Fusion of Old-World Charm & Modern Comforts,4BHK 4 BR Fusion of Old w/ Private Pool,https://www.airbnb.co.in/rooms/913482668468598916,Ready for Automation Sync,Fixed overflow: old was 48/44 chars (truncated in search cards); Excluded brand name on Airbnb (strictly complies with Airbnb guidelines)
1010631296315125996,3028,Lush,Airbnb,"StayVista at Lush @ The Foothills - Lawn, Bonfire",3BHK Lush • Lawn & Bonfire,https://www.airbnb.co.in/rooms/1010631296315125996,Ready for Automation Sync,"Fixed overflow: old was 49/44 chars (truncated in search cards); Removed non-compliant symbols ('|', '@', '+'); Excluded brand name on Airbnb (strictly complies with Airbnb guidelines)"
583625652566102291,2916,@ Kay  W/ Pool,Airbnb,StayVista @ Kay Villa W/ Pool - 4 BHK,4BHK @ Kay W/ Pool Villa w/ Pool,https://www.airbnb.co.in/rooms/583625652566102291,Ready for Automation Sync,"Removed non-compliant symbols ('|', '@', '+'); Excluded brand name on Airbnb (strictly complies with Airbnb guidelines)"
1136025573236705407,3615,Cavalry,Airbnb,StayVista at Cavalry- Ashwamedha Manor 3 BR,3BHK Cavalry Manor w/ Lawn,https://www.airbnb.co.in/rooms/1136025573236705407,Ready for Automation Sync,Excluded brand name on Airbnb (strictly complies with Airbnb guidelines)
1041059661628345655,2892,Wandering Hills,Airbnb,StayVista at Wandering Hills - Lawn and Views,3BHK Wandering Hills Villa w/ Lawn,https://www.airbnb.co.in/rooms/1041059661628345655,Ready for Automation Sync,Fixed overflow: old was 45/44 chars (truncated in search cards); Excluded brand name on Airbnb (strictly complies with Airbnb guidelines)
862700824665190649,2603,"4BR Horizon @ BrookVale Manor w/Pool, BBQ @Haryana",Airbnb,"4BR Horizon @ BrookVale Manor w/Pool, BBQ @Haryana",4BHK Manor w/ Pool,https://www.airbnb.co.in/rooms/862700824665190649,Ready for Automation Sync,"Fixed overflow: old was 50/44 chars (truncated in search cards); Removed non-compliant symbols ('|', '@', '+'); Excluded brand name on Airbnb (strictly complies with Airbnb guidelines)"
1110667697608506680,Not Found,Aarna,Airbnb,StayVista at Aarna House - 1 BR w/ Lawn & Wi-Fi,1BHK Aarna House w/ Lawn,https://www.airbnb.co.in/rooms/1110667697608506680,Ready for Automation Sync,Fixed overflow: old was 47/44 chars (truncated in search cards); Excluded brand name on Airbnb (strictly complies with Airbnb guidelines)
944052391623903780,2752,Tranquil @ Cedar Haven by VEO,Airbnb,Tranquil @ Cedar Haven by VEO - Part of StayVista,3BHK Villa w/ Private Pool,https://www.airbnb.co.in/rooms/944052391623903780,Ready for Automation Sync,"Fixed overflow: old was 49/44 chars (truncated in search cards); Removed non-compliant symbols ('|', '@', '+'); Excluded brand name on Airbnb (strictly complies with Airbnb guidelines)"
899817651223551125,1122,Lake  @ Vyoman,Airbnb,Lake Villa @ Vyoman,3BHK Lake @ Vyoman Villa w/ Private Pool,https://www.airbnb.co.in/rooms/899817651223551125,Ready for Automation Sync,"Removed non-compliant symbols ('|', '@', '+'); Excluded brand name on Airbnb (strictly complies with Airbnb guidelines)"
907703564719330948,2720,2BR Pearl,Airbnb,2BR Pearl-Stone Villa w/ Pool table @ Kozhikode,2BHK 2BR Pearl Villa w/ Pool,https://www.airbnb.co.in/rooms/907703564719330948,Ready for Automation Sync,"Fixed overflow: old was 47/44 chars (truncated in search cards); Removed non-compliant symbols ('|', '@', '+'); Excluded brand name on Airbnb (strictly complies with Airbnb guidelines)"
1062185143657411056,3245,La Paradise,Airbnb,StayVista La Paradise | 2BR w/ Pool & Deck,2BHK La Paradise Villa w/ Pool,https://www.airbnb.co.in/rooms/1062185143657411056,Ready for Automation Sync,"Removed non-compliant symbols ('|', '@', '+'); Excluded brand name on Airbnb (strictly complies with Airbnb guidelines)"
1091071997325719934,3408,Solitude,Airbnb,"StayVista at Solitude @ Hriday Bhoomi - Pool, WiFi",3BHK Solitude Villa w/ Pool,https://www.airbnb.co.in/rooms/1091071997325719934,Ready for Automation Sync,"Fixed overflow: old was 50/44 chars (truncated in search cards); Removed non-compliant symbols ('|', '@', '+'); Excluded brand name on Airbnb (strictly complies with Airbnb guidelines)"
1521454743511838124,Not Found,Morning Dew Retreat,Airbnb,StayVista at Morning Dew Retreat w/Pool,3BHK Morning Dew Retreat Retreat w/ Pool,https://www.airbnb.co.in/rooms/1521454743511838124,Ready for Automation Sync,Excluded brand name on Airbnb (strictly complies with Airbnb guidelines)
958031779346725760,2784,Buhayra by The Dal @  w/ Lake View,Airbnb,Buhayra by The Dal @ StayVista w/ Lake View,3BHK Villa w/ Lake View,https://www.airbnb.co.in/rooms/958031779346725760,Ready for Automation Sync,"Removed non-compliant symbols ('|', '@', '+'); Excluded brand name on Airbnb (strictly complies with Airbnb guidelines)"
974260839255557664,2854,TimberLush,Airbnb,"StayVista TimberLush with Pool, Garden, Terrace",3BHK TimberLush • Pool & Terrace,https://www.airbnb.co.in/rooms/974260839255557664,Ready for Automation Sync,Fixed overflow: old was 47/44 chars (truncated in search cards); Excluded brand name on Airbnb (strictly complies with Airbnb guidelines)
951218968845352844,2777,Midnight Alpine,Airbnb,StayVista at Midnight Alpine w/Private Pool & Turf,3BHK Midnight Alpine Villa w/ Private Pool,https://www.airbnb.co.in/rooms/951218968845352844,Ready for Automation Sync,Fixed overflow: old was 50/44 chars (truncated in search cards); Excluded brand name on Airbnb (strictly complies with Airbnb guidelines)
1049001096606696679,Not Found,1BR Ivory@Periyar Palace w/River View,Airbnb,1BR Ivory@Periyar Palace w/River View,1BHK Villa w/ River View,https://www.airbnb.co.in/rooms/1049001096606696679,Ready for Automation Sync,"Removed non-compliant symbols ('|', '@', '+'); Excluded brand name on Airbnb (strictly complies with Airbnb guidelines)"
567099741867557790,2012,3 BR,Airbnb,StayVista at 3 BR @ The Summer House,3BHK 3 BR House w/ Lawn,https://www.airbnb.co.in/rooms/567099741867557790,Ready for Automation Sync,"Removed non-compliant symbols ('|', '@', '+'); Excluded brand name on Airbnb (strictly complies with Airbnb guidelines)"
1020113186082075384,3082,Wilderness,Airbnb,StayVista at Wilderness @ SVP Farms w/ WiFi,3BHK Wilderness Villa w/ Private Pool,https://www.airbnb.co.in/rooms/1020113186082075384,Ready for Automation Sync,"Removed non-compliant symbols ('|', '@', '+'); Excluded brand name on Airbnb (strictly complies with Airbnb guidelines)"
785868891240937879,Not Found,"Emerald Greens 3BHK Pvt Pool , Lonavala",Airbnb,"Emerald Greens 3BHK Pvt Pool Villa, Lonavala",3BHK Villa w/ Pool,https://www.airbnb.co.in/rooms/785868891240937879,Ready for Automation Sync,Excluded brand name on Airbnb (strictly complies with Airbnb guidelines)
1136022876463522409,3614,Gallops,Airbnb,StayVista at Gallops- Ashwamedha Manor 4 BR,4BHK Gallops Manor w/ Lawn,https://www.airbnb.co.in/rooms/1136022876463522409,Ready for Automation Sync,Excluded brand name on Airbnb (strictly complies with Airbnb guidelines)
1121470134797122598,3453,– The Dewan Bagh,Airbnb,StayVista – The Dewan Bagh | 4BR Valley View Villa,4BHK – The Dewan Bagh Villa w/ Valley View,https://www.airbnb.co.in/rooms/1121470134797122598,Ready for Automation Sync,"Fixed overflow: old was 50/44 chars (truncated in search cards); Removed non-compliant symbols ('|', '@', '+'); Excluded brand name on Airbnb (strictly complies with Airbnb guidelines)"
1041035458790085029,3210,Nirvana,Airbnb,StayVista at Nirvana@ Nomads' Nest Campout w/ Lawn,3BHK Nirvana Villa w/ Lawn,https://www.airbnb.co.in/rooms/1041035458790085029,Ready for Automation Sync,"Fixed overflow: old was 50/44 chars (truncated in search cards); Removed non-compliant symbols ('|', '@', '+'); Excluded brand name on Airbnb (strictly complies with Airbnb guidelines)"
1082384077796073866,Not Found,3BR,Airbnb,3BR-StayVista@The Aquamarine Villa w/Infinity Pool,3BHK 3BR Villa w/ Infinity Pool,https://www.airbnb.co.in/rooms/1082384077796073866,Ready for Automation Sync,"Fixed overflow: old was 50/44 chars (truncated in search cards); Removed non-compliant symbols ('|', '@', '+'); Excluded brand name on Airbnb (strictly complies with Airbnb guidelines)"
47434423,1592,3BHK Springhills  w/Breakfast & Pool @ Kochi,Airbnb,3BHK Springhills Villa w/Breakfast & Pool @ Kochi,3BHK Villa w/ Pool,https://www.airbnb.co.in/rooms/47434423,Ready for Automation Sync,"Fixed overflow: old was 49/44 chars (truncated in search cards); Removed non-compliant symbols ('|', '@', '+'); Excluded brand name on Airbnb (strictly complies with Airbnb guidelines)"
1042594051920433071,3195,Majestic,Airbnb,StayVista at Majestic Cottage @ Wandering Hills,3BHK Majestic Cottage w/ Lawn,https://www.airbnb.co.in/rooms/1042594051920433071,Ready for Automation Sync,"Fixed overflow: old was 47/44 chars (truncated in search cards); Removed non-compliant symbols ('|', '@', '+'); Excluded brand name on Airbnb (strictly complies with Airbnb guidelines)"
672083766497580420,2001,4BHK +WiFi+Balcony,Airbnb,4BHK +WiFi+Balcony-Mawi Summers @Arambol Beach,4BHK 4BHK +WiFi+Balcony Villa w/ Balcony,https://www.airbnb.co.in/rooms/672083766497580420,Ready for Automation Sync,"Fixed overflow: old was 46/44 chars (truncated in search cards); Removed non-compliant symbols ('|', '@', '+'); Excluded brand name on Airbnb (strictly complies with Airbnb guidelines)"
1016436242985021324,3036,"2BR,Lawn,BBQ",Airbnb,"2BR,Lawn,BBQ-Stayvista@The Cosy Countryside-Jaipur","2BHK 2BR,Lawn,BBQ • Lawn & BBQ",https://www.airbnb.co.in/rooms/1016436242985021324,Ready for Automation Sync,"Fixed overflow: old was 50/44 chars (truncated in search cards); Removed non-compliant symbols ('|', '@', '+'); Excluded brand name on Airbnb (strictly complies with Airbnb guidelines)"
861404179430578940,2466,@ Amoda – Pvt Jacuzzi,Airbnb,StayVista @ Amoda – Pvt Jacuzzi,3BHK @ Amoda – Pvt Jacuzzi Villa w/ Jacuzzi,https://www.airbnb.co.in/rooms/861404179430578940,Ready for Automation Sync,"Removed non-compliant symbols ('|', '@', '+'); Excluded brand name on Airbnb (strictly complies with Airbnb guidelines)"
955561896817135288,2824,2BR@ with Modern Interior Private Lawn M/View,Airbnb,2BR@Villa with Modern Interior Private Lawn M/View,2BHK Villa w/ Lawn,https://www.airbnb.co.in/rooms/955561896817135288,Ready for Automation Sync,"Fixed overflow: old was 50/44 chars (truncated in search cards); Removed non-compliant symbols ('|', '@', '+'); Excluded brand name on Airbnb (strictly complies with Airbnb guidelines)"
896840889301196377,2902,5BR,Airbnb,5BR-Villa Stonera-luxury-w/Indoor Pool-Igatpuri,5BHK 5BR Villa w/ Pool,https://www.airbnb.co.in/rooms/896840889301196377,Ready for Automation Sync,Fixed overflow: old was 47/44 chars (truncated in search cards); Excluded brand name on Airbnb (strictly complies with Airbnb guidelines)
1075239482562222050,Not Found,1BR,Airbnb,1BR -Solace-Address By Khul/Pool/View@Dharamshala,1BHK 1BR Villa w/ Pool,https://www.airbnb.co.in/rooms/1075239482562222050,Ready for Automation Sync,"Fixed overflow: old was 49/44 chars (truncated in search cards); Removed non-compliant symbols ('|', '@', '+'); Excluded brand name on Airbnb (strictly complies with Airbnb guidelines)"
1090319783601451447,3203,Vintage Woods,Airbnb,"StayVista at Vintage Woods w/ Lawn, Wi-Fi",3BHK Vintage Woods Villa w/ Lawn,https://www.airbnb.co.in/rooms/1090319783601451447,Ready for Automation Sync,Excluded brand name on Airbnb (strictly complies with Airbnb guidelines)
1030823221946532095,3060,4BR Tranquil stay in Gurgaon W/ Pool,Airbnb,4BR Tranquil stay in Gurgaon W/ Pool,4BHK Villa w/ Pool,https://www.airbnb.co.in/rooms/1030823221946532095,Ready for Automation Sync,Excluded brand name on Airbnb (strictly complies with Airbnb guidelines)
943978330394807942,2740,Cedar Haven,Airbnb,StayVista at Cedar Haven | Pool & Nature Retreat,3BHK Cedar Haven Retreat w/ Pool,https://www.airbnb.co.in/rooms/943978330394807942,Ready for Automation Sync,"Fixed overflow: old was 48/44 chars (truncated in search cards); Removed non-compliant symbols ('|', '@', '+'); Excluded brand name on Airbnb (strictly complies with Airbnb guidelines)"
1061998118661371448,Not Found,Cubique Opulence,Airbnb,StayVista at Cubique Opulence @ The Glassview,3BHK Cubique Opulence Villa w/ Private Pool,https://www.airbnb.co.in/rooms/1061998118661371448,Ready for Automation Sync,"Fixed overflow: old was 45/44 chars (truncated in search cards); Removed non-compliant symbols ('|', '@', '+'); Excluded brand name on Airbnb (strictly complies with Airbnb guidelines)"
1009093098705377720,Not Found,Timber 207,Airbnb,StayVista at Timber 207 w/ Lake & Gazebo,3BHK Timber 207 Villa w/ Gazebo,https://www.airbnb.co.in/rooms/1009093098705377720,Ready for Automation Sync,Excluded brand name on Airbnb (strictly complies with Airbnb guidelines)
696138679417260032,2248,"3BR @Mocha&Creme  Pvtpool, North Goa",Airbnb,"3BR StayVista@Mocha&Creme villa Pvtpool, North Goa",3BHK Villa w/ Private Pool,https://www.airbnb.co.in/rooms/696138679417260032,Ready for Automation Sync,"Fixed overflow: old was 50/44 chars (truncated in search cards); Removed non-compliant symbols ('|', '@', '+'); Excluded brand name on Airbnb (strictly complies with Airbnb guidelines)"
47185019,1561,Casa De Fiesta,Airbnb,StayVista at Casa De Fiesta | 3BR Pool & Seaview,3BHK Casa De Fiesta Villa w/ Pool,https://www.airbnb.co.in/rooms/47185019,Ready for Automation Sync,"Fixed overflow: old was 48/44 chars (truncated in search cards); Removed non-compliant symbols ('|', '@', '+'); Excluded brand name on Airbnb (strictly complies with Airbnb guidelines)"
1121429589303334382,3535,Midsummer Moon,Airbnb,StayVista at Midsummer Moon | Premium 4BR Stay,4BHK Midsummer Moon Villa w/ Private Pool,https://www.airbnb.co.in/rooms/1121429589303334382,Ready for Automation Sync,"Fixed overflow: old was 46/44 chars (truncated in search cards); Removed non-compliant symbols ('|', '@', '+'); Excluded brand name on Airbnb (strictly complies with Airbnb guidelines)"
1116562119589844144,3525,2BR,Airbnb,"2BR-StayVista @ Zest @ Minty Mirage w/ pool, WiFi",2BHK 2BR Villa w/ Pool,https://www.airbnb.co.in/rooms/1116562119589844144,Ready for Automation Sync,"Fixed overflow: old was 49/44 chars (truncated in search cards); Removed non-compliant symbols ('|', '@', '+'); Excluded brand name on Airbnb (strictly complies with Airbnb guidelines)"
1048994581072096754,Not Found,Pearl 3BHK @ Periyar Palace  w/River View,Airbnb,Pearl 3BHK @ Periyar Palace  w/River View,3BHK Villa w/ River View,https://www.airbnb.co.in/rooms/1048994581072096754,Ready for Automation Sync,"Removed non-compliant symbols ('|', '@', '+'); Excluded brand name on Airbnb (strictly complies with Airbnb guidelines)"
671432758025579163,1689,"@Casa Arrozais 4BRVilla Pvt pool,NorthGoa",Airbnb,"StayVista@Casa Arrozais 4BRVilla Pvt pool,NorthGoa",4BHK Villa w/ Pool,https://www.airbnb.co.in/rooms/671432758025579163,Ready for Automation Sync,"Fixed overflow: old was 50/44 chars (truncated in search cards); Removed non-compliant symbols ('|', '@', '+'); Excluded brand name on Airbnb (strictly complies with Airbnb guidelines)"
916947147434903581,1083,3BR,Airbnb,3BR|WiFi+Bonfire |StayVista @Cocoon Valley Hideout,3BHK 3BR Villa w/ Bonfire,https://www.airbnb.co.in/rooms/916947147434903581,Ready for Automation Sync,"Fixed overflow: old was 50/44 chars (truncated in search cards); Removed non-compliant symbols ('|', '@', '+'); Excluded brand name on Airbnb (strictly complies with Airbnb guidelines)"
828699651659326416,2413,2BR,Airbnb,2BR | ColonialView |StayVista| Tea House@Himachal,2BHK 2BR House w/ Lawn,https://www.airbnb.co.in/rooms/828699651659326416,Ready for Automation Sync,"Fixed overflow: old was 49/44 chars (truncated in search cards); Removed non-compliant symbols ('|', '@', '+'); Excluded brand name on Airbnb (strictly complies with Airbnb guidelines)"
658463671778912472,Not Found,Stayvista @ The Boulevard  4BR w/ Plunge Pool,Airbnb,Stayvista @ The Boulevard Villa 4BR w/ Plunge Pool,4BHK Villa w/ Plunge Pool,https://www.airbnb.co.in/rooms/658463671778912472,Ready for Automation Sync,"Fixed overflow: old was 50/44 chars (truncated in search cards); Removed non-compliant symbols ('|', '@', '+'); Excluded brand name on Airbnb (strictly complies with Airbnb guidelines)"
1116354807384201315,3550,"3 BHK Heritage  w/ Pool, Bonfire @ Udaipur",Airbnb,"3 BHK Heritage Villa w/ Pool, Bonfire @ Udaipur",3BHK Villa w/ Pool,https://www.airbnb.co.in/rooms/1116354807384201315,Ready for Automation Sync,"Fixed overflow: old was 47/44 chars (truncated in search cards); Removed non-compliant symbols ('|', '@', '+'); Excluded brand name on Airbnb (strictly complies with Airbnb guidelines)"
1050517905884940200,3277,4BR Luxury  W/Waterfall View &Modern Interior,Airbnb,4BR Luxury Villa W/Waterfall View &Modern Interior,4BHK Villa w/ Private Pool,https://www.airbnb.co.in/rooms/1050517905884940200,Ready for Automation Sync,Fixed overflow: old was 50/44 chars (truncated in search cards); Excluded brand name on Airbnb (strictly complies with Airbnb guidelines)
972917896383514947,2887,Sapphire Waves,Airbnb,StayVista at Sapphire Waves w/ Outdoor Pool,3BHK Sapphire Waves Villa w/ Pool,https://www.airbnb.co.in/rooms/972917896383514947,Ready for Automation Sync,Excluded brand name on Airbnb (strictly complies with Airbnb guidelines)
1040998274118108869,3209,Sandstone,Airbnb,StayVista at  Sandstone @ Nomads’ Nest Campout,3BHK Sandstone Villa w/ Private Pool,https://www.airbnb.co.in/rooms/1040998274118108869,Ready for Automation Sync,"Fixed overflow: old was 46/44 chars (truncated in search cards); Removed non-compliant symbols ('|', '@', '+'); Excluded brand name on Airbnb (strictly complies with Airbnb guidelines)"
985274952901363180,2941,Olive @  Gardenia 3BR w/ Huge Lawn,Airbnb,Olive @ Villa Gardenia 3BR w/ Huge Lawn - Aurai,3BHK Villa w/ Lawn,https://www.airbnb.co.in/rooms/985274952901363180,Ready for Automation Sync,"Fixed overflow: old was 47/44 chars (truncated in search cards); Removed non-compliant symbols ('|', '@', '+'); Excluded brand name on Airbnb (strictly complies with Airbnb guidelines)"
544562971898491104,1957,De Bellaria,Airbnb,StayVista at De Bellaria @ 3 Rooms w/ Valley View,3BHK De Bellaria Villa w/ Valley View,https://www.airbnb.co.in/rooms/544562971898491104,Ready for Automation Sync,"Fixed overflow: old was 49/44 chars (truncated in search cards); Removed non-compliant symbols ('|', '@', '+'); Excluded brand name on Airbnb (strictly complies with Airbnb guidelines)"
47130843,1558,Paris,Airbnb,3BR|Pool Bliss|StayVista Paris Villa@Kasauli Escap,3BHK Paris Villa w/ Pool,https://www.airbnb.co.in/rooms/47130843,Ready for Automation Sync,"Fixed overflow: old was 50/44 chars (truncated in search cards); Removed non-compliant symbols ('|', '@', '+'); Excluded brand name on Airbnb (strictly complies with Airbnb guidelines)"
1107791417834534657,2379,Yercaud Bungalow 3BHK w/ Breakfast & Pool,Airbnb,Yercaud Bungalow 3BHK w/ Breakfast & Pool -Yercaud,3BHK Bungalow w/ Pool,https://www.airbnb.co.in/rooms/1107791417834534657,Ready for Automation Sync,Fixed overflow: old was 50/44 chars (truncated in search cards); Excluded brand name on Airbnb (strictly complies with Airbnb guidelines)
998213553996013629,2974,Bay,Airbnb,"StayVista at Bay @ Coral Breeze w/ Lawn,Pool,Wi-Fi",3BHK Bay • Pool & Lawn,https://www.airbnb.co.in/rooms/998213553996013629,Ready for Automation Sync,"Fixed overflow: old was 50/44 chars (truncated in search cards); Removed non-compliant symbols ('|', '@', '+'); Excluded brand name on Airbnb (strictly complies with Airbnb guidelines)"
1059210295702060887,3260,"Maple Farms 5BR Luxury , Sohna",Airbnb,"Maple Farms 5BR Luxury Villa, Sohna",5BHK Villa w/ Private Pool,https://www.airbnb.co.in/rooms/1059210295702060887,Ready for Automation Sync,Excluded brand name on Airbnb (strictly complies with Airbnb guidelines)
1030244959557888515,Not Found,Sapphire Waters,Airbnb,StayVista at Sapphire Waters w/ Outdoor Pool &WiFi,3BHK Sapphire Waters Villa w/ Pool,https://www.airbnb.co.in/rooms/1030244959557888515,Ready for Automation Sync,Fixed overflow: old was 50/44 chars (truncated in search cards); Excluded brand name on Airbnb (strictly complies with Airbnb guidelines)
762639950416035389,2384,Sienna 1BR NauNabh  Near Mall Rd,Airbnb,Sienna 1BR NauNabh Cottage Near Mall Rd |StayVista,1BHK Sienna 1BR NauNabh Near Mall Rd w/ Lawn,https://www.airbnb.co.in/rooms/762639950416035389,Ready for Automation Sync,"Fixed overflow: old was 50/44 chars (truncated in search cards); Removed non-compliant symbols ('|', '@', '+'); Excluded brand name on Airbnb (strictly complies with Airbnb guidelines)"
42025503,1197,2BR,Airbnb,2BR-Nilgiri's Allure with Bathtub & mountain view.,2BHK 2BR Villa w/ Mountain View,https://www.airbnb.co.in/rooms/42025503,Ready for Automation Sync,Fixed overflow: old was 50/44 chars (truncated in search cards); Excluded brand name on Airbnb (strictly complies with Airbnb guidelines)
1080047133798208762,3393,Jade,Airbnb,"StayVista at Jade @ Hillside Harmony - Treks, WiFi",3BHK Jade Villa w/ Private Pool,https://www.airbnb.co.in/rooms/1080047133798208762,Ready for Automation Sync,"Fixed overflow: old was 50/44 chars (truncated in search cards); Removed non-compliant symbols ('|', '@', '+'); Excluded brand name on Airbnb (strictly complies with Airbnb guidelines)"
1120787844986164295,3300,"Mangrove Forest , Candolim",Airbnb,"StayVista at Mangrove Forest Villa, Candolim",3BHK Villa w/ Private Pool,https://www.airbnb.co.in/rooms/1120787844986164295,Ready for Automation Sync,Excluded brand name on Airbnb (strictly complies with Airbnb guidelines)
1044704187494282094,3194,2BR @ The West Wind w/ Brkfst & Amazing View,Airbnb,2BR @ The West Wind w/ Brkfst & Amazing View -Ooty,2BHK Villa w/ Private Pool,https://www.airbnb.co.in/rooms/1044704187494282094,Ready for Automation Sync,"Fixed overflow: old was 50/44 chars (truncated in search cards); Removed non-compliant symbols ('|', '@', '+'); Excluded brand name on Airbnb (strictly complies with Airbnb guidelines)"
1047604070015734268,3113,Cosy 2 BHK  w/Lawn+Balcony near Udaipur,Airbnb,Cosy 2 BHK Villa w/Lawn+Balcony near Udaipur,2BHK Villa w/ Lawn,https://www.airbnb.co.in/rooms/1047604070015734268,Ready for Automation Sync,"Removed non-compliant symbols ('|', '@', '+'); Excluded brand name on Airbnb (strictly complies with Airbnb guidelines)"
564873307166916402,1594,Khohar Haveli 4BR,Airbnb,StayVista at Khohar Haveli 4BR w/ Mughal Garden,4BHK Khohar Haveli 4BR Villa w/ Garden,https://www.airbnb.co.in/rooms/564873307166916402,Ready for Automation Sync,Fixed overflow: old was 47/44 chars (truncated in search cards); Excluded brand name on Airbnb (strictly complies with Airbnb guidelines)
872238934517232679,1390,3 Rooms @ The Zevog  w/ Indoor Jacuzzi,Airbnb,3 Rooms @ The Zevog Villa w/ Indoor Jacuzzi,3BHK Villa w/ Jacuzzi,https://www.airbnb.co.in/rooms/872238934517232679,Ready for Automation Sync,"Removed non-compliant symbols ('|', '@', '+'); Excluded brand name on Airbnb (strictly complies with Airbnb guidelines)"
1060628307530693606,3355,Encanto,Airbnb,"StayVista at Encanto @ Rosso w/ Pool, Lawn, Meals",3BHK Encanto • Pool & Lawn,https://www.airbnb.co.in/rooms/1060628307530693606,Ready for Automation Sync,"Fixed overflow: old was 49/44 chars (truncated in search cards); Removed non-compliant symbols ('|', '@', '+'); Excluded brand name on Airbnb (strictly complies with Airbnb guidelines)"
21076939,97,7BR w/ swimming pool & pool table @ Mehta Mansion,Airbnb,7BR w/ swimming pool & pool table @ Mehta Mansion,7BHK Villa w/ Pool,https://www.airbnb.co.in/rooms/21076939,Ready for Automation Sync,"Fixed overflow: old was 49/44 chars (truncated in search cards); Removed non-compliant symbols ('|', '@', '+'); Excluded brand name on Airbnb (strictly complies with Airbnb guidelines)"
33544468,Not Found,Long Walk,Airbnb,Long Walk Villa - 1 Room in a Villa  w/ Breakfast,3BHK Long Walk Villa w/ Private Pool,https://www.airbnb.co.in/rooms/33544468,Ready for Automation Sync,Fixed overflow: old was 49/44 chars (truncated in search cards); Excluded brand name on Airbnb (strictly complies with Airbnb guidelines)
1112802150653067597,3484,Rustic Loft 2,Airbnb,StayVista at Rustic Loft 2 @ Wisteria Whispers 2BR,2BHK Rustic Loft 2 Villa w/ Private Pool,https://www.airbnb.co.in/rooms/1112802150653067597,Ready for Automation Sync,"Fixed overflow: old was 50/44 chars (truncated in search cards); Removed non-compliant symbols ('|', '@', '+'); Excluded brand name on Airbnb (strictly complies with Airbnb guidelines)"
858381596172379555,2613,Arabica @ Misty Barn by VEO,Airbnb,Arabica @ Misty Barn by VEO - Part of StayVista,3BHK Villa w/ Private Pool,https://www.airbnb.co.in/rooms/858381596172379555,Ready for Automation Sync,"Fixed overflow: old was 47/44 chars (truncated in search cards); Removed non-compliant symbols ('|', '@', '+'); Excluded brand name on Airbnb (strictly complies with Airbnb guidelines)"
1103325915372308833,Not Found,Dreamy Dale,Airbnb,"StayVista at Dreamy Dale w/ Pool, Gazebo, Wi-Fi",3BHK Dreamy Dale • Pool & Gazebo,https://www.airbnb.co.in/rooms/1103325915372308833,Ready for Automation Sync,Fixed overflow: old was 47/44 chars (truncated in search cards); Excluded brand name on Airbnb (strictly complies with Airbnb guidelines)
579356334345106387,1951,Our Beloved Summer,Airbnb,"Our Beloved Summer -W/Pool, Badminton court & Lawn",3BHK Our Beloved Summer • Pool & Lawn,https://www.airbnb.co.in/rooms/579356334345106387,Ready for Automation Sync,Fixed overflow: old was 50/44 chars (truncated in search cards); Excluded brand name on Airbnb (strictly complies with Airbnb guidelines)
1006261039212568481,3042,12 Cottages,Airbnb,12 Cottages- Forest View- restaurant- Igatpuri,3BHK 12 Cottages Villa w/ Private Pool,https://www.airbnb.co.in/rooms/1006261039212568481,Ready for Automation Sync,Fixed overflow: old was 46/44 chars (truncated in search cards); Excluded brand name on Airbnb (strictly complies with Airbnb guidelines)
778060453059193610,2376,2BR Panorama @ Paradise Valley w/ Breakfast & View,Airbnb,2BR Panorama @ Paradise Valley w/ Breakfast & View,2BHK Villa w/ Private Pool,https://www.airbnb.co.in/rooms/778060453059193610,Ready for Automation Sync,"Fixed overflow: old was 50/44 chars (truncated in search cards); Removed non-compliant symbols ('|', '@', '+'); Excluded brand name on Airbnb (strictly complies with Airbnb guidelines)"
948178915755609622,2790,Mystic Nest,Airbnb,4BR | ViewBalcony |StayVista | Mystic Nest@Gangtok,4BHK Mystic Nest Villa w/ Balcony,https://www.airbnb.co.in/rooms/948178915755609622,Ready for Automation Sync,"Fixed overflow: old was 50/44 chars (truncated in search cards); Removed non-compliant symbols ('|', '@', '+'); Excluded brand name on Airbnb (strictly complies with Airbnb guidelines)"
673565147964147782,722,Escape,Airbnb,3BHK Views+Outdoor Games|StayVista Escape@Samdong,3BHK Escape Villa w/ Private Pool,https://www.airbnb.co.in/rooms/673565147964147782,Ready for Automation Sync,"Fixed overflow: old was 49/44 chars (truncated in search cards); Removed non-compliant symbols ('|', '@', '+'); Excluded brand name on Airbnb (strictly complies with Airbnb guidelines)"
917147814249140779,Not Found,Mist,Airbnb,StayVista at Mist @ Retreat on Cloud 9 Homestay,3BHK Mist Homestay w/ Lawn,https://www.airbnb.co.in/rooms/917147814249140779,Ready for Automation Sync,"Fixed overflow: old was 47/44 chars (truncated in search cards); Removed non-compliant symbols ('|', '@', '+'); Excluded brand name on Airbnb (strictly complies with Airbnb guidelines)"
1009251702219070975,Not Found,Timber Suite 213,Airbnb,StayVista at Timber Suite 213 w/ Lake & Gazebo,3BHK Timber Suite 213 Villa w/ Gazebo,https://www.airbnb.co.in/rooms/1009251702219070975,Ready for Automation Sync,Fixed overflow: old was 46/44 chars (truncated in search cards); Excluded brand name on Airbnb (strictly complies with Airbnb guidelines)
1005122158707740429,Not Found,Anjali @ Verdant,Airbnb,Anjali @ Verdant -Lore Trails w/ Lawn & Breakfast,3BHK Anjali @ Verdant Villa w/ Lawn,https://www.airbnb.co.in/rooms/1005122158707740429,Ready for Automation Sync,"Fixed overflow: old was 49/44 chars (truncated in search cards); Removed non-compliant symbols ('|', '@', '+'); Excluded brand name on Airbnb (strictly complies with Airbnb guidelines)"
842462551564567003,2521,"7BR BrookVale Manor w/ Pool, BBQ, Views @Haryana",Airbnb,"7BR BrookVale Manor w/ Pool, BBQ, Views @Haryana",7BHK Manor w/ Pool,https://www.airbnb.co.in/rooms/842462551564567003,Ready for Automation Sync,"Fixed overflow: old was 48/44 chars (truncated in search cards); Removed non-compliant symbols ('|', '@', '+'); Excluded brand name on Airbnb (strictly complies with Airbnb guidelines)"
778041238698983755,2375,Paradise Valley,Airbnb,Paradise Valley - Horizon 2BR w/ Breakfast & View,2BHK Paradise Valley Villa w/ Private Pool,https://www.airbnb.co.in/rooms/778041238698983755,Ready for Automation Sync,Fixed overflow: old was 49/44 chars (truncated in search cards); Excluded brand name on Airbnb (strictly complies with Airbnb guidelines)
1112757033507340007,3483,Rustic Loft 1,Airbnb,StayVista at Rustic Loft 1 | Wisteria Whispers 2BR,2BHK Rustic Loft 1 Villa w/ Private Pool,https://www.airbnb.co.in/rooms/1112757033507340007,Ready for Automation Sync,"Fixed overflow: old was 50/44 chars (truncated in search cards); Removed non-compliant symbols ('|', '@', '+'); Excluded brand name on Airbnb (strictly complies with Airbnb guidelines)"
1304771900739084615,Not Found,Wandering Vines,Airbnb,"Wandering Vines | Countryside Retreat, Sohna",3BHK Wandering Vines Retreat w/ Lawn,https://www.airbnb.co.in/rooms/1304771900739084615,Ready for Automation Sync,"Removed non-compliant symbols ('|', '@', '+'); Excluded brand name on Airbnb (strictly complies with Airbnb guidelines)"
1531650394187596960,4979,3BHK Anandam Lake,Airbnb,"3BHK Anandam Lake Villa | Pool & Lake Views, Pune",3BHK 3BHK Anandam Lake • Pool & Lake View,https://www.airbnb.co.in/rooms/1531650394187596960,Ready for Automation Sync,"Fixed overflow: old was 49/44 chars (truncated in search cards); Removed non-compliant symbols ('|', '@', '+'); Excluded brand name on Airbnb (strictly complies with Airbnb guidelines)"
858374100612781670,2612,Robusta @ Misty Barn by VEO,Airbnb,Robusta @ Misty Barn by VEO - Part of StayVista,3BHK Villa w/ Private Pool,https://www.airbnb.co.in/rooms/858374100612781670,Ready for Automation Sync,"Fixed overflow: old was 47/44 chars (truncated in search cards); Removed non-compliant symbols ('|', '@', '+'); Excluded brand name on Airbnb (strictly complies with Airbnb guidelines)"
45919347,,The Rain  3BHK w/Breakfast & Private Pool,Airbnb,The Rain Villa 3BHK w/Breakfast & Private Pool,3BHK Villa w/ Private Pool,https://www.airbnb.co.in/rooms/45919347,Ready for Automation Sync,Fixed overflow: old was 46/44 chars (truncated in search cards); Excluded brand name on Airbnb (strictly complies with Airbnb guidelines)
996911363204041834,2960,Raindrops,Airbnb,Raindrops - 3BHK Crystal Drizzle w/ Pool.,3BHK Raindrops Villa w/ Pool,https://www.airbnb.co.in/rooms/996911363204041834,Ready for Automation Sync,Excluded brand name on Airbnb (strictly complies with Airbnb guidelines)
670815241738208284,1102,"4BR, Wifi, Pool",Airbnb,"4BR, Wifi, Pool - StayVista-Vintage Hideaway @ Goa","4BHK 4BR, Wifi, Pool Villa w/ Pool",https://www.airbnb.co.in/rooms/670815241738208284,Ready for Automation Sync,"Fixed overflow: old was 50/44 chars (truncated in search cards); Removed non-compliant symbols ('|', '@', '+'); Excluded brand name on Airbnb (strictly complies with Airbnb guidelines)"
801202489708828571,Not Found,Aykon  a Luxury 8BR  with Outdoor Pool,Airbnb,Aykon Estate a Luxury 8BR Villa with Outdoor Pool,8BHK Villa w/ Pool,https://www.airbnb.co.in/rooms/801202489708828571,Ready for Automation Sync,Fixed overflow: old was 49/44 chars (truncated in search cards); Excluded brand name on Airbnb (strictly complies with Airbnb guidelines)
41919116,1219,La Ipsing Farm,Airbnb,StayVista at La Ipsing Farm -1BR,1BHK La Ipsing Farm Villa w/ Private Pool,https://www.airbnb.co.in/rooms/41919116,Ready for Automation Sync,Excluded brand name on Airbnb (strictly complies with Airbnb guidelines)
1050359316449007850,3146,Frozen Fall – 5BR Luxury  w/Waterfall View,Airbnb,Frozen Fall – 5BR Luxury Villa w/Waterfall View,5BHK Villa w/ Private Pool,https://www.airbnb.co.in/rooms/1050359316449007850,Ready for Automation Sync,Fixed overflow: old was 47/44 chars (truncated in search cards); Excluded brand name on Airbnb (strictly complies with Airbnb guidelines)
649722023198277900,1661,Amarillo  by,Airbnb,Amarillo Villa by StayVista - Rustic 4BR & Pool,4BHK Amarillo by Villa w/ Pool,https://www.airbnb.co.in/rooms/649722023198277900,Ready for Automation Sync,Fixed overflow: old was 47/44 chars (truncated in search cards); Excluded brand name on Airbnb (strictly complies with Airbnb guidelines)
1325366925785559912,4103,Lakshmi Retreat 1BR Luxury w/ Brkfst,Airbnb,Lakshmi Retreat 1BR Luxury w/ Brkfst - Kotagiri,1BHK Retreat w/ Lawn,https://www.airbnb.co.in/rooms/1325366925785559912,Ready for Automation Sync,Fixed overflow: old was 47/44 chars (truncated in search cards); Excluded brand name on Airbnb (strictly complies with Airbnb guidelines)
1035087021917753430,3174,Aykon  a Luxury 3BR  with Outdoor Pool,Airbnb,Aykon Estate a Luxury 3BR Villa with Outdoor Pool,3BHK Villa w/ Pool,https://www.airbnb.co.in/rooms/1035087021917753430,Ready for Automation Sync,Fixed overflow: old was 49/44 chars (truncated in search cards); Excluded brand name on Airbnb (strictly complies with Airbnb guidelines)
1022057019057329686,2911,Rupohi Assam,Airbnb,StayVista at Rupohi Assam w/ Gazebo & Lawn,3BHK Rupohi Assam • Lawn & Gazebo,https://www.airbnb.co.in/rooms/1022057019057329686,Ready for Automation Sync,Excluded brand name on Airbnb (strictly complies with Airbnb guidelines)
996859749277951221,4271,6BR,Airbnb,6BR- The Glassview- w/pool- Nashik,6BHK 6BR Villa w/ Pool,https://www.airbnb.co.in/rooms/996859749277951221,Ready for Automation Sync,Excluded brand name on Airbnb (strictly complies with Airbnb guidelines)
666259491666106903,2190,5BR W/,Airbnb,"5BR W/-Breakfast,Wifi-StayVista @Daffodil Cottages",5BHK 5BR W/ Villa w/ Private Pool,https://www.airbnb.co.in/rooms/666259491666106903,Ready for Automation Sync,"Fixed overflow: old was 50/44 chars (truncated in search cards); Removed non-compliant symbols ('|', '@', '+'); Excluded brand name on Airbnb (strictly complies with Airbnb guidelines)"
1515720663764229647,601,Bhimtal,Airbnb,Bhimtal | 3BR @ Mistletoe House w/Cook & Lawn,3BHK Bhimtal House w/ Lawn,https://www.airbnb.co.in/rooms/1515720663764229647,Ready for Automation Sync,"Fixed overflow: old was 45/44 chars (truncated in search cards); Removed non-compliant symbols ('|', '@', '+'); Excluded brand name on Airbnb (strictly complies with Airbnb guidelines)"
1051786350495003812,3031,3BHK  of J,Airbnb,StayVista 3BHK House of J w/Pool | Lonavala,3BHK 3BHK of J House w/ Pool,https://www.airbnb.co.in/rooms/1051786350495003812,Ready for Automation Sync,"Removed non-compliant symbols ('|', '@', '+'); Excluded brand name on Airbnb (strictly complies with Airbnb guidelines)"
875081002196993770,2636,River,Airbnb,"StayVista at River @Waterside Estate w/BBQ,Bonfire",3BHK River • Bonfire & BBQ,https://www.airbnb.co.in/rooms/875081002196993770,Ready for Automation Sync,"Fixed overflow: old was 50/44 chars (truncated in search cards); Removed non-compliant symbols ('|', '@', '+'); Excluded brand name on Airbnb (strictly complies with Airbnb guidelines)"
927874896151131841,2769,Kamal Baug by VEO,Airbnb,Kamal Baug by VEO - Part of StayVista,3BHK Kamal Baug by VEO Villa w/ Private Pool,https://www.airbnb.co.in/rooms/927874896151131841,Ready for Automation Sync,Excluded brand name on Airbnb (strictly complies with Airbnb guidelines)
641807911426813860,2159,Sepia @ Nau Nabh  by VEO,Airbnb,Sepia @ Nau Nabh Cottage by VEO-Part of StayVista,3BHK Sepia @ Nau Nabh by VEO Cottage w/ Lawn,https://www.airbnb.co.in/rooms/641807911426813860,Ready for Automation Sync,"Fixed overflow: old was 49/44 chars (truncated in search cards); Removed non-compliant symbols ('|', '@', '+'); Excluded brand name on Airbnb (strictly complies with Airbnb guidelines)"
31106867,Not Found,Paashaan,Airbnb,StayVista Paashaan,3BHK Paashaan Villa w/ Private Pool,https://www.airbnb.co.in/rooms/31106867,Ready for Automation Sync,Excluded brand name on Airbnb (strictly complies with Airbnb guidelines)
670815136594591645,Not Found,Seaview Serenade,Airbnb,StayVista at Seaview Serenade | 4BR Pool Villa,4BHK Seaview Serenade Villa w/ Pool,https://www.airbnb.co.in/rooms/670815136594591645,Ready for Automation Sync,"Fixed overflow: old was 46/44 chars (truncated in search cards); Removed non-compliant symbols ('|', '@', '+'); Excluded brand name on Airbnb (strictly complies with Airbnb guidelines)"
45498556,1485,"@Brickwood Hill w/ Outdoor Pool, Jacuzzi",Airbnb,"StayVista @Brickwood Hill w/ Outdoor Pool, Jacuzzi",3BHK Villa w/ Pool,https://www.airbnb.co.in/rooms/45498556,Ready for Automation Sync,"Fixed overflow: old was 50/44 chars (truncated in search cards); Removed non-compliant symbols ('|', '@', '+'); Excluded brand name on Airbnb (strictly complies with Airbnb guidelines)"
1099768190750844597,3378,Lakeview 3BHK,Airbnb,"Lakeview 3BHK Villa|Brooks Retreat, Ooty Lake",3BHK Lakeview 3BHK Villa w/ Lake View,https://www.airbnb.co.in/rooms/1099768190750844597,Ready for Automation Sync,"Fixed overflow: old was 45/44 chars (truncated in search cards); Removed non-compliant symbols ('|', '@', '+'); Excluded brand name on Airbnb (strictly complies with Airbnb guidelines)"
51896896,1762,6BHK De Bellaria,Airbnb,"6BHK De Bellaria-Glasshouse,Scenic view@ Panchgani",6BHK 6BHK De Bellaria Villa w/ Private Pool,https://www.airbnb.co.in/rooms/51896896,Ready for Automation Sync,"Fixed overflow: old was 50/44 chars (truncated in search cards); Removed non-compliant symbols ('|', '@', '+'); Excluded brand name on Airbnb (strictly complies with Airbnb guidelines)"
737379478919233813,Not Found,Lore Trails @ Areca 1BR,Airbnb,Lore Trails @ Areca 1BR-Anjali w/Brkfst Kozhikode,1BHK Lore Trails @ Areca 1BR w/ Private Pool,https://www.airbnb.co.in/rooms/737379478919233813,Ready for Automation Sync,"Fixed overflow: old was 49/44 chars (truncated in search cards); Removed non-compliant symbols ('|', '@', '+'); Excluded brand name on Airbnb (strictly complies with Airbnb guidelines)"
1267147503648385491,3824,3BR Soulful @ The Rasa Bungalow w/Lakeview & Wifi,Airbnb,3BR Soulful @ The Rasa Bungalow w/Lakeview & Wifi,3BHK Bungalow w/ Lake View,https://www.airbnb.co.in/rooms/1267147503648385491,Ready for Automation Sync,"Fixed overflow: old was 49/44 chars (truncated in search cards); Removed non-compliant symbols ('|', '@', '+'); Excluded brand name on Airbnb (strictly complies with Airbnb guidelines)"
661299648158763468,Not Found,@Twilight Grove,Airbnb,"StayVista @Twilight Grove-w/BBQ, Pool & Lawn",3BHK @Twilight Grove • Pool & Lawn,https://www.airbnb.co.in/rooms/661299648158763468,Ready for Automation Sync,"Removed non-compliant symbols ('|', '@', '+'); Excluded brand name on Airbnb (strictly complies with Airbnb guidelines)"
39139018,965,Krishnalaya Mansion,Airbnb,StayVista at Krishnalaya Mansion - 1BR.,1BHK Krishnalaya Mansion w/ Private Pool,https://www.airbnb.co.in/rooms/39139018,Ready for Automation Sync,Excluded brand name on Airbnb (strictly complies with Airbnb guidelines)
1304214982312218091,4205,3BR Nivriti Luxury  W/Heated Pool,Airbnb,3BR Nivriti Luxury Villa W/Heated Pool - Kasauli,3BHK 3BR Nivriti Luxury W/Heated Pool • Pool,https://www.airbnb.co.in/rooms/1304214982312218091,Ready for Automation Sync,Fixed overflow: old was 48/44 chars (truncated in search cards); Excluded brand name on Airbnb (strictly complies with Airbnb guidelines)
756222902660357772,Not Found,The Alcove Heritage 4BHK w/ Breakfast In Ooty,Airbnb,The Alcove Heritage 4BHK w/ Breakfast In Ooty,4BHK Villa w/ Private Pool,https://www.airbnb.co.in/rooms/756222902660357772,Ready for Automation Sync,Fixed overflow: old was 45/44 chars (truncated in search cards); Excluded brand name on Airbnb (strictly complies with Airbnb guidelines)
1069215541551494509,3202,Serene,Airbnb,StayVista at Serene @ Casa Artesa w/ Cafe & Wi-Fi,3BHK Serene Villa w/ Private Pool,https://www.airbnb.co.in/rooms/1069215541551494509,Ready for Automation Sync,"Fixed overflow: old was 49/44 chars (truncated in search cards); Removed non-compliant symbols ('|', '@', '+'); Excluded brand name on Airbnb (strictly complies with Airbnb guidelines)"
749578735734766074,2259,Ramgarh,Airbnb,"Ramgarh | 3BR Hollyhock Cottage w/Cook, Lawn & BBQ",3BHK Ramgarh • Lawn & BBQ,https://www.airbnb.co.in/rooms/749578735734766074,Ready for Automation Sync,"Fixed overflow: old was 50/44 chars (truncated in search cards); Removed non-compliant symbols ('|', '@', '+'); Excluded brand name on Airbnb (strictly complies with Airbnb guidelines)"
999763239564685687,2996,Unique 2BR  w/Pool &Garden,Airbnb,Unique 2BR Villa w/Pool &Garden-City Centre Jaipur,2BHK Unique 2BR w/Pool &Garden Villa w/ Pool,https://www.airbnb.co.in/rooms/999763239564685687,Ready for Automation Sync,Fixed overflow: old was 50/44 chars (truncated in search cards); Excluded brand name on Airbnb (strictly complies with Airbnb guidelines)
1076564848376745369,Not Found,Aviary,Airbnb,"StayVista at Aviary @ Casa Gaula w/BBQ, Lawn, WiFi",3BHK Aviary • Lawn & BBQ,https://www.airbnb.co.in/rooms/1076564848376745369,Ready for Automation Sync,"Fixed overflow: old was 50/44 chars (truncated in search cards); Removed non-compliant symbols ('|', '@', '+'); Excluded brand name on Airbnb (strictly complies with Airbnb guidelines)"
36185897,422,The Rain,Airbnb,StayVista at The Rain - 1BR lake facing view,1BHK The Rain Villa w/ Private Pool,https://www.airbnb.co.in/rooms/36185897,Ready for Automation Sync,Excluded brand name on Airbnb (strictly complies with Airbnb guidelines)
1035086842717581743,3173,Aykon  a Luxury 15BR  with Outdoor Pool,Airbnb,Aykon Estate a Luxury 15BR Villa with Outdoor Pool,15BHK Villa w/ Pool,https://www.airbnb.co.in/rooms/1035086842717581743,Ready for Automation Sync,Fixed overflow: old was 50/44 chars (truncated in search cards); Excluded brand name on Airbnb (strictly complies with Airbnb guidelines)
47435064,1593,2BR Springhills w/ Pool & Breakfast@ Chalakudi,Airbnb,2BR Springhills w/ Pool & Breakfast@ Chalakudi,2BHK Villa w/ Pool,https://www.airbnb.co.in/rooms/47435064,Ready for Automation Sync,"Fixed overflow: old was 46/44 chars (truncated in search cards); Removed non-compliant symbols ('|', '@', '+'); Excluded brand name on Airbnb (strictly complies with Airbnb guidelines)"
709725767140648047,3172,5BR Bliss @ Aykon  W/Pool & Gazebo,Airbnb,5BR Bliss @ Aykon Estate W/Pool & Gazebo - Kasauli,5BHK Estate w/ Pool,https://www.airbnb.co.in/rooms/709725767140648047,Ready for Automation Sync,"Fixed overflow: old was 50/44 chars (truncated in search cards); Removed non-compliant symbols ('|', '@', '+'); Excluded brand name on Airbnb (strictly complies with Airbnb guidelines)"
41221130,Not Found,Amara,Airbnb,StayVista at Amara Villa - 2BR w/ Pool & Lawn,2BHK Amara • Pool & Lawn,https://www.airbnb.co.in/rooms/41221130,Ready for Automation Sync,Fixed overflow: old was 45/44 chars (truncated in search cards); Excluded brand name on Airbnb (strictly complies with Airbnb guidelines)
1504204746251801009,4824,5R  w/ pool,Airbnb,5R villa w/ pool - Solace Land@Lonavala,3BHK 5R w/ pool Villa w/ Pool,https://www.airbnb.co.in/rooms/1504204746251801009,Ready for Automation Sync,"Removed non-compliant symbols ('|', '@', '+'); Excluded brand name on Airbnb (strictly complies with Airbnb guidelines)"
1531022311280367803,4713,4BR Mayflower Aramgarh BBQ & Orchard Nr Beas River,Airbnb,4BR Mayflower Aramgarh BBQ & Orchard Nr Beas River,4BHK Villa w/ BBQ,https://www.airbnb.co.in/rooms/1531022311280367803,Ready for Automation Sync,Fixed overflow: old was 50/44 chars (truncated in search cards); Excluded brand name on Airbnb (strictly complies with Airbnb guidelines)
1267087990516319642,Not Found,Rasa,Airbnb,Rasa 5BR @ StayVista Rasa w/Chef & Lakeview,5BHK Rasa Villa w/ Lake View,https://www.airbnb.co.in/rooms/1267087990516319642,Ready for Automation Sync,"Removed non-compliant symbols ('|', '@', '+'); Excluded brand name on Airbnb (strictly complies with Airbnb guidelines)"
605329144515699346,Not Found,"4BR Mountain Mirage W/Spa, Bonfire@ Kasauli",Airbnb,"4BR Mountain Mirage W/Spa, Bonfire@ Kasauli",4BHK Villa w/ Bonfire,https://www.airbnb.co.in/rooms/605329144515699346,Ready for Automation Sync,"Removed non-compliant symbols ('|', '@', '+'); Excluded brand name on Airbnb (strictly complies with Airbnb guidelines)"
1454915023009411201,4830,3BR,Airbnb,3BR|Jacuzi+BBQ|StayVista|TheWildernest Tale@Nashik,3BHK 3BR Villa w/ BBQ,https://www.airbnb.co.in/rooms/1454915023009411201,Ready for Automation Sync,"Fixed overflow: old was 50/44 chars (truncated in search cards); Removed non-compliant symbols ('|', '@', '+'); Excluded brand name on Airbnb (strictly complies with Airbnb guidelines)"
874194698127817107,2644,3 Rooms,Airbnb,StayVista at 3 Rooms @ Villa AnVira by GTV Estate,3BHK 3 Rooms Villa w/ Private Pool,https://www.airbnb.co.in/rooms/874194698127817107,Ready for Automation Sync,"Fixed overflow: old was 49/44 chars (truncated in search cards); Removed non-compliant symbols ('|', '@', '+'); Excluded brand name on Airbnb (strictly complies with Airbnb guidelines)"
1521419501669541551,4472,Dewdrop Cottages,Airbnb,Dewdrop Cottages | Frozen Fall Stay by StayVista,3BHK Dewdrop Cottages Villa w/ Private Pool,https://www.airbnb.co.in/rooms/1521419501669541551,Ready for Automation Sync,"Fixed overflow: old was 48/44 chars (truncated in search cards); Removed non-compliant symbols ('|', '@', '+'); Excluded brand name on Airbnb (strictly complies with Airbnb guidelines)"
1117908016368886403,3502,Breeze,Airbnb,StayVista at Breeze @ Stars & Windsongs w/Lawn,3BHK Breeze Villa w/ Lawn,https://www.airbnb.co.in/rooms/1117908016368886403,Ready for Automation Sync,"Fixed overflow: old was 46/44 chars (truncated in search cards); Removed non-compliant symbols ('|', '@', '+'); Excluded brand name on Airbnb (strictly complies with Airbnb guidelines)"
40438183,909,Jade@Firefly Homestay w/ Pool,Airbnb,Jade@Firefly Homestay w/ Pool-Terrace-Lawn-Wifi-AC,3BHK Jade@Firefly Homestay w/ Pool w/ Pool,https://www.airbnb.co.in/rooms/40438183,Ready for Automation Sync,"Fixed overflow: old was 50/44 chars (truncated in search cards); Removed non-compliant symbols ('|', '@', '+'); Excluded brand name on Airbnb (strictly complies with Airbnb guidelines)"
42261469,1198,Banyan Abode: 6BR Pet,Airbnb,Banyan Abode: 6BR Pet-Friendly Pool Villa,6BHK Banyan Abode: 6BR Pet Villa w/ Pool,https://www.airbnb.co.in/rooms/42261469,Ready for Automation Sync,Excluded brand name on Airbnb (strictly complies with Airbnb guidelines)
39474199,Not Found,Talerock Inn 3BR by VEO,Airbnb,Talerock Inn 3BR by VEO - Part of StayVista,3BHK Talerock Inn 3BR by VEO w/ Private Pool,https://www.airbnb.co.in/rooms/39474199,Ready for Automation Sync,Excluded brand name on Airbnb (strictly complies with Airbnb guidelines)
53745572,1892,Casa Bella Vista,Airbnb,"Casa Bella Vista | Spacious 2BHK, Manali",2BHK Casa Bella Villa w/ Private Pool,https://www.airbnb.co.in/rooms/53745572,Ready for Automation Sync,"Removed non-compliant symbols ('|', '@', '+'); Excluded brand name on Airbnb (strictly complies with Airbnb guidelines)"
1526476340899162474,3146,Frozen Fall,Airbnb,StayVista Frozen Fall | 5BR Scenic Waterfall Stay,5BHK Frozen Fall Villa w/ Private Pool,https://www.airbnb.co.in/rooms/1526476340899162474,Ready for Automation Sync,"Fixed overflow: old was 49/44 chars (truncated in search cards); Removed non-compliant symbols ('|', '@', '+'); Excluded brand name on Airbnb (strictly complies with Airbnb guidelines)"
999716580025775658,2994,Alder @ Pinewood  near Srinagar Airport,Airbnb,Alder @ Pinewood Villa near Srinagar Airport,3BHK Villa w/ Private Pool,https://www.airbnb.co.in/rooms/999716580025775658,Ready for Automation Sync,"Removed non-compliant symbols ('|', '@', '+'); Excluded brand name on Airbnb (strictly complies with Airbnb guidelines)"
663364342979188110,1883,Ekant,Airbnb,StayVista at Ekant 3BHK Villa w/ Pvt Pool,3BHK Ekant Villa w/ Pool,https://www.airbnb.co.in/rooms/663364342979188110,Ready for Automation Sync,Excluded brand name on Airbnb (strictly complies with Airbnb guidelines)
655528101849510015,Not Found,3BR@Shivom  6 w/ Pool & Bonfire @Pawna,Airbnb,3BR@Shivom Villa 6 w/ Pool & Bonfire @Pawna,3BHK Villa w/ Pool,https://www.airbnb.co.in/rooms/655528101849510015,Ready for Automation Sync,"Removed non-compliant symbols ('|', '@', '+'); Excluded brand name on Airbnb (strictly complies with Airbnb guidelines)"
1483064524149589502,4806,4BR,Airbnb,4BR | BBQ+Luxury|StayVista| The Floramer@Panchgani,4BHK 4BR Villa w/ BBQ,https://www.airbnb.co.in/rooms/1483064524149589502,Ready for Automation Sync,"Fixed overflow: old was 50/44 chars (truncated in search cards); Removed non-compliant symbols ('|', '@', '+'); Excluded brand name on Airbnb (strictly complies with Airbnb guidelines)"
1081573114691651838,3379,Lake Pearl Serenity,Airbnb,Lake Pearl Serenity|4BR River View Villa@Pathankot,4BHK Lake Pearl Serenity Villa w/ River View,https://www.airbnb.co.in/rooms/1081573114691651838,Ready for Automation Sync,"Fixed overflow: old was 50/44 chars (truncated in search cards); Removed non-compliant symbols ('|', '@', '+'); Excluded brand name on Airbnb (strictly complies with Airbnb guidelines)"
1447580036618683169,4832,1BR Skydale @Urna Boutique Stay w/ Wifi & Parking,Airbnb,1BR Skydale @Urna Boutique Stay w/ Wifi & Parking,1BHK Villa w/ Private Pool,https://www.airbnb.co.in/rooms/1447580036618683169,Ready for Automation Sync,"Fixed overflow: old was 49/44 chars (truncated in search cards); Removed non-compliant symbols ('|', '@', '+'); Excluded brand name on Airbnb (strictly complies with Airbnb guidelines)"
681649519989755294,Not Found,Vacation at Hazel Woods w/ Wooden Interiors,Airbnb,Vacation at Hazel Woods w/ Wooden Interiors,3BHK Villa w/ Private Pool,https://www.airbnb.co.in/rooms/681649519989755294,Ready for Automation Sync,Excluded brand name on Airbnb (strictly complies with Airbnb guidelines)
907063098455170362,2716,3BR  W/Lawn & Comp. B/F Close to Mall Road,Airbnb,3BR Cottage W/Lawn & Comp. B/F Close to Mall Road,3BHK Cottage w/ Lawn,https://www.airbnb.co.in/rooms/907063098455170362,Ready for Automation Sync,Fixed overflow: old was 49/44 chars (truncated in search cards); Excluded brand name on Airbnb (strictly complies with Airbnb guidelines)
36738700,548,1 BR Luxury Homestay in Theog W Scenic Hill View,Airbnb,1 BR Luxury Homestay in Theog W Scenic Hill View,1BHK Homestay w/ Lawn,https://www.airbnb.co.in/rooms/36738700,Ready for Automation Sync,Fixed overflow: old was 48/44 chars (truncated in search cards); Excluded brand name on Airbnb (strictly complies with Airbnb guidelines)
1461442206041229757,4844,Chapter 1,Airbnb,Chapter 1 - 7BR @ Ever House W/Outdoor Heated Pool,7BHK Chapter 1 House w/ Pool,https://www.airbnb.co.in/rooms/1461442206041229757,Ready for Automation Sync,"Fixed overflow: old was 50/44 chars (truncated in search cards); Removed non-compliant symbols ('|', '@', '+'); Excluded brand name on Airbnb (strictly complies with Airbnb guidelines)"
1518627313671490844,2935,Dew @ Ludlow,Airbnb,Dew @ Ludlow House | Luxury Villa near Mall Road,3BHK Dew @ Ludlow Villa w/ Private Pool,https://www.airbnb.co.in/rooms/1518627313671490844,Ready for Automation Sync,"Fixed overflow: old was 48/44 chars (truncated in search cards); Removed non-compliant symbols ('|', '@', '+'); Excluded brand name on Airbnb (strictly complies with Airbnb guidelines)"
1122255044792232303,3544,Dewan Bagh,Airbnb,StayVista at Dewan Bagh w/ valleyview in Ganderbal,3BHK Dewan Bagh Villa w/ Valley View,https://www.airbnb.co.in/rooms/1122255044792232303,Ready for Automation Sync,Fixed overflow: old was 50/44 chars (truncated in search cards); Excluded brand name on Airbnb (strictly complies with Airbnb guidelines)
45294037,1477,"4 Rooms Baag E Fursat w/ Lawn, Private Pool, BBQ",Airbnb,"4 Rooms Baag E Fursat w/ Lawn, Private Pool, BBQ",3BHK Villa w/ Private Pool,https://www.airbnb.co.in/rooms/45294037,Ready for Automation Sync,Fixed overflow: old was 48/44 chars (truncated in search cards); Excluded brand name on Airbnb (strictly complies with Airbnb guidelines)
1107825935451263984,Not Found,Peak Point,Airbnb,"StayVista at Peak Point w/ Lush Lawn, BBQ & Wi-Fi",3BHK Peak Point • Lawn & BBQ,https://www.airbnb.co.in/rooms/1107825935451263984,Ready for Automation Sync,Fixed overflow: old was 49/44 chars (truncated in search cards); Excluded brand name on Airbnb (strictly complies with Airbnb guidelines)
1019138787684798959,890,"6BR Breezy Banks w/ Natural Pool, Tirthan",Airbnb,"6BR Breezy Banks w/ Natural Pool, Tirthan",6BHK Villa w/ Pool,https://www.airbnb.co.in/rooms/1019138787684798959,Ready for Automation Sync,Excluded brand name on Airbnb (strictly complies with Airbnb guidelines)
544657031353471756,Not Found,5 Rooms,Airbnb,StayVista at 5 Rooms @ The Ourea,3BHK 5 Rooms Villa w/ Private Pool,https://www.airbnb.co.in/rooms/544657031353471756,Ready for Automation Sync,"Removed non-compliant symbols ('|', '@', '+'); Excluded brand name on Airbnb (strictly complies with Airbnb guidelines)"
903745373542311803,2725,Amber @ The Mansion,Airbnb,"Amber @ The Mansion - 1BR w/ BBQ, Bonfire & Lawn",1BHK Amber @ The Mansion • Lawn & Bonfire,https://www.airbnb.co.in/rooms/903745373542311803,Ready for Automation Sync,"Fixed overflow: old was 48/44 chars (truncated in search cards); Removed non-compliant symbols ('|', '@', '+'); Excluded brand name on Airbnb (strictly complies with Airbnb guidelines)"
1305575427495059174,Not Found,5BR Summerfield Manor w/Comp Breakfast & Lawn,Airbnb,5BR Summerfield Manor w/Comp Breakfast & Lawn,5BHK Manor w/ Lawn,https://www.airbnb.co.in/rooms/1305575427495059174,Ready for Automation Sync,Fixed overflow: old was 45/44 chars (truncated in search cards); Excluded brand name on Airbnb (strictly complies with Airbnb guidelines)
41071403,1082,Lake  @ Vyoman,Airbnb,Lake Cottage @ Vyoman,3BHK Lake @ Vyoman Cottage w/ Lawn,https://www.airbnb.co.in/rooms/41071403,Ready for Automation Sync,"Removed non-compliant symbols ('|', '@', '+'); Excluded brand name on Airbnb (strictly complies with Airbnb guidelines)"
1514257128895883452,4959,4BHK,Airbnb,4BHK| Luxe+Pvt Pool |StayVista| Arabella @Colva,4BHK 4BHK Villa w/ Pool,https://www.airbnb.co.in/rooms/1514257128895883452,Ready for Automation Sync,"Fixed overflow: old was 47/44 chars (truncated in search cards); Removed non-compliant symbols ('|', '@', '+'); Excluded brand name on Airbnb (strictly complies with Airbnb guidelines)"
1520800635920459010,5054,Lyric,Airbnb,StayVista at Lyric @ Breezy Banks w/ Pool,3BHK Lyric Villa w/ Pool,https://www.airbnb.co.in/rooms/1520800635920459010,Ready for Automation Sync,"Removed non-compliant symbols ('|', '@', '+'); Excluded brand name on Airbnb (strictly complies with Airbnb guidelines)"
1475847580340669245,4920,Waves by the Beach @ W/ beach access,Airbnb,Waves by the Beach @StayVista W/ beach access,3BHK Villa w/ Private Pool,https://www.airbnb.co.in/rooms/1475847580340669245,Ready for Automation Sync,"Fixed overflow: old was 45/44 chars (truncated in search cards); Removed non-compliant symbols ('|', '@', '+'); Excluded brand name on Airbnb (strictly complies with Airbnb guidelines)"
1472227638360264621,Not Found,Hidden Gem,Airbnb,Hidden Gem- Luxury 4BHK Ville w/Pool & View-Jaipur,4BHK Hidden Gem Villa w/ Pool,https://www.airbnb.co.in/rooms/1472227638360264621,Ready for Automation Sync,Fixed overflow: old was 50/44 chars (truncated in search cards); Excluded brand name on Airbnb (strictly complies with Airbnb guidelines)
40763454,911,3BR,Airbnb,3BR|Heritage Escape|StayVista|Jodhpur House@Manali,3BHK 3BR House w/ Lawn,https://www.airbnb.co.in/rooms/40763454,Ready for Automation Sync,"Fixed overflow: old was 50/44 chars (truncated in search cards); Removed non-compliant symbols ('|', '@', '+'); Excluded brand name on Airbnb (strictly complies with Airbnb guidelines)"
1511447506998538169,Not Found,Conifer,Airbnb,StayVista at Conifer @ Garbyang - Glasshouse,3BHK Conifer Villa w/ Private Pool,https://www.airbnb.co.in/rooms/1511447506998538169,Ready for Automation Sync,"Removed non-compliant symbols ('|', '@', '+'); Excluded brand name on Airbnb (strictly complies with Airbnb guidelines)"
643076008996463710,2002,Dusk & Dawn,Airbnb,StayVista at Dusk & Dawn - 3BR w/ Lawn,3BHK Dusk & Dawn Villa w/ Lawn,https://www.airbnb.co.in/rooms/643076008996463710,Ready for Automation Sync,Excluded brand name on Airbnb (strictly complies with Airbnb guidelines)
1480919441992617209,Not Found,"4BR w/Pool, TT & Pool Table, Horse",Airbnb,"4BR w/Pool, TT & Pool Table, Horse-Riding @ Jaipur",4BHK Villa w/ Pool,https://www.airbnb.co.in/rooms/1480919441992617209,Ready for Automation Sync,"Fixed overflow: old was 50/44 chars (truncated in search cards); Removed non-compliant symbols ('|', '@', '+'); Excluded brand name on Airbnb (strictly complies with Airbnb guidelines)"
1461415557317384133,4869,Faith,Airbnb,"StayVista at Faith @ Dream Haus w/ Lawn, Jacuzzi",3BHK Faith • Jacuzzi & Lawn,https://www.airbnb.co.in/rooms/1461415557317384133,Ready for Automation Sync,"Fixed overflow: old was 48/44 chars (truncated in search cards); Removed non-compliant symbols ('|', '@', '+'); Excluded brand name on Airbnb (strictly complies with Airbnb guidelines)"
972914071535597635,2886,Sapphire Shores,Airbnb,"StayVista at Sapphire Shores w/Outdoor Pool, Wi-Fi",3BHK Sapphire Shores Villa w/ Pool,https://www.airbnb.co.in/rooms/972914071535597635,Ready for Automation Sync,Fixed overflow: old was 50/44 chars (truncated in search cards); Excluded brand name on Airbnb (strictly complies with Airbnb guidelines)
1504050900630897289,4636,Family Rooms,Airbnb,StayVista at Family Rooms @ Villa Thalassa,3BHK Family Rooms Villa w/ Private Pool,https://www.airbnb.co.in/rooms/1504050900630897289,Ready for Automation Sync,"Removed non-compliant symbols ('|', '@', '+'); Excluded brand name on Airbnb (strictly complies with Airbnb guidelines)"
630815402071297310,2132,1BR Sylvan  @Gagar w/Caretaker,Airbnb,1BR Sylvan Cottage @Gagar w/Caretaker,1BHK 1BR Sylvan @Gagar w/Caretaker w/ Lawn,https://www.airbnb.co.in/rooms/630815402071297310,Ready for Automation Sync,"Removed non-compliant symbols ('|', '@', '+'); Excluded brand name on Airbnb (strictly complies with Airbnb guidelines)"
1531005190631599434,Not Found,3BR  Blanche w/ Bonfire BBQ & Panoramic Views,Airbnb,3BR Villa Blanche w/ Bonfire BBQ & Panoramic Views,3BHK Villa w/ Bonfire,https://www.airbnb.co.in/rooms/1531005190631599434,Ready for Automation Sync,Fixed overflow: old was 50/44 chars (truncated in search cards); Excluded brand name on Airbnb (strictly complies with Airbnb guidelines)
1304021486875980318,4188,"6BR,BBQ,Pool",Airbnb,"6BR,BBQ,Pool-StayVista-Waves @ Villa Holiva @ Goa","6BHK 6BR,BBQ,Pool • Pool & BBQ",https://www.airbnb.co.in/rooms/1304021486875980318,Ready for Automation Sync,"Fixed overflow: old was 49/44 chars (truncated in search cards); Removed non-compliant symbols ('|', '@', '+'); Excluded brand name on Airbnb (strictly complies with Airbnb guidelines)"
1093425825993972295,Not Found,2BR Pet Friendly Hidden Gem in outskirts of Jaipur,Airbnb,2BR Pet Friendly Hidden Gem in outskirts of Jaipur,2BHK Villa w/ Private Pool,https://www.airbnb.co.in/rooms/1093425825993972295,Ready for Automation Sync,Fixed overflow: old was 50/44 chars (truncated in search cards); Excluded brand name on Airbnb (strictly complies with Airbnb guidelines)
906189646002447637,2650,British Build Stone   4BHKw/Breakfast,Airbnb,British Build Stone Villa  4BHKw/Breakfast-Calicut,4BHK Villa w/ Private Pool,https://www.airbnb.co.in/rooms/906189646002447637,Ready for Automation Sync,Fixed overflow: old was 50/44 chars (truncated in search cards); Excluded brand name on Airbnb (strictly complies with Airbnb guidelines)
1009027690167403189,3044,Timber 203,Airbnb,StayVista at Timber 203 w/ Lake & Gazebo,3BHK Timber 203 Villa w/ Gazebo,https://www.airbnb.co.in/rooms/1009027690167403189,Ready for Automation Sync,Excluded brand name on Airbnb (strictly complies with Airbnb guidelines)
671381114553671255,1698,Terra rosa,Airbnb,"4BR, Wifi, Pool - StayVista at Terra rosa @ Goa",4BHK Terra rosa Villa w/ Pool,https://www.airbnb.co.in/rooms/671381114553671255,Ready for Automation Sync,"Fixed overflow: old was 47/44 chars (truncated in search cards); Removed non-compliant symbols ('|', '@', '+'); Excluded brand name on Airbnb (strictly complies with Airbnb guidelines)"
8162374,184,2BR Scenic Stay,Airbnb,2BR Scenic Stay | Retreat on Cloud 9 Lonavala,2BHK 2BR Scenic Stay Retreat w/ Lawn,https://www.airbnb.co.in/rooms/8162374,Ready for Automation Sync,"Fixed overflow: old was 45/44 chars (truncated in search cards); Removed non-compliant symbols ('|', '@', '+'); Excluded brand name on Airbnb (strictly complies with Airbnb guidelines)"
1444595140036079160,4647,Gardenea,Airbnb,7BHK Lux Pool+Lawn Villa | StayVista at Gardenea,7BHK Gardenea • Pool & Lawn,https://www.airbnb.co.in/rooms/1444595140036079160,Ready for Automation Sync,"Fixed overflow: old was 48/44 chars (truncated in search cards); Removed non-compliant symbols ('|', '@', '+'); Excluded brand name on Airbnb (strictly complies with Airbnb guidelines)"
949118485348486156,2809,Spring,Airbnb,StayVista at Spring @ Prakriti Farms w/ Breakfast,3BHK Spring Villa w/ Private Pool,https://www.airbnb.co.in/rooms/949118485348486156,Ready for Automation Sync,"Fixed overflow: old was 49/44 chars (truncated in search cards); Removed non-compliant symbols ('|', '@', '+'); Excluded brand name on Airbnb (strictly complies with Airbnb guidelines)"
998210457030592660,2973,Sea,Airbnb,"StayVista at Sea @ Coral Breeze w/ Lawn,Pool,Wi-Fi",3BHK Sea • Pool & Lawn,https://www.airbnb.co.in/rooms/998210457030592660,Ready for Automation Sync,"Fixed overflow: old was 50/44 chars (truncated in search cards); Removed non-compliant symbols ('|', '@', '+'); Excluded brand name on Airbnb (strictly complies with Airbnb guidelines)"
1386632076121532932,Not Found,Glamping Suite 5,Airbnb,StayVista at Glamping Suite 5 @ Vaana - Jacuzzi,3BHK Glamping Suite 5 Villa w/ Jacuzzi,https://www.airbnb.co.in/rooms/1386632076121532932,Ready for Automation Sync,"Fixed overflow: old was 47/44 chars (truncated in search cards); Removed non-compliant symbols ('|', '@', '+'); Excluded brand name on Airbnb (strictly complies with Airbnb guidelines)"
603897537216729521,2033,5BR Classy Floradable  W/Jacuzzi @Kasauli,Airbnb,5BR Classy Floradable Villa W/Jacuzzi @Kasauli,5BHK Villa w/ Jacuzzi,https://www.airbnb.co.in/rooms/603897537216729521,Ready for Automation Sync,"Fixed overflow: old was 46/44 chars (truncated in search cards); Removed non-compliant symbols ('|', '@', '+'); Excluded brand name on Airbnb (strictly complies with Airbnb guidelines)"
1107785874914199640,3533,Marvel,Airbnb,StayVista at Marvel @ The West Wind w/ Fireplace,3BHK Marvel Villa w/ Private Pool,https://www.airbnb.co.in/rooms/1107785874914199640,Ready for Automation Sync,"Fixed overflow: old was 48/44 chars (truncated in search cards); Removed non-compliant symbols ('|', '@', '+'); Excluded brand name on Airbnb (strictly complies with Airbnb guidelines)"
660622591023065782,1727,Sunset Boulevard,Airbnb,StayVista at Sunset Boulevard | Pool & BBQ,3BHK Sunset Boulevard • Pool & BBQ,https://www.airbnb.co.in/rooms/660622591023065782,Ready for Automation Sync,"Removed non-compliant symbols ('|', '@', '+'); Excluded brand name on Airbnb (strictly complies with Airbnb guidelines)"
694467642657762583,2223,Teal,Airbnb,StayVista at Teal @Mawi Infinitty Villa w/pvt pool,3BHK Teal Villa w/ Pool,https://www.airbnb.co.in/rooms/694467642657762583,Ready for Automation Sync,"Fixed overflow: old was 50/44 chars (truncated in search cards); Removed non-compliant symbols ('|', '@', '+'); Excluded brand name on Airbnb (strictly complies with Airbnb guidelines)"
36406257,527,Bishnog 1 BR W Free Breakfast Theog,Airbnb,Bishnog 1 BR W Free Breakfast Theog,1BHK Villa w/ Private Pool,https://www.airbnb.co.in/rooms/36406257,Ready for Automation Sync,Excluded brand name on Airbnb (strictly complies with Airbnb guidelines)
1407733777705764235,4606,The Forest Echoes 3BHK Lux w/Breakfast &Activities,Airbnb,The Forest Echoes 3BHK Lux w/Breakfast &Activities,3BHK Villa w/ Private Pool,https://www.airbnb.co.in/rooms/1407733777705764235,Ready for Automation Sync,Fixed overflow: old was 50/44 chars (truncated in search cards); Excluded brand name on Airbnb (strictly complies with Airbnb guidelines)
1146076117597738049,3682,Rose,Airbnb,"StayVista at Rose @ Silver Oak Farm w/ Garden, AC",3BHK Rose Villa w/ Garden,https://www.airbnb.co.in/rooms/1146076117597738049,Ready for Automation Sync,"Fixed overflow: old was 49/44 chars (truncated in search cards); Removed non-compliant symbols ('|', '@', '+'); Excluded brand name on Airbnb (strictly complies with Airbnb guidelines)"
671353598617147298,1653,IsleView,Airbnb,3BR| Lux Pool|SeaView|StayVista | IsleView@Dabolim,3BHK IsleView Villa w/ Pool,https://www.airbnb.co.in/rooms/671353598617147298,Ready for Automation Sync,"Fixed overflow: old was 50/44 chars (truncated in search cards); Removed non-compliant symbols ('|', '@', '+'); Excluded brand name on Airbnb (strictly complies with Airbnb guidelines)"
1460736728047934911,Not Found,"Cora @ Suite De Emerald w/ Meals, Wifi @ Goa",Airbnb,"Cora @ Suite De Emerald w/ Meals, Wifi @ Goa",3BHK Villa w/ Private Pool,https://www.airbnb.co.in/rooms/1460736728047934911,Ready for Automation Sync,"Removed non-compliant symbols ('|', '@', '+'); Excluded brand name on Airbnb (strictly complies with Airbnb guidelines)"
1325457138122514448,4264,Pine,Airbnb,StayVista at Pine @ Lakshmi’s Retreat Phase - 2,3BHK Pine Retreat w/ Lawn,https://www.airbnb.co.in/rooms/1325457138122514448,Ready for Automation Sync,"Fixed overflow: old was 47/44 chars (truncated in search cards); Removed non-compliant symbols ('|', '@', '+'); Excluded brand name on Airbnb (strictly complies with Airbnb guidelines)"
1041823525661673576,Not Found,Dessert Dreams,Airbnb,StayVista at  Dessert Dreams@ Nomads’ Nest Campout,3BHK Dessert Dreams Villa w/ Private Pool,https://www.airbnb.co.in/rooms/1041823525661673576,Ready for Automation Sync,"Fixed overflow: old was 50/44 chars (truncated in search cards); Removed non-compliant symbols ('|', '@', '+'); Excluded brand name on Airbnb (strictly complies with Airbnb guidelines)"
32850714,341,3BR Luxe,Airbnb,3BR Luxe |Chef+Games | StayVista @The Corner House,3BHK 3BR Luxe House w/ Lawn,https://www.airbnb.co.in/rooms/32850714,Ready for Automation Sync,"Fixed overflow: old was 50/44 chars (truncated in search cards); Removed non-compliant symbols ('|', '@', '+'); Excluded brand name on Airbnb (strictly complies with Airbnb guidelines)"
655494549972452215,2174,"2BR @Redwood  w/Wifi,BBQ & Bonfire",Airbnb,"2BR @Redwood Cottage w/Wifi,BBQ & Bonfire",2BHK Cottage w/ Bonfire,https://www.airbnb.co.in/rooms/655494549972452215,Ready for Automation Sync,"Removed non-compliant symbols ('|', '@', '+'); Excluded brand name on Airbnb (strictly complies with Airbnb guidelines)"
654169661422731737,2005,Bhimtal,Airbnb,"Bhimtal | 3BR @ Viva La Vida w/Lawn, Bonfire & BBQ",3BHK Bhimtal • Lawn & Bonfire,https://www.airbnb.co.in/rooms/654169661422731737,Ready for Automation Sync,"Fixed overflow: old was 50/44 chars (truncated in search cards); Removed non-compliant symbols ('|', '@', '+'); Excluded brand name on Airbnb (strictly complies with Airbnb guidelines)"
1044699613339481743,3193,The West Wind,Airbnb,The West Wind -3BR Breeze w/Brkfst & Balcony -Ooty,3BHK The West Wind Villa w/ Balcony,https://www.airbnb.co.in/rooms/1044699613339481743,Ready for Automation Sync,Fixed overflow: old was 50/44 chars (truncated in search cards); Excluded brand name on Airbnb (strictly complies with Airbnb guidelines)
50276136,1695,"4BR Daafi Sarog  w/comp BF,Hill View @Theog",Airbnb,"4BR Daafi Sarog Cottage w/comp BF,Hill View @Theog",4BHK Cottage w/ Lawn,https://www.airbnb.co.in/rooms/50276136,Ready for Automation Sync,"Fixed overflow: old was 50/44 chars (truncated in search cards); Removed non-compliant symbols ('|', '@', '+'); Excluded brand name on Airbnb (strictly complies with Airbnb guidelines)"
1122201191726291853,Not Found,"Saanvi , Karjat",Airbnb,"Saanvi Villa, Karjat - W/ Pool","3BHK Saanvi , Karjat Villa w/ Pool",https://www.airbnb.co.in/rooms/1122201191726291853,Ready for Automation Sync,Excluded brand name on Airbnb (strictly complies with Airbnb guidelines)
1074435032630927892,3338,Leaf 1RK @ Clouds View Nature Resort,Airbnb,Leaf 1RK @ Clouds View Nature Resort,3BHK Villa w/ Private Pool,https://www.airbnb.co.in/rooms/1074435032630927892,Ready for Automation Sync,"Removed non-compliant symbols ('|', '@', '+'); Excluded brand name on Airbnb (strictly complies with Airbnb guidelines)"
1524500326097248004,5004,9BR The Green Nook,Airbnb,"9BR The Green Nook | Pool & Hill Views, Panchgani",9BHK 9BR The Green Nook Villa w/ Pool,https://www.airbnb.co.in/rooms/1524500326097248004,Ready for Automation Sync,"Fixed overflow: old was 49/44 chars (truncated in search cards); Removed non-compliant symbols ('|', '@', '+'); Excluded brand name on Airbnb (strictly complies with Airbnb guidelines)"
1518585106058465438,Not Found,Meraki Homestay,Airbnb,StayVista at Meraki Homestay w/ BBQ & Bonfire,3BHK Meraki Homestay • Bonfire & BBQ,https://www.airbnb.co.in/rooms/1518585106058465438,Ready for Automation Sync,Fixed overflow: old was 45/44 chars (truncated in search cards); Excluded brand name on Airbnb (strictly complies with Airbnb guidelines)
1511394040662535149,1998,8BR,Airbnb,8BR|Heritage Stay|StayVista| Nau Nabh Lodge@Shimla,8BHK 8BR Villa w/ Private Pool,https://www.airbnb.co.in/rooms/1511394040662535149,Ready for Automation Sync,"Fixed overflow: old was 50/44 chars (truncated in search cards); Removed non-compliant symbols ('|', '@', '+'); Excluded brand name on Airbnb (strictly complies with Airbnb guidelines)"
661952631418143567,1543,6BR Lux  w/Pool+BFST,Airbnb,6BR Lux Villa w/Pool+BFST | SV at Khohar Haveli,6BHK 6BR Lux w/Pool+BFST Villa w/ Pool,https://www.airbnb.co.in/rooms/661952631418143567,Ready for Automation Sync,"Fixed overflow: old was 47/44 chars (truncated in search cards); Removed non-compliant symbols ('|', '@', '+'); Excluded brand name on Airbnb (strictly complies with Airbnb guidelines)"
780924215135918891,Not Found,Arch @ Stonehill Manor,Airbnb,Arch @ Stonehill Manor - The perfect family villa,3BHK Arch @ Stonehill Manor w/ Private Pool,https://www.airbnb.co.in/rooms/780924215135918891,Ready for Automation Sync,"Fixed overflow: old was 49/44 chars (truncated in search cards); Removed non-compliant symbols ('|', '@', '+'); Excluded brand name on Airbnb (strictly complies with Airbnb guidelines)"
42699251,Not Found,Cocoon Valley,Airbnb,Cocoon Valley - 1 BR with bkfst/valley veiw,1BHK Cocoon Valley Villa w/ Private Pool,https://www.airbnb.co.in/rooms/42699251,Ready for Automation Sync,Excluded brand name on Airbnb (strictly complies with Airbnb guidelines)
45293375,1476,"6 Rooms Baag E Fursat w/ Lawn, Private Pool, BBQ",Airbnb,"6 Rooms Baag E Fursat w/ Lawn, Private Pool, BBQ",3BHK Villa w/ Private Pool,https://www.airbnb.co.in/rooms/45293375,Ready for Automation Sync,Fixed overflow: old was 48/44 chars (truncated in search cards); Excluded brand name on Airbnb (strictly complies with Airbnb guidelines)
54114494,1920,2BR Luxury Pool,Airbnb,"2BR Luxury Pool Villa | Bliss Woods, Gurgaon",2BHK 2BR Luxury Pool Villa w/ Pool,https://www.airbnb.co.in/rooms/54114494,Ready for Automation Sync,"Removed non-compliant symbols ('|', '@', '+'); Excluded brand name on Airbnb (strictly complies with Airbnb guidelines)"
47948490,Not Found,Ayurkutir,Airbnb,Ayurkutir Villa- 4BR,4BHK Ayurkutir Villa w/ Private Pool,https://www.airbnb.co.in/rooms/47948490,Ready for Automation Sync,Excluded brand name on Airbnb (strictly complies with Airbnb guidelines)
949084195460184211,2795,5 BHK  w/ BKFST+ Pool + View + Lawn @ Udaipur,Airbnb,5 BHK Villa w/ BKFST+ Pool + View + Lawn @ Udaipur,5BHK Villa w/ Pool,https://www.airbnb.co.in/rooms/949084195460184211,Ready for Automation Sync,"Fixed overflow: old was 50/44 chars (truncated in search cards); Removed non-compliant symbols ('|', '@', '+'); Excluded brand name on Airbnb (strictly complies with Airbnb guidelines)"
1091865183768010298,3430,"Charming 2BRw/Pool,Lawn,Gazebo",Airbnb,"Charming 2BRw/Pool,Lawn,Gazebo-Daisy@Avadh Vatika","2BHK Charming 2BRw/Pool,Lawn,Gazebo w/ Pool",https://www.airbnb.co.in/rooms/1091865183768010298,Ready for Automation Sync,"Fixed overflow: old was 49/44 chars (truncated in search cards); Removed non-compliant symbols ('|', '@', '+'); Excluded brand name on Airbnb (strictly complies with Airbnb guidelines)"
658302588740643732,1799,The Summer,Airbnb,StayVista at The Summer House,3BHK The Summer House w/ Lawn,https://www.airbnb.co.in/rooms/658302588740643732,Ready for Automation Sync,Excluded brand name on Airbnb (strictly complies with Airbnb guidelines)
1050400914021538466,3305,Spectra,Airbnb,StayVista at Spectra @ Zephyr Estate w/ BBQ,3BHK Spectra Estate w/ BBQ,https://www.airbnb.co.in/rooms/1050400914021538466,Ready for Automation Sync,"Removed non-compliant symbols ('|', '@', '+'); Excluded brand name on Airbnb (strictly complies with Airbnb guidelines)"
52484517,Not Found,Amara  6BR Luxury  W/ Pool & Garden,Airbnb,Amara Villa 6BR Luxury estate W/ Pool & Garden,6BHK Villa w/ Pool,https://www.airbnb.co.in/rooms/52484517,Ready for Automation Sync,Fixed overflow: old was 46/44 chars (truncated in search cards); Excluded brand name on Airbnb (strictly complies with Airbnb guidelines)
39449440,784,Shalom 4bhk  with pvt pool near back water,Airbnb,Shalom 4bhk Villa with pvt pool near back water,4BHK Villa w/ Pool,https://www.airbnb.co.in/rooms/39449440,Ready for Automation Sync,Fixed overflow: old was 47/44 chars (truncated in search cards); Excluded brand name on Airbnb (strictly complies with Airbnb guidelines)
988223913845278112,2956,Blanc Belle 2BR  in Sohna W/ Pool & TT Table,Airbnb,Blanc Belle 2BR Villa in Sohna W/ Pool & TT Table,2BHK Villa w/ Pool,https://www.airbnb.co.in/rooms/988223913845278112,Ready for Automation Sync,Fixed overflow: old was 49/44 chars (truncated in search cards); Excluded brand name on Airbnb (strictly complies with Airbnb guidelines)
1019138730422999099,916,"1BR Luxury Stay, Pet Friendly w/ River View & Chef",Airbnb,"1BR Luxury Stay, Pet Friendly w/ River View & Chef",1BHK Villa w/ River View,https://www.airbnb.co.in/rooms/1019138730422999099,Ready for Automation Sync,Fixed overflow: old was 50/44 chars (truncated in search cards); Excluded brand name on Airbnb (strictly complies with Airbnb guidelines)
1520719397924566573,Not Found,Mountain View,Airbnb,Shehjar | StayVista Mountain View Villa w/ Garden,3BHK Mountain View • Mountain View & Garden,https://www.airbnb.co.in/rooms/1520719397924566573,Ready for Automation Sync,"Fixed overflow: old was 49/44 chars (truncated in search cards); Removed non-compliant symbols ('|', '@', '+'); Excluded brand name on Airbnb (strictly complies with Airbnb guidelines)"
997692395237199369,2967,Sage,Airbnb,StayVista at Sage @ The Earthen Boutique w/ Garden,3BHK Sage Villa w/ Garden,https://www.airbnb.co.in/rooms/997692395237199369,Ready for Automation Sync,"Fixed overflow: old was 50/44 chars (truncated in search cards); Removed non-compliant symbols ('|', '@', '+'); Excluded brand name on Airbnb (strictly complies with Airbnb guidelines)"
1265565052598862128,4069,"4BR, BBQ, Pool",Airbnb,"4BR, BBQ, Pool- Palm @ A Portuguese Tale @ Goa","4BHK 4BR, BBQ, Pool • Pool & BBQ",https://www.airbnb.co.in/rooms/1265565052598862128,Ready for Automation Sync,"Fixed overflow: old was 46/44 chars (truncated in search cards); Removed non-compliant symbols ('|', '@', '+'); Excluded brand name on Airbnb (strictly complies with Airbnb guidelines)"
1116375271391913125,3551,Jewel,Airbnb,"StayVista at Jewel @ Grandiose Manor w/ Pool, BBQ",3BHK Jewel • Pool & BBQ,https://www.airbnb.co.in/rooms/1116375271391913125,Ready for Automation Sync,"Fixed overflow: old was 49/44 chars (truncated in search cards); Removed non-compliant symbols ('|', '@', '+'); Excluded brand name on Airbnb (strictly complies with Airbnb guidelines)"
1065769196515188272,3151,Luxury 4BR Majestic Mud  w/Pvt Pool Pushkar,Airbnb,Luxury 4BR Majestic Mud House w/Pvt Pool Pushkar,4BHK House w/ Pool,https://www.airbnb.co.in/rooms/1065769196515188272,Ready for Automation Sync,Fixed overflow: old was 48/44 chars (truncated in search cards); Excluded brand name on Airbnb (strictly complies with Airbnb guidelines)
651019177721264733,1696,3BR,Airbnb,3BR|Pool&KidsPlay|StayVista| Villa Amaaya|@Alibaug,3BHK 3BR Villa w/ Pool,https://www.airbnb.co.in/rooms/651019177721264733,Ready for Automation Sync,"Fixed overflow: old was 50/44 chars (truncated in search cards); Removed non-compliant symbols ('|', '@', '+'); Excluded brand name on Airbnb (strictly complies with Airbnb guidelines)"
1407728025916002109,Not Found,3BR @Evergrove,Airbnb,3BR @Evergrove- The Sage Brook w/ Wifi & Heaters,3BHK 3BR @Evergrove Villa w/ Private Pool,https://www.airbnb.co.in/rooms/1407728025916002109,Ready for Automation Sync,"Fixed overflow: old was 48/44 chars (truncated in search cards); Removed non-compliant symbols ('|', '@', '+'); Excluded brand name on Airbnb (strictly complies with Airbnb guidelines)"
1303501130252305439,4156,10BHK,Airbnb,10BHK |Luxe Pool+Lawn |StayVista| Seaview @Siridao,10BHK 10BHK • Pool & Lawn,https://www.airbnb.co.in/rooms/1303501130252305439,Ready for Automation Sync,"Fixed overflow: old was 50/44 chars (truncated in search cards); Removed non-compliant symbols ('|', '@', '+'); Excluded brand name on Airbnb (strictly complies with Airbnb guidelines)"
1061391037846036760,3357,Lime,Airbnb,StayVista at Lime @ Villa Gardenia w/ Wi-Fi,3BHK Lime Villa w/ Garden,https://www.airbnb.co.in/rooms/1061391037846036760,Ready for Automation Sync,"Removed non-compliant symbols ('|', '@', '+'); Excluded brand name on Airbnb (strictly complies with Airbnb guidelines)"
1452818153966541993,4763,Encanto,Airbnb,"10BR w/-Lawn,Pool-StayVista at Villa Encanto @ Goa",10BHK Encanto • Pool & Lawn,https://www.airbnb.co.in/rooms/1452818153966541993,Ready for Automation Sync,"Fixed overflow: old was 50/44 chars (truncated in search cards); Removed non-compliant symbols ('|', '@', '+'); Excluded brand name on Airbnb (strictly complies with Airbnb guidelines)"
1447010861273295339,Not Found,1BR,Airbnb,Stayvista 1BR-Suite Room w/Breakfast & Pool-Jaipur,1BHK 1BR Villa w/ Pool,https://www.airbnb.co.in/rooms/1447010861273295339,Ready for Automation Sync,Fixed overflow: old was 50/44 chars (truncated in search cards); Excluded brand name on Airbnb (strictly complies with Airbnb guidelines)
1080950140230293953,3358,Sunflower  – Pool & Mountain View,Airbnb,StayVista Sunflower Villa – Pool & Mountain View,3BHK Sunflower – Pool & Mountain View • Pool,https://www.airbnb.co.in/rooms/1080950140230293953,Ready for Automation Sync,Fixed overflow: old was 48/44 chars (truncated in search cards); Excluded brand name on Airbnb (strictly complies with Airbnb guidelines)
872127027336845289,2350,Beige,Airbnb,StayVista at Beige @ The Alcove w/ Wi-Fi & Books,3BHK Beige Villa w/ Private Pool,https://www.airbnb.co.in/rooms/872127027336845289,Ready for Automation Sync,"Fixed overflow: old was 48/44 chars (truncated in search cards); Removed non-compliant symbols ('|', '@', '+'); Excluded brand name on Airbnb (strictly complies with Airbnb guidelines)"
904053534925225073,2671,Grand,Airbnb,StayVista at Grand @ Regal Retreat,3BHK Grand Retreat w/ Lawn,https://www.airbnb.co.in/rooms/904053534925225073,Ready for Automation Sync,"Removed non-compliant symbols ('|', '@', '+'); Excluded brand name on Airbnb (strictly complies with Airbnb guidelines)"
758294854568302661,2047,Maple,Airbnb,StayVista at Maple | Lost in the Alps Retreat,3BHK Maple Retreat w/ Lawn,https://www.airbnb.co.in/rooms/758294854568302661,Ready for Automation Sync,"Fixed overflow: old was 45/44 chars (truncated in search cards); Removed non-compliant symbols ('|', '@', '+'); Excluded brand name on Airbnb (strictly complies with Airbnb guidelines)"
1377339056162450203,4473,Frozen Fall,Airbnb,StayVista Frozen Fall | Frostflare Cottages 4BR,4BHK Frozen Fall Villa w/ Private Pool,https://www.airbnb.co.in/rooms/1377339056162450203,Ready for Automation Sync,"Fixed overflow: old was 47/44 chars (truncated in search cards); Removed non-compliant symbols ('|', '@', '+'); Excluded brand name on Airbnb (strictly complies with Airbnb guidelines)"
1325453729891807995,4263,Luna,Airbnb,StayVista at Luna @ Lakshmi’s Retreat Phase - 2,3BHK Luna Retreat w/ Lawn,https://www.airbnb.co.in/rooms/1325453729891807995,Ready for Automation Sync,"Fixed overflow: old was 47/44 chars (truncated in search cards); Removed non-compliant symbols ('|', '@', '+'); Excluded brand name on Airbnb (strictly complies with Airbnb guidelines)"
717927824044025568,2279,Chandelier @ Rose  2 BR in heart of Shimla,Airbnb,Chandelier @ Rose Cottage 2 BR in heart of Shimla,2BHK Cottage w/ Lawn,https://www.airbnb.co.in/rooms/717927824044025568,Ready for Automation Sync,"Fixed overflow: old was 49/44 chars (truncated in search cards); Removed non-compliant symbols ('|', '@', '+'); Excluded brand name on Airbnb (strictly complies with Airbnb guidelines)"
1.51374E+18,3384,2BR Spruce @ SilverSpring,Airbnb,2BR Spruce @ SilverSpring Cottage,2BHK 2BR Spruce @ SilverSpring w/ Lawn,https://www.airbnb.co.in/rooms/1513744452574890000,Ready for Automation Sync,"Removed non-compliant symbols ('|', '@', '+'); Excluded brand name on Airbnb (strictly complies with Airbnb guidelines)"
42235204,1250,Novera,Airbnb,"Novera-2BR Pvt villa Mountain View,Bkfst,bonfire",2BHK Novera • Mountain View & Bonfire,https://www.airbnb.co.in/rooms/42235204,Ready for Automation Sync,Fixed overflow: old was 48/44 chars (truncated in search cards); Excluded brand name on Airbnb (strictly complies with Airbnb guidelines)
1146047622480699540,3681,Mist,Airbnb,"StayVista at Mist @ Silver Oak Farm w/ Garden, AC",3BHK Mist Villa w/ Garden,https://www.airbnb.co.in/rooms/1146047622480699540,Ready for Automation Sync,"Fixed overflow: old was 49/44 chars (truncated in search cards); Removed non-compliant symbols ('|', '@', '+'); Excluded brand name on Airbnb (strictly complies with Airbnb guidelines)"
32391973,1280,"2BR  @ Greenwood with Lawn, BBQ, Breakfast",Airbnb,"2BR Cottage @ Greenwood with Lawn, BBQ, Breakfast",2BHK Cottage w/ Lawn,https://www.airbnb.co.in/rooms/32391973,Ready for Automation Sync,"Fixed overflow: old was 49/44 chars (truncated in search cards); Removed non-compliant symbols ('|', '@', '+'); Excluded brand name on Airbnb (strictly complies with Airbnb guidelines)"
1511313162727154125,Not Found,1BR,Airbnb,1BR-Srinh @ Artisanal Heights w/ Jacuzzi @Himachal,1BHK 1BR Villa w/ Jacuzzi,https://www.airbnb.co.in/rooms/1511313162727154125,Ready for Automation Sync,"Fixed overflow: old was 50/44 chars (truncated in search cards); Removed non-compliant symbols ('|', '@', '+'); Excluded brand name on Airbnb (strictly complies with Airbnb guidelines)"
1107781457521819681,3532,Wonder,Airbnb,StayVista at Wonder @ The West Wind w/ Fireplace,3BHK Wonder Villa w/ Private Pool,https://www.airbnb.co.in/rooms/1107781457521819681,Ready for Automation Sync,"Fixed overflow: old was 48/44 chars (truncated in search cards); Removed non-compliant symbols ('|', '@', '+'); Excluded brand name on Airbnb (strictly complies with Airbnb guidelines)"
50041932,Not Found,"4BHK La Palm  w/Pool, Gym & Sauna",Airbnb,"4BHK La Palm Villa w/Pool, Gym & Sauna | Lonavala","4BHK 4BHK La Palm w/Pool, Gym & Sauna • Pool",https://www.airbnb.co.in/rooms/50041932,Ready for Automation Sync,"Fixed overflow: old was 49/44 chars (truncated in search cards); Removed non-compliant symbols ('|', '@', '+'); Excluded brand name on Airbnb (strictly complies with Airbnb guidelines)"
538881377198996331,1939,Egret at Firefly by river Coorg,Airbnb,Egret at Firefly by river Coorg,3BHK Villa w/ Private Pool,https://www.airbnb.co.in/rooms/538881377198996331,Ready for Automation Sync,Excluded brand name on Airbnb (strictly complies with Airbnb guidelines)
1041807695909259209,Not Found,MysticDunes,Airbnb,StayVista at  MysticDunes @ Nomads’ Nest Campout,3BHK MysticDunes Villa w/ Private Pool,https://www.airbnb.co.in/rooms/1041807695909259209,Ready for Automation Sync,"Fixed overflow: old was 48/44 chars (truncated in search cards); Removed non-compliant symbols ('|', '@', '+'); Excluded brand name on Airbnb (strictly complies with Airbnb guidelines)"
920639677094946590,2686,L’Amore with Valley View & Bonfire,Airbnb,StayVista at L’Amore with Valley View & Bonfire,3BHK Villa w/ Valley View,https://www.airbnb.co.in/rooms/920639677094946590,Ready for Automation Sync,Fixed overflow: old was 47/44 chars (truncated in search cards); Excluded brand name on Airbnb (strictly complies with Airbnb guidelines)
1460052345613661167,4769,Caia,Airbnb,"7BR,Wifi,Lawn,Pool-StayVista at Villa Caia @ Goa",7BHK Caia • Pool & Lawn,https://www.airbnb.co.in/rooms/1460052345613661167,Ready for Automation Sync,"Fixed overflow: old was 48/44 chars (truncated in search cards); Removed non-compliant symbols ('|', '@', '+'); Excluded brand name on Airbnb (strictly complies with Airbnb guidelines)"
680114181350351935,2204,Heaven On Hills 3 BR,Airbnb,Heaven On Hills 3 BR,3BHK Heaven On Hills 3 BR w/ Private Pool,https://www.airbnb.co.in/rooms/680114181350351935,Ready for Automation Sync,Excluded brand name on Airbnb (strictly complies with Airbnb guidelines)
1530953745910516196,4132,Whispers of the Water,Airbnb,StayVista at Whispers of the Water w/ Lake View,3BHK Whispers of the Water w/ Lake View,https://www.airbnb.co.in/rooms/1530953745910516196,Ready for Automation Sync,Fixed overflow: old was 47/44 chars (truncated in search cards); Excluded brand name on Airbnb (strictly complies with Airbnb guidelines)
45293029,1467,"Baag E Fursat w/ Lawn, Private Pool, BBQ",Airbnb,"Baag E Fursat w/ Lawn, Private Pool, BBQ",3BHK Villa w/ Private Pool,https://www.airbnb.co.in/rooms/45293029,Ready for Automation Sync,Excluded brand name on Airbnb (strictly complies with Airbnb guidelines)
1473727433473813360,4911,4BHK Harmony Retreat – Pool & Bonfire,Airbnb,4BHK Harmony Retreat – Pool & Bonfire,4BHK Retreat w/ Pool,https://www.airbnb.co.in/rooms/1473727433473813360,Ready for Automation Sync,Excluded brand name on Airbnb (strictly complies with Airbnb guidelines)
54075378,1919,Crete,Airbnb,"StayVista at Crete - 3 BR w/ BBQ, Pool and  Lawn",3BHK Crete • Pool & Lawn,https://www.airbnb.co.in/rooms/54075378,Ready for Automation Sync,Fixed overflow: old was 48/44 chars (truncated in search cards); Excluded brand name on Airbnb (strictly complies with Airbnb guidelines)
1503491536117314671,4635,StandardRooms,Airbnb,StayVista at StandardRooms@Thalassa near the Beach,3BHK StandardRooms Villa w/ Private Pool,https://www.airbnb.co.in/rooms/1503491536117314671,Ready for Automation Sync,"Fixed overflow: old was 50/44 chars (truncated in search cards); Removed non-compliant symbols ('|', '@', '+'); Excluded brand name on Airbnb (strictly complies with Airbnb guidelines)"
1422245295633265355,1565,The Happy Hive,Airbnb,3BHK|Pool Escape|StayVista The Happy Hive|Lonavala,3BHK The Happy Hive Villa w/ Pool,https://www.airbnb.co.in/rooms/1422245295633265355,Ready for Automation Sync,"Fixed overflow: old was 50/44 chars (truncated in search cards); Removed non-compliant symbols ('|', '@', '+'); Excluded brand name on Airbnb (strictly complies with Airbnb guidelines)"
671332352414364212,1609,Saanu Ki,Airbnb,"StayVista at Saanu Ki Villa | 3BHK Pool, Candolim",3BHK Saanu Ki Villa w/ Pool,https://www.airbnb.co.in/rooms/671332352414364212,Ready for Automation Sync,"Fixed overflow: old was 49/44 chars (truncated in search cards); Removed non-compliant symbols ('|', '@', '+'); Excluded brand name on Airbnb (strictly complies with Airbnb guidelines)"
694459375282796332,2222,Blue,Airbnb,StayVista at Blue @Mawi Infinitty Villa w/Pvt pool,3BHK Blue Villa w/ Pool,https://www.airbnb.co.in/rooms/694459375282796332,Ready for Automation Sync,"Fixed overflow: old was 50/44 chars (truncated in search cards); Removed non-compliant symbols ('|', '@', '+'); Excluded brand name on Airbnb (strictly complies with Airbnb guidelines)"
50759443,1708,Nivaant Condo,Airbnb,StayVista at Nivaant Condo - 2BR,2BHK Nivaant Condo Villa w/ Private Pool,https://www.airbnb.co.in/rooms/50759443,Ready for Automation Sync,Excluded brand name on Airbnb (strictly complies with Airbnb guidelines)
33543496,Not Found,"Long Walk 4BHK w/brkfst Mountain View, Hiking Lawn",Airbnb,"Long Walk 4BHK w/brkfst Mountain View, Hiking Lawn",4BHK Villa w/ Mountain View,https://www.airbnb.co.in/rooms/33543496,Ready for Automation Sync,Fixed overflow: old was 50/44 chars (truncated in search cards); Excluded brand name on Airbnb (strictly complies with Airbnb guidelines)
630196058139003494,Not Found,1BR Bloom @Pines & Fir w/Heaters & Wifi,Airbnb,1BR Bloom @Pines & Fir w/Heaters & Wifi,1BHK Villa w/ Private Pool,https://www.airbnb.co.in/rooms/630196058139003494,Ready for Automation Sync,"Removed non-compliant symbols ('|', '@', '+'); Excluded brand name on Airbnb (strictly complies with Airbnb guidelines)"
1264303351861157729,4012,"@Baia Alondra Balcony @ Mandrem Pool, BBQ",Airbnb,"StayVista@Baia Alondra Balcony @ Mandrem Pool, BBQ",3BHK Villa w/ Pool,https://www.airbnb.co.in/rooms/1264303351861157729,Ready for Automation Sync,"Fixed overflow: old was 50/44 chars (truncated in search cards); Removed non-compliant symbols ('|', '@', '+'); Excluded brand name on Airbnb (strictly complies with Airbnb guidelines)"
47948439,Not Found,Ayurkutir,Airbnb,Ayurkutir Villa - 6BR,6BHK Ayurkutir Villa w/ Private Pool,https://www.airbnb.co.in/rooms/47948439,Ready for Automation Sync,Excluded brand name on Airbnb (strictly complies with Airbnb guidelines)
1524464220749379212,5025,@ Belmonte w/ Jacuzzi,Airbnb,StayVista @ Belmonte w/ Jacuzzi,3BHK @ Belmonte w/ Jacuzzi Villa w/ Jacuzzi,https://www.airbnb.co.in/rooms/1524464220749379212,Ready for Automation Sync,"Removed non-compliant symbols ('|', '@', '+'); Excluded brand name on Airbnb (strictly complies with Airbnb guidelines)"
1008999789388636759,3043,Timber 202,Airbnb,StayVista at Timber 202 w/ Lake & Gazebo,3BHK Timber 202 Villa w/ Gazebo,https://www.airbnb.co.in/rooms/1008999789388636759,Ready for Automation Sync,Excluded brand name on Airbnb (strictly complies with Airbnb guidelines)
1050380503822998651,3107,Wind Song,Airbnb,StayVista at Wind Song w/ Lawn & WiFi,3BHK Wind Song Villa w/ Lawn,https://www.airbnb.co.in/rooms/1050380503822998651,Ready for Automation Sync,Excluded brand name on Airbnb (strictly complies with Airbnb guidelines)
42342643,1262,Unbelievable vacation at Anindita  2BR,Airbnb,Unbelievable vacation at Anindita Villa 2BR,2BHK Villa w/ Private Pool,https://www.airbnb.co.in/rooms/42342643,Ready for Automation Sync,Excluded brand name on Airbnb (strictly complies with Airbnb guidelines)
564039869086723495,1203,Corner  Mashobra,Airbnb,Corner House Mashobra | 4BR Chef Stay w/ PoolTable,4BHK Corner Mashobra House w/ Lawn,https://www.airbnb.co.in/rooms/564039869086723495,Ready for Automation Sync,"Fixed overflow: old was 50/44 chars (truncated in search cards); Removed non-compliant symbols ('|', '@', '+'); Excluded brand name on Airbnb (strictly complies with Airbnb guidelines)"
1044624849993011943,3205,Golden Lark w/ Wi,Airbnb,"Golden Lark w/ Wi-Fi, Pool & Lawn",3BHK Golden Lark w/ Wi • Pool & Lawn,https://www.airbnb.co.in/rooms/1044624849993011943,Ready for Automation Sync,Excluded brand name on Airbnb (strictly complies with Airbnb guidelines)
780737614322733869,2358,3BR,Airbnb,"3BR-Le Ciel- w/Pvt Pool, Machan in Igatpuri",3BHK 3BR Villa w/ Pool,https://www.airbnb.co.in/rooms/780737614322733869,Ready for Automation Sync,Excluded brand name on Airbnb (strictly complies with Airbnb guidelines)
1516321137076553321,468,3BR @Shivom  1 w/ Pool & valley view @lonavla,Airbnb,3BR @Shivom Villa 1 w/ Pool & valley view @lonavla,3BHK Villa w/ Pool,https://www.airbnb.co.in/rooms/1516321137076553321,Ready for Automation Sync,"Fixed overflow: old was 50/44 chars (truncated in search cards); Removed non-compliant symbols ('|', '@', '+'); Excluded brand name on Airbnb (strictly complies with Airbnb guidelines)"
658264331771078486,1643,Pine  6BR with Open Air Jacuzzi in Shimla,Airbnb,Pine Estate 6BR with Open Air Jacuzzi in Shimla,6BHK Estate w/ Jacuzzi,https://www.airbnb.co.in/rooms/658264331771078486,Ready for Automation Sync,Fixed overflow: old was 47/44 chars (truncated in search cards); Excluded brand name on Airbnb (strictly complies with Airbnb guidelines)
988223901905393904,2955,Blanc Belle 3BR  in Sohna W/ Pool & TT Table,Airbnb,Blanc Belle 3BR Villa in Sohna W/ Pool & TT Table,3BHK Villa w/ Pool,https://www.airbnb.co.in/rooms/988223901905393904,Ready for Automation Sync,Fixed overflow: old was 49/44 chars (truncated in search cards); Excluded brand name on Airbnb (strictly complies with Airbnb guidelines)
7990202,Not Found,2BR Crystal Homestay  coffee tour w/Fab view,Airbnb,2BR Crystal Homestay Villa coffee tour w/Fab view,2BHK Villa w/ Private Pool,https://www.airbnb.co.in/rooms/7990202,Ready for Automation Sync,Fixed overflow: old was 49/44 chars (truncated in search cards); Excluded brand name on Airbnb (strictly complies with Airbnb guidelines)
52359671,1787,3BR w/Serene view Ivy @ Albert,Airbnb,3BR w/Serene view Ivy @ Albert Estate - Mussoorie,3BHK 3BR w/Serene view Ivy @ Albert w/ Lawn,https://www.airbnb.co.in/rooms/52359671,Ready for Automation Sync,"Fixed overflow: old was 49/44 chars (truncated in search cards); Removed non-compliant symbols ('|', '@', '+'); Excluded brand name on Airbnb (strictly complies with Airbnb guidelines)"
1122154341511541825,3543,"2BR@ W/Bonfire,BBQ ValleyView in Ganderbal",Airbnb,"2BR@Cottage W/Bonfire,BBQ ValleyView in Ganderbal",2BHK Cottage w/ Valley View,https://www.airbnb.co.in/rooms/1122154341511541825,Ready for Automation Sync,"Fixed overflow: old was 49/44 chars (truncated in search cards); Removed non-compliant symbols ('|', '@', '+'); Excluded brand name on Airbnb (strictly complies with Airbnb guidelines)"
1436860670307490233,4797,3BR Pine @ The Himalayan Echo w/BBQ,Airbnb,3BR Pine @ The Himalayan Echo w/BBQ - Mukteshwar,3BHK Villa w/ BBQ,https://www.airbnb.co.in/rooms/1436860670307490233,Ready for Automation Sync,"Fixed overflow: old was 48/44 chars (truncated in search cards); Removed non-compliant symbols ('|', '@', '+'); Excluded brand name on Airbnb (strictly complies with Airbnb guidelines)"
656930927245715830,Not Found,Spacious Lawn 3BR Cove,Airbnb,Stayvista Spacious Lawn 3BR Cove Cottage,3BHK Spacious Lawn 3BR Cove Cottage w/ Lawn,https://www.airbnb.co.in/rooms/656930927245715830,Ready for Automation Sync,Excluded brand name on Airbnb (strictly complies with Airbnb guidelines)
1091831099913234777,3293,"Opulent4BR w/ Pool,Deck,Lawn,Gazebo @Avadh Vatika",Airbnb,"Opulent4BR w/ Pool,Deck,Lawn,Gazebo @Avadh Vatika",4BHK Villa w/ Pool,https://www.airbnb.co.in/rooms/1091831099913234777,Ready for Automation Sync,"Fixed overflow: old was 49/44 chars (truncated in search cards); Removed non-compliant symbols ('|', '@', '+'); Excluded brand name on Airbnb (strictly complies with Airbnb guidelines)"
1527427766037608608,4645,5BR PetFrly+Pool,Airbnb,5BR PetFrly+Pool |StayVista|The Leo's Manor@Jaipur,5BHK 5BR PetFrly+Pool Manor w/ Pool,https://www.airbnb.co.in/rooms/1527427766037608608,Ready for Automation Sync,"Fixed overflow: old was 50/44 chars (truncated in search cards); Removed non-compliant symbols ('|', '@', '+'); Excluded brand name on Airbnb (strictly complies with Airbnb guidelines)"
1071581833203029478,Not Found,1BR Spruce @ SilverSpring,Airbnb,1BR Spruce @ SilverSpring Cottage,1BHK 1BR Spruce @ SilverSpring w/ Lawn,https://www.airbnb.co.in/rooms/1071581833203029478,Ready for Automation Sync,"Removed non-compliant symbols ('|', '@', '+'); Excluded brand name on Airbnb (strictly complies with Airbnb guidelines)"
1121422756712567000,3534,Midsummer Moon,Airbnb,StayVista at Midsummer Moon | Premium 3BR Stay,3BHK Midsummer Moon Villa w/ Private Pool,https://www.airbnb.co.in/rooms/1121422756712567000,Ready for Automation Sync,"Fixed overflow: old was 46/44 chars (truncated in search cards); Removed non-compliant symbols ('|', '@', '+'); Excluded brand name on Airbnb (strictly complies with Airbnb guidelines)"
955551325414469209,2823,3BR@ with Modern Interior Private Lawn M/View,Airbnb,3BR@Villa with Modern Interior Private Lawn M/View,3BHK Villa w/ Lawn,https://www.airbnb.co.in/rooms/955551325414469209,Ready for Automation Sync,"Fixed overflow: old was 50/44 chars (truncated in search cards); Removed non-compliant symbols ('|', '@', '+'); Excluded brand name on Airbnb (strictly complies with Airbnb guidelines)"
1087260813958740570,,Grandiose,Airbnb,StayVista at Grandiose @ Panoramic Peaks,3BHK Grandiose Villa w/ Private Pool,https://www.airbnb.co.in/rooms/1087260813958740570,Ready for Automation Sync,"Removed non-compliant symbols ('|', '@', '+'); Excluded brand name on Airbnb (strictly complies with Airbnb guidelines)"
914957242418479249,1577,4BR,Airbnb,4BR|Coastal Stay|StayVista| Chitritha Bhavan@Pondi,4BHK 4BR Villa w/ Private Pool,https://www.airbnb.co.in/rooms/914957242418479249,Ready for Automation Sync,"Fixed overflow: old was 50/44 chars (truncated in search cards); Removed non-compliant symbols ('|', '@', '+'); Excluded brand name on Airbnb (strictly complies with Airbnb guidelines)"
1116360494489556117,3494,Exotic,Airbnb,StayVista at Exotic @ MangiferaAgro Estatew/ Pool,3BHK Exotic Villa w/ Pool,https://www.airbnb.co.in/rooms/1116360494489556117,Ready for Automation Sync,"Fixed overflow: old was 49/44 chars (truncated in search cards); Removed non-compliant symbols ('|', '@', '+'); Excluded brand name on Airbnb (strictly complies with Airbnb guidelines)"
1104867108092682183,Not Found,"4BHK Elegant  w/Pool, Gazebo+Lawn near Nagpur",Airbnb,"4BHK Elegant Villa w/Pool, Gazebo+Lawn near Nagpur",4BHK Villa w/ Pool,https://www.airbnb.co.in/rooms/1104867108092682183,Ready for Automation Sync,"Fixed overflow: old was 50/44 chars (truncated in search cards); Removed non-compliant symbols ('|', '@', '+'); Excluded brand name on Airbnb (strictly complies with Airbnb guidelines)"
742336787373814507,Not Found,Modern Mirage,Airbnb,"StayVista at Modern Mirage w/ Pool, WiFi",3BHK Modern Mirage Villa w/ Pool,https://www.airbnb.co.in/rooms/742336787373814507,Ready for Automation Sync,Excluded brand name on Airbnb (strictly complies with Airbnb guidelines)
1061366451168782561,3356,Jade,Airbnb,StayVista at Jade @ Villa Gardenia w/ Wi-Fi,3BHK Jade Villa w/ Garden,https://www.airbnb.co.in/rooms/1061366451168782561,Ready for Automation Sync,"Removed non-compliant symbols ('|', '@', '+'); Excluded brand name on Airbnb (strictly complies with Airbnb guidelines)"
861217025286231545,2614,Vintage@Rose  5BR Home NR Shimla Mall Road,Airbnb,Vintage@Rose Cottage 5BR Home NR Shimla Mall Road,5BHK Cottage w/ Lawn,https://www.airbnb.co.in/rooms/861217025286231545,Ready for Automation Sync,"Fixed overflow: old was 49/44 chars (truncated in search cards); Removed non-compliant symbols ('|', '@', '+'); Excluded brand name on Airbnb (strictly complies with Airbnb guidelines)"
1018774365916976874,3070,Rosemary,Airbnb,StayVista at Rosemary Cottage | Private Lawn | 1BR,1BHK Rosemary Cottage w/ Lawn,https://www.airbnb.co.in/rooms/1018774365916976874,Ready for Automation Sync,"Fixed overflow: old was 50/44 chars (truncated in search cards); Removed non-compliant symbols ('|', '@', '+'); Excluded brand name on Airbnb (strictly complies with Airbnb guidelines)"
1107091375171371716,3476,"Stars & Windsongs w/ Lawn, BBQ, WiFi",Airbnb,"StayVista at Stars & Windsongs w/ Lawn, BBQ, WiFi",3BHK Villa w/ Lawn,https://www.airbnb.co.in/rooms/1107091375171371716,Ready for Automation Sync,Fixed overflow: old was 49/44 chars (truncated in search cards); Excluded brand name on Airbnb (strictly complies with Airbnb guidelines)
655405122230151347,981,4BHK Pool & Jacuzzi,Airbnb,4BHK Pool & Jacuzzi Villa | Casa Serenity Lonavala,4BHK 4BHK Pool & Jacuzzi • Pool & Jacuzzi,https://www.airbnb.co.in/rooms/655405122230151347,Ready for Automation Sync,"Fixed overflow: old was 50/44 chars (truncated in search cards); Removed non-compliant symbols ('|', '@', '+'); Excluded brand name on Airbnb (strictly complies with Airbnb guidelines)"
997661869657477587,2966,Jade,Airbnb,StayVista at Jade @ The Earthen Boutique w/ Garden,3BHK Jade Villa w/ Garden,https://www.airbnb.co.in/rooms/997661869657477587,Ready for Automation Sync,"Fixed overflow: old was 50/44 chars (truncated in search cards); Removed non-compliant symbols ('|', '@', '+'); Excluded brand name on Airbnb (strictly complies with Airbnb guidelines)"
1532351978317881934,4822,The Harbhson,Airbnb,The Harbhson House | Private Luxury Escape,3BHK The Harbhson House w/ Lawn,https://www.airbnb.co.in/rooms/1532351978317881934,Ready for Automation Sync,"Removed non-compliant symbols ('|', '@', '+'); Excluded brand name on Airbnb (strictly complies with Airbnb guidelines)"
47948312,Not Found,9BR,Airbnb,9BR-Ayurkutir-w/pool-Lonavala,9BHK 9BR Villa w/ Pool,https://www.airbnb.co.in/rooms/47948312,Ready for Automation Sync,Excluded brand name on Airbnb (strictly complies with Airbnb guidelines)
1086646371988568307,Not Found,Vines,Airbnb,"StayVista at Vines @ Sunflower Villa - Pool, WiFi",3BHK Vines Villa w/ Pool,https://www.airbnb.co.in/rooms/1086646371988568307,Ready for Automation Sync,"Fixed overflow: old was 49/44 chars (truncated in search cards); Removed non-compliant symbols ('|', '@', '+'); Excluded brand name on Airbnb (strictly complies with Airbnb guidelines)"
653289068187970821,5777,3BR,Airbnb,3BR|Luxury Pool|StayVista| Wander Beyond @Alibaug,3BHK 3BR Villa w/ Pool,https://www.airbnb.co.in/rooms/653289068187970821,Ready for Automation Sync,"Fixed overflow: old was 49/44 chars (truncated in search cards); Removed non-compliant symbols ('|', '@', '+'); Excluded brand name on Airbnb (strictly complies with Airbnb guidelines)"
1513490187879498677,3740,Forktail,Airbnb,"StayVista at Forktail | 5BHK Pool Villa, Kalimpong",5BHK Forktail Villa w/ Pool,https://www.airbnb.co.in/rooms/1513490187879498677,Ready for Automation Sync,"Fixed overflow: old was 50/44 chars (truncated in search cards); Removed non-compliant symbols ('|', '@', '+'); Excluded brand name on Airbnb (strictly complies with Airbnb guidelines)"
659821449569758253,Not Found,3BR w/,Airbnb,"3BR w/- Lawn, Breakfast - Garbyang Homestay",3BHK 3BR w/ Homestay w/ Lawn,https://www.airbnb.co.in/rooms/659821449569758253,Ready for Automation Sync,Excluded brand name on Airbnb (strictly complies with Airbnb guidelines)
730000577082855565,2042,4BR,Airbnb,4BR-StayVista@Lake Arches w/Inf Pool wit lake view,4BHK 4BR • Pool & Lake View,https://www.airbnb.co.in/rooms/730000577082855565,Ready for Automation Sync,"Fixed overflow: old was 50/44 chars (truncated in search cards); Removed non-compliant symbols ('|', '@', '+'); Excluded brand name on Airbnb (strictly complies with Airbnb guidelines)"
671312184272989209,Not Found,Riverview Revere,Airbnb,"StayVista at Riverview Revere | 4BR Villa, Goa",4BHK Riverview Revere Villa w/ River View,https://www.airbnb.co.in/rooms/671312184272989209,Ready for Automation Sync,"Fixed overflow: old was 46/44 chars (truncated in search cards); Removed non-compliant symbols ('|', '@', '+'); Excluded brand name on Airbnb (strictly complies with Airbnb guidelines)"
1037521349877812060,2989,3BHK,Airbnb,3BHK-StayVista@The Conservancy Bungalow-Koynanagar,3BHK 3BHK Bungalow w/ Lawn,https://www.airbnb.co.in/rooms/1037521349877812060,Ready for Automation Sync,"Fixed overflow: old was 50/44 chars (truncated in search cards); Removed non-compliant symbols ('|', '@', '+'); Excluded brand name on Airbnb (strictly complies with Airbnb guidelines)"
41973406,1226,Stonehurst  4BR,Airbnb,StayVista at Stonehurst Cottage 4BR,4BHK Stonehurst 4BR Cottage w/ Lawn,https://www.airbnb.co.in/rooms/41973406,Ready for Automation Sync,Excluded brand name on Airbnb (strictly complies with Airbnb guidelines)
756931951710597793,2349,Ivory 2 Rooms @ The Alcove w/Breakfast & City View,Airbnb,Ivory 2 Rooms @ The Alcove w/Breakfast & City View,3BHK Villa w/ Private Pool,https://www.airbnb.co.in/rooms/756931951710597793,Ready for Automation Sync,"Fixed overflow: old was 50/44 chars (truncated in search cards); Removed non-compliant symbols ('|', '@', '+'); Excluded brand name on Airbnb (strictly complies with Airbnb guidelines)"
1114965061644992234,3460,"5 BHK Luxury  w/ Pool, Lawn, BBQ @ Udaipur",Airbnb,"5 BHK Luxury Villa w/ Pool, Lawn, BBQ @ Udaipur",5BHK Villa w/ Pool,https://www.airbnb.co.in/rooms/1114965061644992234,Ready for Automation Sync,"Fixed overflow: old was 47/44 chars (truncated in search cards); Removed non-compliant symbols ('|', '@', '+'); Excluded brand name on Airbnb (strictly complies with Airbnb guidelines)"
904046984836148782,2670,Majestic,Airbnb,StayVista at Majestic @ Regal Retreat,3BHK Majestic Retreat w/ Lawn,https://www.airbnb.co.in/rooms/904046984836148782,Ready for Automation Sync,"Removed non-compliant symbols ('|', '@', '+'); Excluded brand name on Airbnb (strictly complies with Airbnb guidelines)"
1232244079623632358,2343,Dharma,Airbnb,StayVista at Dharma | Himalayan Retreat Suite,3BHK Dharma Retreat w/ Lawn,https://www.airbnb.co.in/rooms/1232244079623632358,Ready for Automation Sync,"Fixed overflow: old was 45/44 chars (truncated in search cards); Removed non-compliant symbols ('|', '@', '+'); Excluded brand name on Airbnb (strictly complies with Airbnb guidelines)"
894554679684871132,Not Found,Tulip Terrace,Airbnb,Tulip Terrace | Luxe Stay near Mall Road Manali,3BHK Tulip Terrace Villa w/ Terrace,https://www.airbnb.co.in/rooms/894554679684871132,Ready for Automation Sync,"Fixed overflow: old was 47/44 chars (truncated in search cards); Removed non-compliant symbols ('|', '@', '+'); Excluded brand name on Airbnb (strictly complies with Airbnb guidelines)"
932706018180537300,,Vintage,Airbnb,StayVista at Vintage @ Panna Garh w/ Horse Riding,3BHK Vintage Villa w/ Private Pool,https://www.airbnb.co.in/rooms/932706018180537300,Ready for Automation Sync,"Fixed overflow: old was 49/44 chars (truncated in search cards); Removed non-compliant symbols ('|', '@', '+'); Excluded brand name on Airbnb (strictly complies with Airbnb guidelines)"
810590521923824764,2443,5BR Luxe @Le Sutra Geometrica w/Pool,Airbnb,5BR Luxe Villa@Le Sutra Geometrica w/Pool-Lonavala,5BHK Villa w/ Pool,https://www.airbnb.co.in/rooms/810590521923824764,Ready for Automation Sync,"Fixed overflow: old was 50/44 chars (truncated in search cards); Removed non-compliant symbols ('|', '@', '+'); Excluded brand name on Airbnb (strictly complies with Airbnb guidelines)"
1015556175687398081,3023,Imperial Gardens,Airbnb,"StayVista at Imperial Gardens w/ Pool, Gazebo, BBQ",3BHK Imperial Gardens • Pool & BBQ,https://www.airbnb.co.in/rooms/1015556175687398081,Ready for Automation Sync,Fixed overflow: old was 50/44 chars (truncated in search cards); Excluded brand name on Airbnb (strictly complies with Airbnb guidelines)
918395464287791700,2764,Suroor 2BR  W/ Central Heating @ Tangmarg,Airbnb,Suroor 2BR Villa W/ Central Heating @ Tangmarg,2BHK Villa w/ Private Pool,https://www.airbnb.co.in/rooms/918395464287791700,Ready for Automation Sync,"Fixed overflow: old was 46/44 chars (truncated in search cards); Removed non-compliant symbols ('|', '@', '+'); Excluded brand name on Airbnb (strictly complies with Airbnb guidelines)"
1037295071683766418,Not Found,Sage @ Richmond  by VEO,Airbnb,Sage @ Richmond House by VEO - Part of StayVista,3BHK Sage @ Richmond by VEO House w/ Lawn,https://www.airbnb.co.in/rooms/1037295071683766418,Ready for Automation Sync,"Fixed overflow: old was 48/44 chars (truncated in search cards); Removed non-compliant symbols ('|', '@', '+'); Excluded brand name on Airbnb (strictly complies with Airbnb guidelines)"
1473615882837759233,4926,Luna @ Ridge of Twilight,Airbnb,Luna @ Ridge of Twilight | Hill View Cottage 1 BR,1BHK Luna @ Ridge of Twilight w/ Lawn,https://www.airbnb.co.in/rooms/1473615882837759233,Ready for Automation Sync,"Fixed overflow: old was 49/44 chars (truncated in search cards); Removed non-compliant symbols ('|', '@', '+'); Excluded brand name on Airbnb (strictly complies with Airbnb guidelines)"
1429560377703593770,Not Found,Luxury 6BHK  w/Pool near Chokhi Dhani @Jaipur,Airbnb,Luxury 6BHK Villa w/Pool near Chokhi Dhani @Jaipur,6BHK Villa w/ Pool,https://www.airbnb.co.in/rooms/1429560377703593770,Ready for Automation Sync,"Fixed overflow: old was 50/44 chars (truncated in search cards); Removed non-compliant symbols ('|', '@', '+'); Excluded brand name on Airbnb (strictly complies with Airbnb guidelines)"
1401982327476406164,4495,Ridge of Twilight,Airbnb,"Ridge of Twilight | Jacuzzi, Hill View, Kasauli",3BHK Ridge of Twilight Villa w/ Jacuzzi,https://www.airbnb.co.in/rooms/1401982327476406164,Ready for Automation Sync,"Fixed overflow: old was 47/44 chars (truncated in search cards); Removed non-compliant symbols ('|', '@', '+'); Excluded brand name on Airbnb (strictly complies with Airbnb guidelines)"
1080309737130570280,Not Found,Magnificent2BR w/Pool+Jacuzzi+Lawn @Gulliver Farm,Airbnb,Magnificent2BR w/Pool+Jacuzzi+Lawn @Gulliver Farm,2BHK Villa w/ Pool,https://www.airbnb.co.in/rooms/1080309737130570280,Ready for Automation Sync,"Fixed overflow: old was 49/44 chars (truncated in search cards); Removed non-compliant symbols ('|', '@', '+'); Excluded brand name on Airbnb (strictly complies with Airbnb guidelines)"
46075692,1511,5BR w/ swimming pool & pool table @ Mehta Mansion,Airbnb,5BR w/ swimming pool & pool table @ Mehta Mansion,5BHK Villa w/ Pool,https://www.airbnb.co.in/rooms/46075692,Ready for Automation Sync,"Fixed overflow: old was 49/44 chars (truncated in search cards); Removed non-compliant symbols ('|', '@', '+'); Excluded brand name on Airbnb (strictly complies with Airbnb guidelines)"
36251542,455,The Rain Lake & Pool View 1,Airbnb,StayVista at The Rain Lake & Pool View 1,3BHK The Rain Lake & Pool View 1 w/ Pool,https://www.airbnb.co.in/rooms/36251542,Ready for Automation Sync,Excluded brand name on Airbnb (strictly complies with Airbnb guidelines)
1059094754363746053,3097,Dehradun,Airbnb,Dehradun | 4BR @ SilverSpring w/Valley View,4BHK Dehradun Villa w/ Valley View,https://www.airbnb.co.in/rooms/1059094754363746053,Ready for Automation Sync,"Removed non-compliant symbols ('|', '@', '+'); Excluded brand name on Airbnb (strictly complies with Airbnb guidelines)"
1520703688376829002,2902,Stonera,Airbnb,StayVista at Villa Stonera | Indoor Pool & WiFi,3BHK Stonera Villa w/ Pool,https://www.airbnb.co.in/rooms/1520703688376829002,Ready for Automation Sync,"Fixed overflow: old was 47/44 chars (truncated in search cards); Removed non-compliant symbols ('|', '@', '+'); Excluded brand name on Airbnb (strictly complies with Airbnb guidelines)"
932695963714112972,3802,Heritage,Airbnb,StayVista at Heritage @ Panna Garh w/ Horse Riding,3BHK Heritage Villa w/ Private Pool,https://www.airbnb.co.in/rooms/932695963714112972,Ready for Automation Sync,"Fixed overflow: old was 50/44 chars (truncated in search cards); Removed non-compliant symbols ('|', '@', '+'); Excluded brand name on Airbnb (strictly complies with Airbnb guidelines)"
33542719,Not Found,Yellow Tulip 1BR w/ Breakfast,Airbnb,Yellow Tulip 1BR w/ Breakfast - Coonoor,1BHK Villa w/ Private Pool,https://www.airbnb.co.in/rooms/33542719,Ready for Automation Sync,Excluded brand name on Airbnb (strictly complies with Airbnb guidelines)
1446109293833171805,Not Found,3bhk Tulip  in Ooty,Airbnb,3bhk Tulip Villa in Ooty,3BHK 3bhk Tulip in Ooty w/ Private Pool,https://www.airbnb.co.in/rooms/1446109293833171805,Ready for Automation Sync,Excluded brand name on Airbnb (strictly complies with Airbnb guidelines)
1071434241504103180,3382,1BR,Airbnb,1BR|View|StayVista|Silver Spring Cottages@Uttarakh,1BHK 1BR Villa w/ Private Pool,https://www.airbnb.co.in/rooms/1071434241504103180,Ready for Automation Sync,"Fixed overflow: old was 50/44 chars (truncated in search cards); Removed non-compliant symbols ('|', '@', '+'); Excluded brand name on Airbnb (strictly complies with Airbnb guidelines)"
1263462327530566522,Not Found,"@Baia Maris3BRPool,Jacuzzi,Mandrem&Ashvem",Airbnb,"StayVista@Baia Maris3BRPool,Jacuzzi,Mandrem&Ashvem",3BHK Villa w/ Jacuzzi,https://www.airbnb.co.in/rooms/1263462327530566522,Ready for Automation Sync,"Fixed overflow: old was 50/44 chars (truncated in search cards); Removed non-compliant symbols ('|', '@', '+'); Excluded brand name on Airbnb (strictly complies with Airbnb guidelines)"
1434529686483285401,Not Found,Petal,Airbnb,StayVista at Petal @ Kuber Vatika w/ BBQ & Bonfire,3BHK Petal • Bonfire & BBQ,https://www.airbnb.co.in/rooms/1434529686483285401,Ready for Automation Sync,"Fixed overflow: old was 50/44 chars (truncated in search cards); Removed non-compliant symbols ('|', '@', '+'); Excluded brand name on Airbnb (strictly complies with Airbnb guidelines)"
37223749,Not Found,Hill View,Airbnb,StayVista at Hill View - 1 BR,1BHK Hill View Villa w/ Private Pool,https://www.airbnb.co.in/rooms/37223749,Ready for Automation Sync,Excluded brand name on Airbnb (strictly complies with Airbnb guidelines)
1043885242838715521,3177,Platinum Pinnacle,Airbnb,"StayVista at Platinum Pinnacle w/ Pool, Games",3BHK Platinum Pinnacle Villa w/ Pool,https://www.airbnb.co.in/rooms/1043885242838715521,Ready for Automation Sync,Fixed overflow: old was 45/44 chars (truncated in search cards); Excluded brand name on Airbnb (strictly complies with Airbnb guidelines)
984526328216804089,2856,Serenity Farms 5BR Pool  Near Westin Sohna,Airbnb,Serenity Farms 5BR Pool Villa Near Westin Sohna,5BHK Villa w/ Pool,https://www.airbnb.co.in/rooms/984526328216804089,Ready for Automation Sync,Fixed overflow: old was 47/44 chars (truncated in search cards); Excluded brand name on Airbnb (strictly complies with Airbnb guidelines)
575858327801357366,2032,Vacation  1BR @ Harmony .,Airbnb,Vacation Villa 1BR @ Harmony Villa.,1BHK Vacation 1BR @ Harmony . • Private Pool,https://www.airbnb.co.in/rooms/575858327801357366,Ready for Automation Sync,"Removed non-compliant symbols ('|', '@', '+'); Excluded brand name on Airbnb (strictly complies with Airbnb guidelines)"
1401922942921468370,4556,4BHK BBQ+PvtPool,Airbnb,4BHK BBQ+PvtPool StayVista| Brew & Breeze @ Goa,4BHK 4BHK BBQ+PvtPool Villa w/ BBQ,https://www.airbnb.co.in/rooms/1401922942921468370,Ready for Automation Sync,"Fixed overflow: old was 47/44 chars (truncated in search cards); Removed non-compliant symbols ('|', '@', '+'); Excluded brand name on Airbnb (strictly complies with Airbnb guidelines)"
50758760,1704,17R Luxe,Airbnb,17R Luxe Villa -Nivaant Farms and Cottages @Karjat,3BHK 17R Luxe Villa w/ Private Pool,https://www.airbnb.co.in/rooms/50758760,Ready for Automation Sync,"Fixed overflow: old was 50/44 chars (truncated in search cards); Removed non-compliant symbols ('|', '@', '+'); Excluded brand name on Airbnb (strictly complies with Airbnb guidelines)"
1304872243507027577,Not Found,Imperial Isle,Airbnb,Imperial Isle | Luxury Pool Villa in Sohna,3BHK Imperial Isle Villa w/ Pool,https://www.airbnb.co.in/rooms/1304872243507027577,Ready for Automation Sync,"Removed non-compliant symbols ('|', '@', '+'); Excluded brand name on Airbnb (strictly complies with Airbnb guidelines)"
17819849,57,Santoni Farms,Airbnb,StayVista at Santoni Farms - 3 BR,3BHK Santoni Farms Villa w/ Private Pool,https://www.airbnb.co.in/rooms/17819849,Ready for Automation Sync,Excluded brand name on Airbnb (strictly complies with Airbnb guidelines)
1050367019009627978,3219,Crestview,Airbnb,"StayVista at Crestview @Zephyr Estate w/ BBQ,Wi-Fi",3BHK Crestview Estate w/ BBQ,https://www.airbnb.co.in/rooms/1050367019009627978,Ready for Automation Sync,"Fixed overflow: old was 50/44 chars (truncated in search cards); Removed non-compliant symbols ('|', '@', '+'); Excluded brand name on Airbnb (strictly complies with Airbnb guidelines)"
650679942164876131,2166,Vintage Musings,Airbnb,3BR|Heritage/v @StayVista Vintage Musings|Himachal,3BHK Vintage Musings Villa w/ Private Pool,https://www.airbnb.co.in/rooms/650679942164876131,Ready for Automation Sync,"Fixed overflow: old was 50/44 chars (truncated in search cards); Removed non-compliant symbols ('|', '@', '+'); Excluded brand name on Airbnb (strictly complies with Airbnb guidelines)"
37221255,Not Found,Deodar  2 BR,Airbnb,Deodar Estate 2 BR - DISINFECTED BEFORE EVERY STAY,2BHK Deodar 2 BR Estate w/ Lawn,https://www.airbnb.co.in/rooms/37221255,Ready for Automation Sync,Fixed overflow: old was 50/44 chars (truncated in search cards); Excluded brand name on Airbnb (strictly complies with Airbnb guidelines)
1373735175280582359,Not Found,La  Farm,Airbnb,StayVista at La Villa Farm w/Pool & Lawn in Jaipur,3BHK La Farm • Pool & Lawn,https://www.airbnb.co.in/rooms/1373735175280582359,Ready for Automation Sync,Fixed overflow: old was 50/44 chars (truncated in search cards); Excluded brand name on Airbnb (strictly complies with Airbnb guidelines)
1362009486518227209,Not Found,Gaze @ Glenview  by VEO,Airbnb,Gaze @ Glenview Villa by VEO - Part of StayVista,3BHK Gaze @ Glenview by VEO w/ Private Pool,https://www.airbnb.co.in/rooms/1362009486518227209,Ready for Automation Sync,"Fixed overflow: old was 48/44 chars (truncated in search cards); Removed non-compliant symbols ('|', '@', '+'); Excluded brand name on Airbnb (strictly complies with Airbnb guidelines)"
1074403219865144562,3264,Clouds View Nature Resort w/Brkfst & Private pool,Airbnb,Clouds View Nature Resort w/Brkfst & Private pool,3BHK Villa w/ Private Pool,https://www.airbnb.co.in/rooms/1074403219865144562,Ready for Automation Sync,Fixed overflow: old was 49/44 chars (truncated in search cards); Excluded brand name on Airbnb (strictly complies with Airbnb guidelines)
1071418096989145569,3231,Cliffside A Nature's Canvas with Royal interiors,Airbnb,Cliffside A Nature's Canvas with Royal interiors,3BHK Villa w/ Private Pool,https://www.airbnb.co.in/rooms/1071418096989145569,Ready for Automation Sync,Fixed overflow: old was 48/44 chars (truncated in search cards); Excluded brand name on Airbnb (strictly complies with Airbnb guidelines)
1005103058218047034,Not Found,Anjali @ Pristine,Airbnb,Anjali @ Pristine- Lore Trails w/Lawn & breakfast,3BHK Anjali @ Pristine Villa w/ Lawn,https://www.airbnb.co.in/rooms/1005103058218047034,Ready for Automation Sync,"Fixed overflow: old was 49/44 chars (truncated in search cards); Removed non-compliant symbols ('|', '@', '+'); Excluded brand name on Airbnb (strictly complies with Airbnb guidelines)"
1046692276444123070,3118,3BR Elegant Edens  w/ Pool+Bonfire @Goa,Airbnb,3BR Elegant Edens Estate w/ Pool+Bonfire @Goa,3BHK Estate w/ Pool,https://www.airbnb.co.in/rooms/1046692276444123070,Ready for Automation Sync,"Fixed overflow: old was 45/44 chars (truncated in search cards); Removed non-compliant symbols ('|', '@', '+'); Excluded brand name on Airbnb (strictly complies with Airbnb guidelines)"
1325398803792613045,4262,Luxury Room @ Lakshmi Retreat w/Breakfast,Airbnb,Luxury Room @ Lakshmi Retreat w/Breakfast-Kotagiri,3BHK Retreat w/ Lawn,https://www.airbnb.co.in/rooms/1325398803792613045,Ready for Automation Sync,"Fixed overflow: old was 50/44 chars (truncated in search cards); Removed non-compliant symbols ('|', '@', '+'); Excluded brand name on Airbnb (strictly complies with Airbnb guidelines)"
1262839616940128211,4014,"@Baia Brisa w/pvt Pool,Jacuzzi, Mandrem",Airbnb,"StayVista@Baia Brisa w/pvt Pool,Jacuzzi, Mandrem",3BHK Villa w/ Pool,https://www.airbnb.co.in/rooms/1262839616940128211,Ready for Automation Sync,"Fixed overflow: old was 48/44 chars (truncated in search cards); Removed non-compliant symbols ('|', '@', '+'); Excluded brand name on Airbnb (strictly complies with Airbnb guidelines)"
1459989769737763499,4857,@ Luxe Ekanta 4BHK W/ Infinity Pool,Airbnb,StayVista @ Luxe Ekanta 4BHK W/ Infinity Pool,4BHK Villa w/ Infinity Pool,https://www.airbnb.co.in/rooms/1459989769737763499,Ready for Automation Sync,"Fixed overflow: old was 45/44 chars (truncated in search cards); Removed non-compliant symbols ('|', '@', '+'); Excluded brand name on Airbnb (strictly complies with Airbnb guidelines)"
538850033550412460,1938,"Areca @ Firefly By The River, Coorg",Airbnb,"Areca @ Firefly By The River, Coorg",3BHK Villa w/ Private Pool,https://www.airbnb.co.in/rooms/538850033550412460,Ready for Automation Sync,"Removed non-compliant symbols ('|', '@', '+'); Excluded brand name on Airbnb (strictly complies with Airbnb guidelines)"
717074774161390871,Not Found,Springfield/3BR Luxury Home Built in British Era,Airbnb,Springfield/3BR Luxury Home Built in British Era,3BHK Villa w/ Private Pool,https://www.airbnb.co.in/rooms/717074774161390871,Ready for Automation Sync,Fixed overflow: old was 48/44 chars (truncated in search cards); Excluded brand name on Airbnb (strictly complies with Airbnb guidelines)
621489059147770262,2117,Sarog,Airbnb,"StayVista at Sarog Cottage | Theog, Shimla",3BHK Sarog Cottage w/ Lawn,https://www.airbnb.co.in/rooms/621489059147770262,Ready for Automation Sync,"Removed non-compliant symbols ('|', '@', '+'); Excluded brand name on Airbnb (strictly complies with Airbnb guidelines)"
1065000321859701931,3243,Alpine Haven w/ view of Himalayas & Free Breakfast,Airbnb,Alpine Haven w/ view of Himalayas & Free Breakfast,3BHK Villa w/ Private Pool,https://www.airbnb.co.in/rooms/1065000321859701931,Ready for Automation Sync,Fixed overflow: old was 50/44 chars (truncated in search cards); Excluded brand name on Airbnb (strictly complies with Airbnb guidelines)
1338108661035102649,4359,3BR Lux  w/Lawn+Firepit,Airbnb,3BR Lux Villa w/Lawn+Firepit| SV at Alpha&PeekaBoo,3BHK 3BR Lux w/Lawn+Firepit Villa w/ Lawn,https://www.airbnb.co.in/rooms/1338108661035102649,Ready for Automation Sync,"Fixed overflow: old was 50/44 chars (truncated in search cards); Removed non-compliant symbols ('|', '@', '+'); Excluded brand name on Airbnb (strictly complies with Airbnb guidelines)"
1524411737807481423,4529,Suite De Regal,Airbnb,"StayVista at Suite De Regal w/ Meals, Wi-Fi, AC",3BHK Suite De Regal Villa w/ Private Pool,https://www.airbnb.co.in/rooms/1524411737807481423,Ready for Automation Sync,Fixed overflow: old was 47/44 chars (truncated in search cards); Excluded brand name on Airbnb (strictly complies with Airbnb guidelines)
971651234689801416,2847,4bhk Alibaug,Airbnb,Greenscape Grandeur by StayVista 4bhk Alibaug,4BHK 4bhk Alibaug Villa w/ Private Pool,https://www.airbnb.co.in/rooms/971651234689801416,Ready for Automation Sync,Fixed overflow: old was 45/44 chars (truncated in search cards); Excluded brand name on Airbnb (strictly complies with Airbnb guidelines)
1331597868548629966,4308,"3 BHK  w/Jacuzzi + Lawn, Wifi near Kolkata",Airbnb,"3 BHK Villa w/Jacuzzi + Lawn, Wifi near Kolkata",3BHK Villa w/ Jacuzzi,https://www.airbnb.co.in/rooms/1331597868548629966,Ready for Automation Sync,"Fixed overflow: old was 47/44 chars (truncated in search cards); Removed non-compliant symbols ('|', '@', '+'); Excluded brand name on Airbnb (strictly complies with Airbnb guidelines)"
694444868898563996,2201,Mawi Infinitty Pool,Airbnb,Mawi Infinitty Pool Villa -Pawna -9 BHK - Lonavala,9BHK Mawi Infinitty Pool Villa w/ Pool,https://www.airbnb.co.in/rooms/694444868898563996,Ready for Automation Sync,Fixed overflow: old was 50/44 chars (truncated in search cards); Excluded brand name on Airbnb (strictly complies with Airbnb guidelines)
679293828877435136,2200,@ Out Of The Woods,Airbnb,StayVista @ Out Of The Woods,3BHK @ Out Of The Woods w/ Private Pool,https://www.airbnb.co.in/rooms/679293828877435136,Ready for Automation Sync,"Removed non-compliant symbols ('|', '@', '+'); Excluded brand name on Airbnb (strictly complies with Airbnb guidelines)"
1056337789668862081,3303,4BR Near Taj Mahal,Airbnb,4BR Near Taj Mahal - Paradiso @ Verdant Acres-Agra,4BHK 4BR Near Taj Mahal w/ Private Pool,https://www.airbnb.co.in/rooms/1056337789668862081,Ready for Automation Sync,"Fixed overflow: old was 50/44 chars (truncated in search cards); Removed non-compliant symbols ('|', '@', '+'); Excluded brand name on Airbnb (strictly complies with Airbnb guidelines)"
842435115541193740,2511,Amo D'amour Luxurious 4BR  W/Lawn in Amritsar,Airbnb,Amo D'amour Luxurious 4BR Villa W/Lawn in Amritsar,4BHK Villa w/ Lawn,https://www.airbnb.co.in/rooms/842435115541193740,Ready for Automation Sync,Fixed overflow: old was 50/44 chars (truncated in search cards); Excluded brand name on Airbnb (strictly complies with Airbnb guidelines)
1416508049111807483,4485,Nook@Tarang,Airbnb,"Nook@Tarang - The Nest -Lawn, AC, BBQ",3BHK Nook@Tarang • Lawn & BBQ,https://www.airbnb.co.in/rooms/1416508049111807483,Ready for Automation Sync,"Removed non-compliant symbols ('|', '@', '+'); Excluded brand name on Airbnb (strictly complies with Airbnb guidelines)"
42342207,1260,Unbelievable vacation at Anindita  2BR,Airbnb,Unbelievable vacation at Anindita Villa 2BR,2BHK Villa w/ Private Pool,https://www.airbnb.co.in/rooms/42342207,Ready for Automation Sync,Excluded brand name on Airbnb (strictly complies with Airbnb guidelines)
1026500267370705564,3000,14 Cottages,Airbnb,14 Cottages- Forest View- restaurant- Igatpuri,3BHK 14 Cottages Villa w/ Private Pool,https://www.airbnb.co.in/rooms/1026500267370705564,Ready for Automation Sync,Fixed overflow: old was 46/44 chars (truncated in search cards); Excluded brand name on Airbnb (strictly complies with Airbnb guidelines)
39539593,Not Found,Maira Meadows,Airbnb,StayVista at Maira Meadows,3BHK Maira Meadows Villa w/ Private Pool,https://www.airbnb.co.in/rooms/39539593,Ready for Automation Sync,Excluded brand name on Airbnb (strictly complies with Airbnb guidelines)
1009248681591024290,Not Found,Timber 212,Airbnb,StayVista at Timber 212 w/ Lake & Gazebo,3BHK Timber 212 Villa w/ Gazebo,https://www.airbnb.co.in/rooms/1009248681591024290,Ready for Automation Sync,Excluded brand name on Airbnb (strictly complies with Airbnb guidelines)
988223891227595049,2954,Blanc Belle 5BR  in Sohna W/ Pool & TT Table,Airbnb,Blanc Belle 5BR Villa in Sohna W/ Pool & TT Table,5BHK Villa w/ Pool,https://www.airbnb.co.in/rooms/988223891227595049,Ready for Automation Sync,Fixed overflow: old was 49/44 chars (truncated in search cards); Excluded brand name on Airbnb (strictly complies with Airbnb guidelines)
1331587222061378208,4269,Standard Twin Bed Room @ Lakshmi Retreat,Airbnb,Standard Twin Bed Room @ Lakshmi Retreat -Kotagiri,3BHK Retreat w/ Lawn,https://www.airbnb.co.in/rooms/1331587222061378208,Ready for Automation Sync,"Fixed overflow: old was 50/44 chars (truncated in search cards); Removed non-compliant symbols ('|', '@', '+'); Excluded brand name on Airbnb (strictly complies with Airbnb guidelines)"
1131551382300309992,3556,The Black Bean  4BHK w/ BF & View @Wayanad,Airbnb,The Black Bean Cottage 4BHK w/ BF & View @Wayanad,4BHK Cottage w/ Lawn,https://www.airbnb.co.in/rooms/1131551382300309992,Ready for Automation Sync,"Fixed overflow: old was 49/44 chars (truncated in search cards); Removed non-compliant symbols ('|', '@', '+'); Excluded brand name on Airbnb (strictly complies with Airbnb guidelines)"
971648849024815816,2864,@ Vanya Farms w/ Lawn,Airbnb,StayVista @ Vanya Farms w/ Lawn,3BHK @ Vanya Farms w/ Lawn Villa w/ Lawn,https://www.airbnb.co.in/rooms/971648849024815816,Ready for Automation Sync,"Removed non-compliant symbols ('|', '@', '+'); Excluded brand name on Airbnb (strictly complies with Airbnb guidelines)"
741586674441086510,2281,Cosy  – 2BR Luxury,Airbnb,StayVista at Cosy Cottage – 2BR Luxury Villa,2BHK Cosy – 2BR Luxury Villa w/ Private Pool,https://www.airbnb.co.in/rooms/741586674441086510,Ready for Automation Sync,Excluded brand name on Airbnb (strictly complies with Airbnb guidelines)
1390520392932419372,4524,5BHK  Paradiso+Pvt Pool+Wifi@Mandrem NorthGoa,Airbnb,5BHK Villa Paradiso+Pvt Pool+Wifi@Mandrem NorthGoa,5BHK Villa w/ Pool,https://www.airbnb.co.in/rooms/1390520392932419372,Ready for Automation Sync,"Fixed overflow: old was 50/44 chars (truncated in search cards); Removed non-compliant symbols ('|', '@', '+'); Excluded brand name on Airbnb (strictly complies with Airbnb guidelines)"
1486062582348668523,Not Found,"9BHK Gangavya  – Riverside, Haridwar",Airbnb,"9BHK Gangavya Villa – Riverside, Haridwar",9BHK Villa w/ River View,https://www.airbnb.co.in/rooms/1486062582348668523,Ready for Automation Sync,Excluded brand name on Airbnb (strictly complies with Airbnb guidelines)
658262725403636238,1621,3BHK El   w/Pool,Airbnb,3BHK El Cottage Villa w/Pool | Lonavala,3BHK 3BHK El w/Pool Villa w/ Pool,https://www.airbnb.co.in/rooms/658262725403636238,Ready for Automation Sync,"Removed non-compliant symbols ('|', '@', '+'); Excluded brand name on Airbnb (strictly complies with Airbnb guidelines)"
1262033232114114356,4018,"@Aldona byTellado 4bhkpool,heritage",Airbnb,"StayVista@Aldona byTellado 4bhkpool,heritage villa",4BHK Villa w/ Private Pool,https://www.airbnb.co.in/rooms/1262033232114114356,Ready for Automation Sync,"Fixed overflow: old was 50/44 chars (truncated in search cards); Removed non-compliant symbols ('|', '@', '+'); Excluded brand name on Airbnb (strictly complies with Airbnb guidelines)"
564039793298586785,1649,3BR Heritage Kothi w/ Outdoor Jacuzzi & ValleyView,Airbnb,3BR Heritage Kothi w/ Outdoor Jacuzzi & ValleyView,3BHK Villa w/ Valley View,https://www.airbnb.co.in/rooms/564039793298586785,Ready for Automation Sync,Fixed overflow: old was 50/44 chars (truncated in search cards); Excluded brand name on Airbnb (strictly complies with Airbnb guidelines)
1338015113519770438,Not Found,2 BHK Barn  w/Pool+Lawn+Gazebo near Nagpur,Airbnb,2 BHK Barn House w/Pool+Lawn+Gazebo near Nagpur,2BHK House w/ Pool,https://www.airbnb.co.in/rooms/1338015113519770438,Ready for Automation Sync,"Fixed overflow: old was 47/44 chars (truncated in search cards); Removed non-compliant symbols ('|', '@', '+'); Excluded brand name on Airbnb (strictly complies with Airbnb guidelines)"
1112651870614965678,3452,@3BR The Isabella  – Poolside Bliss @ Karjat,Airbnb,@3BR The Isabella House – Poolside Bliss @ Karjat,3BHK House w/ Lawn,https://www.airbnb.co.in/rooms/1112651870614965678,Ready for Automation Sync,"Fixed overflow: old was 49/44 chars (truncated in search cards); Removed non-compliant symbols ('|', '@', '+'); Excluded brand name on Airbnb (strictly complies with Airbnb guidelines)"
1074184561589533779,3262,Apple Farms,Airbnb,StayVista at Apple Farms w/ Lawn & Wi-Fi,3BHK Apple Farms Villa w/ Lawn,https://www.airbnb.co.in/rooms/1074184561589533779,Ready for Automation Sync,Excluded brand name on Airbnb (strictly complies with Airbnb guidelines)
1310632184440033782,3419,Casa Moringa,Airbnb,"4BR w/- Pool, Lawn-StayVista at Casa Moringa @ Goa",4BHK Casa Moringa • Pool & Lawn,https://www.airbnb.co.in/rooms/1310632184440033782,Ready for Automation Sync,"Fixed overflow: old was 50/44 chars (truncated in search cards); Removed non-compliant symbols ('|', '@', '+'); Excluded brand name on Airbnb (strictly complies with Airbnb guidelines)"
1041200425919417496,Not Found,Serai,Airbnb,StayVista at  Serai @ Nomads’ Nest Campout w/ Lawn,3BHK Serai Villa w/ Lawn,https://www.airbnb.co.in/rooms/1041200425919417496,Ready for Automation Sync,"Fixed overflow: old was 50/44 chars (truncated in search cards); Removed non-compliant symbols ('|', '@', '+'); Excluded brand name on Airbnb (strictly complies with Airbnb guidelines)"
42341954,1240,Holiday Home Anindita  @ Exclusive Location.,Airbnb,Holiday Home Anindita Villa @ Exclusive Location.,3BHK Villa w/ Private Pool,https://www.airbnb.co.in/rooms/42341954,Ready for Automation Sync,"Fixed overflow: old was 49/44 chars (truncated in search cards); Removed non-compliant symbols ('|', '@', '+'); Excluded brand name on Airbnb (strictly complies with Airbnb guidelines)"
673477897446146241,704,Talerock Inn 6BR by VEO,Airbnb,Talerock Inn 6BR by VEO - Part of StayVista,6BHK Talerock Inn 6BR by VEO w/ Private Pool,https://www.airbnb.co.in/rooms/673477897446146241,Ready for Automation Sync,Excluded brand name on Airbnb (strictly complies with Airbnb guidelines)
1046232937075798606,3065,Paradise Delight,Airbnb,StayVista at Paradise Delight @ The Ghudshaal Farm,3BHK Paradise Delight Villa w/ Private Pool,https://www.airbnb.co.in/rooms/1046232937075798606,Ready for Automation Sync,"Fixed overflow: old was 50/44 chars (truncated in search cards); Removed non-compliant symbols ('|', '@', '+'); Excluded brand name on Airbnb (strictly complies with Airbnb guidelines)"
50647995,1706,"2 BR @ Greensckape w/ Brkfst & View, Bonfire.",Airbnb,"2 BR @ Greensckape w/ Brkfst & View, Bonfire.",2BHK Villa w/ Bonfire,https://www.airbnb.co.in/rooms/50647995,Ready for Automation Sync,"Fixed overflow: old was 45/44 chars (truncated in search cards); Removed non-compliant symbols ('|', '@', '+'); Excluded brand name on Airbnb (strictly complies with Airbnb guidelines)"
687323429448259942,1704,Nivaant Cottages,Airbnb,"Nivaant Cottages - 6BR w/ Pool, Pickle Court",6BHK Nivaant Cottages Villa w/ Pool,https://www.airbnb.co.in/rooms/687323429448259942,Ready for Automation Sync,Excluded brand name on Airbnb (strictly complies with Airbnb guidelines)
988223878398035237,2899,Blanc Belle Lux,Airbnb,6BR Luxe Pool | StayVista | Blanc Belle Lux@ Sohna,6BHK Blanc Belle Lux Villa w/ Pool,https://www.airbnb.co.in/rooms/988223878398035237,Ready for Automation Sync,"Fixed overflow: old was 50/44 chars (truncated in search cards); Removed non-compliant symbols ('|', '@', '+'); Excluded brand name on Airbnb (strictly complies with Airbnb guidelines)"
36247393,3145,The Rain,Airbnb,StayVista at The Rain - 1BR with lake view,1BHK The Rain Villa w/ Lake View,https://www.airbnb.co.in/rooms/36247393,Ready for Automation Sync,Excluded brand name on Airbnb (strictly complies with Airbnb guidelines)
37133629,Not Found,3BR,Airbnb,3BR-Otonia-Indoor Pool- Panchgani,3BHK 3BR Villa w/ Pool,https://www.airbnb.co.in/rooms/37133629,Ready for Automation Sync,Excluded brand name on Airbnb (strictly complies with Airbnb guidelines)
653198816775713715,1988,"4BHK Pool & Lawn w Enchanting Pastures, Khopoli",Airbnb,"4BHK Pool & Lawn w Enchanting Pastures, Khopoli",4BHK Villa w/ Pool,https://www.airbnb.co.in/rooms/653198816775713715,Ready for Automation Sync,Fixed overflow: old was 47/44 chars (truncated in search cards); Excluded brand name on Airbnb (strictly complies with Airbnb guidelines)
1299688608096483049,4040,3BR,Airbnb,3BR |Poolside&Turf |StayVista| Advay Villa @Nashik,3BHK 3BR Villa w/ Private Pool,https://www.airbnb.co.in/rooms/1299688608096483049,Ready for Automation Sync,"Fixed overflow: old was 50/44 chars (truncated in search cards); Removed non-compliant symbols ('|', '@', '+'); Excluded brand name on Airbnb (strictly complies with Airbnb guidelines)"
725633052793051112,2262,3BR,Airbnb,3BR-Wandering Greens-w/pool-Palghar,3BHK 3BR Villa w/ Pool,https://www.airbnb.co.in/rooms/725633052793051112,Ready for Automation Sync,Excluded brand name on Airbnb (strictly complies with Airbnb guidelines)
39474776,Not Found,Talerock Inn 1BR by VEO,Airbnb,Talerock Inn 1BR by VEO - Part of StayVista,1BHK Talerock Inn 1BR by VEO w/ Private Pool,https://www.airbnb.co.in/rooms/39474776,Ready for Automation Sync,Excluded brand name on Airbnb (strictly complies with Airbnb guidelines)
1727449908270604315,5728,Executive Rooms,Airbnb,StayVista at Executive Rooms -4BR @ Raison Meadows,4BHK Executive Rooms Villa w/ Private Pool,https://www.airbnb.co.in/rooms/1727449908270604315,Ready for Automation Sync,"Fixed overflow: old was 50/44 chars (truncated in search cards); Removed non-compliant symbols ('|', '@', '+'); Excluded brand name on Airbnb (strictly complies with Airbnb guidelines)"
1070792652746467824,3348,"Luxe 2BR Zen  w/Lawn, Chef & Wifi",Airbnb,"Luxe 2BR Zen Cottage w/Lawn, Chef & Wifi","2BHK Luxe 2BR Zen w/Lawn, Chef & Wifi • Lawn",https://www.airbnb.co.in/rooms/1070792652746467824,Ready for Automation Sync,Excluded brand name on Airbnb (strictly complies with Airbnb guidelines)
1035345198511918798,Not Found,Cozy 1BR Pool,Airbnb,Cozy 1BR Pool Villa | Nature Stay Thrissur,1BHK Cozy 1BR Pool Villa w/ Pool,https://www.airbnb.co.in/rooms/1035345198511918798,Ready for Automation Sync,"Removed non-compliant symbols ('|', '@', '+'); Excluded brand name on Airbnb (strictly complies with Airbnb guidelines)"
1380194796593532241,2687,6BR  @Emilia  w/ Jacuzzi,Airbnb,6BR StayVista @Emilia Villa w/ Jacuzzi | StayVista,6BHK 6BR @Emilia w/ Jacuzzi Villa w/ Jacuzzi,https://www.airbnb.co.in/rooms/1380194796593532241,Ready for Automation Sync,"Fixed overflow: old was 50/44 chars (truncated in search cards); Removed non-compliant symbols ('|', '@', '+'); Excluded brand name on Airbnb (strictly complies with Airbnb guidelines)"
1262698047366329082,4013,3bhk @Baia Astra,Airbnb,"3bhk StayVista@Baia Astra-pvt Pool,Jacuzzi,Mandrem",3BHK 3bhk @Baia Astra • Pool & Jacuzzi,https://www.airbnb.co.in/rooms/1262698047366329082,Ready for Automation Sync,"Fixed overflow: old was 50/44 chars (truncated in search cards); Removed non-compliant symbols ('|', '@', '+'); Excluded brand name on Airbnb (strictly complies with Airbnb guidelines)"
1409967254744136913,4548,"Luxury 4BHK w/Pvt Pool & Lawn in Jagatpura, Jaipur",Airbnb,"Luxury 4BHK w/Pvt Pool & Lawn in Jagatpura, Jaipur",4BHK Villa w/ Pool,https://www.airbnb.co.in/rooms/1409967254744136913,Ready for Automation Sync,Fixed overflow: old was 50/44 chars (truncated in search cards); Excluded brand name on Airbnb (strictly complies with Airbnb guidelines)
1344677166714163901,4107,4BHK,Airbnb,"4BHK-The Redstone Villa-w/Bar, Pool- Kolhapur",4BHK 4BHK Villa w/ Pool,https://www.airbnb.co.in/rooms/1344677166714163901,Ready for Automation Sync,Fixed overflow: old was 45/44 chars (truncated in search cards); Excluded brand name on Airbnb (strictly complies with Airbnb guidelines)
1399033017401118332,Not Found,Mukteshwar,Airbnb,Mukteshwar | 4BR @The Sage Brook w/Wifi & Restro,4BHK Mukteshwar Villa w/ Private Pool,https://www.airbnb.co.in/rooms/1399033017401118332,Ready for Automation Sync,"Fixed overflow: old was 48/44 chars (truncated in search cards); Removed non-compliant symbols ('|', '@', '+'); Excluded brand name on Airbnb (strictly complies with Airbnb guidelines)"
1197558501450125847,3813,Maison 10,Airbnb,"StayVista at Maison 10 w/ River View, Pool",3BHK Maison 10 • Pool & River View,https://www.airbnb.co.in/rooms/1197558501450125847,Ready for Automation Sync,Excluded brand name on Airbnb (strictly complies with Airbnb guidelines)
1457167698763566685,4768,Prana,Airbnb,"9BR w/- Lawn,Pool-StayVista at Villa Prana @ Goa",9BHK Prana • Pool & Lawn,https://www.airbnb.co.in/rooms/1457167698763566685,Ready for Automation Sync,"Fixed overflow: old was 48/44 chars (truncated in search cards); Removed non-compliant symbols ('|', '@', '+'); Excluded brand name on Airbnb (strictly complies with Airbnb guidelines)"
1004768487480078053,Not Found,Ethereal 1BR@ Anjali w/Breakfast & Lawn @Kozhikode,Airbnb,Ethereal 1BR@ Anjali w/Breakfast & Lawn @Kozhikode,1BHK Villa w/ Lawn,https://www.airbnb.co.in/rooms/1004768487480078053,Ready for Automation Sync,"Fixed overflow: old was 50/44 chars (truncated in search cards); Removed non-compliant symbols ('|', '@', '+'); Excluded brand name on Airbnb (strictly complies with Airbnb guidelines)"
1361236159846618157,3667,4BR,Airbnb,4BR|Private Pool|StayVista|Willow Cove @Karjat Gem,4BHK 4BR Villa w/ Private Pool,https://www.airbnb.co.in/rooms/1361236159846618157,Ready for Automation Sync,"Fixed overflow: old was 50/44 chars (truncated in search cards); Removed non-compliant symbols ('|', '@', '+'); Excluded brand name on Airbnb (strictly complies with Airbnb guidelines)"
1229424111997587127,3166,Orchid,Airbnb,StayVista at Villa Orchid 2BHK | Ujjain,2BHK Orchid Villa w/ Private Pool,https://www.airbnb.co.in/rooms/1229424111997587127,Ready for Automation Sync,"Removed non-compliant symbols ('|', '@', '+'); Excluded brand name on Airbnb (strictly complies with Airbnb guidelines)"
1293923132159610946,1798,Bharat,Airbnb,3BR Beachside Lawn| StayVista Villa Bharat @Karjat,3BHK Bharat Villa w/ Lawn,https://www.airbnb.co.in/rooms/1293923132159610946,Ready for Automation Sync,"Fixed overflow: old was 50/44 chars (truncated in search cards); Removed non-compliant symbols ('|', '@', '+'); Excluded brand name on Airbnb (strictly complies with Airbnb guidelines)"
1261982375888312128,1493,Casa Ela 10,Airbnb,StayVista at Casa Ela 10 | Pvt Pool Villa,3BHK Casa Ela 10 Villa w/ Pool,https://www.airbnb.co.in/rooms/1261982375888312128,Ready for Automation Sync,"Removed non-compliant symbols ('|', '@', '+'); Excluded brand name on Airbnb (strictly complies with Airbnb guidelines)"
1371486340112514439,Not Found,Valora,Airbnb,4BR- StayVista at Valora @Auburn Dusk w/BBQ & Pool,4BHK Valora • Pool & BBQ,https://www.airbnb.co.in/rooms/1371486340112514439,Ready for Automation Sync,"Fixed overflow: old was 50/44 chars (truncated in search cards); Removed non-compliant symbols ('|', '@', '+'); Excluded brand name on Airbnb (strictly complies with Airbnb guidelines)"
1527271590474527133,902,"2BR @ Lake Trails w/Lake View, Cook, Wifi",Airbnb,"2BR @ Lake Trails w/Lake View, Cook, Wifi -Bhimtal",2BHK Villa w/ Lake View,https://www.airbnb.co.in/rooms/1527271590474527133,Ready for Automation Sync,"Fixed overflow: old was 50/44 chars (truncated in search cards); Removed non-compliant symbols ('|', '@', '+'); Excluded brand name on Airbnb (strictly complies with Airbnb guidelines)"
1064963141411426429,3256,Bela Retreat,Airbnb,"StayVista at Bela Retreat - 2 w/ Pool, Garden",3BHK Bela Retreat • Pool & Garden,https://www.airbnb.co.in/rooms/1064963141411426429,Ready for Automation Sync,Fixed overflow: old was 45/44 chars (truncated in search cards); Excluded brand name on Airbnb (strictly complies with Airbnb guidelines)
1084637579407063264,3377,Luxury Apartment w/Balcony in the heart of Kolkata,Airbnb,Luxury Apartment w/Balcony in the heart of Kolkata,3BHK Villa w/ Balcony,https://www.airbnb.co.in/rooms/1084637579407063264,Ready for Automation Sync,Fixed overflow: old was 50/44 chars (truncated in search cards); Excluded brand name on Airbnb (strictly complies with Airbnb guidelines)
41897518,1217,Whispering Pines 1BR Luxurious Stay,Airbnb,StayVista at Whispering Pines 1BR Luxurious Stay,1BHK Villa w/ Private Pool,https://www.airbnb.co.in/rooms/41897518,Ready for Automation Sync,Fixed overflow: old was 48/44 chars (truncated in search cards); Excluded brand name on Airbnb (strictly complies with Airbnb guidelines)
1352025465192632365,Not Found,Lush,Airbnb,StayVista at Lush @ Johnson Studios w/ Wi-Fi,3BHK Lush Villa w/ Private Pool,https://www.airbnb.co.in/rooms/1352025465192632365,Ready for Automation Sync,"Removed non-compliant symbols ('|', '@', '+'); Excluded brand name on Airbnb (strictly complies with Airbnb guidelines)"
1331015598975276708,4229,2BR,Airbnb,2BR |Private Deck |StayVista| Ilika @Himachal,2BHK 2BR Villa w/ Private Pool,https://www.airbnb.co.in/rooms/1331015598975276708,Ready for Automation Sync,"Fixed overflow: old was 45/44 chars (truncated in search cards); Removed non-compliant symbols ('|', '@', '+'); Excluded brand name on Airbnb (strictly complies with Airbnb guidelines)"
1315025748998730888,2615,Opal @ Rose  1 BR in Shimla Near Mall Road,Airbnb,Opal @ Rose Cottage 1 BR in Shimla Near Mall Road,1BHK Cottage w/ Lawn,https://www.airbnb.co.in/rooms/1315025748998730888,Ready for Automation Sync,"Fixed overflow: old was 49/44 chars (truncated in search cards); Removed non-compliant symbols ('|', '@', '+'); Excluded brand name on Airbnb (strictly complies with Airbnb guidelines)"
1043005270765448871,3198,Rustic,Airbnb,StayVista at Rustic Cottage @Wandering Hills,3BHK Rustic Cottage w/ Lawn,https://www.airbnb.co.in/rooms/1043005270765448871,Ready for Automation Sync,"Removed non-compliant symbols ('|', '@', '+'); Excluded brand name on Airbnb (strictly complies with Airbnb guidelines)"
39139007,Not Found,"3BHK w/Pool, Jacuzzi, Jaipur",Airbnb,"3BHK w/Pool, Jacuzzi, Jaipur","3BHK 3BHK w/Pool, Jacuzzi, Jaipur w/ Pool",https://www.airbnb.co.in/rooms/39139007,Ready for Automation Sync,Excluded brand name on Airbnb (strictly complies with Airbnb guidelines)
33501064,382,2BR vacation on hill station @  15 Bhimtal,Airbnb,2BR vacation on hill station @ Estate 15 Bhimtal,2BHK Estate w/ Lawn,https://www.airbnb.co.in/rooms/33501064,Ready for Automation Sync,"Fixed overflow: old was 48/44 chars (truncated in search cards); Removed non-compliant symbols ('|', '@', '+'); Excluded brand name on Airbnb (strictly complies with Airbnb guidelines)"
1499181436466176326,4988,Suite Room@The Green Post+Breakfast &Pool@Candolim,Airbnb,Suite Room@The Green Post+Breakfast &Pool@Candolim,3BHK Villa w/ Pool,https://www.airbnb.co.in/rooms/1499181436466176326,Ready for Automation Sync,"Fixed overflow: old was 50/44 chars (truncated in search cards); Removed non-compliant symbols ('|', '@', '+'); Excluded brand name on Airbnb (strictly complies with Airbnb guidelines)"
40763645,Not Found,Terrace Suite,Airbnb,StayVista at Terrace Suite @ Davey's Townhouse,3BHK Terrace Suite Villa w/ Terrace,https://www.airbnb.co.in/rooms/40763645,Ready for Automation Sync,"Fixed overflow: old was 46/44 chars (truncated in search cards); Removed non-compliant symbols ('|', '@', '+'); Excluded brand name on Airbnb (strictly complies with Airbnb guidelines)"
1164174157732313587,3701,Serene,Airbnb,StayVista at Serene @ Amritalaya | 2BR Retreat,2BHK Serene Retreat w/ Lawn,https://www.airbnb.co.in/rooms/1164174157732313587,Ready for Automation Sync,"Fixed overflow: old was 46/44 chars (truncated in search cards); Removed non-compliant symbols ('|', '@', '+'); Excluded brand name on Airbnb (strictly complies with Airbnb guidelines)"
1404800808610047772,4234,The Apricot 3BR Luxury Apartment @  W/BBQ,Airbnb,The Apricot 3BR Luxury Apartment @ StayVista W/BBQ,3BHK Villa w/ BBQ,https://www.airbnb.co.in/rooms/1404800808610047772,Ready for Automation Sync,"Fixed overflow: old was 50/44 chars (truncated in search cards); Removed non-compliant symbols ('|', '@', '+'); Excluded brand name on Airbnb (strictly complies with Airbnb guidelines)"
52272205,1776,Casa Bella Vista,Airbnb,"Casa Bella Vista | 3BR Scenic Rooms, Manali",3BHK Casa Bella Villa w/ Private Pool,https://www.airbnb.co.in/rooms/52272205,Ready for Automation Sync,"Removed non-compliant symbols ('|', '@', '+'); Excluded brand name on Airbnb (strictly complies with Airbnb guidelines)"
1350466759550132695,Not Found,Vista Retreat,Airbnb,"StayVista | Johnson Studios, Manali",3BHK Retreat Villa w/ Private Pool,https://www.airbnb.co.in/rooms/1350466759550132695,Ready for Automation Sync,"Removed non-compliant symbols ('|', '@', '+'); Excluded brand name on Airbnb (strictly complies with Airbnb guidelines)"
1299144425075430091,3322,5BR Golden Apex,Airbnb,5BR Golden Apex - w/Pool Brkfst Kabini River View.,5BHK 5BR Golden Apex • Pool & River View,https://www.airbnb.co.in/rooms/1299144425075430091,Ready for Automation Sync,Fixed overflow: old was 50/44 chars (truncated in search cards); Excluded brand name on Airbnb (strictly complies with Airbnb guidelines)
1217840261296762583,3879,Bossa Nova@Sylvana3BR Classic & Pet Friendly,Airbnb,Bossa Nova@Sylvana3BR Classic & Pet Friendly Villa,3BHK Villa w/ Private Pool,https://www.airbnb.co.in/rooms/1217840261296762583,Ready for Automation Sync,"Fixed overflow: old was 50/44 chars (truncated in search cards); Removed non-compliant symbols ('|', '@', '+'); Excluded brand name on Airbnb (strictly complies with Airbnb guidelines)"
876075743569829589,2625,2BR  w/ Huge Lawn & Private Pool,Airbnb,2BR Villa w/ Huge Lawn & Private Pool,2BHK Villa w/ Private Pool,https://www.airbnb.co.in/rooms/876075743569829589,Ready for Automation Sync,Excluded brand name on Airbnb (strictly complies with Airbnb guidelines)
1156165716449237115,3435,Emberwood,Airbnb,"StayVista at Emberwood Villa w/ WiFi, Lawn, BBQ",3BHK Emberwood • Lawn & BBQ,https://www.airbnb.co.in/rooms/1156165716449237115,Ready for Automation Sync,Fixed overflow: old was 47/44 chars (truncated in search cards); Excluded brand name on Airbnb (strictly complies with Airbnb guidelines)
568490526625979558,718,Tulip Terraces,Airbnb,Tulip Terraces | 4BR Scenic Retreat in Manali,4BHK Tulip Terraces Retreat w/ Terrace,https://www.airbnb.co.in/rooms/568490526625979558,Ready for Automation Sync,"Fixed overflow: old was 45/44 chars (truncated in search cards); Removed non-compliant symbols ('|', '@', '+'); Excluded brand name on Airbnb (strictly complies with Airbnb guidelines)"
1175802422185617747,3810,"1BR@PetFriendly CozyCottageW/Lawn,BBQ &ValleyView",Airbnb,"1BR@PetFriendly CozyCottageW/Lawn,BBQ &ValleyView",1BHK Villa w/ Valley View,https://www.airbnb.co.in/rooms/1175802422185617747,Ready for Automation Sync,"Fixed overflow: old was 49/44 chars (truncated in search cards); Removed non-compliant symbols ('|', '@', '+'); Excluded brand name on Airbnb (strictly complies with Airbnb guidelines)"
1456230218469915260,4839,Sarvam,Airbnb,Sarvam - 4 BHK Luxe Villa - W/ Pool & Lake View,4BHK Sarvam • Pool & Lake View,https://www.airbnb.co.in/rooms/1456230218469915260,Ready for Automation Sync,Fixed overflow: old was 47/44 chars (truncated in search cards); Excluded brand name on Airbnb (strictly complies with Airbnb guidelines)
978685788504039087,2903,Bloom @ Buhayra by The Dal at  w/ Gazebo,Airbnb,Bloom @ Buhayra by The Dal at StayVista w/ Gazebo,3BHK Villa w/ Gazebo,https://www.airbnb.co.in/rooms/978685788504039087,Ready for Automation Sync,"Fixed overflow: old was 49/44 chars (truncated in search cards); Removed non-compliant symbols ('|', '@', '+'); Excluded brand name on Airbnb (strictly complies with Airbnb guidelines)"
675108014847583143,1871,5BR,Airbnb,5BR |Luxe Pool+Lawn|StayVista| Desert Palms @Kutch,5BHK 5BR • Pool & Lawn,https://www.airbnb.co.in/rooms/675108014847583143,Ready for Automation Sync,"Fixed overflow: old was 50/44 chars (truncated in search cards); Removed non-compliant symbols ('|', '@', '+'); Excluded brand name on Airbnb (strictly complies with Airbnb guidelines)"
892448587854973008,2628,3BR Lavender Haze w/bonfire/Lawn@Pahalgam,Airbnb,3BR Lavender Haze w/bonfire/Lawn@Pahalgam,3BHK Villa w/ Lawn,https://www.airbnb.co.in/rooms/892448587854973008,Ready for Automation Sync,"Removed non-compliant symbols ('|', '@', '+'); Excluded brand name on Airbnb (strictly complies with Airbnb guidelines)"
1436869643458859575,4798,3BR Cozy Apt Mist @ Himalayan Echo,Airbnb,3BR Cozy Apt Mist @ Himalayan Echo - Mukteshwar,3BHK Villa w/ Private Pool,https://www.airbnb.co.in/rooms/1436869643458859575,Ready for Automation Sync,"Fixed overflow: old was 47/44 chars (truncated in search cards); Removed non-compliant symbols ('|', '@', '+'); Excluded brand name on Airbnb (strictly complies with Airbnb guidelines)"
1100379651515710110,Not Found,@ Sea Pearl View Beach View,Airbnb,StayVista @ Sea Pearl View Beach View-Rooftop Pool,3BHK @ Sea Pearl View Beach View w/ Pool,https://www.airbnb.co.in/rooms/1100379651515710110,Ready for Automation Sync,"Fixed overflow: old was 50/44 chars (truncated in search cards); Removed non-compliant symbols ('|', '@', '+'); Excluded brand name on Airbnb (strictly complies with Airbnb guidelines)"
1273752804054599852,4078,2BR A,Airbnb,2BR A-Frame Cabin W/Spacious Lawn & Pool Srinagar,2BHK 2BR A • Pool & Lawn,https://www.airbnb.co.in/rooms/1273752804054599852,Ready for Automation Sync,Fixed overflow: old was 49/44 chars (truncated in search cards); Excluded brand name on Airbnb (strictly complies with Airbnb guidelines)
996834060094973702,2968,2BR  Marina,Airbnb,"2BR Villa Marina - By the Sea w/ Lawn, Shared Pool",2BHK 2BR Marina • Pool & Lawn,https://www.airbnb.co.in/rooms/996834060094973702,Ready for Automation Sync,Fixed overflow: old was 50/44 chars (truncated in search cards); Excluded brand name on Airbnb (strictly complies with Airbnb guidelines)
952828978144661162,Not Found,Onsen,Airbnb,StayVista at Onsen @ Hanamizu w/ Pool & Yoga Room,3BHK Onsen Villa w/ Pool,https://www.airbnb.co.in/rooms/952828978144661162,Ready for Automation Sync,"Fixed overflow: old was 49/44 chars (truncated in search cards); Removed non-compliant symbols ('|', '@', '+'); Excluded brand name on Airbnb (strictly complies with Airbnb guidelines)"
911926243042661425,1172,LuxeVilla W/Pool,Airbnb,LuxeVilla W/Pool - Blossom @AmaraVilla,3BHK LuxeVilla W/Pool Villa w/ Pool,https://www.airbnb.co.in/rooms/911926243042661425,Ready for Automation Sync,"Removed non-compliant symbols ('|', '@', '+'); Excluded brand name on Airbnb (strictly complies with Airbnb guidelines)"
1515678426831263333,4825,Meadows Land,Airbnb,StayVista at Meadows Land w/ Bonfire,3BHK Meadows Land Villa w/ Bonfire,https://www.airbnb.co.in/rooms/1515678426831263333,Ready for Automation Sync,Excluded brand name on Airbnb (strictly complies with Airbnb guidelines)
40763477,Not Found,Davey’s Townhouse,Airbnb,"StayVista at Davey’s Townhouse -1BRL,Breakfast",1BHK Davey’s Townhouse Villa w/ Private Pool,https://www.airbnb.co.in/rooms/40763477,Ready for Automation Sync,Fixed overflow: old was 46/44 chars (truncated in search cards); Excluded brand name on Airbnb (strictly complies with Airbnb guidelines)
1130271154446389069,3527,Wyncroft Bungalow,Airbnb,StayVista at Wyncroft Bungalow w/ Wi-Fi & Meals,3BHK Wyncroft Bungalow Bungalow w/ Lawn,https://www.airbnb.co.in/rooms/1130271154446389069,Ready for Automation Sync,Fixed overflow: old was 47/44 chars (truncated in search cards); Excluded brand name on Airbnb (strictly complies with Airbnb guidelines)
592984533141971224,2019,Ivory 2BR NauNabh  Near Mall Rd,Airbnb,Ivory 2BR NauNabh Cottage Near Mall Rd | StayVista,2BHK Ivory 2BR NauNabh Near Mall Rd w/ Lawn,https://www.airbnb.co.in/rooms/592984533141971224,Ready for Automation Sync,"Fixed overflow: old was 50/44 chars (truncated in search cards); Removed non-compliant symbols ('|', '@', '+'); Excluded brand name on Airbnb (strictly complies with Airbnb guidelines)"
1009228206229310305,Not Found,Timber 210,Airbnb,StayVista at Timber 210 w/ Lake & Gazebo,3BHK Timber 210 Villa w/ Gazebo,https://www.airbnb.co.in/rooms/1009228206229310305,Ready for Automation Sync,Excluded brand name on Airbnb (strictly complies with Airbnb guidelines)
1380172257038747467,Not Found,3BR Palash Van W/Games/Bonfire/Pool/Patio,Airbnb,3BR Palash Van W/Games/Bonfire/Pool/Patio,3BHK Villa w/ Pool,https://www.airbnb.co.in/rooms/1380172257038747467,Ready for Automation Sync,Excluded brand name on Airbnb (strictly complies with Airbnb guidelines)
1485412373344498075,4814,5BR,Airbnb,5BR |Pool Villa| StayVista| Apukaa Hills@Dhalewadi,5BHK 5BR Villa w/ Pool,https://www.airbnb.co.in/rooms/1485412373344498075,Ready for Automation Sync,"Fixed overflow: old was 50/44 chars (truncated in search cards); Removed non-compliant symbols ('|', '@', '+'); Excluded brand name on Airbnb (strictly complies with Airbnb guidelines)"
1303466548365956075,Not Found,Skyville A 2BHK w/ Balcony,Airbnb,Skyville A 2BHK w/ Balcony - Fort Kochi,2BHK Skyville A 2BHK w/ Balcony w/ Balcony,https://www.airbnb.co.in/rooms/1303466548365956075,Ready for Automation Sync,Excluded brand name on Airbnb (strictly complies with Airbnb guidelines)
1504273261349822935,Not Found,Room 1,Airbnb,StayVista at Room 1 @ Riverside Gangavya,3BHK Room 1 Villa w/ River View,https://www.airbnb.co.in/rooms/1504273261349822935,Ready for Automation Sync,"Removed non-compliant symbols ('|', '@', '+'); Excluded brand name on Airbnb (strictly complies with Airbnb guidelines)"
1299787630277430268,3672,@ Bean & Blanc – Lawn & BBQ Stay,Airbnb,StayVista @ Bean & Blanc – Lawn & BBQ Stay,3BHK @ Bean & Blanc – Lawn & BBQ Stay • Lawn,https://www.airbnb.co.in/rooms/1299787630277430268,Ready for Automation Sync,"Removed non-compliant symbols ('|', '@', '+'); Excluded brand name on Airbnb (strictly complies with Airbnb guidelines)"
1310514564518731606,4130,Pinecrest Manor 4BR  w/Outdoor Jacuzzi,Airbnb,Pinecrest Manor 4BR Villa w/Outdoor Jacuzzi,4BHK Villa w/ Jacuzzi,https://www.airbnb.co.in/rooms/1310514564518731606,Ready for Automation Sync,Excluded brand name on Airbnb (strictly complies with Airbnb guidelines)
842089486262414774,2471,7BR,Airbnb,7BR| Lux Lawn Retreat|StayVista |D'amour|Amritsar,7BHK 7BR Retreat w/ Lawn,https://www.airbnb.co.in/rooms/842089486262414774,Ready for Automation Sync,"Fixed overflow: old was 49/44 chars (truncated in search cards); Removed non-compliant symbols ('|', '@', '+'); Excluded brand name on Airbnb (strictly complies with Airbnb guidelines)"
1323614800349472624,Not Found,6BHK  w/Scenic View+Lawn+Bonfire near Gangtok,Airbnb,6BHK Villa w/Scenic View+Lawn+Bonfire near Gangtok,6BHK Villa w/ Lawn,https://www.airbnb.co.in/rooms/1323614800349472624,Ready for Automation Sync,"Fixed overflow: old was 50/44 chars (truncated in search cards); Removed non-compliant symbols ('|', '@', '+'); Excluded brand name on Airbnb (strictly complies with Airbnb guidelines)"
1070125589178885983,Not Found,Vivid @ Mango Splash by VEO,Airbnb,Vivid @ Mango Splash by VEO - Part of StayVista,3BHK Villa w/ Private Pool,https://www.airbnb.co.in/rooms/1070125589178885983,Ready for Automation Sync,"Fixed overflow: old was 47/44 chars (truncated in search cards); Removed non-compliant symbols ('|', '@', '+'); Excluded brand name on Airbnb (strictly complies with Airbnb guidelines)"
1452634449478075500,4819,Brickleaf @ AmarjaHills – Poolside Luxury Stay,Airbnb,Brickleaf @ AmarjaHills – Poolside Luxury Stay,3BHK Villa w/ Private Pool,https://www.airbnb.co.in/rooms/1452634449478075500,Ready for Automation Sync,"Fixed overflow: old was 46/44 chars (truncated in search cards); Removed non-compliant symbols ('|', '@', '+'); Excluded brand name on Airbnb (strictly complies with Airbnb guidelines)"
1196832520670437959,3863,Apple,Airbnb,StayVista at Apple @ Wellnest Natural Farms w/Pool,3BHK Apple Villa w/ Pool,https://www.airbnb.co.in/rooms/1196832520670437959,Ready for Automation Sync,"Fixed overflow: old was 50/44 chars (truncated in search cards); Removed non-compliant symbols ('|', '@', '+'); Excluded brand name on Airbnb (strictly complies with Airbnb guidelines)"
54075191,Not Found,Corfu,Airbnb,"StayVista at Corfu - 3 BR w/ BBQ, Pool and Lawn",3BHK Corfu • Pool & Lawn,https://www.airbnb.co.in/rooms/54075191,Ready for Automation Sync,Fixed overflow: old was 47/44 chars (truncated in search cards); Excluded brand name on Airbnb (strictly complies with Airbnb guidelines)
1259941019440986144,4020,Tellado Bellagio,Airbnb,StayVista at Tellado Bellagio w/ Infinity Poo,3BHK Tellado Bellagio Villa w/ Private Pool,https://www.airbnb.co.in/rooms/1259941019440986144,Ready for Automation Sync,Fixed overflow: old was 45/44 chars (truncated in search cards); Excluded brand name on Airbnb (strictly complies with Airbnb guidelines)
1227277897920367970,2289,Himalayan Retreat,Airbnb,"Himalayan Retreat | 9BR Mountain Estate, Manali",9BHK Himalayan Retreat Estate w/ Lawn,https://www.airbnb.co.in/rooms/1227277897920367970,Ready for Automation Sync,"Fixed overflow: old was 47/44 chars (truncated in search cards); Removed non-compliant symbols ('|', '@', '+'); Excluded brand name on Airbnb (strictly complies with Airbnb guidelines)"
1431751333826957553,4520,Ashbourne,Airbnb,"Ashbourne Estate - W/ Luxe/ Pool, Turf & Ent. Room",3BHK Ashbourne Estate w/ Pool,https://www.airbnb.co.in/rooms/1431751333826957553,Ready for Automation Sync,Fixed overflow: old was 50/44 chars (truncated in search cards); Excluded brand name on Airbnb (strictly complies with Airbnb guidelines)
1355532454326722800,2696,3BR,Airbnb,"3BR-StayVista@ Lily - Emilia Villa by VEO, Jacuzzi",3BHK 3BR Villa w/ Jacuzzi,https://www.airbnb.co.in/rooms/1355532454326722800,Ready for Automation Sync,"Fixed overflow: old was 50/44 chars (truncated in search cards); Removed non-compliant symbols ('|', '@', '+'); Excluded brand name on Airbnb (strictly complies with Airbnb guidelines)"
858327346176189397,Not Found,5BR,Airbnb,5BR-Peace Paradise-w/pool-Mahabaleshwar,5BHK 5BR Villa w/ Pool,https://www.airbnb.co.in/rooms/858327346176189397,Ready for Automation Sync,Excluded brand name on Airbnb (strictly complies with Airbnb guidelines)
1514436782501950044,4971,Elvara,Airbnb,"StayVista at Elvara w/Mountain View, Orchards, BBQ",3BHK Elvara • Mountain View & BBQ,https://www.airbnb.co.in/rooms/1514436782501950044,Ready for Automation Sync,Fixed overflow: old was 50/44 chars (truncated in search cards); Excluded brand name on Airbnb (strictly complies with Airbnb guidelines)
1397785773668212819,4501,4BR Jacuzzi,Airbnb,4BR Jacuzzi |StayVista| Dos @The HimalayanDen @HP,4BHK 4BR Jacuzzi Villa w/ Jacuzzi,https://www.airbnb.co.in/rooms/1397785773668212819,Ready for Automation Sync,"Fixed overflow: old was 49/44 chars (truncated in search cards); Removed non-compliant symbols ('|', '@', '+'); Excluded brand name on Airbnb (strictly complies with Airbnb guidelines)"
1233813423769362343,566,Majestic Mountain View,Airbnb,StayVista at Majestic Mountain View Villa,3BHK Majestic Mountain View w/ Mountain View,https://www.airbnb.co.in/rooms/1233813423769362343,Ready for Automation Sync,Excluded brand name on Airbnb (strictly complies with Airbnb guidelines)
1360685260556296094,Not Found,Willow,Airbnb,"StayVista at Willow @ The Oakridge w/ Jacuzzi, BBQ",3BHK Willow • Jacuzzi & BBQ,https://www.airbnb.co.in/rooms/1360685260556296094,Ready for Automation Sync,"Fixed overflow: old was 50/44 chars (truncated in search cards); Removed non-compliant symbols ('|', '@', '+'); Excluded brand name on Airbnb (strictly complies with Airbnb guidelines)"
37097776,574,"4Bhk Private Family ,PooL+Breakfast @Sangolda",Airbnb,"4Bhk Private Family Villa,PooL+Breakfast @Sangolda",4BHK Villa w/ Pool,https://www.airbnb.co.in/rooms/37097776,Ready for Automation Sync,"Fixed overflow: old was 50/44 chars (truncated in search cards); Removed non-compliant symbols ('|', '@', '+'); Excluded brand name on Airbnb (strictly complies with Airbnb guidelines)"
656158840471885578,716,White,Airbnb,StayVista at White House - 4BR W/ Pool and Lawn,4BHK White • Pool & Lawn,https://www.airbnb.co.in/rooms/656158840471885578,Ready for Automation Sync,Fixed overflow: old was 47/44 chars (truncated in search cards); Excluded brand name on Airbnb (strictly complies with Airbnb guidelines)
35690536,345,Long Walk  4BHK w/Breakfast,Airbnb,Long Walk Villa 4BHK w/Breakfast - Coonoor,4BHK Villa w/ Private Pool,https://www.airbnb.co.in/rooms/35690536,Ready for Automation Sync,Excluded brand name on Airbnb (strictly complies with Airbnb guidelines)
39449431,782,Shalom,Airbnb,StayVista at Shalom Villa - 1BR,1BHK Shalom Villa w/ Private Pool,https://www.airbnb.co.in/rooms/39449431,Ready for Automation Sync,Excluded brand name on Airbnb (strictly complies with Airbnb guidelines)
1004749025923574315,Not Found,Bloom 1BR Anjali @ Lore Trails w/ Lawn & breakfast,Airbnb,Bloom 1BR Anjali @ Lore Trails w/ Lawn & breakfast,1BHK Villa w/ Lawn,https://www.airbnb.co.in/rooms/1004749025923574315,Ready for Automation Sync,"Fixed overflow: old was 50/44 chars (truncated in search cards); Removed non-compliant symbols ('|', '@', '+'); Excluded brand name on Airbnb (strictly complies with Airbnb guidelines)"
673012943166851219,478,9BHK Gatsby,Airbnb,StayVista at 9BHK Gatsby House W/ huge pool,9BHK 9BHK Gatsby House w/ Pool,https://www.airbnb.co.in/rooms/673012943166851219,Ready for Automation Sync,Excluded brand name on Airbnb (strictly complies with Airbnb guidelines)
1331004567605047672,4228,Ekam@Ilika 5BR Luxury  W/Heated Infinity Pool,Airbnb,Ekam@Ilika 5BR Luxury Villa W/Heated Infinity Pool,5BHK Villa w/ Infinity Pool,https://www.airbnb.co.in/rooms/1331004567605047672,Ready for Automation Sync,"Fixed overflow: old was 50/44 chars (truncated in search cards); Removed non-compliant symbols ('|', '@', '+'); Excluded brand name on Airbnb (strictly complies with Airbnb guidelines)"
1046222429019789809,3064,Countryside Green,Airbnb,StayVista at Countryside Green@ The Ghudshaal Farm,3BHK Countryside Green Villa w/ Private Pool,https://www.airbnb.co.in/rooms/1046222429019789809,Ready for Automation Sync,"Fixed overflow: old was 50/44 chars (truncated in search cards); Removed non-compliant symbols ('|', '@', '+'); Excluded brand name on Airbnb (strictly complies with Airbnb guidelines)"
714197352097349736,2266,"2BR @Luxury  w/ Fireplace,BBQ & lawn in Chail",Airbnb,"2BR @Luxury Villa w/ Fireplace,BBQ & lawn in Chail",2BHK Villa w/ Lawn,https://www.airbnb.co.in/rooms/714197352097349736,Ready for Automation Sync,"Fixed overflow: old was 50/44 chars (truncated in search cards); Removed non-compliant symbols ('|', '@', '+'); Excluded brand name on Airbnb (strictly complies with Airbnb guidelines)"
1371445578568579766,Not Found,Verano,Airbnb,3BR- StayVista at Verano @Auburn Dusk w/BBQ & Pool,3BHK Verano • Pool & BBQ,https://www.airbnb.co.in/rooms/1371445578568579766,Ready for Automation Sync,"Fixed overflow: old was 50/44 chars (truncated in search cards); Removed non-compliant symbols ('|', '@', '+'); Excluded brand name on Airbnb (strictly complies with Airbnb guidelines)"
1336024549590670613,Not Found,1BR,Airbnb,1BR-Sheesham@Artisanal Heights w/Jacuzzi @Himachal,1BHK 1BR Villa w/ Jacuzzi,https://www.airbnb.co.in/rooms/1336024549590670613,Ready for Automation Sync,"Fixed overflow: old was 50/44 chars (truncated in search cards); Removed non-compliant symbols ('|', '@', '+'); Excluded brand name on Airbnb (strictly complies with Airbnb guidelines)"
1043001983885488016,3197,Scenic,Airbnb,StayVista at Scenic Cottage @ Wandering Hills,3BHK Scenic Cottage w/ Lawn,https://www.airbnb.co.in/rooms/1043001983885488016,Ready for Automation Sync,"Fixed overflow: old was 45/44 chars (truncated in search cards); Removed non-compliant symbols ('|', '@', '+'); Excluded brand name on Airbnb (strictly complies with Airbnb guidelines)"
1164153835326648666,3700,Idyll,Airbnb,StayVista at Idyll @ Amritalaya | 4BR Retreat,4BHK Idyll Retreat w/ Lawn,https://www.airbnb.co.in/rooms/1164153835326648666,Ready for Automation Sync,"Fixed overflow: old was 45/44 chars (truncated in search cards); Removed non-compliant symbols ('|', '@', '+'); Excluded brand name on Airbnb (strictly complies with Airbnb guidelines)"
1377160209747772897,4490,Simba,Airbnb,StayVista at Simba @ Masava - Luxury Tents w/ BBQ,3BHK Simba Villa w/ BBQ,https://www.airbnb.co.in/rooms/1377160209747772897,Ready for Automation Sync,"Fixed overflow: old was 49/44 chars (truncated in search cards); Removed non-compliant symbols ('|', '@', '+'); Excluded brand name on Airbnb (strictly complies with Airbnb guidelines)"
1303443276702859045,4120,Tiverton Bungalow 9BR w/Breakfast & Ooty City View,Airbnb,Tiverton Bungalow 9BR w/Breakfast & Ooty City View,9BHK Bungalow w/ Lawn,https://www.airbnb.co.in/rooms/1303443276702859045,Ready for Automation Sync,Fixed overflow: old was 50/44 chars (truncated in search cards); Excluded brand name on Airbnb (strictly complies with Airbnb guidelines)
592983579285429793,2020,Near Mall Rd,Airbnb,Crimson 5BR Cottage by StayVista Near Mall Rd,5BHK Near Mall Rd Cottage w/ Lawn,https://www.airbnb.co.in/rooms/592983579285429793,Ready for Automation Sync,Fixed overflow: old was 45/44 chars (truncated in search cards); Excluded brand name on Airbnb (strictly complies with Airbnb guidelines)
1527240134751888469,Not Found,Spacious Lawn 3BR Cove,Airbnb,Stayvista Spacious Lawn 3BR Cove Cottage,3BHK Spacious Lawn 3BR Cove Cottage w/ Lawn,https://www.airbnb.co.in/rooms/1527240134751888469,Ready for Automation Sync,Excluded brand name on Airbnb (strictly complies with Airbnb guidelines)
1079400350396437469,3296,3BHK,Airbnb,3BHK|Pool+Jacz|StayVista|The Estate-Luxury@Lonavla,3BHK 3BHK Estate w/ Pool,https://www.airbnb.co.in/rooms/1079400350396437469,Ready for Automation Sync,"Fixed overflow: old was 50/44 chars (truncated in search cards); Removed non-compliant symbols ('|', '@', '+'); Excluded brand name on Airbnb (strictly complies with Airbnb guidelines)"
929436282806477190,2754,3 Rooms,Airbnb,StayVista 3 Rooms @ Villa Aangan with BBQ & Pool,3BHK 3 Rooms • Pool & BBQ,https://www.airbnb.co.in/rooms/929436282806477190,Ready for Automation Sync,"Fixed overflow: old was 48/44 chars (truncated in search cards); Removed non-compliant symbols ('|', '@', '+'); Excluded brand name on Airbnb (strictly complies with Airbnb guidelines)"
1436786788596547893,4796,6BR Cozy Apt Peak @ The Himalayan Echo,Airbnb,6BR Cozy Apt Peak @ The Himalayan Echo- Mukteshwar,6BHK Villa w/ Private Pool,https://www.airbnb.co.in/rooms/1436786788596547893,Ready for Automation Sync,"Fixed overflow: old was 50/44 chars (truncated in search cards); Removed non-compliant symbols ('|', '@', '+'); Excluded brand name on Airbnb (strictly complies with Airbnb guidelines)"
687250874877068752,311,12BHK Gatsby,Airbnb,12BHK Gatsby house - W/ Pool 1km from  Chondhi,12BHK 12BHK Gatsby House w/ Pool,https://www.airbnb.co.in/rooms/687250874877068752,Ready for Automation Sync,Fixed overflow: old was 46/44 chars (truncated in search cards); Excluded brand name on Airbnb (strictly complies with Airbnb guidelines)
1348347011136840598,4320,Hearth,Airbnb,"2BHK-StayVista at Hearth@ Hideaway to Heaven, Pool",2BHK Hearth Villa w/ Pool,https://www.airbnb.co.in/rooms/1348347011136840598,Ready for Automation Sync,"Fixed overflow: old was 50/44 chars (truncated in search cards); Removed non-compliant symbols ('|', '@', '+'); Excluded brand name on Airbnb (strictly complies with Airbnb guidelines)"
1299045468142251799,4185,Echo,Airbnb,StayVista at Echo @ Grand Sindh w/ Lawn & BBQ,3BHK Echo • Lawn & BBQ,https://www.airbnb.co.in/rooms/1299045468142251799,Ready for Automation Sync,"Fixed overflow: old was 45/44 chars (truncated in search cards); Removed non-compliant symbols ('|', '@', '+'); Excluded brand name on Airbnb (strictly complies with Airbnb guidelines)"
568447489801949410,334,Alpine,Airbnb,StayVista at Alpine Cottage @ ChaletShanagManali,3BHK Alpine Cottage w/ Lawn,https://www.airbnb.co.in/rooms/568447489801949410,Ready for Automation Sync,"Fixed overflow: old was 48/44 chars (truncated in search cards); Removed non-compliant symbols ('|', '@', '+'); Excluded brand name on Airbnb (strictly complies with Airbnb guidelines)"
1340323896639134753,Not Found,3BR Combination of Colonial Charm & Modern Luxury,Airbnb,3BR Combination of Colonial Charm & Modern Luxury,3BHK Villa w/ Private Pool,https://www.airbnb.co.in/rooms/1340323896639134753,Ready for Automation Sync,Fixed overflow: old was 49/44 chars (truncated in search cards); Excluded brand name on Airbnb (strictly complies with Airbnb guidelines)
1465056742815659619,4757,Amaya A Luxury 3BR  W/Outdoor Pool in Kasauli,Airbnb,Amaya A Luxury 3BR Villa W/Outdoor Pool in Kasauli,3BHK Villa w/ Pool,https://www.airbnb.co.in/rooms/1465056742815659619,Ready for Automation Sync,Fixed overflow: old was 50/44 chars (truncated in search cards); Excluded brand name on Airbnb (strictly complies with Airbnb guidelines)
653183930344596732,1909,@ Whispering Palms 3BHK Premium,Airbnb,StayVista @ Whispering Palms 3BHK Premium villa,3BHK Villa w/ Private Pool,https://www.airbnb.co.in/rooms/653183930344596732,Ready for Automation Sync,"Fixed overflow: old was 47/44 chars (truncated in search cards); Removed non-compliant symbols ('|', '@', '+'); Excluded brand name on Airbnb (strictly complies with Airbnb guidelines)"
1082956786869915330,3376,"4BHK w/Balcony, Lawn 10 mins from Amritsar Airport",Airbnb,"4BHK w/Balcony, Lawn 10 mins from Amritsar Airport",4BHK Villa w/ Lawn,https://www.airbnb.co.in/rooms/1082956786869915330,Ready for Automation Sync,Fixed overflow: old was 50/44 chars (truncated in search cards); Excluded brand name on Airbnb (strictly complies with Airbnb guidelines)
1387525755239109516,Not Found,Glamping Suite 12,Airbnb,StayVista at Glamping Suite 12 @ Vaana - Jacuzzi,3BHK Glamping Suite 12 Villa w/ Jacuzzi,https://www.airbnb.co.in/rooms/1387525755239109516,Ready for Automation Sync,"Fixed overflow: old was 48/44 chars (truncated in search cards); Removed non-compliant symbols ('|', '@', '+'); Excluded brand name on Airbnb (strictly complies with Airbnb guidelines)"
52272151,Not Found,Casa Bella Vista,Airbnb,"Casa Bella Vista | Near Mall Road, Manali",3BHK Casa Bella Villa w/ Private Pool,https://www.airbnb.co.in/rooms/52272151,Ready for Automation Sync,"Removed non-compliant symbols ('|', '@', '+'); Excluded brand name on Airbnb (strictly complies with Airbnb guidelines)"
1425938207702313596,2236,3BHK Valdivian  –Yoga Deck & Gazebo,Airbnb,StayVista 3BHK Valdivian villa –Yoga Deck & Gazebo,3BHK Villa w/ Gazebo,https://www.airbnb.co.in/rooms/1425938207702313596,Ready for Automation Sync,Fixed overflow: old was 50/44 chars (truncated in search cards); Excluded brand name on Airbnb (strictly complies with Airbnb guidelines)
978628283051700750,2901,Snow@ Buhayra by The Dal at  w/ Lake View,Airbnb,Snow@ Buhayra by The Dal at StayVista w/ Lake View,3BHK Villa w/ Lake View,https://www.airbnb.co.in/rooms/978628283051700750,Ready for Automation Sync,"Fixed overflow: old was 50/44 chars (truncated in search cards); Removed non-compliant symbols ('|', '@', '+'); Excluded brand name on Airbnb (strictly complies with Airbnb guidelines)"
1228835536102108850,3758,Grace,Airbnb,"StayVista at Grace @ Evara Villa w/ Pool, BBQ",3BHK Grace • Pool & BBQ,https://www.airbnb.co.in/rooms/1228835536102108850,Ready for Automation Sync,"Fixed overflow: old was 45/44 chars (truncated in search cards); Removed non-compliant symbols ('|', '@', '+'); Excluded brand name on Airbnb (strictly complies with Airbnb guidelines)"
1052678112490759756,3158,Casa Artesa,Airbnb,StayVista at Casa Artesa w/ Inhouse Cafe & Wi-Fi,3BHK Casa Artesa Villa w/ Private Pool,https://www.airbnb.co.in/rooms/1052678112490759756,Ready for Automation Sync,Fixed overflow: old was 48/44 chars (truncated in search cards); Excluded brand name on Airbnb (strictly complies with Airbnb guidelines)
1409866157674306005,4458,4BHK,Airbnb,4BHK |Pool-Lux| StayVista| Windy Ridge@Lonavala,4BHK 4BHK Villa w/ Pool,https://www.airbnb.co.in/rooms/1409866157674306005,Ready for Automation Sync,"Fixed overflow: old was 47/44 chars (truncated in search cards); Removed non-compliant symbols ('|', '@', '+'); Excluded brand name on Airbnb (strictly complies with Airbnb guidelines)"
1352002990533517644,Not Found,2 Rooms,Airbnb,StayVista at 2 Rooms @ Johnson Studios w/ Wi-Fi,3BHK 2 Rooms Villa w/ Private Pool,https://www.airbnb.co.in/rooms/1352002990533517644,Ready for Automation Sync,"Fixed overflow: old was 47/44 chars (truncated in search cards); Removed non-compliant symbols ('|', '@', '+'); Excluded brand name on Airbnb (strictly complies with Airbnb guidelines)"
1446972715234878887,4603,"Cosy 2BR @ Eleganza Villas w/ Mountain View,Jaipur",Airbnb,"Cosy 2BR @ Eleganza Villas w/ Mountain View,Jaipur",2BHK Villa w/ Mountain View,https://www.airbnb.co.in/rooms/1446972715234878887,Ready for Automation Sync,"Fixed overflow: old was 50/44 chars (truncated in search cards); Removed non-compliant symbols ('|', '@', '+'); Excluded brand name on Airbnb (strictly complies with Airbnb guidelines)"
1513432834307419845,Not Found,Tanor,Airbnb,StayVista at Tanor Villa @ Bhils Kabeela at Kanha,3BHK Tanor Villa w/ Private Pool,https://www.airbnb.co.in/rooms/1513432834307419845,Ready for Automation Sync,"Fixed overflow: old was 49/44 chars (truncated in search cards); Removed non-compliant symbols ('|', '@', '+'); Excluded brand name on Airbnb (strictly complies with Airbnb guidelines)"
53869162,1891,4BR Nivriti Luxury  W/Heated Pool,Airbnb,4BR Nivriti Luxury Villa W/Heated Pool - Kasauli,4BHK 4BR Nivriti Luxury W/Heated Pool • Pool,https://www.airbnb.co.in/rooms/53869162,Ready for Automation Sync,Fixed overflow: old was 48/44 chars (truncated in search cards); Excluded brand name on Airbnb (strictly complies with Airbnb guidelines)
1499159075240144284,4987,Deluxe Room@The Green Post+Brkfst & Pool,Airbnb,Deluxe Room@The Green Post+Brkfst & Pool-Candolim,3BHK Villa w/ Pool,https://www.airbnb.co.in/rooms/1499159075240144284,Ready for Automation Sync,"Fixed overflow: old was 49/44 chars (truncated in search cards); Removed non-compliant symbols ('|', '@', '+'); Excluded brand name on Airbnb (strictly complies with Airbnb guidelines)"
1511584290354561209,Not Found,A 3BR  W/Huge Lawn,Airbnb,A 3BR Villa W/Huge Lawn - An Undiscovered Treasure,3BHK A 3BR W/Huge Lawn Villa w/ Lawn,https://www.airbnb.co.in/rooms/1511584290354561209,Ready for Automation Sync,Fixed overflow: old was 50/44 chars (truncated in search cards); Excluded brand name on Airbnb (strictly complies with Airbnb guidelines)
1485407119092662972,4953,Fable,Airbnb,"StayVista at Fable @ Bassi House w/ AC, Heater",3BHK Fable House w/ Lawn,https://www.airbnb.co.in/rooms/1485407119092662972,Ready for Automation Sync,"Fixed overflow: old was 46/44 chars (truncated in search cards); Removed non-compliant symbols ('|', '@', '+'); Excluded brand name on Airbnb (strictly complies with Airbnb guidelines)"
1404191751479376834,Not Found,@Lakshmipuram PalaceKottayam Wifi Pool,Airbnb,StayVista@Lakshmipuram PalaceKottayam Wifi Pool,3BHK Villa w/ Pool,https://www.airbnb.co.in/rooms/1404191751479376834,Ready for Automation Sync,"Fixed overflow: old was 47/44 chars (truncated in search cards); Removed non-compliant symbols ('|', '@', '+'); Excluded brand name on Airbnb (strictly complies with Airbnb guidelines)"
1217836640807235798,3878,Centurion@Sylvana 3BR Classic & Pet Friendly,Airbnb,Centurion@Sylvana 3BR Classic & Pet Friendly Villa,3BHK Villa w/ Private Pool,https://www.airbnb.co.in/rooms/1217836640807235798,Ready for Automation Sync,"Fixed overflow: old was 50/44 chars (truncated in search cards); Removed non-compliant symbols ('|', '@', '+'); Excluded brand name on Airbnb (strictly complies with Airbnb guidelines)"
587388585481858920,Not Found,Tranquil Bay 4BR – Pool & Bathtub by,Airbnb,Tranquil Bay 4BR – Pool & Bathtub by StayVista,4BHK Villa w/ Pool,https://www.airbnb.co.in/rooms/587388585481858920,Ready for Automation Sync,Fixed overflow: old was 46/44 chars (truncated in search cards); Excluded brand name on Airbnb (strictly complies with Airbnb guidelines)
52312941,Not Found,The Ourea,Airbnb,"StayVista at The Ourea - 8 BR w/ BBQ,Pool & View",8BHK The Ourea • Pool & BBQ,https://www.airbnb.co.in/rooms/52312941,Ready for Automation Sync,Fixed overflow: old was 48/44 chars (truncated in search cards); Excluded brand name on Airbnb (strictly complies with Airbnb guidelines)
1375831845474507060,4489,Tembo,Airbnb,StayVista at Tembo @ Masava - Luxury Tents w/ BBQ,3BHK Tembo Villa w/ BBQ,https://www.airbnb.co.in/rooms/1375831845474507060,Ready for Automation Sync,"Fixed overflow: old was 49/44 chars (truncated in search cards); Removed non-compliant symbols ('|', '@', '+'); Excluded brand name on Airbnb (strictly complies with Airbnb guidelines)"
1510142266282853023,4930,Inaya,Airbnb,StayVista at Inaya @ Suroor - Tangmarg,3BHK Inaya Villa w/ Private Pool,https://www.airbnb.co.in/rooms/1510142266282853023,Ready for Automation Sync,"Removed non-compliant symbols ('|', '@', '+'); Excluded brand name on Airbnb (strictly complies with Airbnb guidelines)"
1112077472783391810,Not Found,AJ  9BHK w/ Pool & Indoor Games,Airbnb,AJ House 9BHK w/ Pool & Indoor Games,9BHK AJ 9BHK w/ Pool & Indoor Games w/ Pool,https://www.airbnb.co.in/rooms/1112077472783391810,Ready for Automation Sync,Excluded brand name on Airbnb (strictly complies with Airbnb guidelines)
1492576420234125471,4919,3BR,Airbnb,3BR| Scenic Pool+Lux |StayVista| Evaarah@Hyderabad,3BHK 3BR Villa w/ Pool,https://www.airbnb.co.in/rooms/1492576420234125471,Ready for Automation Sync,"Fixed overflow: old was 50/44 chars (truncated in search cards); Removed non-compliant symbols ('|', '@', '+'); Excluded brand name on Airbnb (strictly complies with Airbnb guidelines)"
1009227261732550302,Not Found,Timber 211,Airbnb,StayVista at Timber 211 w/ Lake & Gazebo,3BHK Timber 211 Villa w/ Gazebo,https://www.airbnb.co.in/rooms/1009227261732550302,Ready for Automation Sync,Excluded brand name on Airbnb (strictly complies with Airbnb guidelines)
1207043758319391156,3907,"1BR @Europa At Luna Nova w/ Wifi, Views & Pool",Airbnb,"1BR @Europa At Luna Nova w/ Wifi, Views & Pool",1BHK Villa w/ Pool,https://www.airbnb.co.in/rooms/1207043758319391156,Ready for Automation Sync,"Fixed overflow: old was 46/44 chars (truncated in search cards); Removed non-compliant symbols ('|', '@', '+'); Excluded brand name on Airbnb (strictly complies with Airbnb guidelines)"
951229143349772736,2779,Pavilion,Airbnb,StayVista at Pavilion @ Panoramic Peaks w/ Pool,3BHK Pavilion Villa w/ Pool,https://www.airbnb.co.in/rooms/951229143349772736,Ready for Automation Sync,"Fixed overflow: old was 47/44 chars (truncated in search cards); Removed non-compliant symbols ('|', '@', '+'); Excluded brand name on Airbnb (strictly complies with Airbnb guidelines)"
1130169722114097036,Not Found,"Luxe 2BHK  w/Lawn, Outdoor Sitting @Bangalore",Airbnb,"Luxe 2BHK Villa w/Lawn, Outdoor Sitting @Bangalore",2BHK Villa w/ Lawn,https://www.airbnb.co.in/rooms/1130169722114097036,Ready for Automation Sync,"Fixed overflow: old was 50/44 chars (truncated in search cards); Removed non-compliant symbols ('|', '@', '+'); Excluded brand name on Airbnb (strictly complies with Airbnb guidelines)"
667036204972611603,Not Found,Green Grove,Airbnb,Green Grove-2BR-Trimbakeshwar-Nashik,2BHK Green Grove Villa w/ Private Pool,https://www.airbnb.co.in/rooms/667036204972611603,Ready for Automation Sync,Excluded brand name on Airbnb (strictly complies with Airbnb guidelines)
1070114218556537767,Not Found,Mango Splash by VEO,Airbnb,StayVista at Mango Splash by VEO w/ Private Pool,3BHK Mango Splash by VEO w/ Private Pool,https://www.airbnb.co.in/rooms/1070114218556537767,Ready for Automation Sync,Fixed overflow: old was 48/44 chars (truncated in search cards); Excluded brand name on Airbnb (strictly complies with Airbnb guidelines)
1504268760293573146,Not Found,Moksh,Airbnb,StayVista at Moksh @ Riverside Gangavya,3BHK Moksh Villa w/ River View,https://www.airbnb.co.in/rooms/1504268760293573146,Ready for Automation Sync,"Removed non-compliant symbols ('|', '@', '+'); Excluded brand name on Airbnb (strictly complies with Airbnb guidelines)"
1062784554907344256,Not Found,"2BR  w/Pool, Pool Table & Soccer in Kanha",Airbnb,"2BR Villa w/Pool, Pool Table & Soccer in Kanha",2BHK Villa w/ Pool,https://www.airbnb.co.in/rooms/1062784554907344256,Ready for Automation Sync,Fixed overflow: old was 46/44 chars (truncated in search cards); Excluded brand name on Airbnb (strictly complies with Airbnb guidelines)
1530816514501409952,3846,2BHK Nature Escape w/Gazebo + Views near Guwahati,Airbnb,2BHK Nature Escape w/Gazebo + Views near Guwahati,2BHK Villa w/ Gazebo,https://www.airbnb.co.in/rooms/1530816514501409952,Ready for Automation Sync,"Fixed overflow: old was 49/44 chars (truncated in search cards); Removed non-compliant symbols ('|', '@', '+'); Excluded brand name on Airbnb (strictly complies with Airbnb guidelines)"
1339938732704646833,4319,Glory,Airbnb,"StayVista at Glory @  Priana w/ AC, WiFi, BBQ",3BHK Glory Villa w/ BBQ,https://www.airbnb.co.in/rooms/1339938732704646833,Ready for Automation Sync,"Fixed overflow: old was 45/44 chars (truncated in search cards); Removed non-compliant symbols ('|', '@', '+'); Excluded brand name on Airbnb (strictly complies with Airbnb guidelines)"
1429487030304262669,Not Found,Rigveda,Airbnb,StayVista at Rigveda w/ Pool,3BHK Rigveda Villa w/ Pool,https://www.airbnb.co.in/rooms/1429487030304262669,Ready for Automation Sync,Excluded brand name on Airbnb (strictly complies with Airbnb guidelines)
1315882645792150848,4243,Tiverton Bungalow Bloom Pvt 1BR w/Breakfast,Airbnb,Tiverton Bungalow Bloom Pvt 1BR w/Breakfast-Ooty,1BHK Bungalow w/ Lawn,https://www.airbnb.co.in/rooms/1315882645792150848,Ready for Automation Sync,Fixed overflow: old was 48/44 chars (truncated in search cards); Excluded brand name on Airbnb (strictly complies with Airbnb guidelines)
1397733765743581827,Not Found,The Apricot,Airbnb,StayVista at The Apricot w/ Heater & BBQ,3BHK The Apricot Villa w/ BBQ,https://www.airbnb.co.in/rooms/1397733765743581827,Ready for Automation Sync,Excluded brand name on Airbnb (strictly complies with Airbnb guidelines)
1042997859402951554,3196,Tranquil,Airbnb,StayVista at Tranquil Cottage @ Wandering Hills,3BHK Tranquil Cottage w/ Lawn,https://www.airbnb.co.in/rooms/1042997859402951554,Ready for Automation Sync,"Fixed overflow: old was 47/44 chars (truncated in search cards); Removed non-compliant symbols ('|', '@', '+'); Excluded brand name on Airbnb (strictly complies with Airbnb guidelines)"
1330973726485002465,Not Found,"2BHK  w/Jacuzzi, ScenicView, Terrace@Udaipur",Airbnb,"2BHK Villa w/Jacuzzi, ScenicView, Terrace@Udaipur",2BHK Villa w/ Jacuzzi,https://www.airbnb.co.in/rooms/1330973726485002465,Ready for Automation Sync,"Fixed overflow: old was 49/44 chars (truncated in search cards); Removed non-compliant symbols ('|', '@', '+'); Excluded brand name on Airbnb (strictly complies with Airbnb guidelines)"
1309999373052704531,3292,Oakwood Manor,Airbnb,StayVista at Oakwood Manor | 6BR Near Mall Road,6BHK Oakwood Manor Manor w/ Lawn,https://www.airbnb.co.in/rooms/1309999373052704531,Ready for Automation Sync,"Fixed overflow: old was 47/44 chars (truncated in search cards); Removed non-compliant symbols ('|', '@', '+'); Excluded brand name on Airbnb (strictly complies with Airbnb guidelines)"
1360652293438343544,Not Found,6BHK Pool,Airbnb,6BHK Pool Villa | Glenview by VEO | Shahpur,6BHK 6BHK Pool Villa w/ Pool,https://www.airbnb.co.in/rooms/1360652293438343544,Ready for Automation Sync,"Removed non-compliant symbols ('|', '@', '+'); Excluded brand name on Airbnb (strictly complies with Airbnb guidelines)"
1035087073622983265,,Aykon  a Luxury 2BR  with Outdoor Pool,Airbnb,Aykon Estate a Luxury 2BR Villa with Outdoor Pool,2BHK Villa w/ Pool,https://www.airbnb.co.in/rooms/1035087073622983265,Ready for Automation Sync,Fixed overflow: old was 49/44 chars (truncated in search cards); Excluded brand name on Airbnb (strictly complies with Airbnb guidelines)
1214176244248481781,3875,8BHK Elegant Pool,Airbnb,8BHK Elegant Pool Villa| Whispering Meadows,8BHK 8BHK Elegant Pool Villa w/ Pool,https://www.airbnb.co.in/rooms/1214176244248481781,Ready for Automation Sync,"Removed non-compliant symbols ('|', '@', '+'); Excluded brand name on Airbnb (strictly complies with Airbnb guidelines)"
1076601145643355995,Not Found,Songbird,Airbnb,"StayVista at Songbird @ Casa Gaula w/BBQ,Lawn,WiFi",3BHK Songbird • Lawn & BBQ,https://www.airbnb.co.in/rooms/1076601145643355995,Ready for Automation Sync,"Fixed overflow: old was 50/44 chars (truncated in search cards); Removed non-compliant symbols ('|', '@', '+'); Excluded brand name on Airbnb (strictly complies with Airbnb guidelines)"
857700821749144725,2590,2BR Cicada Luxury  Chikmagalur by Stayvista,Airbnb,2BR Cicada Luxury Villa Chikmagalur by Stayvista,2BHK Villa w/ Private Pool,https://www.airbnb.co.in/rooms/857700821749144725,Ready for Automation Sync,Fixed overflow: old was 48/44 chars (truncated in search cards); Excluded brand name on Airbnb (strictly complies with Airbnb guidelines)
875091744851363054,2637,Bay Waterside,Airbnb,StayVista at Bay Waterside Estate w/ BBQ,3BHK Bay Waterside Estate w/ BBQ,https://www.airbnb.co.in/rooms/875091744851363054,Ready for Automation Sync,Excluded brand name on Airbnb (strictly complies with Airbnb guidelines)
672256754503900251,682,2BR La Riva Heritage By the Backwater w/Breakfast,Airbnb,2BR La Riva Heritage By the Backwater w/Breakfast,2BHK Villa w/ Private Pool,https://www.airbnb.co.in/rooms/672256754503900251,Ready for Automation Sync,Fixed overflow: old was 49/44 chars (truncated in search cards); Excluded brand name on Airbnb (strictly complies with Airbnb guidelines)
31177470,1214,Whispering Pines,Airbnb,StayVista at Whispering Pines -1BR.,1BHK Whispering Pines Villa w/ Private Pool,https://www.airbnb.co.in/rooms/31177470,Ready for Automation Sync,Excluded brand name on Airbnb (strictly complies with Airbnb guidelines)
1375024045607999925,Not Found,4BR,Airbnb,4BR-Coco Palms-w/pool-Nashik,4BHK 4BR Villa w/ Pool,https://www.airbnb.co.in/rooms/1375024045607999925,Ready for Automation Sync,Excluded brand name on Airbnb (strictly complies with Airbnb guidelines)
1004729932179580119,Not Found,Trails 1BR @ Anjali w/ Breakfast & lawn @Kozhikode,Airbnb,Trails 1BR @ Anjali w/ Breakfast & lawn @Kozhikode,1BHK Villa w/ Lawn,https://www.airbnb.co.in/rooms/1004729932179580119,Ready for Automation Sync,"Fixed overflow: old was 50/44 chars (truncated in search cards); Removed non-compliant symbols ('|', '@', '+'); Excluded brand name on Airbnb (strictly complies with Airbnb guidelines)"
891304161694922009,Not Found,"3BR Prakriti  w/Lawn, Plunge Pool & Bonfire",Airbnb,"3BR Prakriti Villa w/Lawn, Plunge Pool & Bonfire",3BHK Villa w/ Plunge Pool,https://www.airbnb.co.in/rooms/891304161694922009,Ready for Automation Sync,Fixed overflow: old was 48/44 chars (truncated in search cards); Excluded brand name on Airbnb (strictly complies with Airbnb guidelines)
1244636198271974581,2833,3 BHK  with Terrace + Indoor Games in Jodhpur,Airbnb,3 BHK Villa with Terrace + Indoor Games in Jodhpur,3BHK Villa w/ Terrace,https://www.airbnb.co.in/rooms/1244636198271974581,Ready for Automation Sync,"Fixed overflow: old was 50/44 chars (truncated in search cards); Removed non-compliant symbols ('|', '@', '+'); Excluded brand name on Airbnb (strictly complies with Airbnb guidelines)"
1196043582502414541,3749,4BHK Private Indoor Pool,Airbnb,4BHK Private Indoor Pool Villa | Mocha House,4BHK 4BHK Private Indoor Pool Villa w/ Pool,https://www.airbnb.co.in/rooms/1196043582502414541,Ready for Automation Sync,"Removed non-compliant symbols ('|', '@', '+'); Excluded brand name on Airbnb (strictly complies with Airbnb guidelines)"
1412749720327830481,Not Found,3BR  w/ private pool,Airbnb,3BR Villa w/ private pool - Casa Vida Blu @Vagator,3BHK 3BR w/ private pool w/ Private Pool,https://www.airbnb.co.in/rooms/1412749720327830481,Ready for Automation Sync,"Fixed overflow: old was 50/44 chars (truncated in search cards); Removed non-compliant symbols ('|', '@', '+'); Excluded brand name on Airbnb (strictly complies with Airbnb guidelines)"
1226648723304378937,Not Found,Aura,Airbnb,"StayVista at Aura @ Soulful Sanj w/Lake View, Pool",3BHK Aura • Pool & Lake View,https://www.airbnb.co.in/rooms/1226648723304378937,Ready for Automation Sync,"Fixed overflow: old was 50/44 chars (truncated in search cards); Removed non-compliant symbols ('|', '@', '+'); Excluded brand name on Airbnb (strictly complies with Airbnb guidelines)"
1350422789176566950,4307,Varanasi,Airbnb,"Varanasi | 3BR Sundale Apt w/BBQ, Staff & Parking",3BHK Varanasi Villa w/ BBQ,https://www.airbnb.co.in/rooms/1350422789176566950,Ready for Automation Sync,"Fixed overflow: old was 49/44 chars (truncated in search cards); Removed non-compliant symbols ('|', '@', '+'); Excluded brand name on Airbnb (strictly complies with Airbnb guidelines)"
1299024165152614835,4184,Bliss,Airbnb,StayVista at Bliss @ Grand Sindh | 3BR Lawn & BBQ,3BHK Bliss • Lawn & BBQ,https://www.airbnb.co.in/rooms/1299024165152614835,Ready for Automation Sync,"Fixed overflow: old was 49/44 chars (truncated in search cards); Removed non-compliant symbols ('|', '@', '+'); Excluded brand name on Airbnb (strictly complies with Airbnb guidelines)"
908262726358716471,Not Found,3BR Luxury Mountain Mirage w/spa/Lawn/View Kasauli,Airbnb,3BR Luxury Mountain Mirage w/spa/Lawn/View Kasauli,3BHK Villa w/ Lawn,https://www.airbnb.co.in/rooms/908262726358716471,Ready for Automation Sync,Fixed overflow: old was 50/44 chars (truncated in search cards); Excluded brand name on Airbnb (strictly complies with Airbnb guidelines)
996760420717656157,2875,The Whistling Thrush,Airbnb,"StayVista at The Whistling Thrush w/ BBQ, Sauna",3BHK The Whistling Thrush Villa w/ BBQ,https://www.airbnb.co.in/rooms/996760420717656157,Ready for Automation Sync,Fixed overflow: old was 47/44 chars (truncated in search cards); Excluded brand name on Airbnb (strictly complies with Airbnb guidelines)
1509318230571598807,Not Found,Walnut,Airbnb,"StayVista at Walnut @ Gauhar w/ Lawn, Jacuzzi",3BHK Walnut • Jacuzzi & Lawn,https://www.airbnb.co.in/rooms/1509318230571598807,Ready for Automation Sync,"Fixed overflow: old was 45/44 chars (truncated in search cards); Removed non-compliant symbols ('|', '@', '+'); Excluded brand name on Airbnb (strictly complies with Airbnb guidelines)"
1046198216005777001,3032,The Ghudshaal Farm,Airbnb,"StayVista at The Ghudshaal Farm w/ Pool, WiFi, BBQ",3BHK The Ghudshaal Farm • Pool & BBQ,https://www.airbnb.co.in/rooms/1046198216005777001,Ready for Automation Sync,Fixed overflow: old was 50/44 chars (truncated in search cards); Excluded brand name on Airbnb (strictly complies with Airbnb guidelines)
1322936657222248285,4136,"5BHK Pastel  w/Jacuzzi, Balcony, Lawn Kolkata",Airbnb,"5BHK Pastel Villa w/Jacuzzi, Balcony, Lawn Kolkata",5BHK Villa w/ Jacuzzi,https://www.airbnb.co.in/rooms/1322936657222248285,Ready for Automation Sync,Fixed overflow: old was 50/44 chars (truncated in search cards); Excluded brand name on Airbnb (strictly complies with Airbnb guidelines)
840255663641189470,2470,3BR,Airbnb,3BR | LakeView |StayVista| Water's Edge@Sonamarg,3BHK 3BR Villa w/ Lake View,https://www.airbnb.co.in/rooms/840255663641189470,Ready for Automation Sync,"Fixed overflow: old was 48/44 chars (truncated in search cards); Removed non-compliant symbols ('|', '@', '+'); Excluded brand name on Airbnb (strictly complies with Airbnb guidelines)"
49136700,5245,2BR,Airbnb,2BR|Cozy Stay+Bonfir|StayVista| Zolas Retreat@Ooty,2BHK 2BR Retreat w/ Lawn,https://www.airbnb.co.in/rooms/49136700,Ready for Automation Sync,"Fixed overflow: old was 50/44 chars (truncated in search cards); Removed non-compliant symbols ('|', '@', '+'); Excluded brand name on Airbnb (strictly complies with Airbnb guidelines)"
1344049158521248803,Not Found,1 BR  w/BKFST+Scenic View near Gangtok,Airbnb,1 BR Cottage w/BKFST+Scenic View near Gangtok,1BHK Cottage w/ Lawn,https://www.airbnb.co.in/rooms/1344049158521248803,Ready for Automation Sync,"Fixed overflow: old was 45/44 chars (truncated in search cards); Removed non-compliant symbols ('|', '@', '+'); Excluded brand name on Airbnb (strictly complies with Airbnb guidelines)"
1425245462981248622,Not Found,Cloudsong,Airbnb,StayVista at Cloudsong @ Thangsing Farmhouse,3BHK Cloudsong Farmhouse w/ Lawn,https://www.airbnb.co.in/rooms/1425245462981248622,Ready for Automation Sync,"Removed non-compliant symbols ('|', '@', '+'); Excluded brand name on Airbnb (strictly complies with Airbnb guidelines)"
1529615877631871228,1774,Casa Bella Vista,Airbnb,Casa Bella Vista | Central Manali near Mall Rd,3BHK Casa Bella Villa w/ Private Pool,https://www.airbnb.co.in/rooms/1529615877631871228,Ready for Automation Sync,"Fixed overflow: old was 46/44 chars (truncated in search cards); Removed non-compliant symbols ('|', '@', '+'); Excluded brand name on Airbnb (strictly complies with Airbnb guidelines)"
1186609842004635512,3466,Dreamy Dwell,Airbnb,StayVista at Dreamy Dwell w/ Hill view,3BHK Dreamy Dwell Villa w/ Private Pool,https://www.airbnb.co.in/rooms/1186609842004635512,Ready for Automation Sync,Excluded brand name on Airbnb (strictly complies with Airbnb guidelines)
1231576416934905095,2301,Nirvana @ Himalayan Retreat,Airbnb,Nirvana @ Himalayan Retreat | 3BR Cottage,3BHK Nirvana @ Himalayan Retreat w/ Lawn,https://www.airbnb.co.in/rooms/1231576416934905095,Ready for Automation Sync,"Removed non-compliant symbols ('|', '@', '+'); Excluded brand name on Airbnb (strictly complies with Airbnb guidelines)"
738108247851266430,2329,3BHK Heritage Homestay w/BKFST+Terrace@City center,Airbnb,3BHK Heritage Homestay w/BKFST+Terrace@City center,3BHK Homestay w/ Terrace,https://www.airbnb.co.in/rooms/738108247851266430,Ready for Automation Sync,"Fixed overflow: old was 50/44 chars (truncated in search cards); Removed non-compliant symbols ('|', '@', '+'); Excluded brand name on Airbnb (strictly complies with Airbnb guidelines)"
36887260,Not Found,Anjee's Chalet,Airbnb,Anjee's Chalet - 4 BHK w/Private Pool - Karjat,4BHK Anjee's Chalet Chalet w/ Private Pool,https://www.airbnb.co.in/rooms/36887260,Ready for Automation Sync,Fixed overflow: old was 46/44 chars (truncated in search cards); Excluded brand name on Airbnb (strictly complies with Airbnb guidelines)
1052512943926506209,3170,Golden Crest,Airbnb,"StayVista at Golden Crest w/ Gazebo, Lawn, WiFi",3BHK Golden Crest • Lawn & Gazebo,https://www.airbnb.co.in/rooms/1052512943926506209,Ready for Automation Sync,Fixed overflow: old was 47/44 chars (truncated in search cards); Excluded brand name on Airbnb (strictly complies with Airbnb guidelines)
714187990718850742,2265,"3BR@ Luxury  w/ Fireplace,BBQ & lawn in Chail",Airbnb,"3BR@ Luxury Villa w/ Fireplace,BBQ & lawn in Chail",3BHK Villa w/ Lawn,https://www.airbnb.co.in/rooms/714187990718850742,Ready for Automation Sync,"Fixed overflow: old was 50/44 chars (truncated in search cards); Removed non-compliant symbols ('|', '@', '+'); Excluded brand name on Airbnb (strictly complies with Airbnb guidelines)"
1364900780016975863,4497,Palette,Airbnb,"StayVista at Palette @ Kurjaan Art Haven AC, WiFi",3BHK Palette Villa w/ Private Pool,https://www.airbnb.co.in/rooms/1364900780016975863,Ready for Automation Sync,"Fixed overflow: old was 49/44 chars (truncated in search cards); Removed non-compliant symbols ('|', '@', '+'); Excluded brand name on Airbnb (strictly complies with Airbnb guidelines)"
52048813,Not Found,@ ArtHaus 3BR Luxurious  in Lavasa,Airbnb,StayVista @ ArtHaus 3BR Luxurious Villa in Lavasa,3BHK Villa w/ Private Pool,https://www.airbnb.co.in/rooms/52048813,Ready for Automation Sync,"Fixed overflow: old was 49/44 chars (truncated in search cards); Removed non-compliant symbols ('|', '@', '+'); Excluded brand name on Airbnb (strictly complies with Airbnb guidelines)"
1354013254682888927,3829,Cobble,Airbnb,StayVista at Cobble @ Stonehaven w/ Heated Pool,3BHK Cobble Villa w/ Pool,https://www.airbnb.co.in/rooms/1354013254682888927,Ready for Automation Sync,"Fixed overflow: old was 47/44 chars (truncated in search cards); Removed non-compliant symbols ('|', '@', '+'); Excluded brand name on Airbnb (strictly complies with Airbnb guidelines)"
1110667759190064895,Not Found,Dreamy Dale 1 BR,Airbnb,"StayVista at Dreamy Dale 1 BR w/ Pool, Gazebo",1BHK Dreamy Dale 1 BR • Pool & Gazebo,https://www.airbnb.co.in/rooms/1110667759190064895,Ready for Automation Sync,Fixed overflow: old was 45/44 chars (truncated in search cards); Excluded brand name on Airbnb (strictly complies with Airbnb guidelines)
1463563079725868072,4895,Chapter 6,Airbnb,Chapter 6 - 3BR @ The Ever House W/Comp Jacuzzi,3BHK Chapter 6 House w/ Jacuzzi,https://www.airbnb.co.in/rooms/1463563079725868072,Ready for Automation Sync,"Fixed overflow: old was 47/44 chars (truncated in search cards); Removed non-compliant symbols ('|', '@', '+'); Excluded brand name on Airbnb (strictly complies with Airbnb guidelines)"
1446240977105730403,4831,1BR Starfell @ Urna Boutique w/Wifi & Lawn,Airbnb,1BR Starfell @ Urna Boutique w/Wifi & Lawn,1BHK Villa w/ Lawn,https://www.airbnb.co.in/rooms/1446240977105730403,Ready for Automation Sync,"Removed non-compliant symbols ('|', '@', '+'); Excluded brand name on Airbnb (strictly complies with Airbnb guidelines)"
1429413494036596693,Not Found,4BR The Fig Tree  – W/ Breakfast & Bonfire,Airbnb,4BR The Fig Tree Villa – W/ Breakfast & Bonfire,4BHK Villa w/ Bonfire,https://www.airbnb.co.in/rooms/1429413494036596693,Ready for Automation Sync,Fixed overflow: old was 47/44 chars (truncated in search cards); Excluded brand name on Airbnb (strictly complies with Airbnb guidelines)
567820051458391364,865,Stonehurst  3BR,Airbnb,StayVista at Stonehurst Cottage 3BR,3BHK Stonehurst 3BR Cottage w/ Lawn,https://www.airbnb.co.in/rooms/567820051458391364,Ready for Automation Sync,Excluded brand name on Airbnb (strictly complies with Airbnb guidelines)
1499139525373223316,4838,The Green Post W/+Pvt Pool@Candolim,Airbnb,The Green Post W/+Pvt Pool@Candolim,3BHK Villa w/ Pool,https://www.airbnb.co.in/rooms/1499139525373223316,Ready for Automation Sync,"Removed non-compliant symbols ('|', '@', '+'); Excluded brand name on Airbnb (strictly complies with Airbnb guidelines)"
1335968605046471099,Not Found,1BR,Airbnb,1BR-Palaash @Artisanal Heights w/Jacuzzi -Himachal,1BHK 1BR Villa w/ Jacuzzi,https://www.airbnb.co.in/rooms/1335968605046471099,Ready for Automation Sync,"Fixed overflow: old was 50/44 chars (truncated in search cards); Removed non-compliant symbols ('|', '@', '+'); Excluded brand name on Airbnb (strictly complies with Airbnb guidelines)"
1435399751663687373,4795,Peace,Airbnb,"4BR,Wifi - StayVista at Peace @Nilayam Villa @ Goa",4BHK Peace Villa w/ Private Pool,https://www.airbnb.co.in/rooms/1435399751663687373,Ready for Automation Sync,"Fixed overflow: old was 50/44 chars (truncated in search cards); Removed non-compliant symbols ('|', '@', '+'); Excluded brand name on Airbnb (strictly complies with Airbnb guidelines)"
1400495748654249107,4674,Elegant 1BR,Airbnb,Stayvista Elegant 1BR w/wifi near Jaipur Airport,1BHK Elegant 1BR Villa w/ Private Pool,https://www.airbnb.co.in/rooms/1400495748654249107,Ready for Automation Sync,Fixed overflow: old was 48/44 chars (truncated in search cards); Excluded brand name on Airbnb (strictly complies with Airbnb guidelines)
1511530451912103365,2143,"2BR Pines & Fir w/ Wifi, Parking & BBQ",Airbnb,"2BR Pines & Fir w/ Wifi, Parking & BBQ - Lansdowne",2BHK Villa w/ BBQ,https://www.airbnb.co.in/rooms/1511530451912103365,Ready for Automation Sync,Fixed overflow: old was 50/44 chars (truncated in search cards); Excluded brand name on Airbnb (strictly complies with Airbnb guidelines)
1521563159421089374,Not Found,5BR Tranquil @Aspen Heights w/Caretaker & Kitchen,Airbnb,5BR Tranquil @Aspen Heights w/Caretaker & Kitchen,5BHK Villa w/ Private Pool,https://www.airbnb.co.in/rooms/1521563159421089374,Ready for Automation Sync,"Fixed overflow: old was 49/44 chars (truncated in search cards); Removed non-compliant symbols ('|', '@', '+'); Excluded brand name on Airbnb (strictly complies with Airbnb guidelines)"
1485369277857568445,4952,Muse,Airbnb,"StayVista at Muse @ Bassi House w/ WiFi, AC,Heater",3BHK Muse House w/ Lawn,https://www.airbnb.co.in/rooms/1485369277857568445,Ready for Automation Sync,"Fixed overflow: old was 50/44 chars (truncated in search cards); Removed non-compliant symbols ('|', '@', '+'); Excluded brand name on Airbnb (strictly complies with Airbnb guidelines)"
1391930730855293571,4488,4BHK,Airbnb,4BHK | Amazing View | StayVista| Dsquare @Ooty,4BHK 4BHK Villa w/ Private Pool,https://www.airbnb.co.in/rooms/1391930730855293571,Ready for Automation Sync,"Fixed overflow: old was 46/44 chars (truncated in search cards); Removed non-compliant symbols ('|', '@', '+'); Excluded brand name on Airbnb (strictly complies with Airbnb guidelines)"
1351991828686717824,Not Found,Imperial,Airbnb,StayVista at Imperial @ Johnson Studios w/ Wi-Fi,3BHK Imperial Villa w/ Private Pool,https://www.airbnb.co.in/rooms/1351991828686717824,Ready for Automation Sync,"Fixed overflow: old was 48/44 chars (truncated in search cards); Removed non-compliant symbols ('|', '@', '+'); Excluded brand name on Airbnb (strictly complies with Airbnb guidelines)"
1152638471507419058,3664,Amritalaya,Airbnb,6BR Luxe View | StayVista | Amritalaya @ Himachal,6BHK Amritalaya Villa w/ Private Pool,https://www.airbnb.co.in/rooms/1152638471507419058,Ready for Automation Sync,"Fixed overflow: old was 49/44 chars (truncated in search cards); Removed non-compliant symbols ('|', '@', '+'); Excluded brand name on Airbnb (strictly complies with Airbnb guidelines)"
1696930239156967421,5621,Levante Suite,Airbnb,"StayVista at Levante Suite w/ Gym, Outdoor Pool",3BHK Levante Suite Villa w/ Pool,https://www.airbnb.co.in/rooms/1696930239156967421,Ready for Automation Sync,Fixed overflow: old was 47/44 chars (truncated in search cards); Excluded brand name on Airbnb (strictly complies with Airbnb guidelines)
1529470234405613865,Not Found,Jagatpura Luxury Pool,Airbnb,StayVista at Jagatpura Luxury Pool Villa,3BHK Jagatpura Luxury Pool Villa w/ Pool,https://www.airbnb.co.in/rooms/1529470234405613865,Ready for Automation Sync,Excluded brand name on Airbnb (strictly complies with Airbnb guidelines)
1492512406570400498,4918,Luxury 3BHK  w/Pool & Lawn in kukas Jaipur,Airbnb,Luxury 3BHK Villa w/Pool & Lawn in kukas Jaipur,3BHK Villa w/ Pool,https://www.airbnb.co.in/rooms/1492512406570400498,Ready for Automation Sync,Fixed overflow: old was 47/44 chars (truncated in search cards); Excluded brand name on Airbnb (strictly complies with Airbnb guidelines)
1348314541212872915,4288,1BR ValleyLawn,Airbnb,1BR ValleyLawn|Lux|StayVista|The Stargazer@Pelling,1BHK 1BR ValleyLawn Villa w/ Private Pool,https://www.airbnb.co.in/rooms/1348314541212872915,Ready for Automation Sync,"Fixed overflow: old was 50/44 chars (truncated in search cards); Removed non-compliant symbols ('|', '@', '+'); Excluded brand name on Airbnb (strictly complies with Airbnb guidelines)"
1004172704034878853,3017,Blanc Belle 4BR  in Sohna W/ Pool & TT Table,Airbnb,Blanc Belle 4BR Villa in Sohna W/ Pool & TT Table,4BHK Villa w/ Pool,https://www.airbnb.co.in/rooms/1004172704034878853,Ready for Automation Sync,Fixed overflow: old was 49/44 chars (truncated in search cards); Excluded brand name on Airbnb (strictly complies with Airbnb guidelines)
793823050956610279,Not Found,Eyes On The Lake,Airbnb,"StayVista at Eyes On The Lake w/ Lake Views, BBQ",3BHK Eyes On The Lake • Lake View & BBQ,https://www.airbnb.co.in/rooms/793823050956610279,Ready for Automation Sync,Fixed overflow: old was 48/44 chars (truncated in search cards); Excluded brand name on Airbnb (strictly complies with Airbnb guidelines)
1062698852413117703,Not Found,Cosy 4BR  w/Pool+Pool Table+Kids Zone @Kanha,Airbnb,Cosy 4BR Villa w/Pool+Pool Table+Kids Zone @Kanha,4BHK Villa w/ Pool,https://www.airbnb.co.in/rooms/1062698852413117703,Ready for Automation Sync,"Fixed overflow: old was 49/44 chars (truncated in search cards); Removed non-compliant symbols ('|', '@', '+'); Excluded brand name on Airbnb (strictly complies with Airbnb guidelines)"
1315827959835982323,4241,Breeze 4BHK,Airbnb,Breeze 4BHK-Tiverton Bungalow In the heart of Ooty,4BHK Breeze 4BHK Bungalow w/ Lawn,https://www.airbnb.co.in/rooms/1315827959835982323,Ready for Automation Sync,Fixed overflow: old was 50/44 chars (truncated in search cards); Excluded brand name on Airbnb (strictly complies with Airbnb guidelines)
974289607522028750,2845,Luxury,Airbnb,Luxury - 7BR Villa Gardenia w/ Huge Lawn - Aurai,7BHK Luxury • Lawn & Garden,https://www.airbnb.co.in/rooms/974289607522028750,Ready for Automation Sync,Fixed overflow: old was 48/44 chars (truncated in search cards); Excluded brand name on Airbnb (strictly complies with Airbnb guidelines)
1099774075426881195,2427,5BR El Parque by  – Pool & Games,Airbnb,5BR El Parque by StayVista – Pool & Games,5BHK 5BR El Parque by – Pool & Games w/ Pool,https://www.airbnb.co.in/rooms/1099774075426881195,Ready for Automation Sync,Excluded brand name on Airbnb (strictly complies with Airbnb guidelines)
53839576,1888,2BHK Cozy  with BKFST +Pool + Lawn near Kutch,Airbnb,2BHK Cozy Villa with BKFST +Pool + Lawn near Kutch,2BHK Villa w/ Pool,https://www.airbnb.co.in/rooms/53839576,Ready for Automation Sync,"Fixed overflow: old was 50/44 chars (truncated in search cards); Removed non-compliant symbols ('|', '@', '+'); Excluded brand name on Airbnb (strictly complies with Airbnb guidelines)"
1262915037880783843,4011,"@Baia Toniáre 3bhk Pool,Jacuzzi, Mandrem",Airbnb,"StayVista@Baia Toniáre 3bhk Pool,Jacuzzi, Mandrem",3BHK Villa w/ Pool,https://www.airbnb.co.in/rooms/1262915037880783843,Ready for Automation Sync,"Fixed overflow: old was 49/44 chars (truncated in search cards); Removed non-compliant symbols ('|', '@', '+'); Excluded brand name on Airbnb (strictly complies with Airbnb guidelines)"
1354838860873805830,Not Found,Nivas,Airbnb,"StayVista at Nivas @ Ayurkutir w/ Pool, Gazebo",3BHK Nivas • Pool & Gazebo,https://www.airbnb.co.in/rooms/1354838860873805830,Ready for Automation Sync,"Fixed overflow: old was 46/44 chars (truncated in search cards); Removed non-compliant symbols ('|', '@', '+'); Excluded brand name on Airbnb (strictly complies with Airbnb guidelines)"
1042681808061565058,3238,Heir,Airbnb,StayVista at Heir @ Sula Wada w/ Valley View,3BHK Heir Villa w/ Valley View,https://www.airbnb.co.in/rooms/1042681808061565058,Ready for Automation Sync,"Removed non-compliant symbols ('|', '@', '+'); Excluded brand name on Airbnb (strictly complies with Airbnb guidelines)"
1309799395920441895,Not Found,3BR Walk in the Woods Nearby Paragliding facility,Airbnb,3BR Walk in the Woods Nearby Paragliding facility,3BHK Villa w/ Private Pool,https://www.airbnb.co.in/rooms/1309799395920441895,Ready for Automation Sync,Fixed overflow: old was 49/44 chars (truncated in search cards); Excluded brand name on Airbnb (strictly complies with Airbnb guidelines)
951224788765719215,2778,Zenith,Airbnb,StayVista at Zenith @ Panoramic Peaks w/ Pool,3BHK Zenith Villa w/ Pool,https://www.airbnb.co.in/rooms/951224788765719215,Ready for Automation Sync,"Fixed overflow: old was 45/44 chars (truncated in search cards); Removed non-compliant symbols ('|', '@', '+'); Excluded brand name on Airbnb (strictly complies with Airbnb guidelines)"
1302556067762279715,Not Found,Peepal Haveli,Airbnb,"StayVista at Peepal Haveli w/ Views, Wi-Fi & Lawn",3BHK Peepal Haveli Villa w/ Lawn,https://www.airbnb.co.in/rooms/1302556067762279715,Ready for Automation Sync,Fixed overflow: old was 49/44 chars (truncated in search cards); Excluded brand name on Airbnb (strictly complies with Airbnb guidelines)
1504263627486716387,Not Found,Pravah,Airbnb,StayVista at Pravah @ Riverside Gangavya,3BHK Pravah Villa w/ River View,https://www.airbnb.co.in/rooms/1504263627486716387,Ready for Automation Sync,"Removed non-compliant symbols ('|', '@', '+'); Excluded brand name on Airbnb (strictly complies with Airbnb guidelines)"
1217833508698013149,3877,Valle @ Sylvana 2BR Classic & Pet Friendly,Airbnb,Valle @ Sylvana 2BR Classic & Pet Friendly Villa,2BHK Villa w/ Private Pool,https://www.airbnb.co.in/rooms/1217833508698013149,Ready for Automation Sync,"Fixed overflow: old was 48/44 chars (truncated in search cards); Removed non-compliant symbols ('|', '@', '+'); Excluded brand name on Airbnb (strictly complies with Airbnb guidelines)"
1444672029801461169,Not Found,Mayflower Aramgarh  –BBQ & Orchard Escape,Airbnb,Mayflower Aramgarh StayVista –BBQ & Orchard Escape,3BHK Villa w/ BBQ,https://www.airbnb.co.in/rooms/1444672029801461169,Ready for Automation Sync,Fixed overflow: old was 50/44 chars (truncated in search cards); Excluded brand name on Airbnb (strictly complies with Airbnb guidelines)
1397568188609596131,4533,@ The Marigold 6BR,Airbnb,StayVista @ The Marigold 6BR | Lawn + WiFi,6BHK @ The Marigold 6BR Villa w/ Lawn,https://www.airbnb.co.in/rooms/1397568188609596131,Ready for Automation Sync,"Removed non-compliant symbols ('|', '@', '+'); Excluded brand name on Airbnb (strictly complies with Airbnb guidelines)"
1204191946861888286,3577,Mohru  6BR Luxury  w/Indoor Heated Pool,Airbnb,Mohru Estate 6BR Luxury Villa w/Indoor Heated Pool,6BHK Villa w/ Pool,https://www.airbnb.co.in/rooms/1204191946861888286,Ready for Automation Sync,Fixed overflow: old was 50/44 chars (truncated in search cards); Excluded brand name on Airbnb (strictly complies with Airbnb guidelines)
1368540790568393407,4437,"3BR, Pool, BBQ,Bonfire",Airbnb,"3BR, Pool, BBQ,Bonfire-StayVista@Masava - Lonavala","3BHK 3BR, Pool, BBQ,Bonfire • Pool & Bonfire",https://www.airbnb.co.in/rooms/1368540790568393407,Ready for Automation Sync,"Fixed overflow: old was 50/44 chars (truncated in search cards); Removed non-compliant symbols ('|', '@', '+'); Excluded brand name on Airbnb (strictly complies with Airbnb guidelines)"
1420033333845186052,Not Found,Cosy 3BHK Little Heaven w/Breakfast & View,Airbnb,Cosy 3BHK Little Heaven w/Breakfast & View - Ooty,3BHK Villa w/ Private Pool,https://www.airbnb.co.in/rooms/1420033333845186052,Ready for Automation Sync,Fixed overflow: old was 49/44 chars (truncated in search cards); Excluded brand name on Airbnb (strictly complies with Airbnb guidelines)
996756230587714898,2932,River Song,Airbnb,BR |HotTub |StayVista | River Song Villa @Lonavala,3BHK River Song Villa w/ Private Pool,https://www.airbnb.co.in/rooms/996756230587714898,Ready for Automation Sync,"Fixed overflow: old was 50/44 chars (truncated in search cards); Removed non-compliant symbols ('|', '@', '+'); Excluded brand name on Airbnb (strictly complies with Airbnb guidelines)"
1374466281910927985,4478,Vaana,Airbnb,"Vaana -Jacuzzi, Pool, Glamping Tents @Kamshet,Pune",3BHK Vaana • Pool & Jacuzzi,https://www.airbnb.co.in/rooms/1374466281910927985,Ready for Automation Sync,"Fixed overflow: old was 50/44 chars (truncated in search cards); Removed non-compliant symbols ('|', '@', '+'); Excluded brand name on Airbnb (strictly complies with Airbnb guidelines)"
1009190472320056334,Not Found,Timber 209,Airbnb,StayVista at Timber 209 w/ Lake & Gazebo,3BHK Timber 209 Villa w/ Gazebo,https://www.airbnb.co.in/rooms/1009190472320056334,Ready for Automation Sync,Excluded brand name on Airbnb (strictly complies with Airbnb guidelines)
1409230451493233347,4684,Glasshouse Ooty Lovedale 1 BR,Airbnb,Glasshouse Ooty Lovedale 1 BR,1BHK Villa w/ Private Pool,https://www.airbnb.co.in/rooms/1409230451493233347,Ready for Automation Sync,Excluded brand name on Airbnb (strictly complies with Airbnb guidelines)
1446219999336138376,4398,@ The Kafal  w/ Bonfire & BBQ,Airbnb,StayVista @ The Kafal Villa w/ Bonfire & BBQ,3BHK @ The Kafal w/ Bonfire & BBQ w/ Bonfire,https://www.airbnb.co.in/rooms/1446219999336138376,Ready for Automation Sync,"Removed non-compliant symbols ('|', '@', '+'); Excluded brand name on Airbnb (strictly complies with Airbnb guidelines)"
1715153683123453866,4034,Dusk,Airbnb,StayVista at Dusk @ Wooden Arches w/ Lawn & BBQ,3BHK Dusk • Lawn & BBQ,https://www.airbnb.co.in/rooms/1715153683123453866,Ready for Automation Sync,"Fixed overflow: old was 47/44 chars (truncated in search cards); Removed non-compliant symbols ('|', '@', '+'); Excluded brand name on Airbnb (strictly complies with Airbnb guidelines)"
1175663978146311568,Not Found,"@ Vintage hideaway4bhk pool,pet friendly",Airbnb,"StayVista @ Vintage hideaway4bhk pool,pet friendly",4BHK Villa w/ Pool,https://www.airbnb.co.in/rooms/1175663978146311568,Ready for Automation Sync,"Fixed overflow: old was 50/44 chars (truncated in search cards); Removed non-compliant symbols ('|', '@', '+'); Excluded brand name on Airbnb (strictly complies with Airbnb guidelines)"
1380144303739307376,4525,5BHK  Serenity+Pvt Pool+Wifi@Mandrem NorthGoa,Airbnb,5BHK Villa Serenity+Pvt Pool+Wifi@Mandrem NorthGoa,5BHK Villa w/ Pool,https://www.airbnb.co.in/rooms/1380144303739307376,Ready for Automation Sync,"Fixed overflow: old was 50/44 chars (truncated in search cards); Removed non-compliant symbols ('|', '@', '+'); Excluded brand name on Airbnb (strictly complies with Airbnb guidelines)"
1051316586892560086,3208,Galleria,Airbnb,StayVista at Galleria @ Casba Farm Retreat w/ Pool,3BHK Galleria Retreat w/ Pool,https://www.airbnb.co.in/rooms/1051316586892560086,Ready for Automation Sync,"Fixed overflow: old was 50/44 chars (truncated in search cards); Removed non-compliant symbols ('|', '@', '+'); Excluded brand name on Airbnb (strictly complies with Airbnb guidelines)"
1042669095821340524,3237,Imperial,Airbnb,StayVista at Imperial @ Sula Wada w/ Valley View,3BHK Imperial Villa w/ Valley View,https://www.airbnb.co.in/rooms/1042669095821340524,Ready for Automation Sync,"Fixed overflow: old was 48/44 chars (truncated in search cards); Removed non-compliant symbols ('|', '@', '+'); Excluded brand name on Airbnb (strictly complies with Airbnb guidelines)"
1020142539823350124,3084,Lush,Airbnb,StayVista at Lush @ SVP Farms w/ WiFi,3BHK Lush Villa w/ Private Pool,https://www.airbnb.co.in/rooms/1020142539823350124,Ready for Automation Sync,"Removed non-compliant symbols ('|', '@', '+'); Excluded brand name on Airbnb (strictly complies with Airbnb guidelines)"
1127931746405207131,2667,4 BHK  Heritage  w/Pool + Lawn + Scenic View,Airbnb,4 BHK  Heritage Villa w/Pool + Lawn + Scenic View,4BHK Villa w/ Pool,https://www.airbnb.co.in/rooms/1127931746405207131,Ready for Automation Sync,"Fixed overflow: old was 49/44 chars (truncated in search cards); Removed non-compliant symbols ('|', '@', '+'); Excluded brand name on Airbnb (strictly complies with Airbnb guidelines)"
1364896265608660968,4496,Artistry,Airbnb,StayVista at Artistry @ Kurjaan Art Haven w/ AC,3BHK Artistry Villa w/ Private Pool,https://www.airbnb.co.in/rooms/1364896265608660968,Ready for Automation Sync,"Fixed overflow: old was 47/44 chars (truncated in search cards); Removed non-compliant symbols ('|', '@', '+'); Excluded brand name on Airbnb (strictly complies with Airbnb guidelines)"
1391823852880499846,4580,"Amalfi – Luxe Stay W/ Pool, Wi",Airbnb,"Amalfi – Luxe Stay W/ Pool, Wi-Fi & Games Turf","3BHK Amalfi – Luxe Stay W/ Pool, Wi w/ Pool",https://www.airbnb.co.in/rooms/1391823852880499846,Ready for Automation Sync,Fixed overflow: old was 46/44 chars (truncated in search cards); Excluded brand name on Airbnb (strictly complies with Airbnb guidelines)
1356872425983535512,Not Found,Wings on Water 3BR +Pvt Pool+Riverview@Morjim,Airbnb,Wings on Water 3BR villa+Pvt Pool+Riverview@Morjim,3BHK Villa w/ Pool,https://www.airbnb.co.in/rooms/1356872425983535512,Ready for Automation Sync,"Fixed overflow: old was 50/44 chars (truncated in search cards); Removed non-compliant symbols ('|', '@', '+'); Excluded brand name on Airbnb (strictly complies with Airbnb guidelines)"
1425012216805393008,Not Found,Mira  3BR Pet Friendly  in Sohna W/Pool,Airbnb,Mira House 3BR Pet Friendly Villa in Sohna W/Pool,3BHK Villa w/ Pool,https://www.airbnb.co.in/rooms/1425012216805393008,Ready for Automation Sync,Fixed overflow: old was 49/44 chars (truncated in search cards); Excluded brand name on Airbnb (strictly complies with Airbnb guidelines)
39425657,Not Found,Krishnalaya Mansion,Airbnb,StayVista at Krishnalaya Mansion - 1BR W/View.,1BHK Krishnalaya Mansion w/ Private Pool,https://www.airbnb.co.in/rooms/39425657,Ready for Automation Sync,Fixed overflow: old was 46/44 chars (truncated in search cards); Excluded brand name on Airbnb (strictly complies with Airbnb guidelines)
1343310643719117011,Not Found,"2 BR  w/BKFST+Scenic View,Lawn near Gangtok",Airbnb,"2 BR Cottage w/BKFST+Scenic View,Lawn near Gangtok",2BHK Cottage w/ Lawn,https://www.airbnb.co.in/rooms/1343310643719117011,Ready for Automation Sync,"Fixed overflow: old was 50/44 chars (truncated in search cards); Removed non-compliant symbols ('|', '@', '+'); Excluded brand name on Airbnb (strictly complies with Airbnb guidelines)"
1370861836974192082,Not Found,3BR @Shivom  1 w/ Pool & valley view @lonavla,Airbnb,3BR @Shivom Villa 1 w/ Pool & valley view @lonavla,3BHK Villa w/ Pool,https://www.airbnb.co.in/rooms/1370861836974192082,Ready for Automation Sync,"Fixed overflow: old was 50/44 chars (truncated in search cards); Removed non-compliant symbols ('|', '@', '+'); Excluded brand name on Airbnb (strictly complies with Airbnb guidelines)"
1309550469383418575,4066,@Lonavala Tesoro  6bhk,Airbnb,@Lonavala Tesoro Villa 6bhk-Outdoor Pool + WiFi,6BHK @Lonavala Tesoro 6bhk Villa w/ Pool,https://www.airbnb.co.in/rooms/1309550469383418575,Ready for Automation Sync,"Fixed overflow: old was 47/44 chars (truncated in search cards); Removed non-compliant symbols ('|', '@', '+'); Excluded brand name on Airbnb (strictly complies with Airbnb guidelines)"
1472309272318991321,Not Found,3BHK,Airbnb,3BHK - Pool & Lawn - Casa Tino @StayVista,3BHK 3BHK • Pool & Lawn,https://www.airbnb.co.in/rooms/1472309272318991321,Ready for Automation Sync,"Removed non-compliant symbols ('|', '@', '+'); Excluded brand name on Airbnb (strictly complies with Airbnb guidelines)"
766983408762109480,2371,The Charcoal,Airbnb,StayVista at The Charcoal | Luxury 5BR Villa,5BHK The Charcoal Villa w/ Private Pool,https://www.airbnb.co.in/rooms/766983408762109480,Ready for Automation Sync,"Removed non-compliant symbols ('|', '@', '+'); Excluded brand name on Airbnb (strictly complies with Airbnb guidelines)"
1428050229672983133,Not Found,2BR Pet Friendly,Airbnb,Stayvista 2BR Pet Friendly Villa w/Pool in Jaipur,2BHK 2BR Pet Friendly Villa w/ Pool,https://www.airbnb.co.in/rooms/1428050229672983133,Ready for Automation Sync,Fixed overflow: old was 49/44 chars (truncated in search cards); Excluded brand name on Airbnb (strictly complies with Airbnb guidelines)
999746622018479523,2995,Balsa @ Pinewood  near Srinagar Airport,Airbnb,Balsa @ Pinewood Villa near Srinagar Airport,3BHK Villa w/ Private Pool,https://www.airbnb.co.in/rooms/999746622018479523,Ready for Automation Sync,"Removed non-compliant symbols ('|', '@', '+'); Excluded brand name on Airbnb (strictly complies with Airbnb guidelines)"
1400491773923990892,4673,Luxury 1BR,Airbnb,StayVista Luxury 1BR - 5 mins from Jaipur Airport,1BHK Luxury 1BR Villa w/ Private Pool,https://www.airbnb.co.in/rooms/1400491773923990892,Ready for Automation Sync,Fixed overflow: old was 49/44 chars (truncated in search cards); Excluded brand name on Airbnb (strictly complies with Airbnb guidelines)
737379440090289486,Not Found,Anjali Palms 3BR,Airbnb,Anjali Palms 3BR - Lore Trails w/Brkfst-Kozhikode,3BHK Anjali Palms 3BR Villa w/ Private Pool,https://www.airbnb.co.in/rooms/737379440090289486,Ready for Automation Sync,Fixed overflow: old was 49/44 chars (truncated in search cards); Excluded brand name on Airbnb (strictly complies with Airbnb guidelines)
1098360021094692108,3434,3BR,Airbnb,3BR |CozyNest|StayVista|Fidle Leaf Stay @Amritsar,3BHK 3BR Villa w/ Private Pool,https://www.airbnb.co.in/rooms/1098360021094692108,Ready for Automation Sync,"Fixed overflow: old was 49/44 chars (truncated in search cards); Removed non-compliant symbols ('|', '@', '+'); Excluded brand name on Airbnb (strictly complies with Airbnb guidelines)"
853447002422177095,2602,Floradale 3BR Pvt  with Jacuzzi in Kasauli,Airbnb,Floradale 3BR Pvt Villa with Jacuzzi in Kasauli,3BHK Villa w/ Jacuzzi,https://www.airbnb.co.in/rooms/853447002422177095,Ready for Automation Sync,Fixed overflow: old was 47/44 chars (truncated in search cards); Excluded brand name on Airbnb (strictly complies with Airbnb guidelines)
1439555253170969578,Not Found,Wings,Airbnb,StayVista at Wings @ Kuber Vatika w/ BBQ & Bonfire,3BHK Wings • Bonfire & BBQ,https://www.airbnb.co.in/rooms/1439555253170969578,Ready for Automation Sync,"Fixed overflow: old was 50/44 chars (truncated in search cards); Removed non-compliant symbols ('|', '@', '+'); Excluded brand name on Airbnb (strictly complies with Airbnb guidelines)"
659034981298242032,143,Breeze on the Beach 4Bhk with Beach View Alibaug,Airbnb,Breeze on the Beach 4Bhk with Beach View Alibaug,4BHK Villa w/ Private Pool,https://www.airbnb.co.in/rooms/659034981298242032,Ready for Automation Sync,Fixed overflow: old was 48/44 chars (truncated in search cards); Excluded brand name on Airbnb (strictly complies with Airbnb guidelines)
1435298526571340345,4756,Marisol,Airbnb,"18BR w/-Pool,Lawn -StayVista at Villa Marisol @Goa",18BHK Marisol • Pool & Lawn,https://www.airbnb.co.in/rooms/1435298526571340345,Ready for Automation Sync,"Fixed overflow: old was 50/44 chars (truncated in search cards); Removed non-compliant symbols ('|', '@', '+'); Excluded brand name on Airbnb (strictly complies with Airbnb guidelines)"
1348280732610996913,4268,4BR Pvt Pool & Bonfire,Airbnb,4BR Pvt Pool & Bonfire- Hideaway to Heaven- Nashik,4BHK 4BR Pvt Pool & Bonfire • Pool & Bonfire,https://www.airbnb.co.in/rooms/1348280732610996913,Ready for Automation Sync,Fixed overflow: old was 50/44 chars (truncated in search cards); Excluded brand name on Airbnb (strictly complies with Airbnb guidelines)
1333068725248347089,Not Found,Mathikettan Homestay Pet,Airbnb,Mathikettan Homestay Pet-friendly - Munnar,3BHK Mathikettan Homestay Pet w/ Lawn,https://www.airbnb.co.in/rooms/1333068725248347089,Ready for Automation Sync,Excluded brand name on Airbnb (strictly complies with Airbnb guidelines)
1174470647680448647,3697,Hillcrest 4BR Pet Friendly  W/Lawn in Kasauli,Airbnb,Hillcrest 4BR Pet Friendly Villa W/Lawn in Kasauli,4BHK Villa w/ Lawn,https://www.airbnb.co.in/rooms/1174470647680448647,Ready for Automation Sync,Fixed overflow: old was 50/44 chars (truncated in search cards); Excluded brand name on Airbnb (strictly complies with Airbnb guidelines)
1226542274664262273,2783,4BR Pool  Leopard’s Creek,Airbnb,4BR Pool Villa Leopard’s Creek| StayVista,4BHK 4BR Pool Leopard’s Creek Villa w/ Pool,https://www.airbnb.co.in/rooms/1226542274664262273,Ready for Automation Sync,"Removed non-compliant symbols ('|', '@', '+'); Excluded brand name on Airbnb (strictly complies with Airbnb guidelines)"
1367334238513887592,Not Found,7BHK,Airbnb,"7BHK-StayVista@Auburn Dusk, Jacuzzi, BBQ-Panchgani",7BHK 7BHK • Jacuzzi & BBQ,https://www.airbnb.co.in/rooms/1367334238513887592,Ready for Automation Sync,"Fixed overflow: old was 50/44 chars (truncated in search cards); Removed non-compliant symbols ('|', '@', '+'); Excluded brand name on Airbnb (strictly complies with Airbnb guidelines)"
1509122407682104703,3184,Serene 2BHK @ Nature's Nook w/Pvt Pool @ Thrissur,Airbnb,Serene 2BHK @ Nature's Nook w/Pvt Pool @ Thrissur,2BHK Villa w/ Pool,https://www.airbnb.co.in/rooms/1509122407682104703,Ready for Automation Sync,"Fixed overflow: old was 49/44 chars (truncated in search cards); Removed non-compliant symbols ('|', '@', '+'); Excluded brand name on Airbnb (strictly complies with Airbnb guidelines)"
1069211722944332885,3201,Balmy,Airbnb,StayVista at Balmy @ Casa Artesa w/ Cafe & Wi-Fi,3BHK Balmy Villa w/ Private Pool,https://www.airbnb.co.in/rooms/1069211722944332885,Ready for Automation Sync,"Fixed overflow: old was 48/44 chars (truncated in search cards); Removed non-compliant symbols ('|', '@', '+'); Excluded brand name on Airbnb (strictly complies with Airbnb guidelines)"
651844182763716760,1575,The Beach  3BHK w/Pool,Airbnb,The Beach House 3BHK w/Pool- Near Awas Beach,3BHK The Beach 3BHK w/Pool House w/ Pool,https://www.airbnb.co.in/rooms/651844182763716760,Ready for Automation Sync,Excluded brand name on Airbnb (strictly complies with Airbnb guidelines)
1262914549234467676,1739,4BHK Pool Lawn,Airbnb,"4BHK Pool Lawn | Casa Enchante, Lonavala",4BHK 4BHK Pool Lawn • Pool & Lawn,https://www.airbnb.co.in/rooms/1262914549234467676,Ready for Automation Sync,"Removed non-compliant symbols ('|', '@', '+'); Excluded brand name on Airbnb (strictly complies with Airbnb guidelines)"
1367093473172035311,4404,4BHK,Airbnb,4BHK |NearAirport |StayVista| Sabora Green @Jaipur,4BHK 4BHK Villa w/ Private Pool,https://www.airbnb.co.in/rooms/1367093473172035311,Ready for Automation Sync,"Fixed overflow: old was 50/44 chars (truncated in search cards); Removed non-compliant symbols ('|', '@', '+'); Excluded brand name on Airbnb (strictly complies with Airbnb guidelines)"
1360585491710576321,4477,Mussoorie,Airbnb,Mussoorie | 6BR Wisteria @ Albert Estate w/Wifi,6BHK Mussoorie Estate w/ Lawn,https://www.airbnb.co.in/rooms/1360585491710576321,Ready for Automation Sync,"Fixed overflow: old was 47/44 chars (truncated in search cards); Removed non-compliant symbols ('|', '@', '+'); Excluded brand name on Airbnb (strictly complies with Airbnb guidelines)"
1110636856829239282,Not Found,Room 1,Airbnb,StayVista at Room 1@ Sea Pearl View w/ Pool & Lawn,3BHK Room 1 • Pool & Lawn,https://www.airbnb.co.in/rooms/1110636856829239282,Ready for Automation Sync,"Fixed overflow: old was 50/44 chars (truncated in search cards); Removed non-compliant symbols ('|', '@', '+'); Excluded brand name on Airbnb (strictly complies with Airbnb guidelines)"
709701618237031886,Not Found,Aykon  a Luxury 9BR  with Outdoor Pool,Airbnb,Aykon Estate a Luxury 9BR Villa with Outdoor Pool,9BHK Villa w/ Pool,https://www.airbnb.co.in/rooms/709701618237031886,Ready for Automation Sync,Fixed overflow: old was 49/44 chars (truncated in search cards); Excluded brand name on Airbnb (strictly complies with Airbnb guidelines)
1117299693679948126,3501,Solar,Airbnb,StayVista at Solar @ Stars & Windsongs w/ Lawn,3BHK Solar Villa w/ Lawn,https://www.airbnb.co.in/rooms/1117299693679948126,Ready for Automation Sync,"Fixed overflow: old was 46/44 chars (truncated in search cards); Removed non-compliant symbols ('|', '@', '+'); Excluded brand name on Airbnb (strictly complies with Airbnb guidelines)"
925992687255400490,2762,Lakeshore Bliss,Airbnb,StayVista at Lakeshore Bliss w/ beautiful lakeview,3BHK Lakeshore Bliss Villa w/ Lake View,https://www.airbnb.co.in/rooms/925992687255400490,Ready for Automation Sync,Fixed overflow: old was 50/44 chars (truncated in search cards); Excluded brand name on Airbnb (strictly complies with Airbnb guidelines)
907644993766070312,2719,2BR Pebble @The Stone  w/Pool Table@Kozhikode,Airbnb,2BR Pebble @The Stone Villa w/Pool Table@Kozhikode,2BHK Villa w/ Pool,https://www.airbnb.co.in/rooms/907644993766070312,Ready for Automation Sync,"Fixed overflow: old was 50/44 chars (truncated in search cards); Removed non-compliant symbols ('|', '@', '+'); Excluded brand name on Airbnb (strictly complies with Airbnb guidelines)"
36774428,550,Deori Room Luxury 1 BR in Theog W Scenic Hill View,Airbnb,Deori Room Luxury 1 BR in Theog W Scenic Hill View,1BHK Villa w/ Private Pool,https://www.airbnb.co.in/rooms/36774428,Ready for Automation Sync,Fixed overflow: old was 50/44 chars (truncated in search cards); Excluded brand name on Airbnb (strictly complies with Airbnb guidelines)
1374429901185860970,2645,Himalayan Haven 2 BHK w/ Breathtaking views,Airbnb,Himalayan Haven 2 BHK w/ Breathtaking views,2BHK Villa w/ Private Pool,https://www.airbnb.co.in/rooms/1374429901185860970,Ready for Automation Sync,Excluded brand name on Airbnb (strictly complies with Airbnb guidelines)
567085932885415911,2011,2 BR,Airbnb,StayVista at 2 BR @ Summer House,2BHK 2 BR House w/ Lawn,https://www.airbnb.co.in/rooms/567085932885415911,Ready for Automation Sync,"Removed non-compliant symbols ('|', '@', '+'); Excluded brand name on Airbnb (strictly complies with Airbnb guidelines)"
1230162194884251535,2300,Mantra @ Himalayan Retreat,Airbnb,Mantra @ Himalayan Retreat | 6BR Cottage,6BHK Mantra @ Himalayan Retreat w/ Lawn,https://www.airbnb.co.in/rooms/1230162194884251535,Ready for Automation Sync,"Removed non-compliant symbols ('|', '@', '+'); Excluded brand name on Airbnb (strictly complies with Airbnb guidelines)"
41220599,Not Found,Amara,Airbnb,StayVista at Amara Villa - 1BR w/ Pool & Lawn,1BHK Amara • Pool & Lawn,https://www.airbnb.co.in/rooms/41220599,Ready for Automation Sync,Fixed overflow: old was 45/44 chars (truncated in search cards); Excluded brand name on Airbnb (strictly complies with Airbnb guidelines)
1338196257514678842,4256,Amanat Riverfront  w/Jacuzzi,Airbnb,Amanat Riverfront Cottage w/Jacuzzi - Pahalgam,3BHK Amanat Riverfront w/Jacuzzi w/ Jacuzzi,https://www.airbnb.co.in/rooms/1338196257514678842,Ready for Automation Sync,Fixed overflow: old was 46/44 chars (truncated in search cards); Excluded brand name on Airbnb (strictly complies with Airbnb guidelines)
1301323462977604689,4191,2BHK CozyVilla w/Scenic View near MG Marg,Airbnb,2BHK CozyVilla w/Scenic View near MG Marg -Gangtok,2BHK Villa w/ Private Pool,https://www.airbnb.co.in/rooms/1301323462977604689,Ready for Automation Sync,Fixed overflow: old was 50/44 chars (truncated in search cards); Excluded brand name on Airbnb (strictly complies with Airbnb guidelines)
1151843306753440798,Not Found,Zephyr,Airbnb,StayVista at Zephyr @ Stars & Windsongs w/ Lawn,3BHK Zephyr Villa w/ Lawn,https://www.airbnb.co.in/rooms/1151843306753440798,Ready for Automation Sync,"Fixed overflow: old was 47/44 chars (truncated in search cards); Removed non-compliant symbols ('|', '@', '+'); Excluded brand name on Airbnb (strictly complies with Airbnb guidelines)"
1292542410671479521,4157,"2 BHK Modern Apartment w/Terrace, Gazebo @ Kolkata",Airbnb,"2 BHK Modern Apartment w/Terrace, Gazebo @ Kolkata",2BHK Villa w/ Gazebo,https://www.airbnb.co.in/rooms/1292542410671479521,Ready for Automation Sync,"Fixed overflow: old was 50/44 chars (truncated in search cards); Removed non-compliant symbols ('|', '@', '+'); Excluded brand name on Airbnb (strictly complies with Airbnb guidelines)"
1447627053976465261,4835,1BR Starhaze @Urna Boutique w/Lawn & Caretaker,Airbnb,1BR Starhaze @Urna Boutique w/Lawn & Caretaker,1BHK Villa w/ Lawn,https://www.airbnb.co.in/rooms/1447627053976465261,Ready for Automation Sync,"Fixed overflow: old was 46/44 chars (truncated in search cards); Removed non-compliant symbols ('|', '@', '+'); Excluded brand name on Airbnb (strictly complies with Airbnb guidelines)"
1417869624230103415,4623,Blossom,Airbnb,StayVista at Blossom @ Hampton Grove | Bonfire,3BHK Blossom Villa w/ Bonfire,https://www.airbnb.co.in/rooms/1417869624230103415,Ready for Automation Sync,"Fixed overflow: old was 46/44 chars (truncated in search cards); Removed non-compliant symbols ('|', '@', '+'); Excluded brand name on Airbnb (strictly complies with Airbnb guidelines)"
1402066850842478837,4581,"Sicily – Luxe Stay W/ Pool, Wi",Airbnb,"Sicily – Luxe Stay W/ Pool, Wi-Fi & Games Turf","3BHK Sicily – Luxe Stay W/ Pool, Wi w/ Pool",https://www.airbnb.co.in/rooms/1402066850842478837,Ready for Automation Sync,Fixed overflow: old was 46/44 chars (truncated in search cards); Excluded brand name on Airbnb (strictly complies with Airbnb guidelines)
1343170481891697372,Not Found,1 BR  w/BKFST+Scenic View+Wifi near Gangtok,Airbnb,1 BR Cottage w/BKFST+Scenic View+Wifi near Gangtok,1BHK Cottage w/ Lawn,https://www.airbnb.co.in/rooms/1343170481891697372,Ready for Automation Sync,"Fixed overflow: old was 50/44 chars (truncated in search cards); Removed non-compliant symbols ('|', '@', '+'); Excluded brand name on Airbnb (strictly complies with Airbnb guidelines)"
1512707483662181411,Not Found,5BR Albatross Haven Nxt to Golfcourse,Airbnb,5BR Albatross Haven Nxt to Golfcourse,5BHK Villa w/ Private Pool,https://www.airbnb.co.in/rooms/1512707483662181411,Ready for Automation Sync,Excluded brand name on Airbnb (strictly complies with Airbnb guidelines)
1364341570045478629,Not Found,@3BR The Blue Roof @Karjat,Airbnb,@3BR The Blue Roof @Karjat-Murbad,3BHK Villa w/ Private Pool,https://www.airbnb.co.in/rooms/1364341570045478629,Ready for Automation Sync,"Removed non-compliant symbols ('|', '@', '+'); Excluded brand name on Airbnb (strictly complies with Airbnb guidelines)"
1520897042460322040,5055,Liora,Airbnb,StayVista at Liora @ Breezy Banks w/ Pool,3BHK Liora Villa w/ Pool,https://www.airbnb.co.in/rooms/1520897042460322040,Ready for Automation Sync,"Removed non-compliant symbols ('|', '@', '+'); Excluded brand name on Airbnb (strictly complies with Airbnb guidelines)"
1020020737552616112,3019,"SVP Farms 3Bedrooms w/ WiFi, Pool & dorms",Airbnb,"SVP Farms 3Bedrooms w/ WiFi, Pool & dorms- Nagpur",3BHK Villa w/ Pool,https://www.airbnb.co.in/rooms/1020020737552616112,Ready for Automation Sync,Fixed overflow: old was 49/44 chars (truncated in search cards); Excluded brand name on Airbnb (strictly complies with Airbnb guidelines)
1095436858828551295,3478,Grand Haven Retreat,Airbnb,"StayVista at Grand Haven Retreat w/ Pool, Deck",3BHK Grand Haven Retreat Retreat w/ Pool,https://www.airbnb.co.in/rooms/1095436858828551295,Ready for Automation Sync,Fixed overflow: old was 46/44 chars (truncated in search cards); Excluded brand name on Airbnb (strictly complies with Airbnb guidelines)
1356395494854850063,2385,4BR Olive@Pristine Pines W/Comp Breakfast @Kasauli,Airbnb,4BR Olive@Pristine Pines W/Comp Breakfast @Kasauli,4BHK Villa w/ Private Pool,https://www.airbnb.co.in/rooms/1356395494854850063,Ready for Automation Sync,"Fixed overflow: old was 50/44 chars (truncated in search cards); Removed non-compliant symbols ('|', '@', '+'); Excluded brand name on Airbnb (strictly complies with Airbnb guidelines)"
996012719479490352,2906,2BR,Airbnb,2BR |Pool&Games |StayVista| Secret Lagoon@Lonavala,2BHK 2BR Villa w/ Pool,https://www.airbnb.co.in/rooms/996012719479490352,Ready for Automation Sync,"Fixed overflow: old was 50/44 chars (truncated in search cards); Removed non-compliant symbols ('|', '@', '+'); Excluded brand name on Airbnb (strictly complies with Airbnb guidelines)"
1353467848616991388,2035,7BR Pvt Serene  Luxury Retreat with Game Den,Airbnb,7BR Pvt Serene Villa Luxury Retreat with Game Den,7BHK Villa w/ Private Pool,https://www.airbnb.co.in/rooms/1353467848616991388,Ready for Automation Sync,Fixed overflow: old was 49/44 chars (truncated in search cards); Excluded brand name on Airbnb (strictly complies with Airbnb guidelines)
1387467070209100425,Not Found,Glamping Suite 10,Airbnb,StayVista at Glamping Suite 10 @ Vaana - Jacuzzi,3BHK Glamping Suite 10 Villa w/ Jacuzzi,https://www.airbnb.co.in/rooms/1387467070209100425,Ready for Automation Sync,"Fixed overflow: old was 48/44 chars (truncated in search cards); Removed non-compliant symbols ('|', '@', '+'); Excluded brand name on Airbnb (strictly complies with Airbnb guidelines)"
1428010193772815256,Not Found,Riverfront,Airbnb,StayVista at Riverfront Cottage w/ Pool BBQ & lawn,3BHK Riverfront • Pool & Lawn,https://www.airbnb.co.in/rooms/1428010193772815256,Ready for Automation Sync,Fixed overflow: old was 50/44 chars (truncated in search cards); Excluded brand name on Airbnb (strictly complies with Airbnb guidelines)
785205807366158084,2399,The Coral Arch Luxury 5BR,Airbnb,The Coral Arch Luxury 5BR -  Sea View,5BHK Villa w/ Private Pool,https://www.airbnb.co.in/rooms/785205807366158084,Ready for Automation Sync,Excluded brand name on Airbnb (strictly complies with Airbnb guidelines)
49050706,1484,Brickwood Hill A 2BR Lavish  W/ Massive Lawn,Airbnb,Brickwood Hill A 2BR Lavish Villa W/ Massive Lawn,2BHK Villa w/ Lawn,https://www.airbnb.co.in/rooms/49050706,Ready for Automation Sync,Fixed overflow: old was 49/44 chars (truncated in search cards); Excluded brand name on Airbnb (strictly complies with Airbnb guidelines)
1068534176465876916,3312,Breeze,Airbnb,"StayVista at Breeze @t Verdant Valley w/ Pool, BBQ",3BHK Breeze • Pool & BBQ,https://www.airbnb.co.in/rooms/1068534176465876916,Ready for Automation Sync,"Fixed overflow: old was 50/44 chars (truncated in search cards); Removed non-compliant symbols ('|', '@', '+'); Excluded brand name on Airbnb (strictly complies with Airbnb guidelines)"
1290523870004114118,4088,4BHK w/Scenic View + Balcony near MG Marg @Gangtok,Airbnb,4BHK w/Scenic View + Balcony near MG Marg @Gangtok,4BHK Villa w/ Balcony,https://www.airbnb.co.in/rooms/1290523870004114118,Ready for Automation Sync,"Fixed overflow: old was 50/44 chars (truncated in search cards); Removed non-compliant symbols ('|', '@', '+'); Excluded brand name on Airbnb (strictly complies with Airbnb guidelines)"
1678867738975970481,5567,Quatro,Airbnb,StayVista at Quatro @ Himalayan Den w/ Bonfire,3BHK Quatro Villa w/ Bonfire,https://www.airbnb.co.in/rooms/1678867738975970481,Ready for Automation Sync,"Fixed overflow: old was 46/44 chars (truncated in search cards); Removed non-compliant symbols ('|', '@', '+'); Excluded brand name on Airbnb (strictly complies with Airbnb guidelines)"
1391059576873110605,4563,"3BR,BBQ,Pool",Airbnb,"3BR,BBQ,Pool-StayVista @ Casa Vida Zeo @Goa","3BHK 3BR,BBQ,Pool • Pool & BBQ",https://www.airbnb.co.in/rooms/1391059576873110605,Ready for Automation Sync,"Removed non-compliant symbols ('|', '@', '+'); Excluded brand name on Airbnb (strictly complies with Airbnb guidelines)"
1243884080825394823,3955,5BHK,Airbnb,5BHK |Pool Retreat | StayVista| Summer Days@Nagoa,5BHK 5BHK Retreat w/ Pool,https://www.airbnb.co.in/rooms/1243884080825394823,Ready for Automation Sync,"Fixed overflow: old was 49/44 chars (truncated in search cards); Removed non-compliant symbols ('|', '@', '+'); Excluded brand name on Airbnb (strictly complies with Airbnb guidelines)"
1434632019751326879,Not Found,Rebel @ Riviera Residence 1BHK,Airbnb,Rebel @ Riviera Residence 1BHK - Alleppey,1BHK Villa w/ Private Pool,https://www.airbnb.co.in/rooms/1434632019751326879,Ready for Automation Sync,"Removed non-compliant symbols ('|', '@', '+'); Excluded brand name on Airbnb (strictly complies with Airbnb guidelines)"
1329428434661159530,4239,4BHK Hill View Pool,Airbnb,4BHK Hill View Pool Villa | Seraphim Peak@Lonavala,4BHK 4BHK Hill View Pool Villa w/ Pool,https://www.airbnb.co.in/rooms/1329428434661159530,Ready for Automation Sync,"Fixed overflow: old was 50/44 chars (truncated in search cards); Removed non-compliant symbols ('|', '@', '+'); Excluded brand name on Airbnb (strictly complies with Airbnb guidelines)"
1400488052613336537,4672,Luxury 1BR w/Wifi,Airbnb,Luxury 1BR w/Wifi - 5 mins from Jaipur Airport,1BHK Luxury 1BR w/Wifi Villa w/ Private Pool,https://www.airbnb.co.in/rooms/1400488052613336537,Ready for Automation Sync,Fixed overflow: old was 46/44 chars (truncated in search cards); Excluded brand name on Airbnb (strictly complies with Airbnb guidelines)
1438841052778007255,4805,Moksha @ Himalayan Retreat,Airbnb,Moksha @ Himalayan Retreat | 1BR Suite,1BHK Moksha @ Himalayan Retreat w/ Lawn,https://www.airbnb.co.in/rooms/1438841052778007255,Ready for Automation Sync,"Removed non-compliant symbols ('|', '@', '+'); Excluded brand name on Airbnb (strictly complies with Airbnb guidelines)"
883889733016825795,2678,Luxurious 2BHK  W/Pool Near Delhi Airport,Airbnb,Luxurious 2BHK Villa W/Pool Near Delhi Airport,2BHK Villa w/ Pool,https://www.airbnb.co.in/rooms/883889733016825795,Ready for Automation Sync,Fixed overflow: old was 46/44 chars (truncated in search cards); Excluded brand name on Airbnb (strictly complies with Airbnb guidelines)
1348217222731984578,4282,French style 3BHK Pet Friendly  w/Pool Jaipur,Airbnb,French style 3BHK Pet Friendly Villa w/Pool Jaipur,3BHK Villa w/ Pool,https://www.airbnb.co.in/rooms/1348217222731984578,Ready for Automation Sync,Fixed overflow: old was 50/44 chars (truncated in search cards); Excluded brand name on Airbnb (strictly complies with Airbnb guidelines)
1075222215621883801,Not Found,1BR Willow,Airbnb,1BR Willow-Address By Khul/Pool/VIew @Dharamshala,1BHK 1BR Willow Villa w/ Pool,https://www.airbnb.co.in/rooms/1075222215621883801,Ready for Automation Sync,"Fixed overflow: old was 49/44 chars (truncated in search cards); Removed non-compliant symbols ('|', '@', '+'); Excluded brand name on Airbnb (strictly complies with Airbnb guidelines)"
1331711811735767542,4273,Honeymoon Suite @ Lakshmi Retreat,Airbnb,Honeymoon Suite @ Lakshmi Retreat - Kotagiri,3BHK Retreat w/ Lawn,https://www.airbnb.co.in/rooms/1331711811735767542,Ready for Automation Sync,"Removed non-compliant symbols ('|', '@', '+'); Excluded brand name on Airbnb (strictly complies with Airbnb guidelines)"
51699467,1747,Goil Farms,Airbnb,7BR |Pool&Lawns | StayVista |Goil Farms | Nashik,7BHK Goil Farms Villa w/ Pool,https://www.airbnb.co.in/rooms/51699467,Ready for Automation Sync,"Fixed overflow: old was 48/44 chars (truncated in search cards); Removed non-compliant symbols ('|', '@', '+'); Excluded brand name on Airbnb (strictly complies with Airbnb guidelines)"
682311954809993826,Not Found,Celtis,Airbnb,StayVista at Celtis @ Hazel Woods w/ River Views,3BHK Celtis Villa w/ River View,https://www.airbnb.co.in/rooms/682311954809993826,Ready for Automation Sync,"Fixed overflow: old was 48/44 chars (truncated in search cards); Removed non-compliant symbols ('|', '@', '+'); Excluded brand name on Airbnb (strictly complies with Airbnb guidelines)"
873710668099538639,2633,4 Rooms,Airbnb,StayVista at 4 Rooms @ Villa AnVira by GTV Estate,3BHK 4 Rooms Villa w/ Private Pool,https://www.airbnb.co.in/rooms/873710668099538639,Ready for Automation Sync,"Fixed overflow: old was 49/44 chars (truncated in search cards); Removed non-compliant symbols ('|', '@', '+'); Excluded brand name on Airbnb (strictly complies with Airbnb guidelines)"
1710054490908707473,5565,Apricot,Airbnb,StayVista at Apricot @The Orchard Song- Chail,3BHK Apricot Villa w/ Orchard,https://www.airbnb.co.in/rooms/1710054490908707473,Ready for Automation Sync,"Fixed overflow: old was 45/44 chars (truncated in search cards); Removed non-compliant symbols ('|', '@', '+'); Excluded brand name on Airbnb (strictly complies with Airbnb guidelines)"
1369923303682605174,4316,4BR La Casa Oberoi w/Jacuzzi & Wifi,Airbnb,4BR La Casa Oberoi w/Jacuzzi & Wifi - Bhimtal,4BHK Villa w/ Jacuzzi,https://www.airbnb.co.in/rooms/1369923303682605174,Ready for Automation Sync,Fixed overflow: old was 45/44 chars (truncated in search cards); Excluded brand name on Airbnb (strictly complies with Airbnb guidelines)
1412147728402917172,4705,elaria,Airbnb,StayVista at elaria @ tatvam w/ Mountain views,3BHK elaria Villa w/ Mountain View,https://www.airbnb.co.in/rooms/1412147728402917172,Ready for Automation Sync,"Fixed overflow: old was 46/44 chars (truncated in search cards); Removed non-compliant symbols ('|', '@', '+'); Excluded brand name on Airbnb (strictly complies with Airbnb guidelines)"
1341711434191239636,4233,3BR,Airbnb,3BR |Garden Escape |StayVista| Lettgo @Chandigarh,3BHK 3BR Villa w/ Garden,https://www.airbnb.co.in/rooms/1341711434191239636,Ready for Automation Sync,"Fixed overflow: old was 49/44 chars (truncated in search cards); Removed non-compliant symbols ('|', '@', '+'); Excluded brand name on Airbnb (strictly complies with Airbnb guidelines)"
1386645367710081219,Not Found,Glamping Suite 6,Airbnb,StayVista at Glamping Suite 6 @ Vaana - Jacuzzi,3BHK Glamping Suite 6 Villa w/ Jacuzzi,https://www.airbnb.co.in/rooms/1386645367710081219,Ready for Automation Sync,"Fixed overflow: old was 47/44 chars (truncated in search cards); Removed non-compliant symbols ('|', '@', '+'); Excluded brand name on Airbnb (strictly complies with Airbnb guidelines)"
1211407997204668737,Not Found,The Oakridge,Airbnb,"The Oakridge | 4BHK Mountain View Villa, Chamba",4BHK The Oakridge Villa w/ Mountain View,https://www.airbnb.co.in/rooms/1211407997204668737,Ready for Automation Sync,"Fixed overflow: old was 47/44 chars (truncated in search cards); Removed non-compliant symbols ('|', '@', '+'); Excluded brand name on Airbnb (strictly complies with Airbnb guidelines)"
1315773200832603299,4240,5BHK Mist @ Tiverton Bungalow w/ Breakfast,Airbnb,5BHK Mist @ Tiverton Bungalow w/ Breakfast - Ooty,5BHK Bungalow w/ Lawn,https://www.airbnb.co.in/rooms/1315773200832603299,Ready for Automation Sync,"Fixed overflow: old was 49/44 chars (truncated in search cards); Removed non-compliant symbols ('|', '@', '+'); Excluded brand name on Airbnb (strictly complies with Airbnb guidelines)"
42921868,1343,Backwater Heritage lake view.,Airbnb,StayVista at Backwater Heritage lake view.,3BHK Villa w/ Lake View,https://www.airbnb.co.in/rooms/42921868,Ready for Automation Sync,Excluded brand name on Airbnb (strictly complies with Airbnb guidelines)
973032311639221581,2861,3 BHK Homely  w/Pool close to Safari @ Pench,Airbnb,3 BHK Homely Villa w/Pool close to Safari @ Pench,3BHK Villa w/ Pool,https://www.airbnb.co.in/rooms/973032311639221581,Ready for Automation Sync,"Fixed overflow: old was 49/44 chars (truncated in search cards); Removed non-compliant symbols ('|', '@', '+'); Excluded brand name on Airbnb (strictly complies with Airbnb guidelines)"
853286487416109100,2532,Suite Room,Airbnb,"StayVista at Suite Room @ Lush Villa - Pool, Views",3BHK Suite Room Villa w/ Pool,https://www.airbnb.co.in/rooms/853286487416109100,Ready for Automation Sync,"Fixed overflow: old was 50/44 chars (truncated in search cards); Removed non-compliant symbols ('|', '@', '+'); Excluded brand name on Airbnb (strictly complies with Airbnb guidelines)"
663498656251853871,1087,LuxeVilla W/Pool & Indoor Fun,Airbnb,LuxeVilla W/Pool & Indoor Fun- AmaraVilla @Alibaug,3BHK LuxeVilla W/Pool & Indoor Fun w/ Pool,https://www.airbnb.co.in/rooms/663498656251853871,Ready for Automation Sync,"Fixed overflow: old was 50/44 chars (truncated in search cards); Removed non-compliant symbols ('|', '@', '+'); Excluded brand name on Airbnb (strictly complies with Airbnb guidelines)"
1249893303429078942,3974,Ravendell  3bhk w/ Infinity Pool & Gazebo,Airbnb,Ravendell Villa 3bhk w/ Infinity Pool & Gazebo,3BHK Villa w/ Infinity Pool,https://www.airbnb.co.in/rooms/1249893303429078942,Ready for Automation Sync,Fixed overflow: old was 46/44 chars (truncated in search cards); Excluded brand name on Airbnb (strictly complies with Airbnb guidelines)
1364321713038533715,4249,Lux  /W,Airbnb,Lux Villa /W - Infi Pool @The Nest at Canary Farms,3BHK Lux /W Villa w/ Pool,https://www.airbnb.co.in/rooms/1364321713038533715,Ready for Automation Sync,"Fixed overflow: old was 50/44 chars (truncated in search cards); Removed non-compliant symbols ('|', '@', '+'); Excluded brand name on Airbnb (strictly complies with Airbnb guidelines)"
1061451717212192912,Not Found,Luxe Studio Apartment w/Pool in City Centre Jaipur,Airbnb,Luxe Studio Apartment w/Pool in City Centre Jaipur,3BHK Villa w/ Pool,https://www.airbnb.co.in/rooms/1061451717212192912,Ready for Automation Sync,Fixed overflow: old was 50/44 chars (truncated in search cards); Excluded brand name on Airbnb (strictly complies with Airbnb guidelines)
1463516466036388506,4893,Chapter 4,Airbnb,Chapter 4 - 7BR @ Ever House W/Outdoor Heated Pool,7BHK Chapter 4 House w/ Pool,https://www.airbnb.co.in/rooms/1463516466036388506,Ready for Automation Sync,"Fixed overflow: old was 50/44 chars (truncated in search cards); Removed non-compliant symbols ('|', '@', '+'); Excluded brand name on Airbnb (strictly complies with Airbnb guidelines)"
1230161480222383208,2344,Samsara @ Himalayan Retreat,Airbnb,Samsara @ Himalayan Retreat | 5BR Villa,5BHK Villa w/ Private Pool,https://www.airbnb.co.in/rooms/1230161480222383208,Ready for Automation Sync,"Removed non-compliant symbols ('|', '@', '+'); Excluded brand name on Airbnb (strictly complies with Airbnb guidelines)"
1446122171148974339,4804,12BR  The Ever  W/Outdoor Heated Pool,Airbnb,12BR Villa The Ever House W/Outdoor Heated Pool,12BHK Villa w/ Pool,https://www.airbnb.co.in/rooms/1446122171148974339,Ready for Automation Sync,Fixed overflow: old was 47/44 chars (truncated in search cards); Excluded brand name on Airbnb (strictly complies with Airbnb guidelines)
53743817,1893,Casa Bella Vista,Airbnb,"Casa Bella Vista | Cozy 1BHK, Manali",1BHK Casa Bella Villa w/ Private Pool,https://www.airbnb.co.in/rooms/53743817,Ready for Automation Sync,"Removed non-compliant symbols ('|', '@', '+'); Excluded brand name on Airbnb (strictly complies with Airbnb guidelines)"
1269274165023757954,Not Found,"1 BR  w/BKFST, PlungePool, near Ranthambore",Airbnb,"1 BR Cottage w/BKFST, PlungePool, near Ranthambore",1BHK Cottage w/ Plunge Pool,https://www.airbnb.co.in/rooms/1269274165023757954,Ready for Automation Sync,Fixed overflow: old was 50/44 chars (truncated in search cards); Excluded brand name on Airbnb (strictly complies with Airbnb guidelines)
1051295767496297502,3206,Charm,Airbnb,StayVista at Charm @ Casba Farm Retreat w/ Pool,3BHK Charm Retreat w/ Pool,https://www.airbnb.co.in/rooms/1051295767496297502,Ready for Automation Sync,"Fixed overflow: old was 47/44 chars (truncated in search cards); Removed non-compliant symbols ('|', '@', '+'); Excluded brand name on Airbnb (strictly complies with Airbnb guidelines)"
1192453893398788929,3839,5BR Scenic Pool,Airbnb,5BR Scenic Pool | StayVista | Amber & Mist@ Nashik,5BHK 5BR Scenic Pool Villa w/ Pool,https://www.airbnb.co.in/rooms/1192453893398788929,Ready for Automation Sync,"Fixed overflow: old was 50/44 chars (truncated in search cards); Removed non-compliant symbols ('|', '@', '+'); Excluded brand name on Airbnb (strictly complies with Airbnb guidelines)"
1417785447037664777,4622,Emerald,Airbnb,StayVista at Emerald @ Hampton Grove | 2BR Bonfire,2BHK Emerald Villa w/ Bonfire,https://www.airbnb.co.in/rooms/1417785447037664777,Ready for Automation Sync,"Fixed overflow: old was 50/44 chars (truncated in search cards); Removed non-compliant symbols ('|', '@', '+'); Excluded brand name on Airbnb (strictly complies with Airbnb guidelines)"
1338193799745188728,Not Found,"Bask In The Greens luxury , BBQ",Airbnb,"StayVista at Bask In The Greens luxury Villa, BBQ","3BHK Bask In The Greens luxury , BBQ w/ BBQ",https://www.airbnb.co.in/rooms/1338193799745188728,Ready for Automation Sync,Fixed overflow: old was 49/44 chars (truncated in search cards); Excluded brand name on Airbnb (strictly complies with Airbnb guidelines)
1030946044080747981,2981,Nature’s Nest w / Eco,Airbnb,"StayVista Nature’s Nest w / Eco-Living, Pool-Wada",3BHK Nature’s Nest w / Eco Villa w/ Pool,https://www.airbnb.co.in/rooms/1030946044080747981,Ready for Automation Sync,Fixed overflow: old was 49/44 chars (truncated in search cards); Excluded brand name on Airbnb (strictly complies with Airbnb guidelines)
999687809835106903,Not Found,Alabaster,Airbnb,StayVista at Alabaster @ Timeless Elegance w/Pool,3BHK Alabaster Villa w/ Pool,https://www.airbnb.co.in/rooms/999687809835106903,Ready for Automation Sync,"Fixed overflow: old was 49/44 chars (truncated in search cards); Removed non-compliant symbols ('|', '@', '+'); Excluded brand name on Airbnb (strictly complies with Airbnb guidelines)"
1649021541135128166,5357,Amara Oasis,Airbnb,"StayVista at Amara Oasis w/ Pool, BBQ",3BHK Amara Oasis • Pool & BBQ,https://www.airbnb.co.in/rooms/1649021541135128166,Ready for Automation Sync,Excluded brand name on Airbnb (strictly complies with Airbnb guidelines)
1288058990877242110,4090,"Brick & Beam w/ Pool, Lawn, BBQ",Airbnb,"StayVista at Brick & Beam w/ Pool, Lawn, BBQ","3BHK Brick & Beam w/ Pool, Lawn, BBQ w/ Pool",https://www.airbnb.co.in/rooms/1288058990877242110,Ready for Automation Sync,Excluded brand name on Airbnb (strictly complies with Airbnb guidelines)
1390993673721161709,4578,Rising,Airbnb,"StayVista at Rising House w/ Pool, Wi-Fi, BBQ",3BHK Rising • Pool & BBQ,https://www.airbnb.co.in/rooms/1390993673721161709,Ready for Automation Sync,Fixed overflow: old was 45/44 chars (truncated in search cards); Excluded brand name on Airbnb (strictly complies with Airbnb guidelines)
1512299606728093415,3932,Sunshine & Soul w/ Infinity Pool,Airbnb,StayVista at Sunshine & Soul w/ Infinity Pool,3BHK Villa w/ Infinity Pool,https://www.airbnb.co.in/rooms/1512299606728093415,Ready for Automation Sync,Fixed overflow: old was 45/44 chars (truncated in search cards); Excluded brand name on Airbnb (strictly complies with Airbnb guidelines)
1300541869461660356,2863,3BR,Airbnb,3BR-StayVista@Waterway Retreat w/Infinity Pool,3BHK 3BR Retreat w/ Infinity Pool,https://www.airbnb.co.in/rooms/1300541869461660356,Ready for Automation Sync,"Fixed overflow: old was 46/44 chars (truncated in search cards); Removed non-compliant symbols ('|', '@', '+'); Excluded brand name on Airbnb (strictly complies with Airbnb guidelines)"
1434615383893846105,4789,Palm,Airbnb,3BR w/- Pool-StayVista at Palm @ Summer Days @ Goa,3BHK Palm Villa w/ Pool,https://www.airbnb.co.in/rooms/1434615383893846105,Ready for Automation Sync,"Fixed overflow: old was 50/44 chars (truncated in search cards); Removed non-compliant symbols ('|', '@', '+'); Excluded brand name on Airbnb (strictly complies with Airbnb guidelines)"
1071602281516843041,3386,1BR Pine @SilverSpring,Airbnb,1BR Pine @SilverSpring Cottage,1BHK 1BR Pine @SilverSpring Cottage w/ Lawn,https://www.airbnb.co.in/rooms/1071602281516843041,Ready for Automation Sync,"Removed non-compliant symbols ('|', '@', '+'); Excluded brand name on Airbnb (strictly complies with Airbnb guidelines)"
894761056994699468,1898,@ Amara 8BHK Lux  w/ Pool & Games,Airbnb,StayVista @ Amara 8BHK Lux Villa w/ Pool & Games,8BHK @ Amara 8BHK Lux w/ Pool & Games • Pool,https://www.airbnb.co.in/rooms/894761056994699468,Ready for Automation Sync,"Fixed overflow: old was 48/44 chars (truncated in search cards); Removed non-compliant symbols ('|', '@', '+'); Excluded brand name on Airbnb (strictly complies with Airbnb guidelines)"
1109269752894091538,2348,The Alcove Heritage Ivory 2BR w/ Breakfast,Airbnb,The Alcove Heritage Ivory 2BR w/ Breakfast -Ooty,2BHK Villa w/ Private Pool,https://www.airbnb.co.in/rooms/1109269752894091538,Ready for Automation Sync,Fixed overflow: old was 48/44 chars (truncated in search cards); Excluded brand name on Airbnb (strictly complies with Airbnb guidelines)
633092283785481257,2150,3BR Maple @ Vintage Retreat w/AC & Lawn,Airbnb,3BR Maple @ Vintage Retreat w/AC & Lawn - Bhimtal,3BHK Retreat w/ Lawn,https://www.airbnb.co.in/rooms/633092283785481257,Ready for Automation Sync,"Fixed overflow: old was 49/44 chars (truncated in search cards); Removed non-compliant symbols ('|', '@', '+'); Excluded brand name on Airbnb (strictly complies with Airbnb guidelines)"
1115058749961448965,3368,Catherine  2BHK w/ Breakfast @ Munnar,Airbnb,Catherine Cottage 2BHK w/ Breakfast @ Munnar,2BHK Cottage w/ Lawn,https://www.airbnb.co.in/rooms/1115058749961448965,Ready for Automation Sync,"Removed non-compliant symbols ('|', '@', '+'); Excluded brand name on Airbnb (strictly complies with Airbnb guidelines)"
1047685594501885804,3114,Orange Theory,Airbnb,"StayVista at Orange Theory w/ Bonfire, Meals",3BHK Orange Theory Villa w/ Bonfire,https://www.airbnb.co.in/rooms/1047685594501885804,Ready for Automation Sync,Excluded brand name on Airbnb (strictly complies with Airbnb guidelines)
1009075651291096276,Not Found,@ Time Suites @ Timber  w/ Lake,Airbnb,StayVista @ Time Suites @ Timber Cottage w/ Lake,3BHK @ Time Suites @ Timber w/ Lake w/ Lawn,https://www.airbnb.co.in/rooms/1009075651291096276,Ready for Automation Sync,"Fixed overflow: old was 48/44 chars (truncated in search cards); Removed non-compliant symbols ('|', '@', '+'); Excluded brand name on Airbnb (strictly complies with Airbnb guidelines)"
701128273455170068,2252,4BR Pet friendly  in Bangalore,Airbnb,4BR Pet friendly Villa in Bangalore- Coconut skies,4BHK Villa w/ Private Pool,https://www.airbnb.co.in/rooms/701128273455170068,Ready for Automation Sync,Fixed overflow: old was 50/44 chars (truncated in search cards); Excluded brand name on Airbnb (strictly complies with Airbnb guidelines)
1674585886389111957,5151,Leopard's Haus w/ BBQ & Bonfire,Airbnb,StayVista at Leopard's Haus w/ BBQ & Bonfire,3BHK Villa w/ Bonfire,https://www.airbnb.co.in/rooms/1674585886389111957,Ready for Automation Sync,Excluded brand name on Airbnb (strictly complies with Airbnb guidelines)
1040371888075006423,3149,Loom,Airbnb,StayVista at  Loom @ Nomads’ Nest Campout w/ Lawn,3BHK Loom Villa w/ Lawn,https://www.airbnb.co.in/rooms/1040371888075006423,Ready for Automation Sync,"Fixed overflow: old was 49/44 chars (truncated in search cards); Removed non-compliant symbols ('|', '@', '+'); Excluded brand name on Airbnb (strictly complies with Airbnb guidelines)"
1406343786504812118,Not Found,2BHK Luxury Apartment w/Scenic View+Lawn @ Gangtok,Airbnb,2BHK Luxury Apartment w/Scenic View+Lawn @ Gangtok,2BHK Villa w/ Lawn,https://www.airbnb.co.in/rooms/1406343786504812118,Ready for Automation Sync,"Fixed overflow: old was 50/44 chars (truncated in search cards); Removed non-compliant symbols ('|', '@', '+'); Excluded brand name on Airbnb (strictly complies with Airbnb guidelines)"
1604937563436415785,5255,Aradhya,Airbnb,"StayVista at Aradhya Villa w/ Infinity Pool, Lawn",3BHK Aradhya • Infinity Pool & Lawn,https://www.airbnb.co.in/rooms/1604937563436415785,Ready for Automation Sync,Fixed overflow: old was 49/44 chars (truncated in search cards); Excluded brand name on Airbnb (strictly complies with Airbnb guidelines)
833820491120281141,2500,The Loft,Airbnb,1BR Irish BF/w Bonfire |StayVista |The Loft @Hima,1BHK The Loft Villa w/ Bonfire,https://www.airbnb.co.in/rooms/833820491120281141,Ready for Automation Sync,"Fixed overflow: old was 49/44 chars (truncated in search cards); Removed non-compliant symbols ('|', '@', '+'); Excluded brand name on Airbnb (strictly complies with Airbnb guidelines)"
1249722236737789319,Not Found,Sirocco,Airbnb,"StayVista's Sirocco @Le Mistral w/ Gazebo, Bonfire",3BHK Sirocco • Bonfire & Gazebo,https://www.airbnb.co.in/rooms/1249722236737789319,Ready for Automation Sync,"Fixed overflow: old was 50/44 chars (truncated in search cards); Removed non-compliant symbols ('|', '@', '+'); Excluded brand name on Airbnb (strictly complies with Airbnb guidelines)"
1508563239026312806,1917,Earth Song,Airbnb,Earth Song - 6BR Villa w/Pool & Lawn - Tulapur,6BHK Earth Song • Pool & Lawn,https://www.airbnb.co.in/rooms/1508563239026312806,Ready for Automation Sync,Fixed overflow: old was 46/44 chars (truncated in search cards); Excluded brand name on Airbnb (strictly complies with Airbnb guidelines)
1221514028326186823,Not Found,Kornet,Airbnb,StayVista at Villa Kornet - 4 BHK W/ Private Pool,4BHK Kornet Villa w/ Private Pool,https://www.airbnb.co.in/rooms/1221514028326186823,Ready for Automation Sync,Fixed overflow: old was 49/44 chars (truncated in search cards); Excluded brand name on Airbnb (strictly complies with Airbnb guidelines)
1412114507683845832,4704,samaara,Airbnb,StayVista at samaara @ tatvam w/ Mountain views,3BHK samaara Villa w/ Mountain View,https://www.airbnb.co.in/rooms/1412114507683845832,Ready for Automation Sync,"Fixed overflow: old was 47/44 chars (truncated in search cards); Removed non-compliant symbols ('|', '@', '+'); Excluded brand name on Airbnb (strictly complies with Airbnb guidelines)"
951129083815621782,2806,@ Panoramic Peaks,Airbnb,"StayVista @ Panoramic Peaks - Pool, Tents, Turf",3BHK @ Panoramic Peaks Villa w/ Pool,https://www.airbnb.co.in/rooms/951129083815621782,Ready for Automation Sync,"Fixed overflow: old was 47/44 chars (truncated in search cards); Removed non-compliant symbols ('|', '@', '+'); Excluded brand name on Airbnb (strictly complies with Airbnb guidelines)"
40220196,867,Stonehurst  1BR,Airbnb,StayVista at Stonehurst Cottage 1BR w/Solang View,1BHK Stonehurst 1BR Cottage w/ Lawn,https://www.airbnb.co.in/rooms/40220196,Ready for Automation Sync,Fixed overflow: old was 49/44 chars (truncated in search cards); Excluded brand name on Airbnb (strictly complies with Airbnb guidelines)
567050753442295539,1992,Earth Song,Airbnb,StayVista at Earth Song - 3BR w/ Pool,3BHK Earth Song Villa w/ Pool,https://www.airbnb.co.in/rooms/567050753442295539,Ready for Automation Sync,Excluded brand name on Airbnb (strictly complies with Airbnb guidelines)
1059203100624104350,Not Found,Alpine Aura,Airbnb,StayVista at Alpine Aura @ Silver Spring Cottages,3BHK Alpine Aura Villa w/ Private Pool,https://www.airbnb.co.in/rooms/1059203100624104350,Ready for Automation Sync,"Fixed overflow: old was 49/44 chars (truncated in search cards); Removed non-compliant symbols ('|', '@', '+'); Excluded brand name on Airbnb (strictly complies with Airbnb guidelines)"
1331672042380698303,4272,Private Deluxe Room @ Lakshmi Retreat,Airbnb,Private Deluxe Room @ Lakshmi Retreat - Kotagiri,3BHK Retreat w/ Lawn,https://www.airbnb.co.in/rooms/1331672042380698303,Ready for Automation Sync,"Fixed overflow: old was 48/44 chars (truncated in search cards); Removed non-compliant symbols ('|', '@', '+'); Excluded brand name on Airbnb (strictly complies with Airbnb guidelines)"
41096670,1131,Vyoman,Airbnb,"StayVista at Vyoman | 9BHK Pool Villa, Pawna",9BHK Vyoman Villa w/ Pool,https://www.airbnb.co.in/rooms/41096670,Ready for Automation Sync,"Removed non-compliant symbols ('|', '@', '+'); Excluded brand name on Airbnb (strictly complies with Airbnb guidelines)"
1520861267679162770,4943,3BHK Zen Grove,Airbnb,"3BHK Zen Grove | Terrace & Hill Views, Hyderabad",3BHK 3BHK Zen Grove Villa w/ Terrace,https://www.airbnb.co.in/rooms/1520861267679162770,Ready for Automation Sync,"Fixed overflow: old was 48/44 chars (truncated in search cards); Removed non-compliant symbols ('|', '@', '+'); Excluded brand name on Airbnb (strictly complies with Airbnb guidelines)"
765673312810778311,Not Found,The White Escape 3BR  in Sohna W/ Pool,Airbnb,The White Escape 3BR Villa in Sohna W/ Pool,3BHK Villa w/ Pool,https://www.airbnb.co.in/rooms/765673312810778311,Ready for Automation Sync,Excluded brand name on Airbnb (strictly complies with Airbnb guidelines)
995502265790565002,2898,4BHK Monarch  w/Pool & Gazebo,Airbnb,4BHK Monarch Villa w/Pool & Gazebo | Lonavala,4BHK 4BHK Monarch w/Pool & Gazebo w/ Pool,https://www.airbnb.co.in/rooms/995502265790565002,Ready for Automation Sync,"Fixed overflow: old was 45/44 chars (truncated in search cards); Removed non-compliant symbols ('|', '@', '+'); Excluded brand name on Airbnb (strictly complies with Airbnb guidelines)"
1009253020576545317,Not Found,Timber 214,Airbnb,StayVista at Timber 214 w/ Lake & Gazebo,3BHK Timber 214 Villa w/ Gazebo,https://www.airbnb.co.in/rooms/1009253020576545317,Ready for Automation Sync,Excluded brand name on Airbnb (strictly complies with Airbnb guidelines)
1321468588008336225,4259,Cherry at Nivaant Farms,Airbnb,StayVista at Cherry at Nivaant Farms w/ Lawn,3BHK Cherry at Nivaant Farms Villa w/ Lawn,https://www.airbnb.co.in/rooms/1321468588008336225,Ready for Automation Sync,Excluded brand name on Airbnb (strictly complies with Airbnb guidelines)
1262847820209875331,4016,@Amalia ByTellado heritage,Airbnb,StayVista@Amalia ByTellado heritage-assagao Pool,3BHK @Amalia ByTellado heritage w/ Pool,https://www.airbnb.co.in/rooms/1262847820209875331,Ready for Automation Sync,"Fixed overflow: old was 48/44 chars (truncated in search cards); Removed non-compliant symbols ('|', '@', '+'); Excluded brand name on Airbnb (strictly complies with Airbnb guidelines)"
717899356185229912,2278,Bloom @ Rose  3BR Home in heart of Shimla,Airbnb,Bloom @ Rose Cottage 3BR Home in heart of Shimla,3BHK Cottage w/ Lawn,https://www.airbnb.co.in/rooms/717899356185229912,Ready for Automation Sync,"Fixed overflow: old was 48/44 chars (truncated in search cards); Removed non-compliant symbols ('|', '@', '+'); Excluded brand name on Airbnb (strictly complies with Airbnb guidelines)"
1481622138890117459,4858,Arcangela 5Bhk+W/Pvt 2 Pools+Paddy View@Sangolda,Airbnb,Arcangela 5Bhk+W/Pvt 2 Pools+Paddy View@Sangolda,5BHK Villa w/ Private Pool,https://www.airbnb.co.in/rooms/1481622138890117459,Ready for Automation Sync,"Fixed overflow: old was 48/44 chars (truncated in search cards); Removed non-compliant symbols ('|', '@', '+'); Excluded brand name on Airbnb (strictly complies with Airbnb guidelines)"
1328102942174128747,Not Found,Blush Belle,Airbnb,"Blush Belle Villa - 6 BHK w/Pool, Indoor Games",6BHK Blush Belle Villa w/ Pool,https://www.airbnb.co.in/rooms/1328102942174128747,Ready for Automation Sync,Fixed overflow: old was 46/44 chars (truncated in search cards); Excluded brand name on Airbnb (strictly complies with Airbnb guidelines)
802544031214327890,Not Found,3BHK  @ Osaka  with Pvt Plunge Pool,Airbnb,3BHK StayVista @ Osaka Villa with Pvt Plunge Pool,3BHK Villa w/ Plunge Pool,https://www.airbnb.co.in/rooms/802544031214327890,Ready for Automation Sync,"Fixed overflow: old was 49/44 chars (truncated in search cards); Removed non-compliant symbols ('|', '@', '+'); Excluded brand name on Airbnb (strictly complies with Airbnb guidelines)"
1181713696293124520,3835,1BR Bamboo  @ Maple Farms in Sohna,Airbnb,1BR Bamboo Cottage @ Maple Farms in Sohna,1BHK Cottage w/ Lawn,https://www.airbnb.co.in/rooms/1181713696293124520,Ready for Automation Sync,"Removed non-compliant symbols ('|', '@', '+'); Excluded brand name on Airbnb (strictly complies with Airbnb guidelines)"
1527418336617513198,Not Found,2BR Kashmiri  w/ Indoor Jacuzzi & Steam Room,Airbnb,2BR Kashmiri Villa w/ Indoor Jacuzzi & Steam Room,2BHK Villa w/ Jacuzzi,https://www.airbnb.co.in/rooms/1527418336617513198,Ready for Automation Sync,Fixed overflow: old was 49/44 chars (truncated in search cards); Excluded brand name on Airbnb (strictly complies with Airbnb guidelines)
41943294,Not Found,6 BR Luxury Homestay in Theog W Scenic Hill View,Airbnb,6 BR Luxury Homestay in Theog W Scenic Hill View,6BHK Homestay w/ Lawn,https://www.airbnb.co.in/rooms/41943294,Ready for Automation Sync,Fixed overflow: old was 48/44 chars (truncated in search cards); Excluded brand name on Airbnb (strictly complies with Airbnb guidelines)
1277377560684365950,4105,4BR @ Grandeur  W/Mystic Interiors & Lawn,Airbnb,4BR @ Grandeur Cottage W/Mystic Interiors & Lawn,4BHK Cottage w/ Lawn,https://www.airbnb.co.in/rooms/1277377560684365950,Ready for Automation Sync,"Fixed overflow: old was 48/44 chars (truncated in search cards); Removed non-compliant symbols ('|', '@', '+'); Excluded brand name on Airbnb (strictly complies with Airbnb guidelines)"
1071530617632908671,3383,1BR Oak @ SilverSpring,Airbnb,1BR Oak @ SilverSpring Cottage,1BHK 1BR Oak @ SilverSpring Cottage w/ Lawn,https://www.airbnb.co.in/rooms/1071530617632908671,Ready for Automation Sync,"Removed non-compliant symbols ('|', '@', '+'); Excluded brand name on Airbnb (strictly complies with Airbnb guidelines)"
1067898977407176657,3250,5R+Pool+BBQ+Wi,Airbnb,5R+Pool+BBQ+Wi-Fi - Verdant Valley@Mahabaleshwar,3BHK 5R+Pool+BBQ+Wi • Pool & BBQ,https://www.airbnb.co.in/rooms/1067898977407176657,Ready for Automation Sync,"Fixed overflow: old was 48/44 chars (truncated in search cards); Removed non-compliant symbols ('|', '@', '+'); Excluded brand name on Airbnb (strictly complies with Airbnb guidelines)"
1512224414136467193,2837,Rivulet Waters,Airbnb,"StayVista at Rivulet Waters w/d Jacuzzi, Gazebo",3BHK Rivulet Waters • Jacuzzi & Gazebo,https://www.airbnb.co.in/rooms/1512224414136467193,Ready for Automation Sync,Fixed overflow: old was 47/44 chars (truncated in search cards); Excluded brand name on Airbnb (strictly complies with Airbnb guidelines)
1381031038653204110,4595,Suite De Regal 2BHK Apartment W/Balcony@Mandrem,Airbnb,Suite De Regal 2BHK Apartment W/Balcony@Mandrem,2BHK Villa w/ Balcony,https://www.airbnb.co.in/rooms/1381031038653204110,Ready for Automation Sync,"Fixed overflow: old was 47/44 chars (truncated in search cards); Removed non-compliant symbols ('|', '@', '+'); Excluded brand name on Airbnb (strictly complies with Airbnb guidelines)"
1102660390025537643,3257,The Bear Necessities,Airbnb,StayVista at The Bear Necessities w/ River View,3BHK The Bear Necessities w/ River View,https://www.airbnb.co.in/rooms/1102660390025537643,Ready for Automation Sync,Fixed overflow: old was 47/44 chars (truncated in search cards); Excluded brand name on Airbnb (strictly complies with Airbnb guidelines)
717891627631931968,2264,Heritage 6BHK w/Balcony+Cycling @ Jaipur main city,Airbnb,Heritage 6BHK w/Balcony+Cycling @ Jaipur main city,6BHK Villa w/ Balcony,https://www.airbnb.co.in/rooms/717891627631931968,Ready for Automation Sync,"Fixed overflow: old was 50/44 chars (truncated in search cards); Removed non-compliant symbols ('|', '@', '+'); Excluded brand name on Airbnb (strictly complies with Airbnb guidelines)"
894035057277234040,2368,4BR Pvt Pool & Lawn,Airbnb,"4BR Pvt Pool & Lawn- Bask In The Greens, Coorg",4BHK 4BR Pvt Pool & Lawn • Pool & Lawn,https://www.airbnb.co.in/rooms/894035057277234040,Ready for Automation Sync,Fixed overflow: old was 46/44 chars (truncated in search cards); Excluded brand name on Airbnb (strictly complies with Airbnb guidelines)
1352049185837438907,Not Found,Ivory Grandeur,Airbnb,"StayVista at Ivory Grandeur w/ Private Pool, Wi-Fi",3BHK Ivory Grandeur Villa w/ Private Pool,https://www.airbnb.co.in/rooms/1352049185837438907,Ready for Automation Sync,Fixed overflow: old was 50/44 chars (truncated in search cards); Excluded brand name on Airbnb (strictly complies with Airbnb guidelines)
1486867671715442404,4856,5BR,Airbnb,5BR|Hikes&Views|StayVista| Vaikunth Villa@Himachal,5BHK 5BR Villa w/ Private Pool,https://www.airbnb.co.in/rooms/1486867671715442404,Ready for Automation Sync,"Fixed overflow: old was 50/44 chars (truncated in search cards); Removed non-compliant symbols ('|', '@', '+'); Excluded brand name on Airbnb (strictly complies with Airbnb guidelines)"
1345384227182101876,4237,4BR,Airbnb,4BR|Infinity Pool|StayVista|Chirping Villa @Mulshi,4BHK 4BR Villa w/ Infinity Pool,https://www.airbnb.co.in/rooms/1345384227182101876,Ready for Automation Sync,"Fixed overflow: old was 50/44 chars (truncated in search cards); Removed non-compliant symbols ('|', '@', '+'); Excluded brand name on Airbnb (strictly complies with Airbnb guidelines)"
1131730502382709859,3585,The Manor,Airbnb,The Manor | Bloom 2BR Luxury Estate in Kullu,2BHK The Manor Estate w/ Lawn,https://www.airbnb.co.in/rooms/1131730502382709859,Ready for Automation Sync,"Removed non-compliant symbols ('|', '@', '+'); Excluded brand name on Airbnb (strictly complies with Airbnb guidelines)"
1268582130969037259,3915,3BR Kashmiri,Airbnb,StayVista 3BR Kashmiri House | Lawn & Comfort,3BHK 3BR Kashmiri House w/ Lawn,https://www.airbnb.co.in/rooms/1268582130969037259,Ready for Automation Sync,"Fixed overflow: old was 45/44 chars (truncated in search cards); Removed non-compliant symbols ('|', '@', '+'); Excluded brand name on Airbnb (strictly complies with Airbnb guidelines)"
1709382454658422128,5513,Mykonos,Airbnb,StayVista at Mykonos Villa w/ Lawn,3BHK Mykonos Villa w/ Lawn,https://www.airbnb.co.in/rooms/1709382454658422128,Ready for Automation Sync,Excluded brand name on Airbnb (strictly complies with Airbnb guidelines)
1295492794867914576,4168,"2 BHK Classic Apartment w/Terrace, Gazebo, Wifi",Airbnb,"2 BHK Classic Apartment w/Terrace, Gazebo, Wifi",2BHK Villa w/ Gazebo,https://www.airbnb.co.in/rooms/1295492794867914576,Ready for Automation Sync,Fixed overflow: old was 47/44 chars (truncated in search cards); Excluded brand name on Airbnb (strictly complies with Airbnb guidelines)
1208494479607387686,3909,"1BR Deimos At Luna Nova w/ BBQ, Bonfire & Pool",Airbnb,"1BR Deimos At Luna Nova w/ BBQ, Bonfire & Pool",1BHK Villa w/ Pool,https://www.airbnb.co.in/rooms/1208494479607387686,Ready for Automation Sync,Fixed overflow: old was 46/44 chars (truncated in search cards); Excluded brand name on Airbnb (strictly complies with Airbnb guidelines)
1390928898933858020,4527,1 Bed Aroha Palms Magnifica,Airbnb,"1 Bed Aroha Palms Magnifica - Pool, Wi-Fi",1BHK 1 Bed Aroha Palms Magnifica w/ Pool,https://www.airbnb.co.in/rooms/1390928898933858020,Ready for Automation Sync,Excluded brand name on Airbnb (strictly complies with Airbnb guidelines)
1437344402618097323,4775,Private Pool Cottages,Airbnb,StayVista at Private Pool Cottages @ The Five Oaks,3BHK Private Pool Cottages w/ Private Pool,https://www.airbnb.co.in/rooms/1437344402618097323,Ready for Automation Sync,"Fixed overflow: old was 50/44 chars (truncated in search cards); Removed non-compliant symbols ('|', '@', '+'); Excluded brand name on Airbnb (strictly complies with Airbnb guidelines)"
1315114707432836922,Not Found,"01 BR Bliss @Aspen Heights w/ Wifi, Bonfire & View",Airbnb,"01 BR Bliss @Aspen Heights w/ Wifi, Bonfire & View",1BHK Villa w/ Bonfire,https://www.airbnb.co.in/rooms/1315114707432836922,Ready for Automation Sync,"Fixed overflow: old was 50/44 chars (truncated in search cards); Removed non-compliant symbols ('|', '@', '+'); Excluded brand name on Airbnb (strictly complies with Airbnb guidelines)"
1630346404124354417,5309,Kokon Haus,Airbnb,"StayVista at Kokon Haus w/ Pool, Lawn",3BHK Kokon Haus • Pool & Lawn,https://www.airbnb.co.in/rooms/1630346404124354417,Ready for Automation Sync,Excluded brand name on Airbnb (strictly complies with Airbnb guidelines)
1283155626546355832,3988,3BHK Riviera Residence w/ Lawn,Airbnb,3BHK Riviera Residence w/ Lawn - alleppey,3BHK 3BHK Riviera Residence w/ Lawn w/ Lawn,https://www.airbnb.co.in/rooms/1283155626546355832,Ready for Automation Sync,Excluded brand name on Airbnb (strictly complies with Airbnb guidelines)
1065075809600163505,Not Found,Alpine Haven,Airbnb,"StayVista at Alpine Haven w/ Deck, Lawn & Balcony",3BHK Alpine Haven • Lawn & Balcony,https://www.airbnb.co.in/rooms/1065075809600163505,Ready for Automation Sync,Fixed overflow: old was 49/44 chars (truncated in search cards); Excluded brand name on Airbnb (strictly complies with Airbnb guidelines)
1686801933507563368,5559,Solmira Haven,Airbnb,StayVista at Solmira Haven w/ Infinity Pool,3BHK Solmira Haven Villa w/ Infinity Pool,https://www.airbnb.co.in/rooms/1686801933507563368,Ready for Automation Sync,Excluded brand name on Airbnb (strictly complies with Airbnb guidelines)
1131694562604451748,3584,The Manor,Airbnb,"The Manor | Rose 2BR Luxury Estate, Kullu",2BHK The Manor Estate w/ Lawn,https://www.airbnb.co.in/rooms/1131694562604451748,Ready for Automation Sync,"Removed non-compliant symbols ('|', '@', '+'); Excluded brand name on Airbnb (strictly complies with Airbnb guidelines)"
996865924056271625,2874,Breeze,Airbnb,StayVista at Breeze @ The Whistling Thrush w/ Gym,3BHK Breeze Villa w/ Private Pool,https://www.airbnb.co.in/rooms/996865924056271625,Ready for Automation Sync,"Fixed overflow: old was 49/44 chars (truncated in search cards); Removed non-compliant symbols ('|', '@', '+'); Excluded brand name on Airbnb (strictly complies with Airbnb guidelines)"
1508452428996178240,Not Found,Jain Farm,Airbnb,StayVista at Jain Farm House - 3BHK,3BHK Jain Farm House w/ Lawn,https://www.airbnb.co.in/rooms/1508452428996178240,Ready for Automation Sync,Excluded brand name on Airbnb (strictly complies with Airbnb guidelines)
1527273631545134361,4815,1BR,Airbnb,Stayvista 1BR -Deluxe Room w/Breakfast near Jaipur,1BHK 1BR Villa w/ Private Pool,https://www.airbnb.co.in/rooms/1527273631545134361,Ready for Automation Sync,Fixed overflow: old was 50/44 chars (truncated in search cards); Excluded brand name on Airbnb (strictly complies with Airbnb guidelines)
1201257312003614036,3633,"3 BR  w/Pvt Pool, Bath tub & Lawn near Jaipur",Airbnb,"3 BR Villa w/Pvt Pool, Bath tub & Lawn near Jaipur",3BHK Villa w/ Pool,https://www.airbnb.co.in/rooms/1201257312003614036,Ready for Automation Sync,Fixed overflow: old was 50/44 chars (truncated in search cards); Excluded brand name on Airbnb (strictly complies with Airbnb guidelines)
1075206415236441166,Not Found,Address by Khul W/Home Theatre/Pool /Play area,Airbnb,Address by Khul W/Home Theatre/Pool /Play area,3BHK Villa w/ Pool,https://www.airbnb.co.in/rooms/1075206415236441166,Ready for Automation Sync,Fixed overflow: old was 46/44 chars (truncated in search cards); Excluded brand name on Airbnb (strictly complies with Airbnb guidelines)
1041875229468074318,Not Found,Horizon,Airbnb,StayVista at  Horizon @ Nomads’ Nest Campout,3BHK Horizon Villa w/ Private Pool,https://www.airbnb.co.in/rooms/1041875229468074318,Ready for Automation Sync,"Removed non-compliant symbols ('|', '@', '+'); Excluded brand name on Airbnb (strictly complies with Airbnb guidelines)"
1079454261989229545,2751,Sierra @ Golden Triangle by VEO,Airbnb,Sierra @ Golden Triangle by VEO- Part of StayVista,3BHK Villa w/ Private Pool,https://www.airbnb.co.in/rooms/1079454261989229545,Ready for Automation Sync,"Fixed overflow: old was 50/44 chars (truncated in search cards); Removed non-compliant symbols ('|', '@', '+'); Excluded brand name on Airbnb (strictly complies with Airbnb guidelines)"
673522254389833704,2193,Rose  6BR Royal Home in the heart of Shimla,Airbnb,Rose Cottage 6BR Royal Home in the heart of Shimla,6BHK Cottage w/ Lawn,https://www.airbnb.co.in/rooms/673522254389833704,Ready for Automation Sync,Fixed overflow: old was 50/44 chars (truncated in search cards); Excluded brand name on Airbnb (strictly complies with Airbnb guidelines)
1412063723860901268,4393,tatvam,Airbnb,"StayVista at tatvam w/ Mountain views, AC",3BHK tatvam Villa w/ Mountain View,https://www.airbnb.co.in/rooms/1412063723860901268,Ready for Automation Sync,Excluded brand name on Airbnb (strictly complies with Airbnb guidelines)
876371639078320487,2626,"Sequoia  10 by GTV  w/Pool, Lawn@Delhi",Airbnb,"Sequoia Estate 10 by GTV Estate w/Pool, Lawn@Delhi",3BHK Estate w/ Pool,https://www.airbnb.co.in/rooms/876371639078320487,Ready for Automation Sync,"Fixed overflow: old was 50/44 chars (truncated in search cards); Removed non-compliant symbols ('|', '@', '+'); Excluded brand name on Airbnb (strictly complies with Airbnb guidelines)"
1230075077741685873,3942,7BR Ultra Luxury  w/Lawn &Firepit in Srinagar,Airbnb,7BR Ultra Luxury Villa w/Lawn &Firepit in Srinagar,7BHK Villa w/ Lawn,https://www.airbnb.co.in/rooms/1230075077741685873,Ready for Automation Sync,Fixed overflow: old was 50/44 chars (truncated in search cards); Excluded brand name on Airbnb (strictly complies with Airbnb guidelines)
1318675952189656661,4167,The Fairytale,Airbnb,"StayVista at The Fairytale w/ Gazebo, BBQ",3BHK The Fairytale • BBQ & Gazebo,https://www.airbnb.co.in/rooms/1318675952189656661,Ready for Automation Sync,Excluded brand name on Airbnb (strictly complies with Airbnb guidelines)
907064313163669252,2724,2BR @ W/Lawn & Comp. B/F Close to Mall Road,Airbnb,2BR @Cottage W/Lawn & Comp. B/F Close to Mall Road,2BHK Cottage w/ Lawn,https://www.airbnb.co.in/rooms/907064313163669252,Ready for Automation Sync,"Fixed overflow: old was 50/44 chars (truncated in search cards); Removed non-compliant symbols ('|', '@', '+'); Excluded brand name on Airbnb (strictly complies with Airbnb guidelines)"
48686812,Not Found,4BR Brij Valley,Airbnb,4BR Brij Valley - w/Caretaker & BBQ,4BHK 4BR Brij Valley Villa w/ BBQ,https://www.airbnb.co.in/rooms/48686812,Ready for Automation Sync,Excluded brand name on Airbnb (strictly complies with Airbnb guidelines)
1102633970384072474,3443,Orion's Crest,Airbnb,Orion's Crest|Cozy 3BR Villa w/Views+Breakfast,3BHK Orion's Crest Villa w/ Private Pool,https://www.airbnb.co.in/rooms/1102633970384072474,Ready for Automation Sync,"Fixed overflow: old was 46/44 chars (truncated in search cards); Removed non-compliant symbols ('|', '@', '+'); Excluded brand name on Airbnb (strictly complies with Airbnb guidelines)"
41221545,Not Found,Luxury Amara,Airbnb,Luxury Amara Villa - 4BR W/ Pool & Lawn,4BHK Luxury Amara • Pool & Lawn,https://www.airbnb.co.in/rooms/41221545,Ready for Automation Sync,Excluded brand name on Airbnb (strictly complies with Airbnb guidelines)
1076600237994149044,3324,Beige,Airbnb,StayVista at Beige @ Prathaniya Villa w/ Pool,3BHK Beige Villa w/ Pool,https://www.airbnb.co.in/rooms/1076600237994149044,Ready for Automation Sync,"Fixed overflow: old was 45/44 chars (truncated in search cards); Removed non-compliant symbols ('|', '@', '+'); Excluded brand name on Airbnb (strictly complies with Airbnb guidelines)"
1094784778300836778,3450,Tranquil,Airbnb,StayVista at Tranquil @ Hriday Bhoomi,3BHK Tranquil Villa w/ Private Pool,https://www.airbnb.co.in/rooms/1094784778300836778,Ready for Automation Sync,"Removed non-compliant symbols ('|', '@', '+'); Excluded brand name on Airbnb (strictly complies with Airbnb guidelines)"
42921752,1255,RiverView Retreat,Airbnb,3BR|Backwater|StayVista RiverView Retreat@Alleppey,3BHK RiverView Retreat Retreat w/ River View,https://www.airbnb.co.in/rooms/42921752,Ready for Automation Sync,"Fixed overflow: old was 50/44 chars (truncated in search cards); Removed non-compliant symbols ('|', '@', '+'); Excluded brand name on Airbnb (strictly complies with Airbnb guidelines)"
1069319152502991223,3320,3BR @ Grandeur  W/Mystic Interiors & Lawn,Airbnb,3BR @ Grandeur Cottage W/Mystic Interiors & Lawn,3BHK Cottage w/ Lawn,https://www.airbnb.co.in/rooms/1069319152502991223,Ready for Automation Sync,"Fixed overflow: old was 48/44 chars (truncated in search cards); Removed non-compliant symbols ('|', '@', '+'); Excluded brand name on Airbnb (strictly complies with Airbnb guidelines)"
999660768498914948,Not Found,Cobalt,Airbnb,"StayVista at Cobalt @ Timeless Elegance w/Pool,BBQ",3BHK Cobalt • Pool & BBQ,https://www.airbnb.co.in/rooms/999660768498914948,Ready for Automation Sync,"Fixed overflow: old was 50/44 chars (truncated in search cards); Removed non-compliant symbols ('|', '@', '+'); Excluded brand name on Airbnb (strictly complies with Airbnb guidelines)"
1594865620973801330,5308,Grace Land,Airbnb,StayVista at Grace Land w/ Bonfire,3BHK Grace Land Villa w/ Bonfire,https://www.airbnb.co.in/rooms/1594865620973801330,Ready for Automation Sync,Excluded brand name on Airbnb (strictly complies with Airbnb guidelines)
873632351157690604,2609,AnVira by GTV,Airbnb,StayVista at Villa AnVira by GTV Estate w/ Bonfire,3BHK AnVira by GTV Villa w/ Bonfire,https://www.airbnb.co.in/rooms/873632351157690604,Ready for Automation Sync,Fixed overflow: old was 50/44 chars (truncated in search cards); Excluded brand name on Airbnb (strictly complies with Airbnb guidelines)
883875873004606468,2677,Luxurious 2BHK  W/Pool Near Delhi Airport,Airbnb,Luxurious 2BHK Villa W/Pool Near Delhi Airport,2BHK Villa w/ Pool,https://www.airbnb.co.in/rooms/883875873004606468,Ready for Automation Sync,Fixed overflow: old was 46/44 chars (truncated in search cards); Excluded brand name on Airbnb (strictly complies with Airbnb guidelines)
1217995744386730796,Not Found,4BR Periyar Palace w/ Riverviw&HugeLawn Pet Frndly,Airbnb,4BR Periyar Palace w/ Riverviw&HugeLawn Pet Frndly,4BHK Villa w/ Private Pool,https://www.airbnb.co.in/rooms/1217995744386730796,Ready for Automation Sync,Fixed overflow: old was 50/44 chars (truncated in search cards); Excluded brand name on Airbnb (strictly complies with Airbnb guidelines)
663429428664901285,1855,4BR,Airbnb,4BR|Luxe Pool|StayVista| Bliss in the Woods@Tehtar,4BHK 4BR Villa w/ Pool,https://www.airbnb.co.in/rooms/663429428664901285,Ready for Automation Sync,"Fixed overflow: old was 50/44 chars (truncated in search cards); Removed non-compliant symbols ('|', '@', '+'); Excluded brand name on Airbnb (strictly complies with Airbnb guidelines)"
1061449735176187087,Not Found,Luxury Apartment,Airbnb,StayVista Luxury Apartment w/Pool & WiFi in Jaipur,3BHK Luxury Apartment Villa w/ Pool,https://www.airbnb.co.in/rooms/1061449735176187087,Ready for Automation Sync,Fixed overflow: old was 50/44 chars (truncated in search cards); Excluded brand name on Airbnb (strictly complies with Airbnb guidelines)
34262535,415,Luxurious Hidden Summer Vacation 4BR @  15,Airbnb,Luxurious Hidden Summer Vacation 4BR @ Estate 15,4BHK Estate w/ Lawn,https://www.airbnb.co.in/rooms/34262535,Ready for Automation Sync,"Fixed overflow: old was 48/44 chars (truncated in search cards); Removed non-compliant symbols ('|', '@', '+'); Excluded brand name on Airbnb (strictly complies with Airbnb guidelines)"
1526648214202486424,3896,Summit @ The Mohru  w/ Heated Pool,Airbnb,Summit @ The Mohru Estate w/ Heated Pool,3BHK Estate w/ Pool,https://www.airbnb.co.in/rooms/1526648214202486424,Ready for Automation Sync,"Removed non-compliant symbols ('|', '@', '+'); Excluded brand name on Airbnb (strictly complies with Airbnb guidelines)"
1390406328311027794,Not Found,3BR  Blanche w/ Bonfire BBQ & Panoramic Views,Airbnb,3BR Villa Blanche w/ Bonfire BBQ & Panoramic Views,3BHK Villa w/ Bonfire,https://www.airbnb.co.in/rooms/1390406328311027794,Ready for Automation Sync,Fixed overflow: old was 50/44 chars (truncated in search cards); Excluded brand name on Airbnb (strictly complies with Airbnb guidelines)
1316464427309451542,3937,The Grand Crest,Airbnb,StayVista at The Grand Crest | Presidential Suite,3BHK The Grand Crest Villa w/ Private Pool,https://www.airbnb.co.in/rooms/1316464427309451542,Ready for Automation Sync,"Fixed overflow: old was 49/44 chars (truncated in search cards); Removed non-compliant symbols ('|', '@', '+'); Excluded brand name on Airbnb (strictly complies with Airbnb guidelines)"
42947826,Not Found,Wood  Retreat,Airbnb,StayVista at Wood House Retreat | Mountain Escape,3BHK Wood Retreat House w/ Lawn,https://www.airbnb.co.in/rooms/42947826,Ready for Automation Sync,"Fixed overflow: old was 49/44 chars (truncated in search cards); Removed non-compliant symbols ('|', '@', '+'); Excluded brand name on Airbnb (strictly complies with Airbnb guidelines)"
1714550716347540466,4309,Hope,Airbnb,StayVista at Hope @ Amanat Riverfront Cottage,3BHK Hope Cottage w/ Lawn,https://www.airbnb.co.in/rooms/1714550716347540466,Ready for Automation Sync,"Fixed overflow: old was 45/44 chars (truncated in search cards); Removed non-compliant symbols ('|', '@', '+'); Excluded brand name on Airbnb (strictly complies with Airbnb guidelines)"
1051283323684323393,3153,Casba Farm Retreat,Airbnb,StayVista at Casba Farm Retreat w/ Pool,3BHK Casba Farm Retreat Retreat w/ Pool,https://www.airbnb.co.in/rooms/1051283323684323393,Ready for Automation Sync,Excluded brand name on Airbnb (strictly complies with Airbnb guidelines)
35170070,Not Found,Cheppanam,Airbnb,StayVista at Cheppanam House - 1BR,1BHK Cheppanam House w/ Lawn,https://www.airbnb.co.in/rooms/35170070,Ready for Automation Sync,Excluded brand name on Airbnb (strictly complies with Airbnb guidelines)
972951187000348814,2836,6BR,Airbnb,6BR-Mokshah-w/pool lawn-Igatpuri,6BHK 6BR • Pool & Lawn,https://www.airbnb.co.in/rooms/972951187000348814,Ready for Automation Sync,Excluded brand name on Airbnb (strictly complies with Airbnb guidelines)
846867982434277039,Not Found,@4BREden Glade with Private Pool & Scenic Views,Airbnb,@4BREden Glade with Private Pool & Scenic Views,4BHK Villa w/ Private Pool,https://www.airbnb.co.in/rooms/846867982434277039,Ready for Automation Sync,"Fixed overflow: old was 47/44 chars (truncated in search cards); Removed non-compliant symbols ('|', '@', '+'); Excluded brand name on Airbnb (strictly complies with Airbnb guidelines)"
682301280300255052,Not Found,Akasa,Airbnb,StayVista at Akasa @ Hazel Woods - River Views,3BHK Akasa Villa w/ River View,https://www.airbnb.co.in/rooms/682301280300255052,Ready for Automation Sync,"Fixed overflow: old was 46/44 chars (truncated in search cards); Removed non-compliant symbols ('|', '@', '+'); Excluded brand name on Airbnb (strictly complies with Airbnb guidelines)"
1436875107966640023,4799,2BR Apt Ray @ The Himalayan Echo,Airbnb,2BR Apt Ray @ The Himalayan Echo - Mukteshwar,2BHK Villa w/ Private Pool,https://www.airbnb.co.in/rooms/1436875107966640023,Ready for Automation Sync,"Fixed overflow: old was 45/44 chars (truncated in search cards); Removed non-compliant symbols ('|', '@', '+'); Excluded brand name on Airbnb (strictly complies with Airbnb guidelines)"
1299828274288693577,2451,Pearl Lakeview Mansion,Airbnb,5BR|Pool|StayVista |Pearl Lakeview Mansion@Nashik,5BHK Pearl Lakeview Mansion Villa w/ Pool,https://www.airbnb.co.in/rooms/1299828274288693577,Ready for Automation Sync,"Fixed overflow: old was 49/44 chars (truncated in search cards); Removed non-compliant symbols ('|', '@', '+'); Excluded brand name on Airbnb (strictly complies with Airbnb guidelines)"
839569904312511880,2456,Dew Drops,Airbnb,"StayVista at Dew Drops w/ Pool, Garden, Terrace",3BHK Dew Drops • Pool & Terrace,https://www.airbnb.co.in/rooms/839569904312511880,Ready for Automation Sync,Fixed overflow: old was 47/44 chars (truncated in search cards); Excluded brand name on Airbnb (strictly complies with Airbnb guidelines)
1259844361220493696,Not Found,4 Cottages W/Comp Breakfast,Airbnb,4 Cottages W/Comp Breakfast - Wildwoods Stone,3BHK Villa w/ Private Pool,https://www.airbnb.co.in/rooms/1259844361220493696,Ready for Automation Sync,Fixed overflow: old was 45/44 chars (truncated in search cards); Excluded brand name on Airbnb (strictly complies with Airbnb guidelines)
1461484838643651054,4845,Chapter 2,Airbnb,Chapter 2 - 5BR @ The Ever House W/Comp Jacuzzi,5BHK Chapter 2 House w/ Jacuzzi,https://www.airbnb.co.in/rooms/1461484838643651054,Ready for Automation Sync,"Fixed overflow: old was 47/44 chars (truncated in search cards); Removed non-compliant symbols ('|', '@', '+'); Excluded brand name on Airbnb (strictly complies with Airbnb guidelines)"
51530463,3369,3BR,Airbnb,3BR|Garden Escape|StayVista|Mikkie House@Karnataka,3BHK 3BR House w/ Garden,https://www.airbnb.co.in/rooms/51530463,Ready for Automation Sync,"Fixed overflow: old was 50/44 chars (truncated in search cards); Removed non-compliant symbols ('|', '@', '+'); Excluded brand name on Airbnb (strictly complies with Airbnb guidelines)"
47205205,312,@ Riverview,Airbnb,"StayVista @ Riverview-BayTerrace 3Bhk pool,Dabolim",3BHK @ Riverview • Pool & River View,https://www.airbnb.co.in/rooms/47205205,Ready for Automation Sync,"Fixed overflow: old was 50/44 chars (truncated in search cards); Removed non-compliant symbols ('|', '@', '+'); Excluded brand name on Airbnb (strictly complies with Airbnb guidelines)"
1330252542902679659,Not Found,Whispers of the Water,Airbnb,StayVista at Whispers of the Water w/ Lake View,3BHK Whispers of the Water w/ Lake View,https://www.airbnb.co.in/rooms/1330252542902679659,Ready for Automation Sync,Fixed overflow: old was 47/44 chars (truncated in search cards); Excluded brand name on Airbnb (strictly complies with Airbnb guidelines)
1082243540983467201,3308,Secret Solace w/ Pool and Garden,Airbnb,Secret Solace w/ Pool and Garden,3BHK Secret Solace w/ Pool and Garden • Pool,https://www.airbnb.co.in/rooms/1082243540983467201,Ready for Automation Sync,Excluded brand name on Airbnb (strictly complies with Airbnb guidelines)
1483805477105977845,2798,Sylvara,Airbnb,StayVista at Sylvara w/ Pool & Jacuzzi,3BHK Sylvara • Pool & Jacuzzi,https://www.airbnb.co.in/rooms/1483805477105977845,Ready for Automation Sync,Excluded brand name on Airbnb (strictly complies with Airbnb guidelines)
1009189387618149855,Not Found,"@ Timber 208 w/ Lake, BBQ & Gazebo",Airbnb,"StayVista @ Timber 208 w/ Lake, BBQ & Gazebo",3BHK Villa w/ BBQ,https://www.airbnb.co.in/rooms/1009189387618149855,Ready for Automation Sync,"Removed non-compliant symbols ('|', '@', '+'); Excluded brand name on Airbnb (strictly complies with Airbnb guidelines)"
664891257200256194,,Perfect Summer Vacation @ 1B  Dudley Manor,Airbnb,Perfect Summer Vacation @ 1B Cottage Dudley Manor,3BHK Cottage w/ Lawn,https://www.airbnb.co.in/rooms/664891257200256194,Ready for Automation Sync,"Fixed overflow: old was 49/44 chars (truncated in search cards); Removed non-compliant symbols ('|', '@', '+'); Excluded brand name on Airbnb (strictly complies with Airbnb guidelines)"
907692862221015063,2707,Casa Boho,Airbnb,"StayVista at Casa Boho w/ Infinity Pool, WiFi, BBQ",3BHK Casa Boho • Infinity Pool & BBQ,https://www.airbnb.co.in/rooms/907692862221015063,Ready for Automation Sync,Fixed overflow: old was 50/44 chars (truncated in search cards); Excluded brand name on Airbnb (strictly complies with Airbnb guidelines)
53834451,Not Found,Amara  8BHK,Airbnb,Amara Villa 8BHK - Luxury getaway W/ Pool,8BHK Amara 8BHK Villa w/ Pool,https://www.airbnb.co.in/rooms/53834451,Ready for Automation Sync,Excluded brand name on Airbnb (strictly complies with Airbnb guidelines)
837219588377022381,2324,"4BR,Jacuzzi,BBQ",Airbnb,"4BR,Jacuzzi,BBQ - StayVista - West Wind @ Goa","4BHK 4BR,Jacuzzi,BBQ • Jacuzzi & BBQ",https://www.airbnb.co.in/rooms/837219588377022381,Ready for Automation Sync,"Fixed overflow: old was 45/44 chars (truncated in search cards); Removed non-compliant symbols ('|', '@', '+'); Excluded brand name on Airbnb (strictly complies with Airbnb guidelines)"
1367107862222405528,4546,Sunbird,Airbnb,"3BR, Pool, Wifi - StayVista at Villa Sunbird @ Goa",3BHK Sunbird Villa w/ Pool,https://www.airbnb.co.in/rooms/1367107862222405528,Ready for Automation Sync,"Fixed overflow: old was 50/44 chars (truncated in search cards); Removed non-compliant symbols ('|', '@', '+'); Excluded brand name on Airbnb (strictly complies with Airbnb guidelines)"
1463557520731080908,4896,Chapter 7,Airbnb,Chapter 7 - 2BR @ The Ever House W/ Heated Pool,2BHK Chapter 7 House w/ Pool,https://www.airbnb.co.in/rooms/1463557520731080908,Ready for Automation Sync,"Fixed overflow: old was 47/44 chars (truncated in search cards); Removed non-compliant symbols ('|', '@', '+'); Excluded brand name on Airbnb (strictly complies with Airbnb guidelines)"
1354834017252552916,Not Found,Shanti,Airbnb,"StayVista at Shanti @ Ayurkutir w/ Pool, Gazebo",3BHK Shanti • Pool & Gazebo,https://www.airbnb.co.in/rooms/1354834017252552916,Ready for Automation Sync,"Fixed overflow: old was 47/44 chars (truncated in search cards); Removed non-compliant symbols ('|', '@', '+'); Excluded brand name on Airbnb (strictly complies with Airbnb guidelines)"
1030823288863517647,3117,2BR Tranquil stay in Gurgaon W/ Pool,Airbnb,2BR Tranquil stay in Gurgaon W/ Pool,2BHK Villa w/ Pool,https://www.airbnb.co.in/rooms/1030823288863517647,Ready for Automation Sync,Excluded brand name on Airbnb (strictly complies with Airbnb guidelines)
1243919706726513142,3298,Palm Perle,Airbnb,3BR | Pet+Pool | StayVista |Palm Perle @ Bhopal,3BHK Palm Perle Villa w/ Pool,https://www.airbnb.co.in/rooms/1243919706726513142,Ready for Automation Sync,"Fixed overflow: old was 47/44 chars (truncated in search cards); Removed non-compliant symbols ('|', '@', '+'); Excluded brand name on Airbnb (strictly complies with Airbnb guidelines)"
639444841795831020,Not Found,Sunshine Bloom by VEO,Airbnb,Sunshine Bloom by VEO - Part of StayVista,3BHK Sunshine Bloom by VEO w/ Private Pool,https://www.airbnb.co.in/rooms/639444841795831020,Ready for Automation Sync,Excluded brand name on Airbnb (strictly complies with Airbnb guidelines)
31029236,279,3bhk+Esencia+W/pvt pool+near Anjuna & Vagator.,Airbnb,3bhk+Esencia+W/pvt pool+near Anjuna & Vagator.,3BHK Villa w/ Pool,https://www.airbnb.co.in/rooms/31029236,Ready for Automation Sync,"Fixed overflow: old was 46/44 chars (truncated in search cards); Removed non-compliant symbols ('|', '@', '+'); Excluded brand name on Airbnb (strictly complies with Airbnb guidelines)"
1586888032140169048,5276,Coral,Airbnb,StayVista at Coral @ M4 Villas w/ BBQ & Bonfire,3BHK Coral • Bonfire & BBQ,https://www.airbnb.co.in/rooms/1586888032140169048,Ready for Automation Sync,"Fixed overflow: old was 47/44 chars (truncated in search cards); Removed non-compliant symbols ('|', '@', '+'); Excluded brand name on Airbnb (strictly complies with Airbnb guidelines)"
1335934910760269895,Not Found,1BR,Airbnb,1BR-Daik @ Artisanal Heights w/ Jacuzzi @Himachal,1BHK 1BR Villa w/ Jacuzzi,https://www.airbnb.co.in/rooms/1335934910760269895,Ready for Automation Sync,"Fixed overflow: old was 49/44 chars (truncated in search cards); Removed non-compliant symbols ('|', '@', '+'); Excluded brand name on Airbnb (strictly complies with Airbnb guidelines)"
1517272394715911498,3518,The Enchanted Forest,Airbnb,StayVista at The Enchanted Forest w/ Swimming pool,3BHK The Enchanted Forest Villa w/ Pool,https://www.airbnb.co.in/rooms/1517272394715911498,Ready for Automation Sync,Fixed overflow: old was 50/44 chars (truncated in search cards); Excluded brand name on Airbnb (strictly complies with Airbnb guidelines)
1019400955773813387,3078,3 BHK Riverfront  w/BKFST + Lawn @ Wayanad,Airbnb,3 BHK Riverfront Villa w/BKFST + Lawn @ Wayanad,3BHK Villa w/ Lawn,https://www.airbnb.co.in/rooms/1019400955773813387,Ready for Automation Sync,"Fixed overflow: old was 47/44 chars (truncated in search cards); Removed non-compliant symbols ('|', '@', '+'); Excluded brand name on Airbnb (strictly complies with Airbnb guidelines)"
1009066316045691676,Not Found,Timber 205,Airbnb,StayVista at Timber 205 w/ Lake & Gazebo,3BHK Timber 205 Villa w/ Gazebo,https://www.airbnb.co.in/rooms/1009066316045691676,Ready for Automation Sync,Excluded brand name on Airbnb (strictly complies with Airbnb guidelines)
833695033580602869,2557,Breeze,Airbnb,StayVista at Breeze @ Sunset Boulevard w/Lake View,3BHK Breeze Villa w/ Lake View,https://www.airbnb.co.in/rooms/833695033580602869,Ready for Automation Sync,"Fixed overflow: old was 50/44 chars (truncated in search cards); Removed non-compliant symbols ('|', '@', '+'); Excluded brand name on Airbnb (strictly complies with Airbnb guidelines)"
1181699260500068761,3834,2BR Fig @Maple Farms in Sohna W/Aravali View,Airbnb,2BR Fig House@Maple Farms in Sohna W/Aravali View,2BHK House w/ Lawn,https://www.airbnb.co.in/rooms/1181699260500068761,Ready for Automation Sync,"Fixed overflow: old was 49/44 chars (truncated in search cards); Removed non-compliant symbols ('|', '@', '+'); Excluded brand name on Airbnb (strictly complies with Airbnb guidelines)"
1343297568844749143,Not Found,"3BR  with w/FREE BF, Pool @Sohna Delhi",Airbnb,"3BR Villa with w/FREE BF, Pool @Sohna Delhi",3BHK Villa w/ Pool,https://www.airbnb.co.in/rooms/1343297568844749143,Ready for Automation Sync,"Removed non-compliant symbols ('|', '@', '+'); Excluded brand name on Airbnb (strictly complies with Airbnb guidelines)"
655529851859449522,2119,Bianco & Verde,Airbnb,StayVista at Bianco & Verde - 8BR w/ Lawn & BBQ,8BHK Bianco & Verde • Lawn & BBQ,https://www.airbnb.co.in/rooms/655529851859449522,Ready for Automation Sync,Fixed overflow: old was 47/44 chars (truncated in search cards); Excluded brand name on Airbnb (strictly complies with Airbnb guidelines)
42921942,1344,Backwater Heritage,Airbnb,StayVista at Backwater Heritage -1 BR lake view,1BHK Backwater Heritage Villa w/ Lake View,https://www.airbnb.co.in/rooms/42921942,Ready for Automation Sync,Fixed overflow: old was 47/44 chars (truncated in search cards); Excluded brand name on Airbnb (strictly complies with Airbnb guidelines)
1122259132169705743,Not Found,Reverie,Airbnb,"StayVista at Reverie @ Bella Dream - Pool, Bonfire",3BHK Reverie • Pool & Bonfire,https://www.airbnb.co.in/rooms/1122259132169705743,Ready for Automation Sync,"Fixed overflow: old was 50/44 chars (truncated in search cards); Removed non-compliant symbols ('|', '@', '+'); Excluded brand name on Airbnb (strictly complies with Airbnb guidelines)"
40219406,853,Stonehurst  5 BR,Airbnb,StayVista at Stonehurst Cottage 5 BR,5BHK Stonehurst 5 BR Cottage w/ Lawn,https://www.airbnb.co.in/rooms/40219406,Ready for Automation Sync,Excluded brand name on Airbnb (strictly complies with Airbnb guidelines)
1051305707172585141,3207,Grove,Airbnb,StayVista at Grove @ Casba Farm Retreat w/ Pool,3BHK Grove Retreat w/ Pool,https://www.airbnb.co.in/rooms/1051305707172585141,Ready for Automation Sync,"Fixed overflow: old was 47/44 chars (truncated in search cards); Removed non-compliant symbols ('|', '@', '+'); Excluded brand name on Airbnb (strictly complies with Airbnb guidelines)"
1117104152177217262,Not Found,2BR Lakeside Leisure Lawn Homestay Banasura Dam,Airbnb,2BR Lakeside Leisure Lawn Homestay Banasura Dam,2BHK Homestay w/ Lawn,https://www.airbnb.co.in/rooms/1117104152177217262,Ready for Automation Sync,Fixed overflow: old was 47/44 chars (truncated in search cards); Excluded brand name on Airbnb (strictly complies with Airbnb guidelines)
1045509144487453161,Not Found,Nazm,Airbnb,StayVista at Nazm w/ Bukhari & Luxe Decor,3BHK Nazm Villa w/ Private Pool,https://www.airbnb.co.in/rooms/1045509144487453161,Ready for Automation Sync,Excluded brand name on Airbnb (strictly complies with Airbnb guidelines)
1378880224184203731,4470,Noida Golf course,Airbnb,Noida Golf course | 5BR Albatross Haven,5BHK Noida Golf course Villa w/ Private Pool,https://www.airbnb.co.in/rooms/1378880224184203731,Ready for Automation Sync,"Removed non-compliant symbols ('|', '@', '+'); Excluded brand name on Airbnb (strictly complies with Airbnb guidelines)"
1583046869626184218,5188,Casa Solis,Airbnb,"StayVista at Casa Solis w/ Pool, WiFi",3BHK Casa Solis Villa w/ Pool,https://www.airbnb.co.in/rooms/1583046869626184218,Ready for Automation Sync,Excluded brand name on Airbnb (strictly complies with Airbnb guidelines)
1517852955718387665,Not Found,Shalini Bhardwaj Maura  12,Airbnb,Shalini Bhardwaj Maura Villa 12,3BHK Villa w/ Private Pool,https://www.airbnb.co.in/rooms/1517852955718387665,Ready for Automation Sync,Excluded brand name on Airbnb (strictly complies with Airbnb guidelines)
766976367945484405,2362,"@ The Charcoal  w/ Pool, Lawn",Airbnb,"StayVista @ The Charcoal Villa w/ Pool, Lawn","3BHK @ The Charcoal w/ Pool, Lawn w/ Pool",https://www.airbnb.co.in/rooms/766976367945484405,Ready for Automation Sync,"Removed non-compliant symbols ('|', '@', '+'); Excluded brand name on Airbnb (strictly complies with Airbnb guidelines)"
682326675510324157,Not Found,Ash,Airbnb,StayVista at Ash @ Hazel Woods w/Wooden Interiors,3BHK Ash Villa w/ Private Pool,https://www.airbnb.co.in/rooms/682326675510324157,Ready for Automation Sync,"Fixed overflow: old was 49/44 chars (truncated in search cards); Removed non-compliant symbols ('|', '@', '+'); Excluded brand name on Airbnb (strictly complies with Airbnb guidelines)"
1430914662221526734,4762,Vanilla @ Golden Lark w/ Wi,Airbnb,"Vanilla @ Golden Lark w/ Wi-Fi, Pool & Lawn",3BHK Vanilla @ Golden Lark w/ Wi w/ Pool,https://www.airbnb.co.in/rooms/1430914662221526734,Ready for Automation Sync,"Removed non-compliant symbols ('|', '@', '+'); Excluded brand name on Airbnb (strictly complies with Airbnb guidelines)"
1349662807914172601,4299,2BHK,Airbnb,"2BHK -StayVista@Golden Ridge w/Pool, Gazebo-Sangli",2BHK 2BHK • Pool & Gazebo,https://www.airbnb.co.in/rooms/1349662807914172601,Ready for Automation Sync,"Fixed overflow: old was 50/44 chars (truncated in search cards); Removed non-compliant symbols ('|', '@', '+'); Excluded brand name on Airbnb (strictly complies with Airbnb guidelines)"
1463540216424084537,4894,Chapter 5,Airbnb,Chapter 5 - 2BR @ The Ever House W/Comp Jacuzzi,2BHK Chapter 5 House w/ Jacuzzi,https://www.airbnb.co.in/rooms/1463540216424084537,Ready for Automation Sync,"Fixed overflow: old was 47/44 chars (truncated in search cards); Removed non-compliant symbols ('|', '@', '+'); Excluded brand name on Airbnb (strictly complies with Airbnb guidelines)"
1109246472677693241,2234,"The Alocve 4BHK  w/ Brkfast, Wi",Airbnb,"The Alocve 4BHK Villa w/ Brkfast, Wi-fi - OOTY",4BHK Villa w/ Private Pool,https://www.airbnb.co.in/rooms/1109246472677693241,Ready for Automation Sync,Fixed overflow: old was 46/44 chars (truncated in search cards); Excluded brand name on Airbnb (strictly complies with Airbnb guidelines)
995463267744550388,2862,"Jaipura Garh, 6BR Heritage Fort Havel",Airbnb,"StayVista at Jaipura Garh, 6BR Heritage Fort Havel",6BHK Villa w/ Private Pool,https://www.airbnb.co.in/rooms/995463267744550388,Ready for Automation Sync,Fixed overflow: old was 50/44 chars (truncated in search cards); Excluded brand name on Airbnb (strictly complies with Airbnb guidelines)
1567211504946250165,5169,Golden Petal,Airbnb,StayVista at Golden Petal w/ BBQ & Bonfire,3BHK Golden Petal • Bonfire & BBQ,https://www.airbnb.co.in/rooms/1567211504946250165,Ready for Automation Sync,Excluded brand name on Airbnb (strictly complies with Airbnb guidelines)
1268498562193381115,4043,Cosy @ Udaikot by VEO,Airbnb,Cosy @ Udaikot by VEO - Part of StayVista,3BHK Cosy @ Udaikot by VEO w/ Private Pool,https://www.airbnb.co.in/rooms/1268498562193381115,Ready for Automation Sync,"Removed non-compliant symbols ('|', '@', '+'); Excluded brand name on Airbnb (strictly complies with Airbnb guidelines)"
1686674395992314547,5560,Mooncrest Manor,Airbnb,"StayVista at Mooncrest Manor w/ Pool, Lawn",3BHK Mooncrest Manor • Pool & Lawn,https://www.airbnb.co.in/rooms/1686674395992314547,Ready for Automation Sync,Excluded brand name on Airbnb (strictly complies with Airbnb guidelines)
1147590445412604505,3656,Grace & Light – Pool & Lawn,Airbnb,StayVista at Grace & Light – Pool & Lawn Villa,3BHK Grace & Light – Pool & Lawn w/ Pool,https://www.airbnb.co.in/rooms/1147590445412604505,Ready for Automation Sync,Fixed overflow: old was 46/44 chars (truncated in search cards); Excluded brand name on Airbnb (strictly complies with Airbnb guidelines)
1283086897028904426,4087,3BR,Airbnb,3BR |Hill Escape|StayVista| Mimani Retreat@Gangtok,3BHK 3BR Retreat w/ Lawn,https://www.airbnb.co.in/rooms/1283086897028904426,Ready for Automation Sync,"Fixed overflow: old was 50/44 chars (truncated in search cards); Removed non-compliant symbols ('|', '@', '+'); Excluded brand name on Airbnb (strictly complies with Airbnb guidelines)"
1351919256977424201,Not Found,Cozy Grove 2BR @ Tiverton w/ Breakfast In Ooty,Airbnb,Cozy Grove 2BR @ Tiverton w/ Breakfast In Ooty,2BHK Villa w/ Private Pool,https://www.airbnb.co.in/rooms/1351919256977424201,Ready for Automation Sync,"Fixed overflow: old was 46/44 chars (truncated in search cards); Removed non-compliant symbols ('|', '@', '+'); Excluded brand name on Airbnb (strictly complies with Airbnb guidelines)"
1173529058350620794,3759,Noon,Airbnb,StayVista at Noon @ Bela Mansion w/ Pool & BBQ,3BHK Noon • Pool & BBQ,https://www.airbnb.co.in/rooms/1173529058350620794,Ready for Automation Sync,"Fixed overflow: old was 46/44 chars (truncated in search cards); Removed non-compliant symbols ('|', '@', '+'); Excluded brand name on Airbnb (strictly complies with Airbnb guidelines)"
1630330316980718395,5419,5BR,Airbnb,5BR |Luxury Pool/w BBQ|StayVista| Beryl Haven @Goa,5BHK 5BR • Pool & BBQ,https://www.airbnb.co.in/rooms/1630330316980718395,Ready for Automation Sync,"Fixed overflow: old was 50/44 chars (truncated in search cards); Removed non-compliant symbols ('|', '@', '+'); Excluded brand name on Airbnb (strictly complies with Airbnb guidelines)"
1061442231162411412,Not Found,Luxe Studio Apartment w/Pool in City Centre Jaipur,Airbnb,Luxe Studio Apartment w/Pool in City Centre Jaipur,3BHK Villa w/ Pool,https://www.airbnb.co.in/rooms/1061442231162411412,Ready for Automation Sync,Fixed overflow: old was 50/44 chars (truncated in search cards); Excluded brand name on Airbnb (strictly complies with Airbnb guidelines)
1295377142680269910,4029,Orchards @ Elysium,Airbnb,Orchards @ Elysium Estate | Hillview | Mashobra,3BHK Orchards @ Elysium Estate w/ Orchard,https://www.airbnb.co.in/rooms/1295377142680269910,Ready for Automation Sync,"Fixed overflow: old was 47/44 chars (truncated in search cards); Removed non-compliant symbols ('|', '@', '+'); Excluded brand name on Airbnb (strictly complies with Airbnb guidelines)"
1709194248121676780,5512,Santorini,Airbnb,"StayVista at Santorini Villa w/ Pool, Lawn",3BHK Santorini • Pool & Lawn,https://www.airbnb.co.in/rooms/1709194248121676780,Ready for Automation Sync,Excluded brand name on Airbnb (strictly complies with Airbnb guidelines)
1217748899549195936,3944,A Charming 1BR  in the Heart of Amritsar,Airbnb,A Charming 1BR Villa in the Heart of Amritsar,1BHK Villa w/ Private Pool,https://www.airbnb.co.in/rooms/1217748899549195936,Ready for Automation Sync,Fixed overflow: old was 45/44 chars (truncated in search cards); Excluded brand name on Airbnb (strictly complies with Airbnb guidelines)
1481130368510257615,Not Found,3BHK Jacuzzi + Terrace,Airbnb,3BHK Jacuzzi + Terrace |StayVista| Sitara @Jaipur,3BHK 3BHK Jacuzzi + Terrace Villa w/ Jacuzzi,https://www.airbnb.co.in/rooms/1481130368510257615,Ready for Automation Sync,"Fixed overflow: old was 49/44 chars (truncated in search cards); Removed non-compliant symbols ('|', '@', '+'); Excluded brand name on Airbnb (strictly complies with Airbnb guidelines)"
998215721944398301,2975,Sapphire,Airbnb,"StayVista at Sapphire @ Coral Breeze w/ Lawn, Pool",3BHK Sapphire • Pool & Lawn,https://www.airbnb.co.in/rooms/998215721944398301,Ready for Automation Sync,"Fixed overflow: old was 50/44 chars (truncated in search cards); Removed non-compliant symbols ('|', '@', '+'); Excluded brand name on Airbnb (strictly complies with Airbnb guidelines)"
1067893300616429749,3266,Prathaniya,Airbnb,StayVista at Prathaniya Villa w/ Swimming Pool,3BHK Prathaniya Villa w/ Pool,https://www.airbnb.co.in/rooms/1067893300616429749,Ready for Automation Sync,Fixed overflow: old was 46/44 chars (truncated in search cards); Excluded brand name on Airbnb (strictly complies with Airbnb guidelines)
566986767344004436,1257,3BR Wooden Chalet,Airbnb,StayVista | 3BR Wooden Chalet w/Mystic View & Pets,3BHK 3BR Wooden Chalet Chalet w/ Lawn,https://www.airbnb.co.in/rooms/566986767344004436,Ready for Automation Sync,"Fixed overflow: old was 50/44 chars (truncated in search cards); Removed non-compliant symbols ('|', '@', '+'); Excluded brand name on Airbnb (strictly complies with Airbnb guidelines)"
950481875266728667,2818,"Whistling Oaks w/ Lawn, Bonfire, BBQ",Airbnb,"Whistling Oaks w/ Lawn, Bonfire, BBQ",3BHK Villa w/ Lawn,https://www.airbnb.co.in/rooms/950481875266728667,Ready for Automation Sync,Excluded brand name on Airbnb (strictly complies with Airbnb guidelines)
1030823277008885742,3116,3BR Tranquil stay in Gurgaon W/ Pool,Airbnb,3BR Tranquil stay in Gurgaon W/ Pool,3BHK Villa w/ Pool,https://www.airbnb.co.in/rooms/1030823277008885742,Ready for Automation Sync,Excluded brand name on Airbnb (strictly complies with Airbnb guidelines)
1354791619220543790,4278,2BR,Airbnb,2BR |Bonfire Nights |StayVista| Pleasance Villa@UK,2BHK 2BR Villa w/ Bonfire,https://www.airbnb.co.in/rooms/1354791619220543790,Ready for Automation Sync,"Fixed overflow: old was 50/44 chars (truncated in search cards); Removed non-compliant symbols ('|', '@', '+'); Excluded brand name on Airbnb (strictly complies with Airbnb guidelines)"
1009049087399056261,3045,Timber 204,Airbnb,StayVista at Timber 204 w/ Lake & Gazebo,3BHK Timber 204 Villa w/ Gazebo,https://www.airbnb.co.in/rooms/1009049087399056261,Ready for Automation Sync,Excluded brand name on Airbnb (strictly complies with Airbnb guidelines)
1094747271185238849,3449,Hriday Bhoomi,Airbnb,"StayVista at Hriday Bhoomi w/ Jungle Safari, Pool",3BHK Hriday Bhoomi Villa w/ Pool,https://www.airbnb.co.in/rooms/1094747271185238849,Ready for Automation Sync,Fixed overflow: old was 49/44 chars (truncated in search cards); Excluded brand name on Airbnb (strictly complies with Airbnb guidelines)
1074455469500692842,3340,Coco 4BHK w/Breakfast,Airbnb,Coco 4BHK w/Breakfast - Wayanad,4BHK Coco 4BHK w/Breakfast w/ Private Pool,https://www.airbnb.co.in/rooms/1074455469500692842,Ready for Automation Sync,Excluded brand name on Airbnb (strictly complies with Airbnb guidelines)
1044917384030778334,3106,Wind Chime,Airbnb,StayVista at Wind Chime w/ Lawn & WiFi,3BHK Wind Chime Villa w/ Lawn,https://www.airbnb.co.in/rooms/1044917384030778334,Ready for Automation Sync,Excluded brand name on Airbnb (strictly complies with Airbnb guidelines)
1041853991956545936,Not Found,Canvas,Airbnb,StayVista at  Canvas @ Nomads’ Nest Campout,3BHK Canvas Villa w/ Private Pool,https://www.airbnb.co.in/rooms/1041853991956545936,Ready for Automation Sync,"Removed non-compliant symbols ('|', '@', '+'); Excluded brand name on Airbnb (strictly complies with Airbnb guidelines)"
922805508444765841,Not Found,Azure,Airbnb,StayVista at Azure @ The Blue Horizon,3BHK Azure Villa w/ Private Pool,https://www.airbnb.co.in/rooms/922805508444765841,Ready for Automation Sync,"Removed non-compliant symbols ('|', '@', '+'); Excluded brand name on Airbnb (strictly complies with Airbnb guidelines)"
842549717973092339,2537,Wilderness Whisperings @Dhanachauli 3BR,Airbnb,Wilderness Whisperings @Dhanachauli 3BR-Views,3BHK Villa w/ Private Pool,https://www.airbnb.co.in/rooms/842549717973092339,Ready for Automation Sync,"Fixed overflow: old was 45/44 chars (truncated in search cards); Removed non-compliant symbols ('|', '@', '+'); Excluded brand name on Airbnb (strictly complies with Airbnb guidelines)"
1094768939292024911,3448,Hub,Airbnb,StayVista at Hub @ Hriday Bhoomi w/ Jungle Safari,3BHK Hub Villa w/ Private Pool,https://www.airbnb.co.in/rooms/1094768939292024911,Ready for Automation Sync,"Fixed overflow: old was 49/44 chars (truncated in search cards); Removed non-compliant symbols ('|', '@', '+'); Excluded brand name on Airbnb (strictly complies with Airbnb guidelines)"
998973105429872385,2840,Streamside,Airbnb,StayVista at Streamside @ Rivulet Waters w/Jacuzzi,3BHK Streamside Villa w/ Jacuzzi,https://www.airbnb.co.in/rooms/998973105429872385,Ready for Automation Sync,"Fixed overflow: old was 50/44 chars (truncated in search cards); Removed non-compliant symbols ('|', '@', '+'); Excluded brand name on Airbnb (strictly complies with Airbnb guidelines)"
949118594890423323,2808,Sage,Airbnb,StayVista at Sage @ Prakriti Farms w/ Breakfast,3BHK Sage Villa w/ Private Pool,https://www.airbnb.co.in/rooms/949118594890423323,Ready for Automation Sync,"Fixed overflow: old was 47/44 chars (truncated in search cards); Removed non-compliant symbols ('|', '@', '+'); Excluded brand name on Airbnb (strictly complies with Airbnb guidelines)"
42701366,Not Found,Cocoon Valley,Airbnb,Cocoon Valley - 2 BR with bkfst/valley veiw,2BHK Cocoon Valley Villa w/ Private Pool,https://www.airbnb.co.in/rooms/42701366,Ready for Automation Sync,Excluded brand name on Airbnb (strictly complies with Airbnb guidelines)
1162856859155688552,3691,3BHK Elegant  w/Pool+Games,Airbnb,3BHK Elegant Villa w/Pool+Games| Le Melange@ Goa,3BHK 3BHK Elegant w/Pool+Games Villa w/ Pool,https://www.airbnb.co.in/rooms/1162856859155688552,Ready for Automation Sync,"Fixed overflow: old was 48/44 chars (truncated in search cards); Removed non-compliant symbols ('|', '@', '+'); Excluded brand name on Airbnb (strictly complies with Airbnb guidelines)"
1370809563722350332,Not Found,Meadow Suite Room 2 W/ Jacuzzi @ Ever Falls,Airbnb,Meadow Suite Room 2 W/ Jacuzzi @ Ever Falls,3BHK Villa w/ Jacuzzi,https://www.airbnb.co.in/rooms/1370809563722350332,Ready for Automation Sync,"Removed non-compliant symbols ('|', '@', '+'); Excluded brand name on Airbnb (strictly complies with Airbnb guidelines)"
1351885438182094358,Not Found,Swirl & Splash,Airbnb,"Swirl & Splash - w/ Slides, Pool, Theatre & Games",3BHK Swirl & Splash Villa w/ Pool,https://www.airbnb.co.in/rooms/1351885438182094358,Ready for Automation Sync,Fixed overflow: old was 49/44 chars (truncated in search cards); Excluded brand name on Airbnb (strictly complies with Airbnb guidelines)
1414917972139262398,Not Found,3BHK Pet Friendly,Airbnb,Stayvista 3BHK Pet Friendly Villa w/Pool in Jaipur,3BHK 3BHK Pet Friendly Villa w/ Pool,https://www.airbnb.co.in/rooms/1414917972139262398,Ready for Automation Sync,Fixed overflow: old was 50/44 chars (truncated in search cards); Excluded brand name on Airbnb (strictly complies with Airbnb guidelines)
1151809754467215157,Not Found,Cosmic,Airbnb,StayVista at Cosmic @ Stars & Windsongs - Lawn,3BHK Cosmic Villa w/ Lawn,https://www.airbnb.co.in/rooms/1151809754467215157,Ready for Automation Sync,"Fixed overflow: old was 46/44 chars (truncated in search cards); Removed non-compliant symbols ('|', '@', '+'); Excluded brand name on Airbnb (strictly complies with Airbnb guidelines)"
1307760717910319954,Not Found,3BHK Yellow Tulip  / Tea Plantation,Airbnb,3BHK Yellow Tulip Villa / Tea Plantation-Coonoor,3BHK Villa w/ Private Pool,https://www.airbnb.co.in/rooms/1307760717910319954,Ready for Automation Sync,Fixed overflow: old was 48/44 chars (truncated in search cards); Excluded brand name on Airbnb (strictly complies with Airbnb guidelines)
1314216568432998522,4194,The Zen Zone 3BHK Cosy +Pool View @Candolim,Airbnb,The Zen Zone 3BHK Cosy Villa+Pool View @Candolim,3BHK Villa w/ Pool,https://www.airbnb.co.in/rooms/1314216568432998522,Ready for Automation Sync,"Fixed overflow: old was 48/44 chars (truncated in search cards); Removed non-compliant symbols ('|', '@', '+'); Excluded brand name on Airbnb (strictly complies with Airbnb guidelines)"
1588831507679250148,787,Open,Airbnb,3BR|Garden Bliss|StayVista Open House @ Pune Haven,3BHK Open House w/ Garden,https://www.airbnb.co.in/rooms/1588831507679250148,Ready for Automation Sync,"Fixed overflow: old was 50/44 chars (truncated in search cards); Removed non-compliant symbols ('|', '@', '+'); Excluded brand name on Airbnb (strictly complies with Airbnb guidelines)"
1200619555605629324,3632,Elegant 4BHK  w/Pvt Pool+Bath tub+Lawn Jaipur,Airbnb,Elegant 4BHK Villa w/Pvt Pool+Bath tub+Lawn Jaipur,4BHK Villa w/ Pool,https://www.airbnb.co.in/rooms/1200619555605629324,Ready for Automation Sync,"Fixed overflow: old was 50/44 chars (truncated in search cards); Removed non-compliant symbols ('|', '@', '+'); Excluded brand name on Airbnb (strictly complies with Airbnb guidelines)"
1220172021114717163,Not Found,White Whale,Airbnb,"5BR,Pool,BBQ - StayVista at White Whale @ Goa",5BHK White Whale • Pool & BBQ,https://www.airbnb.co.in/rooms/1220172021114717163,Ready for Automation Sync,"Fixed overflow: old was 45/44 chars (truncated in search cards); Removed non-compliant symbols ('|', '@', '+'); Excluded brand name on Airbnb (strictly complies with Airbnb guidelines)"
1061447470961110359,Not Found,"Elite 1BR Apartment w/Pool &Gym City Centre,Jaipur",Airbnb,"Elite 1BR Apartment w/Pool &Gym City Centre,Jaipur",1BHK Villa w/ Pool,https://www.airbnb.co.in/rooms/1061447470961110359,Ready for Automation Sync,Fixed overflow: old was 50/44 chars (truncated in search cards); Excluded brand name on Airbnb (strictly complies with Airbnb guidelines)
41096101,1120,5 rooms,Airbnb,StayVista at 5 rooms @ Vyoman,3BHK 5 rooms Villa w/ Private Pool,https://www.airbnb.co.in/rooms/41096101,Ready for Automation Sync,"Removed non-compliant symbols ('|', '@', '+'); Excluded brand name on Airbnb (strictly complies with Airbnb guidelines)"
1689682798946296740,5569,Gharana,Airbnb,StayVista at Gharana w/ BBQ & Bonfire,3BHK Gharana • Bonfire & BBQ,https://www.airbnb.co.in/rooms/1689682798946296740,Ready for Automation Sync,Excluded brand name on Airbnb (strictly complies with Airbnb guidelines)
1170860314759072265,3771,Shore,Airbnb,StayVista at Shore @ Villa Marina - By the Sea,3BHK Shore Villa w/ Private Pool,https://www.airbnb.co.in/rooms/1170860314759072265,Ready for Automation Sync,"Fixed overflow: old was 46/44 chars (truncated in search cards); Removed non-compliant symbols ('|', '@', '+'); Excluded brand name on Airbnb (strictly complies with Airbnb guidelines)"
1714491170135559186,5544,Hermes Cove,Airbnb,"StayVista at Hermes Cove w/ Pool, Law",3BHK Hermes Cove Villa w/ Pool,https://www.airbnb.co.in/rooms/1714491170135559186,Ready for Automation Sync,Excluded brand name on Airbnb (strictly complies with Airbnb guidelines)
1520829488254640575,5042,Kuhu Natures resort W/Pool+Bathtub@Mandrem Goa,Airbnb,Kuhu Natures resort W/Pool+Bathtub@Mandrem Goa,3BHK Villa w/ Pool,https://www.airbnb.co.in/rooms/1520829488254640575,Ready for Automation Sync,"Fixed overflow: old was 46/44 chars (truncated in search cards); Removed non-compliant symbols ('|', '@', '+'); Excluded brand name on Airbnb (strictly complies with Airbnb guidelines)"
42898605,1341,Santoni Farms Pvt Pool 5bhk,Airbnb,Santoni Farms Pvt Pool 5bhk Villa,5BHK Santoni Farms Pvt Pool 5bhk w/ Pool,https://www.airbnb.co.in/rooms/42898605,Ready for Automation Sync,Excluded brand name on Airbnb (strictly complies with Airbnb guidelines)
681606601181646881,2212,Fairview Pines Hidden gem for family vacation,Airbnb,Fairview Pines Hidden gem for family vacation,3BHK Villa w/ Private Pool,https://www.airbnb.co.in/rooms/681606601181646881,Ready for Automation Sync,Fixed overflow: old was 45/44 chars (truncated in search cards); Excluded brand name on Airbnb (strictly complies with Airbnb guidelines)
1343114329411666453,Not Found,"2 BR  w/BKFST+Scenic View,Wifi near Gangtok",Airbnb,"2 BR Cottage w/BKFST+Scenic View,Wifi near Gangtok",2BHK Cottage w/ Lawn,https://www.airbnb.co.in/rooms/1343114329411666453,Ready for Automation Sync,"Fixed overflow: old was 50/44 chars (truncated in search cards); Removed non-compliant symbols ('|', '@', '+'); Excluded brand name on Airbnb (strictly complies with Airbnb guidelines)"
1402038277253187405,4564,Casa Vida Sol,Airbnb,"3BR, Pool, BBQ-StayVista at Casa Vida Sol @ Goa",3BHK Casa Vida Sol • Pool & BBQ,https://www.airbnb.co.in/rooms/1402038277253187405,Ready for Automation Sync,"Fixed overflow: old was 47/44 chars (truncated in search cards); Removed non-compliant symbols ('|', '@', '+'); Excluded brand name on Airbnb (strictly complies with Airbnb guidelines)"
1359936120783359182,2101,8BR Pristine Pines w/Library/Indoor Games @Kasauli,Airbnb,8BR Pristine Pines w/Library/Indoor Games @Kasauli,8BHK Villa w/ Private Pool,https://www.airbnb.co.in/rooms/1359936120783359182,Ready for Automation Sync,"Fixed overflow: old was 50/44 chars (truncated in search cards); Removed non-compliant symbols ('|', '@', '+'); Excluded brand name on Airbnb (strictly complies with Airbnb guidelines)"
40069465,Not Found,Garbyang Homestay,Airbnb,StayVista at Garbyang Homestay,3BHK Garbyang Homestay Homestay w/ Lawn,https://www.airbnb.co.in/rooms/40069465,Ready for Automation Sync,Excluded brand name on Airbnb (strictly complies with Airbnb guidelines)
827921627387910406,2531,Fern,Airbnb,StayVista at Fern @ Vine & Splash w/ Infinity Pool,3BHK Fern Villa w/ Infinity Pool,https://www.airbnb.co.in/rooms/827921627387910406,Ready for Automation Sync,"Fixed overflow: old was 50/44 chars (truncated in search cards); Removed non-compliant symbols ('|', '@', '+'); Excluded brand name on Airbnb (strictly complies with Airbnb guidelines)"
1309042898665000896,3429,Oasis of Solace,Airbnb,StayVista at Oasis of Solace w/ Pool & Lawn,3BHK Oasis of Solace • Pool & Lawn,https://www.airbnb.co.in/rooms/1309042898665000896,Ready for Automation Sync,Excluded brand name on Airbnb (strictly complies with Airbnb guidelines)
1074440905087344959,3339,Aqua 2BHK @ Clouds View Nature Resort,Airbnb,Aqua 2BHK @ Clouds View Nature Resort,2BHK Villa w/ Private Pool,https://www.airbnb.co.in/rooms/1074440905087344959,Ready for Automation Sync,"Removed non-compliant symbols ('|', '@', '+'); Excluded brand name on Airbnb (strictly complies with Airbnb guidelines)"
1225029213056817713,2744,6BHK w/Pool & BBQ,Airbnb,"6BHK w/Pool & BBQ | Gulmohar Gardens, Lonavala",6BHK 6BHK w/Pool & BBQ • Pool & BBQ,https://www.airbnb.co.in/rooms/1225029213056817713,Ready for Automation Sync,"Fixed overflow: old was 46/44 chars (truncated in search cards); Removed non-compliant symbols ('|', '@', '+'); Excluded brand name on Airbnb (strictly complies with Airbnb guidelines)"
42699805,Not Found,Cocoon Valley,Airbnb,Cocoon Valley - 3 BR with bkfst/valley veiw,3BHK Cocoon Valley Villa w/ Private Pool,https://www.airbnb.co.in/rooms/42699805,Ready for Automation Sync,Excluded brand name on Airbnb (strictly complies with Airbnb guidelines)
873576484515493417,2576,Hillside Meadows,Airbnb,Hillside Meadows - 4BHK w/Pool & Lawn - StayVista,4BHK Hillside Meadows • Pool & Lawn,https://www.airbnb.co.in/rooms/873576484515493417,Ready for Automation Sync,Fixed overflow: old was 49/44 chars (truncated in search cards); Excluded brand name on Airbnb (strictly complies with Airbnb guidelines)
1122241511017689193,Not Found,Mirage,Airbnb,StayVista at Mirage @ Bella Dream w/ Pool,3BHK Mirage Villa w/ Pool,https://www.airbnb.co.in/rooms/1122241511017689193,Ready for Automation Sync,"Removed non-compliant symbols ('|', '@', '+'); Excluded brand name on Airbnb (strictly complies with Airbnb guidelines)"
1603563018339765756,5252,"3BR Mirabelle @ with Pool, BBQ & lawn",Airbnb,"3BR Mirabelle @StayVista with Pool, BBQ & lawn",3BHK Villa w/ Pool,https://www.airbnb.co.in/rooms/1603563018339765756,Ready for Automation Sync,"Fixed overflow: old was 46/44 chars (truncated in search cards); Removed non-compliant symbols ('|', '@', '+'); Excluded brand name on Airbnb (strictly complies with Airbnb guidelines)"
782195815540336671,2415,3BR  Mountain Crest W/Outdoor Pool @ Kasauli,Airbnb,3BR Villa Mountain Crest W/Outdoor Pool @ Kasauli,3BHK Villa w/ Pool,https://www.airbnb.co.in/rooms/782195815540336671,Ready for Automation Sync,"Fixed overflow: old was 49/44 chars (truncated in search cards); Removed non-compliant symbols ('|', '@', '+'); Excluded brand name on Airbnb (strictly complies with Airbnb guidelines)"
1693990190594155071,5374,Rouge,Airbnb,"StayVista at Villa Rouge w/ Pool, Lawn",3BHK Rouge • Pool & Lawn,https://www.airbnb.co.in/rooms/1693990190594155071,Ready for Automation Sync,Excluded brand name on Airbnb (strictly complies with Airbnb guidelines)
765663045566364949,2357,The White Escape 5BR  in Sohna W/ Pool,Airbnb,The White Escape 5BR Villa in Sohna W/ Pool,5BHK Villa w/ Pool,https://www.airbnb.co.in/rooms/765663045566364949,Ready for Automation Sync,Excluded brand name on Airbnb (strictly complies with Airbnb guidelines)
1050458758802761988,3306,Colonial,Airbnb,StayVista at Colonial @ Zephyr Estate w/ BBQ,3BHK Colonial Estate w/ BBQ,https://www.airbnb.co.in/rooms/1050458758802761988,Ready for Automation Sync,"Removed non-compliant symbols ('|', '@', '+'); Excluded brand name on Airbnb (strictly complies with Airbnb guidelines)"
1208458966609802535,3908,"1BR @Callisto At Luna Nova w/ BBQ, Bonfire & Pool",Airbnb,"1BR @Callisto At Luna Nova w/ BBQ, Bonfire & Pool",1BHK Villa w/ Pool,https://www.airbnb.co.in/rooms/1208458966609802535,Ready for Automation Sync,"Fixed overflow: old was 49/44 chars (truncated in search cards); Removed non-compliant symbols ('|', '@', '+'); Excluded brand name on Airbnb (strictly complies with Airbnb guidelines)"
1586856232560835548,5207,@  Solasta w/ BBQ & Swimming Pool,Airbnb,StayVista @ Villa Solasta w/ BBQ & Swimming Pool,3BHK @ Solasta w/ BBQ & Swimming Pool • Pool,https://www.airbnb.co.in/rooms/1586856232560835548,Ready for Automation Sync,"Fixed overflow: old was 48/44 chars (truncated in search cards); Removed non-compliant symbols ('|', '@', '+'); Excluded brand name on Airbnb (strictly complies with Airbnb guidelines)"
972931705799979085,Not Found,Sapphire Bay,Airbnb,StayVista at Sapphire Bay w/ Outdoor Pool & Wi-Fi,3BHK Sapphire Bay Villa w/ Pool,https://www.airbnb.co.in/rooms/972931705799979085,Ready for Automation Sync,Fixed overflow: old was 49/44 chars (truncated in search cards); Excluded brand name on Airbnb (strictly complies with Airbnb guidelines)
1582393867040479158,5167,8BR,Airbnb,8BR|Grn Luxury|StayVista|Green Heritage Villa@Pune,8BHK 8BR Villa w/ Private Pool,https://www.airbnb.co.in/rooms/1582393867040479158,Ready for Automation Sync,"Fixed overflow: old was 50/44 chars (truncated in search cards); Removed non-compliant symbols ('|', '@', '+'); Excluded brand name on Airbnb (strictly complies with Airbnb guidelines)"
34261904,414,5BR Monsoon Vacation Perfect Home @  15,Airbnb,5BR Monsoon Vacation Perfect Home @ Estate 15,5BHK Estate w/ Lawn,https://www.airbnb.co.in/rooms/34261904,Ready for Automation Sync,"Fixed overflow: old was 45/44 chars (truncated in search cards); Removed non-compliant symbols ('|', '@', '+'); Excluded brand name on Airbnb (strictly complies with Airbnb guidelines)"
1430249544288232455,Not Found,Aqua,Airbnb,"StayVista at  Aqua @Swirl & Splash w/ Pool, Lawn",3BHK Aqua • Pool & Lawn,https://www.airbnb.co.in/rooms/1430249544288232455,Ready for Automation Sync,"Fixed overflow: old was 48/44 chars (truncated in search cards); Removed non-compliant symbols ('|', '@', '+'); Excluded brand name on Airbnb (strictly complies with Airbnb guidelines)"
1395371878264126035,4144,Luxury & Spacious 2BHK  w/Garden in Indore,Airbnb,Luxury & Spacious 2BHK Villa w/Garden in Indore,2BHK Villa w/ Garden,https://www.airbnb.co.in/rooms/1395371878264126035,Ready for Automation Sync,Fixed overflow: old was 47/44 chars (truncated in search cards); Excluded brand name on Airbnb (strictly complies with Airbnb guidelines)
921029109089655035,1965,5BR,Airbnb,5BR|View+Lawn@StayVista Tree Tops & Tea|Darjeeling,5BHK 5BR Villa w/ Lawn,https://www.airbnb.co.in/rooms/921029109089655035,Ready for Automation Sync,"Fixed overflow: old was 50/44 chars (truncated in search cards); Removed non-compliant symbols ('|', '@', '+'); Excluded brand name on Airbnb (strictly complies with Airbnb guidelines)"
882634567530764542,2247,Aykon,Airbnb,StayVista at Aykon Estate W/ Outdoor Pool,3BHK Aykon Estate w/ Pool,https://www.airbnb.co.in/rooms/882634567530764542,Ready for Automation Sync,Excluded brand name on Airbnb (strictly complies with Airbnb guidelines)
630837349181452501,Not Found,1 BR @Pines & Spruce,Airbnb,"1 BR @Pines & Spruce - w/Caretaker, wifi & Parking",1BHK 1 BR @Pines & Spruce w/ Private Pool,https://www.airbnb.co.in/rooms/630837349181452501,Ready for Automation Sync,"Fixed overflow: old was 50/44 chars (truncated in search cards); Removed non-compliant symbols ('|', '@', '+'); Excluded brand name on Airbnb (strictly complies with Airbnb guidelines)"
1288202564202779660,4128,Kiwi @ Vatika Nature Nest w/ Lawn,Airbnb,Kiwi @ Vatika Nature Nest w/ Lawn - Gokarna,3BHK Villa w/ Lawn,https://www.airbnb.co.in/rooms/1288202564202779660,Ready for Automation Sync,"Removed non-compliant symbols ('|', '@', '+'); Excluded brand name on Airbnb (strictly complies with Airbnb guidelines)"
1228110158842781908,2260,5BR,Airbnb,5BR|Cliffside+BBQ+View|StayVista| The Woods @Chail,5BHK 5BR Villa w/ BBQ,https://www.airbnb.co.in/rooms/1228110158842781908,Ready for Automation Sync,"Fixed overflow: old was 50/44 chars (truncated in search cards); Removed non-compliant symbols ('|', '@', '+'); Excluded brand name on Airbnb (strictly complies with Airbnb guidelines)"
48594407,1650,2BR Heritage Kothi w/ Outdoor Jacuzzi & ValleyView,Airbnb,2BR Heritage Kothi w/ Outdoor Jacuzzi & ValleyView,2BHK Villa w/ Valley View,https://www.airbnb.co.in/rooms/48594407,Ready for Automation Sync,Fixed overflow: old was 50/44 chars (truncated in search cards); Excluded brand name on Airbnb (strictly complies with Airbnb guidelines)
996915777266327971,Not Found,Raindrops,Airbnb,Raindrops-Tropical Whispers 1BR w/Pool,1BHK Raindrops Villa w/ Pool,https://www.airbnb.co.in/rooms/996915777266327971,Ready for Automation Sync,Excluded brand name on Airbnb (strictly complies with Airbnb guidelines)
1386785563420565003,Not Found,Glamping Suite 9,Airbnb,StayVista at Glamping Suite 9 @ Vaana - Jacuzzi,3BHK Glamping Suite 9 Villa w/ Jacuzzi,https://www.airbnb.co.in/rooms/1386785563420565003,Ready for Automation Sync,"Fixed overflow: old was 47/44 chars (truncated in search cards); Removed non-compliant symbols ('|', '@', '+'); Excluded brand name on Airbnb (strictly complies with Airbnb guidelines)"
780737586879660649,2409,@ Sunshine Brooks 3BHK Pvt Pool,Airbnb,StayVista @ Sunshine Brooks 3BHK Pvt Pool Villa,3BHK @ Sunshine Brooks 3BHK Pvt Pool w/ Pool,https://www.airbnb.co.in/rooms/780737586879660649,Ready for Automation Sync,"Fixed overflow: old was 47/44 chars (truncated in search cards); Removed non-compliant symbols ('|', '@', '+'); Excluded brand name on Airbnb (strictly complies with Airbnb guidelines)"
1243221920013545499,2925,Sunara Trails by VEO,Airbnb,Sunara Trails by VEO - Part of StayVista,3BHK Sunara Trails by VEO w/ Private Pool,https://www.airbnb.co.in/rooms/1243221920013545499,Ready for Automation Sync,Excluded brand name on Airbnb (strictly complies with Airbnb guidelines)
1214955648699945412,1482,Brickwood Hill A 4BR Lavish  W/ Massive Lawn,Airbnb,Brickwood Hill A 4BR Lavish Villa W/ Massive Lawn,4BHK Villa w/ Lawn,https://www.airbnb.co.in/rooms/1214955648699945412,Ready for Automation Sync,Fixed overflow: old was 49/44 chars (truncated in search cards); Excluded brand name on Airbnb (strictly complies with Airbnb guidelines)
842462785443188455,2512,Quiero D'amour Luxurious 4BR  W/Lawn Amritsar,Airbnb,Quiero D'amour Luxurious 4BR Villa W/Lawn Amritsar,4BHK Villa w/ Lawn,https://www.airbnb.co.in/rooms/842462785443188455,Ready for Automation Sync,Fixed overflow: old was 50/44 chars (truncated in search cards); Excluded brand name on Airbnb (strictly complies with Airbnb guidelines)
732257617313916510,2303,Karyali,Airbnb,StayVista at Karyali Villa | 2BR Pool Retreat,2BHK Karyali Villa w/ Pool,https://www.airbnb.co.in/rooms/732257617313916510,Ready for Automation Sync,"Fixed overflow: old was 45/44 chars (truncated in search cards); Removed non-compliant symbols ('|', '@', '+'); Excluded brand name on Airbnb (strictly complies with Airbnb guidelines)"
1050520988533578891,3278,Magnificent Waterfall Retreat,Airbnb,StayVista at Magnificent Waterfall Retreat,3BHK Magnificent Waterfall Retreat w/ Lawn,https://www.airbnb.co.in/rooms/1050520988533578891,Ready for Automation Sync,Excluded brand name on Airbnb (strictly complies with Airbnb guidelines)
842561094990066892,2554,2BR Solace @Wilderness Whisperings,Airbnb,2BR Solace @Wilderness Whisperings,2BHK Villa w/ Private Pool,https://www.airbnb.co.in/rooms/842561094990066892,Ready for Automation Sync,"Removed non-compliant symbols ('|', '@', '+'); Excluded brand name on Airbnb (strictly complies with Airbnb guidelines)"
1517241045196848870,3836,Bamboo Hut @ Maple Farms Sohna W/Aravali View,Airbnb,Bamboo Hut @ Maple Farms Sohna W/Aravali View,3BHK Villa w/ Private Pool,https://www.airbnb.co.in/rooms/1517241045196848870,Ready for Automation Sync,"Fixed overflow: old was 45/44 chars (truncated in search cards); Removed non-compliant symbols ('|', '@', '+'); Excluded brand name on Airbnb (strictly complies with Airbnb guidelines)"
53598728,1870,2 BR @Harmony,Airbnb,2 BR @Harmony Villa - Bhimtal,2BHK 2 BR @Harmony Villa w/ Private Pool,https://www.airbnb.co.in/rooms/53598728,Ready for Automation Sync,"Removed non-compliant symbols ('|', '@', '+'); Excluded brand name on Airbnb (strictly complies with Airbnb guidelines)"
1067876530072138766,Not Found,Dimple Lodge,Airbnb,StayVista at Dimple Lodge,3BHK Dimple Lodge Villa w/ Private Pool,https://www.airbnb.co.in/rooms/1067876530072138766,Ready for Automation Sync,Excluded brand name on Airbnb (strictly complies with Airbnb guidelines)
1080297079224472116,2812,Arhaan Farms,Airbnb,5BR Luxe Pool Stay| StayVista |Arhaan Farms@ Delhi,5BHK Arhaan Farms Villa w/ Pool,https://www.airbnb.co.in/rooms/1080297079224472116,Ready for Automation Sync,"Fixed overflow: old was 50/44 chars (truncated in search cards); Removed non-compliant symbols ('|', '@', '+'); Excluded brand name on Airbnb (strictly complies with Airbnb guidelines)"
1654268221426986509,5352,5BR,Airbnb,5BR|Luxury Pool+BBQ|StayVista| Amelia Villa@Karjat,5BHK 5BR • Pool & BBQ,https://www.airbnb.co.in/rooms/1654268221426986509,Ready for Automation Sync,"Fixed overflow: old was 50/44 chars (truncated in search cards); Removed non-compliant symbols ('|', '@', '+'); Excluded brand name on Airbnb (strictly complies with Airbnb guidelines)"
1041848618249176478,2846,Amaltas,Airbnb,StayVista at Amaltas w/ Pool & Lawn,3BHK Amaltas • Pool & Lawn,https://www.airbnb.co.in/rooms/1041848618249176478,Ready for Automation Sync,Excluded brand name on Airbnb (strictly complies with Airbnb guidelines)
1378590796761879890,Not Found,Elegant,Airbnb,StayVista Elegant 7BHK Villa w/Pvt Pool in Jaipur,7BHK Elegant Villa w/ Pool,https://www.airbnb.co.in/rooms/1378590796761879890,Ready for Automation Sync,Fixed overflow: old was 49/44 chars (truncated in search cards); Excluded brand name on Airbnb (strictly complies with Airbnb guidelines)
1147120509346201266,95,@ Ivory Crest W/Pvt Pool,Airbnb,StayVista @ Ivory Crest W/Pvt Pool,3BHK @ Ivory Crest W/Pvt Pool Villa w/ Pool,https://www.airbnb.co.in/rooms/1147120509346201266,Ready for Automation Sync,"Removed non-compliant symbols ('|', '@', '+'); Excluded brand name on Airbnb (strictly complies with Airbnb guidelines)"
1678799069058313321,5566,Tres,Airbnb,StayVista at Tres @ Himalayan Den w/ Bonfire,3BHK Tres Villa w/ Bonfire,https://www.airbnb.co.in/rooms/1678799069058313321,Ready for Automation Sync,"Removed non-compliant symbols ('|', '@', '+'); Excluded brand name on Airbnb (strictly complies with Airbnb guidelines)"
1172982743711829450,3772,Shashwat,Airbnb,StayVista at Shashwat Villa | 5BR Pool & Gym,5BHK Shashwat Villa w/ Pool,https://www.airbnb.co.in/rooms/1172982743711829450,Ready for Automation Sync,"Removed non-compliant symbols ('|', '@', '+'); Excluded brand name on Airbnb (strictly complies with Airbnb guidelines)"
1268497346121363768,4026,– Rahat,Airbnb,StayVista – Rahat | Contemporary Home w/ Pool,3BHK – Rahat Villa w/ Pool,https://www.airbnb.co.in/rooms/1268497346121363768,Ready for Automation Sync,"Fixed overflow: old was 45/44 chars (truncated in search cards); Removed non-compliant symbols ('|', '@', '+'); Excluded brand name on Airbnb (strictly complies with Airbnb guidelines)"
1181631651198678373,3539,Rootanian 4BR Retreat w/Geometric Facade,Airbnb,Rootanian 4BR Retreat w/Geometric Facade,4BHK Retreat w/ Lawn,https://www.airbnb.co.in/rooms/1181631651198678373,Ready for Automation Sync,Excluded brand name on Airbnb (strictly complies with Airbnb guidelines)
651370524121291524,2148,3BR,Airbnb,3BR|View+ Pool|StayVista|Shades of Nature@ Alibaug,3BHK 3BR Villa w/ Pool,https://www.airbnb.co.in/rooms/651370524121291524,Ready for Automation Sync,"Fixed overflow: old was 50/44 chars (truncated in search cards); Removed non-compliant symbols ('|', '@', '+'); Excluded brand name on Airbnb (strictly complies with Airbnb guidelines)"
1335250012368980500,4287,"2BR  W/Pool, Massive Lawn & Outdoor Games",Airbnb,"2BR Villa W/Pool, Massive Lawn & Outdoor Games",2BHK Villa w/ Pool,https://www.airbnb.co.in/rooms/1335250012368980500,Ready for Automation Sync,Fixed overflow: old was 46/44 chars (truncated in search cards); Excluded brand name on Airbnb (strictly complies with Airbnb guidelines)
1305681917090935797,3220,3BR Casa Gaula,Airbnb,3BR Casa Gaula -w/ EV Charging+ Lawn,3BHK 3BR Casa Gaula Villa w/ Lawn,https://www.airbnb.co.in/rooms/1305681917090935797,Ready for Automation Sync,"Removed non-compliant symbols ('|', '@', '+'); Excluded brand name on Airbnb (strictly complies with Airbnb guidelines)"
1457795170052202094,4855,Hope,Airbnb,"StayVista at Hope @ Dream Haus w/ Lawn, Jacuzzi",3BHK Hope • Jacuzzi & Lawn,https://www.airbnb.co.in/rooms/1457795170052202094,Ready for Automation Sync,"Fixed overflow: old was 47/44 chars (truncated in search cards); Removed non-compliant symbols ('|', '@', '+'); Excluded brand name on Airbnb (strictly complies with Airbnb guidelines)"
1557090215335160969,4038,3BR Spacious  in Jammu W/Spacious Lawn,Airbnb,3BR Spacious House in Jammu W/Spacious Lawn,3BHK House w/ Lawn,https://www.airbnb.co.in/rooms/1557090215335160969,Ready for Automation Sync,Excluded brand name on Airbnb (strictly complies with Airbnb guidelines)
1409124758019671575,4680,Main Bungalow @ Under the stars 1 BR,Airbnb,Main Bungalow @ Under the stars 1 BR,1BHK Bungalow w/ Lawn,https://www.airbnb.co.in/rooms/1409124758019671575,Ready for Automation Sync,"Removed non-compliant symbols ('|', '@', '+'); Excluded brand name on Airbnb (strictly complies with Airbnb guidelines)"
52679006,1766,6BR Pool Retreat,Airbnb,6BR Pool Retreat |StayVista |Corfu & Crete @Karjat,6BHK 6BR Pool Retreat Retreat w/ Pool,https://www.airbnb.co.in/rooms/52679006,Ready for Automation Sync,"Fixed overflow: old was 50/44 chars (truncated in search cards); Removed non-compliant symbols ('|', '@', '+'); Excluded brand name on Airbnb (strictly complies with Airbnb guidelines)"
1711271211611348159,2065,Mountain Mirage,Airbnb,StayVista at Mountain Mirage W/ Bonfire - Parwanoo,3BHK Mountain Mirage Villa w/ Bonfire,https://www.airbnb.co.in/rooms/1711271211611348159,Ready for Automation Sync,Fixed overflow: old was 50/44 chars (truncated in search cards); Excluded brand name on Airbnb (strictly complies with Airbnb guidelines)
817212450705373394,2491,The Hideout Farms,Airbnb,StayVista at The Hideout Farms | 1BR Pool Villa,1BHK The Hideout Farms Villa w/ Pool,https://www.airbnb.co.in/rooms/817212450705373394,Ready for Automation Sync,"Fixed overflow: old was 47/44 chars (truncated in search cards); Removed non-compliant symbols ('|', '@', '+'); Excluded brand name on Airbnb (strictly complies with Airbnb guidelines)"
1044842569437031746,Not Found,@4BR VillaMountain,Airbnb,StayVista @4BR VillaMountain,4BHK @4BR VillaMountain w/ Private Pool,https://www.airbnb.co.in/rooms/1044842569437031746,Ready for Automation Sync,"Removed non-compliant symbols ('|', '@', '+'); Excluded brand name on Airbnb (strictly complies with Airbnb guidelines)"
1366429186751929806,1694,5BR Pool  w/Gazebo & WiFi,Airbnb,5BR Pool Villa w/Gazebo & WiFi | Woodhaus Lonavala,5BHK 5BR Pool w/Gazebo & WiFi Villa w/ Pool,https://www.airbnb.co.in/rooms/1366429186751929806,Ready for Automation Sync,"Fixed overflow: old was 50/44 chars (truncated in search cards); Removed non-compliant symbols ('|', '@', '+'); Excluded brand name on Airbnb (strictly complies with Airbnb guidelines)"
872272574474031926,1391,Stay Vista at 2 Rooms @ The Zevog,Airbnb,Stay Vista at 2 Rooms @ The Zevog Villa,3BHK Villa w/ Private Pool,https://www.airbnb.co.in/rooms/872272574474031926,Ready for Automation Sync,"Removed non-compliant symbols ('|', '@', '+'); Excluded brand name on Airbnb (strictly complies with Airbnb guidelines)"
1576589424814309279,5119,2BR,Airbnb,2BR | Pool+BonFire+BBQ |StayVista| Rayana @Udaipur,2BHK 2BR • Pool & Bonfire,https://www.airbnb.co.in/rooms/1576589424814309279,Ready for Automation Sync,"Fixed overflow: old was 50/44 chars (truncated in search cards); Removed non-compliant symbols ('|', '@', '+'); Excluded brand name on Airbnb (strictly complies with Airbnb guidelines)"
48594560,1651,1BR Heritage Kothi w/ Outdoor Jacuzzi & ValleyView,Airbnb,1BR Heritage Kothi w/ Outdoor Jacuzzi & ValleyView,1BHK Villa w/ Valley View,https://www.airbnb.co.in/rooms/48594560,Ready for Automation Sync,Fixed overflow: old was 50/44 chars (truncated in search cards); Excluded brand name on Airbnb (strictly complies with Airbnb guidelines)
36646759,543,@ White Brick,Airbnb,StayVista @ White Brick House Villa,3BHK @ White Brick Villa w/ Private Pool,https://www.airbnb.co.in/rooms/36646759,Ready for Automation Sync,"Removed non-compliant symbols ('|', '@', '+'); Excluded brand name on Airbnb (strictly complies with Airbnb guidelines)"
620006140031008873,1875,@ Blue Horizon – 5BHK Mandwa Beach,Airbnb,StayVista @ Blue Horizon – 5BHK Mandwa Beach,5BHK Villa w/ Private Pool,https://www.airbnb.co.in/rooms/620006140031008873,Ready for Automation Sync,"Removed non-compliant symbols ('|', '@', '+'); Excluded brand name on Airbnb (strictly complies with Airbnb guidelines)"
676488057673135969,2208,"1BR@ Springhills  w/Pool, Ayurvedic Spa,Pet.",Airbnb,"1BR@ Springhills Villa w/Pool, Ayurvedic Spa,Pet.",1BHK Villa w/ Pool,https://www.airbnb.co.in/rooms/676488057673135969,Ready for Automation Sync,"Fixed overflow: old was 49/44 chars (truncated in search cards); Removed non-compliant symbols ('|', '@', '+'); Excluded brand name on Airbnb (strictly complies with Airbnb guidelines)"
1663548971771314330,5492,Quinta Maris in Vagator,Airbnb,"StayVista at Quinta Maris in Vagator w/ Pool, BBQ",3BHK Quinta Maris in Vagator • Pool & BBQ,https://www.airbnb.co.in/rooms/1663548971771314330,Ready for Automation Sync,Fixed overflow: old was 49/44 chars (truncated in search cards); Excluded brand name on Airbnb (strictly complies with Airbnb guidelines)
1328093361861128257,Not Found,Artisanal Heights,Airbnb,StayVista Artisanal Heights | 5BR w/Pool & Jacuzzi,5BHK Artisanal Heights • Pool & Jacuzzi,https://www.airbnb.co.in/rooms/1328093361861128257,Ready for Automation Sync,"Fixed overflow: old was 50/44 chars (truncated in search cards); Removed non-compliant symbols ('|', '@', '+'); Excluded brand name on Airbnb (strictly complies with Airbnb guidelines)"
1116553518450170941,3524,4BR,Airbnb,"4BR-StayVista @ Citrus @ Minty Mirage w/pool, WiFi",4BHK 4BR Villa w/ Pool,https://www.airbnb.co.in/rooms/1116553518450170941,Ready for Automation Sync,"Fixed overflow: old was 50/44 chars (truncated in search cards); Removed non-compliant symbols ('|', '@', '+'); Excluded brand name on Airbnb (strictly complies with Airbnb guidelines)"
1245420338497003768,Not Found,"4BR w/Pool+ Bathtub in Sawai Madhopur, Ranthambore",Airbnb,"4BR w/Pool+ Bathtub in Sawai Madhopur, Ranthambore",4BHK Villa w/ Pool,https://www.airbnb.co.in/rooms/1245420338497003768,Ready for Automation Sync,"Fixed overflow: old was 50/44 chars (truncated in search cards); Removed non-compliant symbols ('|', '@', '+'); Excluded brand name on Airbnb (strictly complies with Airbnb guidelines)"
1199084366601985162,3805,Ferns Citadel,Airbnb,"StayVista at Ferns Citadel w/ Pool, Lawn & WiFi",3BHK Ferns Citadel • Pool & Lawn,https://www.airbnb.co.in/rooms/1199084366601985162,Ready for Automation Sync,Fixed overflow: old was 47/44 chars (truncated in search cards); Excluded brand name on Airbnb (strictly complies with Airbnb guidelines)
1715058283954909491,4734,Peak,Airbnb,StayVista at Peak @ The Altair,3BHK Peak Villa w/ Private Pool,https://www.airbnb.co.in/rooms/1715058283954909491,Ready for Automation Sync,"Removed non-compliant symbols ('|', '@', '+'); Excluded brand name on Airbnb (strictly complies with Airbnb guidelines)"
1359928778069375568,3181,Panoramic Views W/Pool @Firefly Mountain Retreat,Airbnb,Panoramic Views W/Pool @Firefly Mountain Retreat,3BHK Retreat w/ Pool,https://www.airbnb.co.in/rooms/1359928778069375568,Ready for Automation Sync,"Fixed overflow: old was 48/44 chars (truncated in search cards); Removed non-compliant symbols ('|', '@', '+'); Excluded brand name on Airbnb (strictly complies with Airbnb guidelines)"
1313623259497252606,4008,The Manvi,Airbnb,StayVista at The Manvi Estate - Gurugram With Pool,3BHK The Manvi Estate w/ Pool,https://www.airbnb.co.in/rooms/1313623259497252606,Ready for Automation Sync,Fixed overflow: old was 50/44 chars (truncated in search cards); Excluded brand name on Airbnb (strictly complies with Airbnb guidelines)
1019138772264945388,915,Luxury 2BR  Pet Friendly w/ Riverside & Chef,Airbnb,Luxury 2BR  Pet Friendly w/ Riverside & Chef,2BHK Villa w/ River View,https://www.airbnb.co.in/rooms/1019138772264945388,Ready for Automation Sync,Excluded brand name on Airbnb (strictly complies with Airbnb guidelines)
1061421668062913889,3221,3BR,Airbnb,3BR |Pool&Deck Gem|StayVista| Harvest Haven@Nashik,3BHK 3BR Villa w/ Pool,https://www.airbnb.co.in/rooms/1061421668062913889,Ready for Automation Sync,"Fixed overflow: old was 50/44 chars (truncated in search cards); Removed non-compliant symbols ('|', '@', '+'); Excluded brand name on Airbnb (strictly complies with Airbnb guidelines)"
1351797737549309217,4274,@ Ever Falls Retreat – 9 Cottages/w,Airbnb,StayVista @ Ever Falls Retreat – 9 Cottages/w-Pool,3BHK Retreat w/ Pool,https://www.airbnb.co.in/rooms/1351797737549309217,Ready for Automation Sync,"Fixed overflow: old was 50/44 chars (truncated in search cards); Removed non-compliant symbols ('|', '@', '+'); Excluded brand name on Airbnb (strictly complies with Airbnb guidelines)"
681474551834767895,2213,Rhythmic Woods,Airbnb,StayVista at Rhythmic Woods with crystal water.,3BHK Rhythmic Woods Villa w/ Private Pool,https://www.airbnb.co.in/rooms/681474551834767895,Ready for Automation Sync,Fixed overflow: old was 47/44 chars (truncated in search cards); Excluded brand name on Airbnb (strictly complies with Airbnb guidelines)
47106606,1570,3BR,Airbnb,3BR|Luxury Pool|StayVista| The Winter Line@Kasauli,3BHK 3BR Villa w/ Pool,https://www.airbnb.co.in/rooms/47106606,Ready for Automation Sync,"Fixed overflow: old was 50/44 chars (truncated in search cards); Removed non-compliant symbols ('|', '@', '+'); Excluded brand name on Airbnb (strictly complies with Airbnb guidelines)"
1269365531340390309,4094,Grace,Airbnb,"StayVista at Grace @ Cadenza Villa w/ Pool, Lawn",3BHK Grace • Pool & Lawn,https://www.airbnb.co.in/rooms/1269365531340390309,Ready for Automation Sync,"Fixed overflow: old was 48/44 chars (truncated in search cards); Removed non-compliant symbols ('|', '@', '+'); Excluded brand name on Airbnb (strictly complies with Airbnb guidelines)"
630686120889972688,Not Found,2BR Teal,Airbnb,2BR Teal Cottage - w/ Caretaker & Wifi,2BHK 2BR Teal Cottage w/ Lawn,https://www.airbnb.co.in/rooms/630686120889972688,Ready for Automation Sync,Excluded brand name on Airbnb (strictly complies with Airbnb guidelines)
1061438271676654045,Not Found,1BR,Airbnb,StayVista 1BR w/Pool & Gym in City Centre Jaipur,1BHK 1BR Villa w/ Pool,https://www.airbnb.co.in/rooms/1061438271676654045,Ready for Automation Sync,Fixed overflow: old was 48/44 chars (truncated in search cards); Excluded brand name on Airbnb (strictly complies with Airbnb guidelines)
40874891,2309,Spirits Unplugged,Airbnb,StayVista at Spirits Unplugged | Mountain View,3BHK Spirits Unplugged w/ Mountain View,https://www.airbnb.co.in/rooms/40874891,Ready for Automation Sync,"Fixed overflow: old was 46/44 chars (truncated in search cards); Removed non-compliant symbols ('|', '@', '+'); Excluded brand name on Airbnb (strictly complies with Airbnb guidelines)"
36187511,445,The Rain Lake and Pool Facing View 1,Airbnb,StayVista at The Rain Lake and Pool Facing View 1,3BHK Villa w/ Pool,https://www.airbnb.co.in/rooms/36187511,Ready for Automation Sync,Fixed overflow: old was 49/44 chars (truncated in search cards); Excluded brand name on Airbnb (strictly complies with Airbnb guidelines)
1208433934580775691,526,4 BR @ Luxury Homestay in Theog W Scenic Hill View,Airbnb,4 BR @ Luxury Homestay in Theog W Scenic Hill View,4BHK Homestay w/ Lawn,https://www.airbnb.co.in/rooms/1208433934580775691,Ready for Automation Sync,"Fixed overflow: old was 50/44 chars (truncated in search cards); Removed non-compliant symbols ('|', '@', '+'); Excluded brand name on Airbnb (strictly complies with Airbnb guidelines)"
614780212775555954,Not Found,Mountain's Edge,Airbnb,StayVista at Mountain's Edge - 5BR w/ Lawn,5BHK Mountain's Edge Villa w/ Lawn,https://www.airbnb.co.in/rooms/614780212775555954,Ready for Automation Sync,Excluded brand name on Airbnb (strictly complies with Airbnb guidelines)
1169200764992987497,3735,Montierra W/ Pivate Pool & Comp BF,Airbnb,Villa Montierra W/ Pivate Pool & Comp BF,3BHK Villa w/ Pool,https://www.airbnb.co.in/rooms/1169200764992987497,Ready for Automation Sync,Excluded brand name on Airbnb (strictly complies with Airbnb guidelines)
993851135762573280,2926,Sukoon,Airbnb,"StayVista at Sukoon-2BRw/Unique Pool, Bonfire",2BHK Sukoon • Pool & Bonfire,https://www.airbnb.co.in/rooms/993851135762573280,Ready for Automation Sync,Fixed overflow: old was 45/44 chars (truncated in search cards); Excluded brand name on Airbnb (strictly complies with Airbnb guidelines)
880087547724962409,2610,2BR,Airbnb,2BR |Poolside Bar+Fun|StayVista| Xtasea @ Himachal,2BHK 2BR Villa w/ Private Pool,https://www.airbnb.co.in/rooms/880087547724962409,Ready for Automation Sync,"Fixed overflow: old was 50/44 chars (truncated in search cards); Removed non-compliant symbols ('|', '@', '+'); Excluded brand name on Airbnb (strictly complies with Airbnb guidelines)"
1370753481215484691,4492,Elevated Suite Room 1 W/ Jacuzzi @ Ever Falls,Airbnb,Elevated Suite Room 1 W/ Jacuzzi @ Ever Falls,3BHK Villa w/ Jacuzzi,https://www.airbnb.co.in/rooms/1370753481215484691,Ready for Automation Sync,"Fixed overflow: old was 45/44 chars (truncated in search cards); Removed non-compliant symbols ('|', '@', '+'); Excluded brand name on Airbnb (strictly complies with Airbnb guidelines)"
40069359,Not Found,Garbyang Homestay,Airbnb,StayVista at Garbyang Homestay,3BHK Garbyang Homestay Homestay w/ Lawn,https://www.airbnb.co.in/rooms/40069359,Ready for Automation Sync,Excluded brand name on Airbnb (strictly complies with Airbnb guidelines)
1341892156044184168,Not Found,2 BR  w/BKFST+Scenic View near Gangtok,Airbnb,2 BR Cottage w/BKFST+Scenic View near Gangtok,2BHK Cottage w/ Lawn,https://www.airbnb.co.in/rooms/1341892156044184168,Ready for Automation Sync,"Fixed overflow: old was 45/44 chars (truncated in search cards); Removed non-compliant symbols ('|', '@', '+'); Excluded brand name on Airbnb (strictly complies with Airbnb guidelines)"
1151265991225625806,3674,Balmy,Airbnb,StayVista at Balmy @ Stars & Windsongs w/ Lawn,3BHK Balmy Villa w/ Lawn,https://www.airbnb.co.in/rooms/1151265991225625806,Ready for Automation Sync,"Fixed overflow: old was 46/44 chars (truncated in search cards); Removed non-compliant symbols ('|', '@', '+'); Excluded brand name on Airbnb (strictly complies with Airbnb guidelines)"
1717274475191193578,5703,Horizon Squares,Airbnb,StayVista at Villa Horizon Squares w/ Lawn & Pool,3BHK Horizon Squares • Pool & Lawn,https://www.airbnb.co.in/rooms/1717274475191193578,Ready for Automation Sync,Fixed overflow: old was 49/44 chars (truncated in search cards); Excluded brand name on Airbnb (strictly complies with Airbnb guidelines)
1309019590540012135,2718,Odessa Enclave – Pool & Wi,Airbnb,Odessa Enclave – Pool & Wi-Fi Luxury Stay,3BHK Odessa Enclave – Pool & Wi w/ Pool,https://www.airbnb.co.in/rooms/1309019590540012135,Ready for Automation Sync,Excluded brand name on Airbnb (strictly complies with Airbnb guidelines)
1647588129271265634,Not Found,Riocosta River,Airbnb,StayVista at Riocosta River Villa,3BHK Riocosta River Villa w/ Private Pool,https://www.airbnb.co.in/rooms/1647588129271265634,Ready for Automation Sync,Excluded brand name on Airbnb (strictly complies with Airbnb guidelines)
1297683299964507785,Not Found,Cityscape,Airbnb,"StayVista at Cityscape w/ WiFi,AC, TV @City Centre",3BHK Cityscape Villa w/ Private Pool,https://www.airbnb.co.in/rooms/1297683299964507785,Ready for Automation Sync,"Fixed overflow: old was 50/44 chars (truncated in search cards); Removed non-compliant symbols ('|', '@', '+'); Excluded brand name on Airbnb (strictly complies with Airbnb guidelines)"
903764060700368853,2727,Blush @ The Mansion,Airbnb,"Blush @ The Mansion - 1BR w/ BBQ, Bonfire &Lawn",1BHK Blush @ The Mansion • Lawn & Bonfire,https://www.airbnb.co.in/rooms/903764060700368853,Ready for Automation Sync,"Fixed overflow: old was 47/44 chars (truncated in search cards); Removed non-compliant symbols ('|', '@', '+'); Excluded brand name on Airbnb (strictly complies with Airbnb guidelines)"
1515708567667221619,999,Bali,Airbnb,"StayVista at Bali Villa @ Vyoman w/ Pool, Lakeview",3BHK Bali • Pool & Lake View,https://www.airbnb.co.in/rooms/1515708567667221619,Ready for Automation Sync,"Fixed overflow: old was 50/44 chars (truncated in search cards); Removed non-compliant symbols ('|', '@', '+'); Excluded brand name on Airbnb (strictly complies with Airbnb guidelines)"
50647668,1705,"Greensckape @2 BR w/Breakfast and View, Bonfire",Airbnb,"Greensckape @2 BR w/Breakfast and View, Bonfire",2BHK Villa w/ Bonfire,https://www.airbnb.co.in/rooms/50647668,Ready for Automation Sync,"Fixed overflow: old was 47/44 chars (truncated in search cards); Removed non-compliant symbols ('|', '@', '+'); Excluded brand name on Airbnb (strictly complies with Airbnb guidelines)"
1504255090446415747,Not Found,Vatika,Airbnb,StayVista at Vatika @ Riverside Gangavya,3BHK Vatika Villa w/ River View,https://www.airbnb.co.in/rooms/1504255090446415747,Ready for Automation Sync,"Removed non-compliant symbols ('|', '@', '+'); Excluded brand name on Airbnb (strictly complies with Airbnb guidelines)"
1567098965013132434,5123,3BR,Airbnb,3BR|Luxe Pool+BBQ|StayVista|Villa Vivaans@Lonavala,3BHK 3BR • Pool & BBQ,https://www.airbnb.co.in/rooms/1567098965013132434,Ready for Automation Sync,"Fixed overflow: old was 50/44 chars (truncated in search cards); Removed non-compliant symbols ('|', '@', '+'); Excluded brand name on Airbnb (strictly complies with Airbnb guidelines)"
780142405930349180,2404,1 BR Family Studio @ Scenic Solitude,Airbnb,1 BR Family Studio @ Scenic Solitude,1BHK Villa w/ Private Pool,https://www.airbnb.co.in/rooms/780142405930349180,Ready for Automation Sync,"Removed non-compliant symbols ('|', '@', '+'); Excluded brand name on Airbnb (strictly complies with Airbnb guidelines)"
658247078346302173,2078,3BR Chalet in Mashobra W/Lawn Close to Golf Course,Airbnb,3BR Chalet in Mashobra W/Lawn Close to Golf Course,3BHK Chalet w/ Lawn,https://www.airbnb.co.in/rooms/658247078346302173,Ready for Automation Sync,Fixed overflow: old was 50/44 chars (truncated in search cards); Excluded brand name on Airbnb (strictly complies with Airbnb guidelines)
692546065120512212,2527,6BR,Airbnb,"6BR- Lush Villa w/ Pool, WiFi, Lawn-Igatpuri",6BHK 6BR • Pool & Lawn,https://www.airbnb.co.in/rooms/692546065120512212,Ready for Automation Sync,Excluded brand name on Airbnb (strictly complies with Airbnb guidelines)
1586693232249137505,5158,Casa Palacio by VEO,Airbnb,Casa Palacio by VEO - Part of StayVista,3BHK Casa Palacio by VEO w/ Private Pool,https://www.airbnb.co.in/rooms/1586693232249137505,Ready for Automation Sync,Excluded brand name on Airbnb (strictly complies with Airbnb guidelines)
1515895786575503500,Not Found,4BR Periyar Palace w/ Riverviw&HugeLawn Pet Frndly,Airbnb,4BR Periyar Palace w/ Riverviw&HugeLawn Pet Frndly,4BHK Villa w/ Private Pool,https://www.airbnb.co.in/rooms/1515895786575503500,Ready for Automation Sync,Fixed overflow: old was 50/44 chars (truncated in search cards); Excluded brand name on Airbnb (strictly complies with Airbnb guidelines)
16168694,Not Found,"Retreat on Cloud 9, Ground Floor Room, Lonavala",Airbnb,"Retreat on Cloud 9, Ground Floor Room, Lonavala",3BHK Retreat w/ Lawn,https://www.airbnb.co.in/rooms/16168694,Ready for Automation Sync,Fixed overflow: old was 47/44 chars (truncated in search cards); Excluded brand name on Airbnb (strictly complies with Airbnb guidelines)
1267115396103523644,3823,Serene 4BR @ The Rasa Bungalow w/Lakeview & Wifi,Airbnb,Serene 4BR @ The Rasa Bungalow w/Lakeview & Wifi,4BHK Bungalow w/ Lake View,https://www.airbnb.co.in/rooms/1267115396103523644,Ready for Automation Sync,"Fixed overflow: old was 48/44 chars (truncated in search cards); Removed non-compliant symbols ('|', '@', '+'); Excluded brand name on Airbnb (strictly complies with Airbnb guidelines)"
610547992891833844,1307,@ The Zevog  w/ Indoor Jacuzzi,Airbnb,StayVista @ The Zevog Villa w/ Indoor Jacuzzi,3BHK @ The Zevog w/ Indoor Jacuzzi • Jacuzzi,https://www.airbnb.co.in/rooms/610547992891833844,Ready for Automation Sync,"Fixed overflow: old was 45/44 chars (truncated in search cards); Removed non-compliant symbols ('|', '@', '+'); Excluded brand name on Airbnb (strictly complies with Airbnb guidelines)"
670777061102951940,1073,Jia Candolim Palms by VEO,Airbnb,Jia Candolim Palms by VEO - Part of StayVista,3BHK Villa w/ Private Pool,https://www.airbnb.co.in/rooms/670777061102951940,Ready for Automation Sync,Fixed overflow: old was 45/44 chars (truncated in search cards); Excluded brand name on Airbnb (strictly complies with Airbnb guidelines)
39474654,Not Found,Talerock Inn 3BR by VEO,Airbnb,Talerock Inn 3BR by VEO - Part of StayVista,3BHK Talerock Inn 3BR by VEO w/ Private Pool,https://www.airbnb.co.in/rooms/39474654,Ready for Automation Sync,Excluded brand name on Airbnb (strictly complies with Airbnb guidelines)
1354253960297343541,4457,1BHK,Airbnb,1BHK - Deluxe 1 @ Serenity Skies Apt-VEO-StayVista,1BHK 1BHK Villa w/ Private Pool,https://www.airbnb.co.in/rooms/1354253960297343541,Ready for Automation Sync,"Fixed overflow: old was 50/44 chars (truncated in search cards); Removed non-compliant symbols ('|', '@', '+'); Excluded brand name on Airbnb (strictly complies with Airbnb guidelines)"
1349058612090194727,1615,4BR Serene  Luxury Retreat with Game Den,Airbnb,4BR Serene Villa Luxury Retreat with Game Den,4BHK Villa w/ Private Pool,https://www.airbnb.co.in/rooms/1349058612090194727,Ready for Automation Sync,Fixed overflow: old was 45/44 chars (truncated in search cards); Excluded brand name on Airbnb (strictly complies with Airbnb guidelines)
1630150829936801408,5394,5BR,Airbnb,5BR |Views+Bonfire|StayVista| Veranda Luxe Stay@TN,5BHK 5BR Villa w/ Bonfire,https://www.airbnb.co.in/rooms/1630150829936801408,Ready for Automation Sync,"Fixed overflow: old was 50/44 chars (truncated in search cards); Removed non-compliant symbols ('|', '@', '+'); Excluded brand name on Airbnb (strictly complies with Airbnb guidelines)"
1541666929126243896,Not Found,3 BHK  w/Rooftop Jacuzzi + Terrace @ Udaipur,Airbnb,3 BHK Villa w/Rooftop Jacuzzi + Terrace @ Udaipur,3BHK Villa w/ Jacuzzi,https://www.airbnb.co.in/rooms/1541666929126243896,Ready for Automation Sync,"Fixed overflow: old was 49/44 chars (truncated in search cards); Removed non-compliant symbols ('|', '@', '+'); Excluded brand name on Airbnb (strictly complies with Airbnb guidelines)"
864052461504610554,Not Found,Flora @ Peace Paradise by VEO,Airbnb,Flora @ Peace Paradise by VEO - Part of StayVista,3BHK Villa w/ Private Pool,https://www.airbnb.co.in/rooms/864052461504610554,Ready for Automation Sync,"Fixed overflow: old was 49/44 chars (truncated in search cards); Removed non-compliant symbols ('|', '@', '+'); Excluded brand name on Airbnb (strictly complies with Airbnb guidelines)"
675107748413738108,2072,5BR,Airbnb,5BR|BBQ Retreat+Bar|StayVista| Ozone Greens@Kerala,5BHK 5BR Retreat w/ BBQ,https://www.airbnb.co.in/rooms/675107748413738108,Ready for Automation Sync,"Fixed overflow: old was 50/44 chars (truncated in search cards); Removed non-compliant symbols ('|', '@', '+'); Excluded brand name on Airbnb (strictly complies with Airbnb guidelines)"
1407788273247386788,4576,2BR Clay @Mud & Mirage,Airbnb,2BR Clay @Mud & Mirage -Pilibhit,2BHK 2BR Clay @Mud & Mirage w/ Private Pool,https://www.airbnb.co.in/rooms/1407788273247386788,Ready for Automation Sync,"Removed non-compliant symbols ('|', '@', '+'); Excluded brand name on Airbnb (strictly complies with Airbnb guidelines)"
50647630,1702,"4BHK Greensckape  Hill view, Breakfast,BBQ",Airbnb,"4BHK Greensckape Villa Hill view, Breakfast,BBQ",4BHK Villa w/ BBQ,https://www.airbnb.co.in/rooms/50647630,Ready for Automation Sync,Fixed overflow: old was 47/44 chars (truncated in search cards); Excluded brand name on Airbnb (strictly complies with Airbnb guidelines)
864248942231107656,2547,"6BR,Beach Facing",Airbnb,"6BR,Beach Facing - StayVista@Breeze-Isabella @ Goa","6BHK 6BR,Beach Facing Villa w/ Private Pool",https://www.airbnb.co.in/rooms/864248942231107656,Ready for Automation Sync,"Fixed overflow: old was 50/44 chars (truncated in search cards); Removed non-compliant symbols ('|', '@', '+'); Excluded brand name on Airbnb (strictly complies with Airbnb guidelines)"
1402014262696835737,4571,3BR  Casa Vida Rosh+Pvt Pool@Vagator NorthGoa,Airbnb,3BR Villa Casa Vida Rosh+Pvt Pool@Vagator NorthGoa,3BHK Villa w/ Pool,https://www.airbnb.co.in/rooms/1402014262696835737,Ready for Automation Sync,"Fixed overflow: old was 50/44 chars (truncated in search cards); Removed non-compliant symbols ('|', '@', '+'); Excluded brand name on Airbnb (strictly complies with Airbnb guidelines)"
1192519499384842293,3757,Feathers,Airbnb,"StayVista at Feathers @ Forktail House - Pool, BBQ",3BHK Feathers • Pool & BBQ,https://www.airbnb.co.in/rooms/1192519499384842293,Ready for Automation Sync,"Fixed overflow: old was 50/44 chars (truncated in search cards); Removed non-compliant symbols ('|', '@', '+'); Excluded brand name on Airbnb (strictly complies with Airbnb guidelines)"
780131038587037584,2403,3 BR Redwood @Scenic Solitude,Airbnb,3 BR Redwood @Scenic Solitude - Hartola,3BHK Villa w/ Private Pool,https://www.airbnb.co.in/rooms/780131038587037584,Ready for Automation Sync,"Removed non-compliant symbols ('|', '@', '+'); Excluded brand name on Airbnb (strictly complies with Airbnb guidelines)"
1520668722276218964,Not Found,CVM,Airbnb,StayVista at CVM House @Thiruvalla-Open for Events,3BHK CVM House w/ Lawn,https://www.airbnb.co.in/rooms/1520668722276218964,Ready for Automation Sync,"Fixed overflow: old was 50/44 chars (truncated in search cards); Removed non-compliant symbols ('|', '@', '+'); Excluded brand name on Airbnb (strictly complies with Airbnb guidelines)"
988046695430070612,2936,Mist @ Ludlow,Airbnb,Mist @ Ludlow House | Luxury villa near Mall Road,3BHK Mist @ Ludlow Villa w/ Private Pool,https://www.airbnb.co.in/rooms/988046695430070612,Ready for Automation Sync,"Fixed overflow: old was 49/44 chars (truncated in search cards); Removed non-compliant symbols ('|', '@', '+'); Excluded brand name on Airbnb (strictly complies with Airbnb guidelines)"
1386680869577650654,Not Found,Glamping Suite 8,Airbnb,StayVista at Glamping Suite 8 @ Vaana - Jacuzzi,3BHK Glamping Suite 8 Villa w/ Jacuzzi,https://www.airbnb.co.in/rooms/1386680869577650654,Ready for Automation Sync,"Fixed overflow: old was 47/44 chars (truncated in search cards); Removed non-compliant symbols ('|', '@', '+'); Excluded brand name on Airbnb (strictly complies with Airbnb guidelines)"
1329389355956981756,2152,"4BR Raas , W/BF/view of Snow clad Hill, Chail",Airbnb,"4BR Raas Villa, W/BF/view of Snow clad Hill, Chail",4BHK Villa w/ Private Pool,https://www.airbnb.co.in/rooms/1329389355956981756,Ready for Automation Sync,Fixed overflow: old was 50/44 chars (truncated in search cards); Excluded brand name on Airbnb (strictly complies with Airbnb guidelines)
1651196982199503599,5434,Casa Viena,Airbnb,"StayVista at Casa Viena w/ Pool, Lawn",3BHK Casa Viena • Pool & Lawn,https://www.airbnb.co.in/rooms/1651196982199503599,Ready for Automation Sync,Excluded brand name on Airbnb (strictly complies with Airbnb guidelines)
1646150126051020611,5435,Casa Miraasa,Airbnb,StayVista at Casa Miraasa w/ Pool & Lawn,3BHK Casa Miraasa • Pool & Lawn,https://www.airbnb.co.in/rooms/1646150126051020611,Ready for Automation Sync,Excluded brand name on Airbnb (strictly complies with Airbnb guidelines)
1576568567327820299,5236,Drupelet Evaara Woods,Airbnb,Drupelet Evaara Woods | 3BR Mountain Retreat,3BHK Drupelet Evaara Woods Retreat w/ Lawn,https://www.airbnb.co.in/rooms/1576568567327820299,Ready for Automation Sync,"Removed non-compliant symbols ('|', '@', '+'); Excluded brand name on Airbnb (strictly complies with Airbnb guidelines)"
1393949250141522041,4598,27 Flora,Airbnb,5BR Pool Lawn Villa | StayVista | 27 Flora @Goa,5BHK 27 Flora • Pool & Lawn,https://www.airbnb.co.in/rooms/1393949250141522041,Ready for Automation Sync,"Fixed overflow: old was 47/44 chars (truncated in search cards); Removed non-compliant symbols ('|', '@', '+'); Excluded brand name on Airbnb (strictly complies with Airbnb guidelines)"
1407122538711909370,Not Found,2 BHK  w/Lawn + Scenic View near MG Marg @ Gangtok,Airbnb,2 BHK  w/Lawn + Scenic View near MG Marg @ Gangtok,2BHK Villa w/ Lawn,https://www.airbnb.co.in/rooms/1407122538711909370,Ready for Automation Sync,"Fixed overflow: old was 50/44 chars (truncated in search cards); Removed non-compliant symbols ('|', '@', '+'); Excluded brand name on Airbnb (strictly complies with Airbnb guidelines)"
1242625227655854981,Not Found,Enclave of Bliss @  w/ Jacuzzi and BBQ,Airbnb,Enclave of Bliss @ StayVista w/ Jacuzzi and BBQ,3BHK Villa w/ Jacuzzi,https://www.airbnb.co.in/rooms/1242625227655854981,Ready for Automation Sync,"Fixed overflow: old was 47/44 chars (truncated in search cards); Removed non-compliant symbols ('|', '@', '+'); Excluded brand name on Airbnb (strictly complies with Airbnb guidelines)"
1407800415899124938,4577,1 BR Dune @Mud & Mirage,Airbnb,"1 BR Dune @Mud & Mirage -BBQ, Yoga, Wifi",1BHK 1 BR Dune @Mud & Mirage Villa w/ BBQ,https://www.airbnb.co.in/rooms/1407800415899124938,Ready for Automation Sync,"Removed non-compliant symbols ('|', '@', '+'); Excluded brand name on Airbnb (strictly complies with Airbnb guidelines)"
1446994735301962315,4605,1BR Premium Room w/Balcony & shared Pool in Jaipur,Airbnb,1BR Premium Room w/Balcony & shared Pool in Jaipur,1BHK Villa w/ Pool,https://www.airbnb.co.in/rooms/1446994735301962315,Ready for Automation Sync,Fixed overflow: old was 50/44 chars (truncated in search cards); Excluded brand name on Airbnb (strictly complies with Airbnb guidelines)
1245418041096515933,Not Found,"2BR w/Pool & Bathtub in Ranthambore,Sawai Madhopur",Airbnb,"2BR w/Pool & Bathtub in Ranthambore,Sawai Madhopur",2BHK Villa w/ Pool,https://www.airbnb.co.in/rooms/1245418041096515933,Ready for Automation Sync,Fixed overflow: old was 50/44 chars (truncated in search cards); Excluded brand name on Airbnb (strictly complies with Airbnb guidelines)
689584083654089570,2229,"The Grey Medley @5BHK Pool , Lonavala",Airbnb,"The Grey Medley @5BHK Pool Villa, Lonavala",5BHK Villa w/ Pool,https://www.airbnb.co.in/rooms/689584083654089570,Ready for Automation Sync,"Removed non-compliant symbols ('|', '@', '+'); Excluded brand name on Airbnb (strictly complies with Airbnb guidelines)"
1236750226654004583,Not Found,The Oasis by VEO@ w/ Pool and Lawn,Airbnb,The Oasis by VEO@StayVista w/ Pool and Lawn,3BHK Villa w/ Pool,https://www.airbnb.co.in/rooms/1236750226654004583,Ready for Automation Sync,"Removed non-compliant symbols ('|', '@', '+'); Excluded brand name on Airbnb (strictly complies with Airbnb guidelines)"
657793570051292585,2170,@ Prism and Palette,Airbnb,StayVista @ Prism and Palette,3BHK @ Prism and Palette w/ Private Pool,https://www.airbnb.co.in/rooms/657793570051292585,Ready for Automation Sync,"Removed non-compliant symbols ('|', '@', '+'); Excluded brand name on Airbnb (strictly complies with Airbnb guidelines)"
649634587414058086,313,Gatsby,Airbnb,StayVista at Gatsby House - 6BR W/Pool,6BHK Gatsby House w/ Pool,https://www.airbnb.co.in/rooms/649634587414058086,Ready for Automation Sync,Excluded brand name on Airbnb (strictly complies with Airbnb guidelines)
903762647798444545,2726,Cyan @ The Mansion,Airbnb,"Cyan @ The Mansion - 1BR w/ BBQ, Bonfire & Lawn",1BHK Cyan @ The Mansion • Lawn & Bonfire,https://www.airbnb.co.in/rooms/903762647798444545,Ready for Automation Sync,"Fixed overflow: old was 47/44 chars (truncated in search cards); Removed non-compliant symbols ('|', '@', '+'); Excluded brand name on Airbnb (strictly complies with Airbnb guidelines)"
45498507,1483,Brickwood Hill A 3BR Lavish  W/ Massive Lawn,Airbnb,Brickwood Hill A 3BR Lavish Villa W/ Massive Lawn,3BHK Villa w/ Lawn,https://www.airbnb.co.in/rooms/45498507,Ready for Automation Sync,Fixed overflow: old was 49/44 chars (truncated in search cards); Excluded brand name on Airbnb (strictly complies with Airbnb guidelines)
1503355926787066970,4619,Thalassa  19BR,Airbnb,"Thalassa Villa 19BR - w/Pool, Beach View - Alibaug",19BHK Thalassa 19BR Villa w/ Pool,https://www.airbnb.co.in/rooms/1503355926787066970,Ready for Automation Sync,Fixed overflow: old was 50/44 chars (truncated in search cards); Excluded brand name on Airbnb (strictly complies with Airbnb guidelines)
1377185599126470201,4491,Swala,Airbnb,StayVista at Swala @ Masava - Luxury Tents w/ BBQ,3BHK Swala Villa w/ BBQ,https://www.airbnb.co.in/rooms/1377185599126470201,Ready for Automation Sync,"Fixed overflow: old was 49/44 chars (truncated in search cards); Removed non-compliant symbols ('|', '@', '+'); Excluded brand name on Airbnb (strictly complies with Airbnb guidelines)"
1710819339003863851,5671,2BR Vintage Varanasi by the Ganges w/Wifi & AC,Airbnb,2BR Vintage Varanasi by the Ganges w/Wifi & AC,2BHK Villa w/ Private Pool,https://www.airbnb.co.in/rooms/1710819339003863851,Ready for Automation Sync,Fixed overflow: old was 46/44 chars (truncated in search cards); Excluded brand name on Airbnb (strictly complies with Airbnb guidelines)
39449436,783,Shalom  in Alleppey,Airbnb,StayVista at Shalom Villa in Alleppey w/ Pool,3BHK Shalom in Alleppey Villa w/ Pool,https://www.airbnb.co.in/rooms/39449436,Ready for Automation Sync,Fixed overflow: old was 45/44 chars (truncated in search cards); Excluded brand name on Airbnb (strictly complies with Airbnb guidelines)
1514422214609239860,2668,4 BHK Heritage  w/Pool + Lawn + Scenic View,Airbnb,4 BHK Heritage Villa w/Pool + Lawn + Scenic View,4BHK Villa w/ Pool,https://www.airbnb.co.in/rooms/1514422214609239860,Ready for Automation Sync,"Fixed overflow: old was 48/44 chars (truncated in search cards); Removed non-compliant symbols ('|', '@', '+'); Excluded brand name on Airbnb (strictly complies with Airbnb guidelines)"
1297572413943614834,4104,Kurjaan Art Haven 5BHK  w/Breakfast in Jaipur,Airbnb,Kurjaan Art Haven 5BHK Villa w/Breakfast in Jaipur,5BHK Villa w/ Private Pool,https://www.airbnb.co.in/rooms/1297572413943614834,Ready for Automation Sync,Fixed overflow: old was 50/44 chars (truncated in search cards); Excluded brand name on Airbnb (strictly complies with Airbnb guidelines)
44420526,1448,– Casa Bella Luxury  with Party Room,Airbnb,StayVista– Casa Bella Luxury Villa with Party Room,3BHK Villa w/ Private Pool,https://www.airbnb.co.in/rooms/44420526,Ready for Automation Sync,Fixed overflow: old was 50/44 chars (truncated in search cards); Excluded brand name on Airbnb (strictly complies with Airbnb guidelines)
1172946795660885608,3804,"4BR Lily@Magnolia Farm W/Pool, Jacuzzi, Terrace",Airbnb,"4BR Lily@Magnolia Farm W/Pool, Jacuzzi, Terrace",4BHK Villa w/ Pool,https://www.airbnb.co.in/rooms/1172946795660885608,Ready for Automation Sync,"Fixed overflow: old was 47/44 chars (truncated in search cards); Removed non-compliant symbols ('|', '@', '+'); Excluded brand name on Airbnb (strictly complies with Airbnb guidelines)"
653943187920374125,1837,3BR+AC+BBQ,Airbnb,3BR+AC+BBQ-Magpie Cottage @Lansdowne-Uttarkhand,3BHK 3BR+AC+BBQ Cottage w/ BBQ,https://www.airbnb.co.in/rooms/653943187920374125,Ready for Automation Sync,"Fixed overflow: old was 47/44 chars (truncated in search cards); Removed non-compliant symbols ('|', '@', '+'); Excluded brand name on Airbnb (strictly complies with Airbnb guidelines)"
1252657146494676078,3913,Sundream Palms by VEO,Airbnb,StayVista at Sundream Palms by VEO  - W/ Pool,3BHK Sundream Palms by VEO Villa w/ Pool,https://www.airbnb.co.in/rooms/1252657146494676078,Ready for Automation Sync,Fixed overflow: old was 45/44 chars (truncated in search cards); Excluded brand name on Airbnb (strictly complies with Airbnb guidelines)
39449430,780,Shalom,Airbnb,StayVista at Shalom Villa - 1 BR,1BHK Shalom Villa w/ Private Pool,https://www.airbnb.co.in/rooms/39449430,Ready for Automation Sync,Excluded brand name on Airbnb (strictly complies with Airbnb guidelines)
1629652329503047887,5368,5BR,Airbnb,5BR|Luxe Pool|StayVista|Paradise Hill Villa@Karjat,5BHK 5BR Villa w/ Pool,https://www.airbnb.co.in/rooms/1629652329503047887,Ready for Automation Sync,"Fixed overflow: old was 50/44 chars (truncated in search cards); Removed non-compliant symbols ('|', '@', '+'); Excluded brand name on Airbnb (strictly complies with Airbnb guidelines)"
1151262189467649560,Not Found,2 BHK A,Airbnb,2 BHK A-frame Villa w/Pool + Lawn near Nagpur,2BHK 2 BHK A • Pool & Lawn,https://www.airbnb.co.in/rooms/1151262189467649560,Ready for Automation Sync,"Fixed overflow: old was 45/44 chars (truncated in search cards); Removed non-compliant symbols ('|', '@', '+'); Excluded brand name on Airbnb (strictly complies with Airbnb guidelines)"
1556521220436399199,Not Found,Madhuban Retreat Luxury Apartment,Airbnb,StayVista at Madhuban Retreat Luxury Apartment,3BHK Retreat w/ Lawn,https://www.airbnb.co.in/rooms/1556521220436399199,Ready for Automation Sync,Fixed overflow: old was 46/44 chars (truncated in search cards); Excluded brand name on Airbnb (strictly complies with Airbnb guidelines)
1510701570975667245,4070,Coco,Airbnb,"StayVista at Coco @ A Portuguese Tale w/ Pool, Bar",3BHK Coco Villa w/ Pool,https://www.airbnb.co.in/rooms/1510701570975667245,Ready for Automation Sync,"Fixed overflow: old was 50/44 chars (truncated in search cards); Removed non-compliant symbols ('|', '@', '+'); Excluded brand name on Airbnb (strictly complies with Airbnb guidelines)"
1517999429078839588,4999,CosyVille by  w/ Wi,Airbnb,"CosyVille by StayVista w/ Wi-Fi, Lawn & AC",3BHK CosyVille by w/ Wi Villa w/ Lawn,https://www.airbnb.co.in/rooms/1517999429078839588,Ready for Automation Sync,Excluded brand name on Airbnb (strictly complies with Airbnb guidelines)
1412848579420179897,4572,3BHK  Casa Vida Rio+Pvt Pool@Vagator NorthGoa,Airbnb,3BHK Villa Casa Vida Rio+Pvt Pool@Vagator NorthGoa,3BHK Villa w/ Pool,https://www.airbnb.co.in/rooms/1412848579420179897,Ready for Automation Sync,"Fixed overflow: old was 50/44 chars (truncated in search cards); Removed non-compliant symbols ('|', '@', '+'); Excluded brand name on Airbnb (strictly complies with Airbnb guidelines)"
42235119,Not Found,Novera,Airbnb,StayVista at Villa Novera - 1BR,1BHK Novera Villa w/ Private Pool,https://www.airbnb.co.in/rooms/42235119,Ready for Automation Sync,Excluded brand name on Airbnb (strictly complies with Airbnb guidelines)
1473652973911952399,4925,Aura @ Ridge of Twilight,Airbnb,Aura @ Ridge of Twilight | Jacuzzi Valley View 3BR,3BHK Aura @ Ridge of Twilight w/ Valley View,https://www.airbnb.co.in/rooms/1473652973911952399,Ready for Automation Sync,"Fixed overflow: old was 50/44 chars (truncated in search cards); Removed non-compliant symbols ('|', '@', '+'); Excluded brand name on Airbnb (strictly complies with Airbnb guidelines)"
1629631404866087560,Not Found,Raj Bagh Suite,Airbnb,StayVista at Raj Bagh Suite @ Raj Bagh,3BHK Raj Bagh Suite Villa w/ Private Pool,https://www.airbnb.co.in/rooms/1629631404866087560,Ready for Automation Sync,"Removed non-compliant symbols ('|', '@', '+'); Excluded brand name on Airbnb (strictly complies with Airbnb guidelines)"
1217035697946803432,3889,"@ Soulful Sanj w/ Lake View, Pool, Lawn",Airbnb,"StayVista @ Soulful Sanj w/ Lake View, Pool, Lawn",3BHK Villa w/ Pool,https://www.airbnb.co.in/rooms/1217035697946803432,Ready for Automation Sync,"Fixed overflow: old was 49/44 chars (truncated in search cards); Removed non-compliant symbols ('|', '@', '+'); Excluded brand name on Airbnb (strictly complies with Airbnb guidelines)"
1581668811945198252,Not Found,4BHK,Airbnb,4BHK - StayVista @ Villaggio w/private pool,4BHK 4BHK Villa w/ Private Pool,https://www.airbnb.co.in/rooms/1581668811945198252,Ready for Automation Sync,"Removed non-compliant symbols ('|', '@', '+'); Excluded brand name on Airbnb (strictly complies with Airbnb guidelines)"
1354241029671308526,4456,1BHK,Airbnb,1BHK - Deluxe @ Serenity Skies Apt-VEO-StayVista,1BHK 1BHK Villa w/ Private Pool,https://www.airbnb.co.in/rooms/1354241029671308526,Ready for Automation Sync,"Fixed overflow: old was 48/44 chars (truncated in search cards); Removed non-compliant symbols ('|', '@', '+'); Excluded brand name on Airbnb (strictly complies with Airbnb guidelines)"
1341815811079316778,4045,MARS Haven by VEO,Airbnb,MARS Haven by VEO - Part of StayVista,3BHK MARS Haven by VEO Villa w/ Private Pool,https://www.airbnb.co.in/rooms/1341815811079316778,Ready for Automation Sync,Excluded brand name on Airbnb (strictly complies with Airbnb guidelines)
1501994151566353476,4484,2BR,Airbnb,2BR|Garden WiFi|StayVista| Blisswood Villa @Nashik,2BHK 2BR Villa w/ Garden,https://www.airbnb.co.in/rooms/1501994151566353476,Ready for Automation Sync,"Fixed overflow: old was 50/44 chars (truncated in search cards); Removed non-compliant symbols ('|', '@', '+'); Excluded brand name on Airbnb (strictly complies with Airbnb guidelines)"
1303372356251061560,4139,"2BR,Wifi,BBQ",Airbnb,"2BR,Wifi,BBQ - StayVista @ Pebble Paths-Binola","2BHK 2BR,Wifi,BBQ Villa w/ BBQ",https://www.airbnb.co.in/rooms/1303372356251061560,Ready for Automation Sync,"Fixed overflow: old was 46/44 chars (truncated in search cards); Removed non-compliant symbols ('|', '@', '+'); Excluded brand name on Airbnb (strictly complies with Airbnb guidelines)"
1514399050670041855,Not Found,Willowshade @ The Sage Brook w/ Caretaker,Airbnb,Willowshade @ The Sage Brook w/ Caretaker,3BHK Villa w/ Private Pool,https://www.airbnb.co.in/rooms/1514399050670041855,Ready for Automation Sync,"Removed non-compliant symbols ('|', '@', '+'); Excluded brand name on Airbnb (strictly complies with Airbnb guidelines)"
1441121363335580212,4551,3BR Urna Boutique w/ WiFi & Caretaker,Airbnb,3BR Urna Boutique w/ WiFi & Caretaker - Mukteshwar,3BHK Villa w/ Private Pool,https://www.airbnb.co.in/rooms/1441121363335580212,Ready for Automation Sync,Fixed overflow: old was 50/44 chars (truncated in search cards); Excluded brand name on Airbnb (strictly complies with Airbnb guidelines)
1716459321355093210,Not Found,Aria Suite,Airbnb,StayVista at Aria Suite w/Pool & Board Games,3BHK Aria Suite Villa w/ Pool,https://www.airbnb.co.in/rooms/1716459321355093210,Ready for Automation Sync,Excluded brand name on Airbnb (strictly complies with Airbnb guidelines)
1494019430827469343,Not Found,Vivara,Airbnb,Villa Vivara - 1BR,1BHK Vivara Villa w/ Private Pool,https://www.airbnb.co.in/rooms/1494019430827469343,Ready for Automation Sync,Excluded brand name on Airbnb (strictly complies with Airbnb guidelines)
1501389778549255417,4740,Isolaire  Near Aamby Valley w/ Infinity Pool,Airbnb,Isolaire Villa Near Aamby Valley w/ Infinity Pool,3BHK Villa w/ Infinity Pool,https://www.airbnb.co.in/rooms/1501389778549255417,Ready for Automation Sync,Fixed overflow: old was 49/44 chars (truncated in search cards); Excluded brand name on Airbnb (strictly complies with Airbnb guidelines)
1242512416133428211,3963,@Almok,Airbnb,StayVista @Almok-Duplex apartment 3bhk Siolim Pool,3BHK @Almok Villa w/ Pool,https://www.airbnb.co.in/rooms/1242512416133428211,Ready for Automation Sync,"Fixed overflow: old was 50/44 chars (truncated in search cards); Removed non-compliant symbols ('|', '@', '+'); Excluded brand name on Airbnb (strictly complies with Airbnb guidelines)"
1446987006040741044,Not Found,7bhk,Airbnb,7bhk-Boutique Stays @ Eleganza Villas -BBQ @Jaipur,7BHK 7bhk Villa w/ BBQ,https://www.airbnb.co.in/rooms/1446987006040741044,Ready for Automation Sync,"Fixed overflow: old was 50/44 chars (truncated in search cards); Removed non-compliant symbols ('|', '@', '+'); Excluded brand name on Airbnb (strictly complies with Airbnb guidelines)"
1470166055239278030,Not Found,@ Nirvana Dhar,Airbnb,StayVista @ Nirvana Dhar,3BHK @ Nirvana Dhar Villa w/ Private Pool,https://www.airbnb.co.in/rooms/1470166055239278030,Ready for Automation Sync,"Removed non-compliant symbols ('|', '@', '+'); Excluded brand name on Airbnb (strictly complies with Airbnb guidelines)"
1182448799417633315,3820,"3BR Bay @ Serenity by the Ganges w/ BBQ, Wifi",Airbnb,"3BR Bay @ Serenity by the Ganges w/ BBQ, Wifi",3BHK Villa w/ BBQ,https://www.airbnb.co.in/rooms/1182448799417633315,Ready for Automation Sync,"Fixed overflow: old was 45/44 chars (truncated in search cards); Removed non-compliant symbols ('|', '@', '+'); Excluded brand name on Airbnb (strictly complies with Airbnb guidelines)"
1146114177809716372,3684,Lily,Airbnb,"StayVista at Lily @ Silver Oak Farm w/ Garden, AC",3BHK Lily Villa w/ Garden,https://www.airbnb.co.in/rooms/1146114177809716372,Ready for Automation Sync,"Fixed overflow: old was 49/44 chars (truncated in search cards); Removed non-compliant symbols ('|', '@', '+'); Excluded brand name on Airbnb (strictly complies with Airbnb guidelines)"
1263599046877951445,4037,"@Airhill 4BR  w/Pool+View, Lonavala",Airbnb,"StayVista @Airhill 4BR villa w/Pool+View, Lonavala",4BHK Villa w/ Pool,https://www.airbnb.co.in/rooms/1263599046877951445,Ready for Automation Sync,"Fixed overflow: old was 50/44 chars (truncated in search cards); Removed non-compliant symbols ('|', '@', '+'); Excluded brand name on Airbnb (strictly complies with Airbnb guidelines)"
37845751,Not Found,Cheppanam,Airbnb,StayVista at Cheppanam House - 2BR,2BHK Cheppanam House w/ Lawn,https://www.airbnb.co.in/rooms/37845751,Ready for Automation Sync,Excluded brand name on Airbnb (strictly complies with Airbnb guidelines)
1400451389733875087,4671,Elegant 1BR,Airbnb,Stayvista Elegant 1BR w/wifi near Jaipur Airport,1BHK Elegant 1BR Villa w/ Private Pool,https://www.airbnb.co.in/rooms/1400451389733875087,Ready for Automation Sync,Fixed overflow: old was 48/44 chars (truncated in search cards); Excluded brand name on Airbnb (strictly complies with Airbnb guidelines)
1367259804422934867,4403,4BHK,Airbnb,4BHK | Luxury Stay |StayVista| Sabora blue @Jaipur,4BHK 4BHK Villa w/ Private Pool,https://www.airbnb.co.in/rooms/1367259804422934867,Ready for Automation Sync,"Fixed overflow: old was 50/44 chars (truncated in search cards); Removed non-compliant symbols ('|', '@', '+'); Excluded brand name on Airbnb (strictly complies with Airbnb guidelines)"
1218659971948887703,2359,La Mer,Airbnb,StayVista at La Mer | 5BR w/ Pool & Lawn,5BHK La Mer • Pool & Lawn,https://www.airbnb.co.in/rooms/1218659971948887703,Ready for Automation Sync,"Removed non-compliant symbols ('|', '@', '+'); Excluded brand name on Airbnb (strictly complies with Airbnb guidelines)"
1605005056136306808,5344,Zeenat,Airbnb,"StayVista at Zeenat @ Morbaugh Palace w/Pool, BBQ",3BHK Zeenat • Pool & BBQ,https://www.airbnb.co.in/rooms/1605005056136306808,Ready for Automation Sync,"Fixed overflow: old was 49/44 chars (truncated in search cards); Removed non-compliant symbols ('|', '@', '+'); Excluded brand name on Airbnb (strictly complies with Airbnb guidelines)"
1512235683096686487,Not Found,"5 Rooms w/Pool, Terrace & Gym in City Centre",Airbnb,"5 Rooms w/Pool, Terrace & Gym in City Centre",3BHK Villa w/ Pool,https://www.airbnb.co.in/rooms/1512235683096686487,Ready for Automation Sync,Excluded brand name on Airbnb (strictly complies with Airbnb guidelines)
1412097856046761270,4058,6BR Pool Escape,Airbnb,6BR Pool Escape| StayVista|Manthan Villa @Lonavala,6BHK 6BR Pool Escape Villa w/ Pool,https://www.airbnb.co.in/rooms/1412097856046761270,Ready for Automation Sync,"Fixed overflow: old was 50/44 chars (truncated in search cards); Removed non-compliant symbols ('|', '@', '+'); Excluded brand name on Airbnb (strictly complies with Airbnb guidelines)"
1563672619804128419,Not Found,Grey,Airbnb,StayVista at Grey 3 BHK @ Nirvanika Wellness,3BHK Grey Villa w/ Private Pool,https://www.airbnb.co.in/rooms/1563672619804128419,Ready for Automation Sync,"Removed non-compliant symbols ('|', '@', '+'); Excluded brand name on Airbnb (strictly complies with Airbnb guidelines)"
1269306653310778165,4024,Cadenza,Airbnb,StayVista at Cadenza Villa | Poolside Escape,3BHK Cadenza Villa w/ Private Pool,https://www.airbnb.co.in/rooms/1269306653310778165,Ready for Automation Sync,"Removed non-compliant symbols ('|', '@', '+'); Excluded brand name on Airbnb (strictly complies with Airbnb guidelines)"
1365597474572162893,4462,2BR,Airbnb,2BR|LakeView&Bathtub|StayVista|The Cloudscape@Pune,2BHK 2BR Villa w/ Lake View,https://www.airbnb.co.in/rooms/1365597474572162893,Ready for Automation Sync,"Fixed overflow: old was 50/44 chars (truncated in search cards); Removed non-compliant symbols ('|', '@', '+'); Excluded brand name on Airbnb (strictly complies with Airbnb guidelines)"
1417306581007428842,4506,"Elegant 2BHK w/Pvt Pool & Lawn in Jagatpura,Jaipur",Airbnb,"Elegant 2BHK w/Pvt Pool & Lawn in Jagatpura,Jaipur",2BHK Villa w/ Pool,https://www.airbnb.co.in/rooms/1417306581007428842,Ready for Automation Sync,Fixed overflow: old was 50/44 chars (truncated in search cards); Excluded brand name on Airbnb (strictly complies with Airbnb guidelines)
1231632977500348554,2302,Karma @ Himalayan Retreat,Airbnb,Karma @ Himalayan Retreat | 1BR Suite,1BHK Karma @ Himalayan Retreat w/ Lawn,https://www.airbnb.co.in/rooms/1231632977500348554,Ready for Automation Sync,"Removed non-compliant symbols ('|', '@', '+'); Excluded brand name on Airbnb (strictly complies with Airbnb guidelines)"
1405517793804142188,Not Found,Hue,Airbnb,"StayVista at Hue @ Kurjaan Art Haven w/, AC, WiFi",3BHK Hue Villa w/ Private Pool,https://www.airbnb.co.in/rooms/1405517793804142188,Ready for Automation Sync,"Fixed overflow: old was 49/44 chars (truncated in search cards); Removed non-compliant symbols ('|', '@', '+'); Excluded brand name on Airbnb (strictly complies with Airbnb guidelines)"
1356155162205625644,1569,"3BR Green Pastures W/TBBQ, Breakfast, Bonfire.",Airbnb,"3BR Green Pastures W/TBBQ, Breakfast, Bonfire.",3BHK Villa w/ Bonfire,https://www.airbnb.co.in/rooms/1356155162205625644,Ready for Automation Sync,Fixed overflow: old was 46/44 chars (truncated in search cards); Excluded brand name on Airbnb (strictly complies with Airbnb guidelines)
54024702,1884,3BHK,Airbnb,3BHK| Pool+Beach |StayVista @Starry Deck |Chennai,3BHK 3BHK Villa w/ Pool,https://www.airbnb.co.in/rooms/54024702,Ready for Automation Sync,"Fixed overflow: old was 49/44 chars (truncated in search cards); Removed non-compliant symbols ('|', '@', '+'); Excluded brand name on Airbnb (strictly complies with Airbnb guidelines)"
1386669453268353391,Not Found,Glamping Suite 7,Airbnb,StayVista at Glamping Suite 7 @ Vaana - Jacuzzi,3BHK Glamping Suite 7 Villa w/ Jacuzzi,https://www.airbnb.co.in/rooms/1386669453268353391,Ready for Automation Sync,"Fixed overflow: old was 47/44 chars (truncated in search cards); Removed non-compliant symbols ('|', '@', '+'); Excluded brand name on Airbnb (strictly complies with Airbnb guidelines)"
1320143857477220165,4257,Luxurious 16 BHK Valley View  in Shimla,Airbnb,Luxurious 16 BHK Valley View Villa in Shimla,16BHK Villa w/ Valley View,https://www.airbnb.co.in/rooms/1320143857477220165,Ready for Automation Sync,Excluded brand name on Airbnb (strictly complies with Airbnb guidelines)
1683935531806611255,5599,Luxury Room,Airbnb,StayVista at Luxury Room @ Apukaa Hills w/ Karaoke,3BHK Luxury Room Villa w/ Private Pool,https://www.airbnb.co.in/rooms/1683935531806611255,Ready for Automation Sync,"Fixed overflow: old was 50/44 chars (truncated in search cards); Removed non-compliant symbols ('|', '@', '+'); Excluded brand name on Airbnb (strictly complies with Airbnb guidelines)"
1370105339671227766,4424,Amour,Airbnb,"2BR, Lawn, BBQ - StayVista at Amour-Chandigarh",2BHK Amour • Lawn & BBQ,https://www.airbnb.co.in/rooms/1370105339671227766,Ready for Automation Sync,Fixed overflow: old was 46/44 chars (truncated in search cards); Excluded brand name on Airbnb (strictly complies with Airbnb guidelines)
1162111929335120204,3683,3BR w/ Modern Interiors @ Casa Di Oberoi,Airbnb,3BR w/ Modern Interiors @ Casa Di Oberoi - Bhimtal,3BHK Villa w/ Private Pool,https://www.airbnb.co.in/rooms/1162111929335120204,Ready for Automation Sync,"Fixed overflow: old was 50/44 chars (truncated in search cards); Removed non-compliant symbols ('|', '@', '+'); Excluded brand name on Airbnb (strictly complies with Airbnb guidelines)"
1308411190321201182,3606,2BR @ Mountain  W/Lawn & Modern Interiors,Airbnb,2BR @ Mountain House W/Lawn & Modern Interiors,2BHK House w/ Lawn,https://www.airbnb.co.in/rooms/1308411190321201182,Ready for Automation Sync,"Fixed overflow: old was 46/44 chars (truncated in search cards); Removed non-compliant symbols ('|', '@', '+'); Excluded brand name on Airbnb (strictly complies with Airbnb guidelines)"
1354047707322966965,3828,Pebble,Airbnb,StayVista at Pebble @ Stonehaven w/ Heated Pool,3BHK Pebble Villa w/ Pool,https://www.airbnb.co.in/rooms/1354047707322966965,Ready for Automation Sync,"Fixed overflow: old was 47/44 chars (truncated in search cards); Removed non-compliant symbols ('|', '@', '+'); Excluded brand name on Airbnb (strictly complies with Airbnb guidelines)"
1351207796412041863,Not Found,3BHK,Airbnb,3BHK- VILLA 39 W/Pvt Pool -Lonavala.,3BHK 3BHK Villa w/ Pool,https://www.airbnb.co.in/rooms/1351207796412041863,Ready for Automation Sync,Excluded brand name on Airbnb (strictly complies with Airbnb guidelines)
1541142956703273703,Not Found,Mathikettan,Airbnb,StayVista at Mathikettan w/ Bonfire & Lawn,3BHK Mathikettan • Lawn & Bonfire,https://www.airbnb.co.in/rooms/1541142956703273703,Ready for Automation Sync,Excluded brand name on Airbnb (strictly complies with Airbnb guidelines)
1335190171892206890,4286,"2BR  W/Pool, Massive Lawn & Outdoor Games",Airbnb,"2BR Villa W/Pool, Massive Lawn & Outdoor Games",2BHK Villa w/ Pool,https://www.airbnb.co.in/rooms/1335190171892206890,Ready for Automation Sync,Fixed overflow: old was 46/44 chars (truncated in search cards); Excluded brand name on Airbnb (strictly complies with Airbnb guidelines)
1328862053010482429,4192,"Leela Retreat 5BR  w/Private Pool, Sohna",Airbnb,"Leela Retreat 5BR Villa w/Private Pool, Sohna",5BHK Villa w/ Private Pool,https://www.airbnb.co.in/rooms/1328862053010482429,Ready for Automation Sync,Fixed overflow: old was 45/44 chars (truncated in search cards); Excluded brand name on Airbnb (strictly complies with Airbnb guidelines)
1559324889269552770,1758,Oberoi's Chalet w/Modern Interiors,Airbnb,StayVista at Oberoi's Chalet w/Modern Interiors,3BHK Chalet w/ Lawn,https://www.airbnb.co.in/rooms/1559324889269552770,Ready for Automation Sync,Fixed overflow: old was 47/44 chars (truncated in search cards); Excluded brand name on Airbnb (strictly complies with Airbnb guidelines)
1569982167040435316,5109,Deluna,Airbnb,"StayVista at Villa Deluna w/ Pool, Bonfire",3BHK Deluna • Pool & Bonfire,https://www.airbnb.co.in/rooms/1569982167040435316,Ready for Automation Sync,Excluded brand name on Airbnb (strictly complies with Airbnb guidelines)
1262053678213590761,Not Found,Casa Ela 11,Airbnb,StayVista at Casa Ela 11 - 5 BHK w/ Pool & BBQ,5BHK Casa Ela 11 • Pool & BBQ,https://www.airbnb.co.in/rooms/1262053678213590761,Ready for Automation Sync,Fixed overflow: old was 46/44 chars (truncated in search cards); Excluded brand name on Airbnb (strictly complies with Airbnb guidelines)
1167130178091052768,3699,Meditating Woods,Airbnb,"StayVista at Meditating Woods w/ Lawn, WiFi",3BHK Meditating Woods Villa w/ Lawn,https://www.airbnb.co.in/rooms/1167130178091052768,Ready for Automation Sync,Excluded brand name on Airbnb (strictly complies with Airbnb guidelines)
1361387879445350346,4098,La Belle Vue – Poolside Luxury with Lawn & Bar,Airbnb,La Belle Vue – Poolside Luxury with Lawn & Bar,3BHK Villa w/ Lawn,https://www.airbnb.co.in/rooms/1361387879445350346,Ready for Automation Sync,Fixed overflow: old was 46/44 chars (truncated in search cards); Excluded brand name on Airbnb (strictly complies with Airbnb guidelines)
1157768003098183233,3421,Casa Ferrazi,Airbnb,"4BR w/- Lawn,Pool-StayVista at Casa Ferrazi @ Goa",4BHK Casa Ferrazi • Pool & Lawn,https://www.airbnb.co.in/rooms/1157768003098183233,Ready for Automation Sync,"Fixed overflow: old was 49/44 chars (truncated in search cards); Removed non-compliant symbols ('|', '@', '+'); Excluded brand name on Airbnb (strictly complies with Airbnb guidelines)"
1390988898549314617,Not Found,@ Daisy Hill,Airbnb,"StayVista @ Daisy Hill - 4BHK - w/ Pool, Bonfire",4BHK @ Daisy Hill • Pool & Bonfire,https://www.airbnb.co.in/rooms/1390988898549314617,Ready for Automation Sync,"Fixed overflow: old was 48/44 chars (truncated in search cards); Removed non-compliant symbols ('|', '@', '+'); Excluded brand name on Airbnb (strictly complies with Airbnb guidelines)"
1351265181354294439,1611,6BR Serene  Luxury Retreat with Game Den,Airbnb,6BR Serene Villa Luxury Retreat with Game Den,6BHK Villa w/ Private Pool,https://www.airbnb.co.in/rooms/1351265181354294439,Ready for Automation Sync,Fixed overflow: old was 45/44 chars (truncated in search cards); Excluded brand name on Airbnb (strictly complies with Airbnb guidelines)
1297505748840803561,4027,2BR Grove,Airbnb,2BR Grove- Elysium Estate W/ValleyView@Mashobra,2BHK 2BR Grove Estate w/ Valley View,https://www.airbnb.co.in/rooms/1297505748840803561,Ready for Automation Sync,"Fixed overflow: old was 47/44 chars (truncated in search cards); Removed non-compliant symbols ('|', '@', '+'); Excluded brand name on Airbnb (strictly complies with Airbnb guidelines)"
1404910958752113270,4574,"2BR, Bonfire, Pool",Airbnb,"2BR, Bonfire, Pool-StayVista @ IL Faro - New Delhi","2BHK 2BR, Bonfire, Pool • Pool & Bonfire",https://www.airbnb.co.in/rooms/1404910958752113270,Ready for Automation Sync,"Fixed overflow: old was 50/44 chars (truncated in search cards); Removed non-compliant symbols ('|', '@', '+'); Excluded brand name on Airbnb (strictly complies with Airbnb guidelines)"
1151222178945565033,3673,Radiant,Airbnb,StayVista at Radiant@Stars & Windsongs-Plunge Pool,3BHK Radiant Villa w/ Plunge Pool,https://www.airbnb.co.in/rooms/1151222178945565033,Ready for Automation Sync,"Fixed overflow: old was 50/44 chars (truncated in search cards); Removed non-compliant symbols ('|', '@', '+'); Excluded brand name on Airbnb (strictly complies with Airbnb guidelines)"
1437467950531588338,2950,5 BHK Luxury  w/Pool+Lawn+Open Shower+Bonfire,Airbnb,5 BHK Luxury Villa w/Pool+Lawn+Open Shower+Bonfire,5BHK Villa w/ Pool,https://www.airbnb.co.in/rooms/1437467950531588338,Ready for Automation Sync,"Fixed overflow: old was 50/44 chars (truncated in search cards); Removed non-compliant symbols ('|', '@', '+'); Excluded brand name on Airbnb (strictly complies with Airbnb guidelines)"
1262706085610351845,4021,@Tellado Adagio 4bhk lux  infi pool,Airbnb,StayVista@Tellado Adagio 4bhk lux villa infi pool,4BHK Villa w/ Pool,https://www.airbnb.co.in/rooms/1262706085610351845,Ready for Automation Sync,"Fixed overflow: old was 49/44 chars (truncated in search cards); Removed non-compliant symbols ('|', '@', '+'); Excluded brand name on Airbnb (strictly complies with Airbnb guidelines)"
1351194461192241840,2210,5BR Serene  Luxury Retreat with Game Den,Airbnb,5BR Serene Villa Luxury Retreat with Game Den,5BHK Villa w/ Private Pool,https://www.airbnb.co.in/rooms/1351194461192241840,Ready for Automation Sync,Fixed overflow: old was 45/44 chars (truncated in search cards); Excluded brand name on Airbnb (strictly complies with Airbnb guidelines)
1218573010134942616,1872,4BR,Airbnb,4BR|Scenic Pool @ StayVista| Le Bon Horizon|Nashik,4BHK 4BR Villa w/ Pool,https://www.airbnb.co.in/rooms/1218573010134942616,Ready for Automation Sync,"Fixed overflow: old was 50/44 chars (truncated in search cards); Removed non-compliant symbols ('|', '@', '+'); Excluded brand name on Airbnb (strictly complies with Airbnb guidelines)"
1176485695270439568,Not Found,Bagh,Airbnb,StayVista at Bagh@Chahal Farmstay w/ Lake View,3BHK Bagh Villa w/ Lake View,https://www.airbnb.co.in/rooms/1176485695270439568,Ready for Automation Sync,"Fixed overflow: old was 46/44 chars (truncated in search cards); Removed non-compliant symbols ('|', '@', '+'); Excluded brand name on Airbnb (strictly complies with Airbnb guidelines)"
1446012841594157263,4567,Luxury 3BHK Pvt Pool,Airbnb,Luxury 3BHK Pvt Pool Villa | Casa Vida Zen Vagator,3BHK Luxury 3BHK Pvt Pool Villa w/ Pool,https://www.airbnb.co.in/rooms/1446012841594157263,Ready for Automation Sync,"Fixed overflow: old was 50/44 chars (truncated in search cards); Removed non-compliant symbols ('|', '@', '+'); Excluded brand name on Airbnb (strictly complies with Airbnb guidelines)"
1649869418648540846,5303,Tamarind Trails 4BHK  w/BBQ+Bonfire @Lonavala,Airbnb,Tamarind Trails 4BHK Villa w/BBQ+Bonfire @Lonavala,4BHK Villa w/ Bonfire,https://www.airbnb.co.in/rooms/1649869418648540846,Ready for Automation Sync,"Fixed overflow: old was 50/44 chars (truncated in search cards); Removed non-compliant symbols ('|', '@', '+'); Excluded brand name on Airbnb (strictly complies with Airbnb guidelines)"
1172927832501113691,Not Found,Vibe,Airbnb,"StayVista at Vibe @ Ishva Bungalow w/ Pool, Lawn",3BHK Vibe • Pool & Lawn,https://www.airbnb.co.in/rooms/1172927832501113691,Ready for Automation Sync,"Fixed overflow: old was 48/44 chars (truncated in search cards); Removed non-compliant symbols ('|', '@', '+'); Excluded brand name on Airbnb (strictly complies with Airbnb guidelines)"
1367202408105009578,4483,"4BR,Wifi,Pool",Airbnb,"4BR,Wifi,Pool-StayVista@North Star-Igatpuri","4BHK 4BR,Wifi,Pool Villa w/ Pool",https://www.airbnb.co.in/rooms/1367202408105009578,Ready for Automation Sync,"Removed non-compliant symbols ('|', '@', '+'); Excluded brand name on Airbnb (strictly complies with Airbnb guidelines)"
1629559557741189670,5446,Executive Suite,Airbnb,StayVista at Executive Suite@ Raj Bagh w/ BBQ,3BHK Executive Suite Villa w/ BBQ,https://www.airbnb.co.in/rooms/1629559557741189670,Ready for Automation Sync,"Fixed overflow: old was 45/44 chars (truncated in search cards); Removed non-compliant symbols ('|', '@', '+'); Excluded brand name on Airbnb (strictly complies with Airbnb guidelines)"
1446067986206597602,4569,"3BHK  with Pvt Pool Casa Vida Oro, Vagator",Airbnb,"3BHK Villa with Pvt Pool Casa Vida Oro, Vagator",3BHK Villa w/ Pool,https://www.airbnb.co.in/rooms/1446067986206597602,Ready for Automation Sync,Fixed overflow: old was 47/44 chars (truncated in search cards); Excluded brand name on Airbnb (strictly complies with Airbnb guidelines)
1548419098495530869,2433,La Tranquillita,Airbnb,"StayVista at La Tranquillita w/ Pvt Pool, Saligao",3BHK La Tranquillita Villa w/ Pool,https://www.airbnb.co.in/rooms/1548419098495530869,Ready for Automation Sync,Fixed overflow: old was 49/44 chars (truncated in search cards); Excluded brand name on Airbnb (strictly complies with Airbnb guidelines)
1404817628743417365,4624,"4BHK Royal & Heritage , Vaishali Nagar Jaipur",Airbnb,"4BHK Royal & Heritage Villa, Vaishali Nagar Jaipur",4BHK Villa w/ Private Pool,https://www.airbnb.co.in/rooms/1404817628743417365,Ready for Automation Sync,Fixed overflow: old was 50/44 chars (truncated in search cards); Excluded brand name on Airbnb (strictly complies with Airbnb guidelines)
1433091739625564178,4771,Caramel @ Golden Lark w/ Wi,Airbnb,"Caramel @ Golden Lark w/ Wi-Fi, Pool & Lawn",3BHK Caramel @ Golden Lark w/ Wi w/ Pool,https://www.airbnb.co.in/rooms/1433091739625564178,Ready for Automation Sync,"Removed non-compliant symbols ('|', '@', '+'); Excluded brand name on Airbnb (strictly complies with Airbnb guidelines)"
1361331623904591336,4384,Boho Style Luxury 2BR,Airbnb,StayVista Boho Style Luxury 2BR w/Pool&Lawn Jaipur,2BHK Boho Style Luxury 2BR • Pool & Lawn,https://www.airbnb.co.in/rooms/1361331623904591336,Ready for Automation Sync,Fixed overflow: old was 50/44 chars (truncated in search cards); Excluded brand name on Airbnb (strictly complies with Airbnb guidelines)
1352040177885921960,Not Found,Johnson Studios,Airbnb,StayVista Johnson Studios | 1BR & Wi-Fi,1BHK Johnson Studios Villa w/ Private Pool,https://www.airbnb.co.in/rooms/1352040177885921960,Ready for Automation Sync,"Removed non-compliant symbols ('|', '@', '+'); Excluded brand name on Airbnb (strictly complies with Airbnb guidelines)"
1338080273014648567,4357,5BR Ultra Luxury  w/Lawn &Firepit in Srinagar,Airbnb,5BR Ultra Luxury Villa w/Lawn &Firepit in Srinagar,5BHK Villa w/ Lawn,https://www.airbnb.co.in/rooms/1338080273014648567,Ready for Automation Sync,Fixed overflow: old was 50/44 chars (truncated in search cards); Excluded brand name on Airbnb (strictly complies with Airbnb guidelines)
1372169630864160981,Not Found,2BR Slice of Heaven w/Views & Wifi,Airbnb,2BR Slice of Heaven w/Views & Wifi - Mussoorie,2BHK Villa w/ Private Pool,https://www.airbnb.co.in/rooms/1372169630864160981,Ready for Automation Sync,Fixed overflow: old was 46/44 chars (truncated in search cards); Excluded brand name on Airbnb (strictly complies with Airbnb guidelines)
1187347906687933109,3662,Tarika's +3BHK +Pool @Varca Beach,Airbnb,Tarika's +3BHK Villa+Pool @Varca Beach,3BHK Villa w/ Pool,https://www.airbnb.co.in/rooms/1187347906687933109,Ready for Automation Sync,"Removed non-compliant symbols ('|', '@', '+'); Excluded brand name on Airbnb (strictly complies with Airbnb guidelines)"
1175837948301212931,3812,The Manor,Airbnb,The Manor | Luxury Suite in Kullu,3BHK The Manor Manor w/ Lawn,https://www.airbnb.co.in/rooms/1175837948301212931,Ready for Automation Sync,"Removed non-compliant symbols ('|', '@', '+'); Excluded brand name on Airbnb (strictly complies with Airbnb guidelines)"
1310632220933972687,3504,3bhk+Casa Chalora+Pvt Pool+Pool Table+BBQ@candolim,Airbnb,3bhk+Casa Chalora+Pvt Pool+Pool Table+BBQ@candolim,3BHK Villa w/ Pool,https://www.airbnb.co.in/rooms/1310632220933972687,Ready for Automation Sync,"Fixed overflow: old was 50/44 chars (truncated in search cards); Removed non-compliant symbols ('|', '@', '+'); Excluded brand name on Airbnb (strictly complies with Airbnb guidelines)"
1175962311062289015,Not Found,Treehouse,Airbnb,StayVista at Treehouse@Chahal Farmstay w/ Lawn,3BHK Treehouse Villa w/ Lawn,https://www.airbnb.co.in/rooms/1175962311062289015,Ready for Automation Sync,"Fixed overflow: old was 46/44 chars (truncated in search cards); Removed non-compliant symbols ('|', '@', '+'); Excluded brand name on Airbnb (strictly complies with Airbnb guidelines)"
1393909693595204816,Not Found,Stay,Airbnb,"StayVista at Stay-ish Villa w/ Pool, Wi-Fi, BBQ",3BHK Stay • Pool & BBQ,https://www.airbnb.co.in/rooms/1393909693595204816,Ready for Automation Sync,Fixed overflow: old was 47/44 chars (truncated in search cards); Excluded brand name on Airbnb (strictly complies with Airbnb guidelines)
1315052314335533682,Not Found,6BR Aspen Heights w/ Bonfire & Wifi,Airbnb,6BR Aspen Heights w/ Bonfire & Wifi - Mussoorie,6BHK Villa w/ Bonfire,https://www.airbnb.co.in/rooms/1315052314335533682,Ready for Automation Sync,Fixed overflow: old was 47/44 chars (truncated in search cards); Excluded brand name on Airbnb (strictly complies with Airbnb guidelines)
1341776573821059591,Not Found,1 BR  w/BKFST+Scenic View+Lawn near Gangtok,Airbnb,1 BR Cottage w/BKFST+Scenic View+Lawn near Gangtok,1BHK Cottage w/ Lawn,https://www.airbnb.co.in/rooms/1341776573821059591,Ready for Automation Sync,"Fixed overflow: old was 50/44 chars (truncated in search cards); Removed non-compliant symbols ('|', '@', '+'); Excluded brand name on Airbnb (strictly complies with Airbnb guidelines)"
1331582474894769001,4102,Standard King Bed Room @ Lakshmi Retreat,Airbnb,Standard King Bed Room @ Lakshmi Retreat -Kotagiri,3BHK Retreat w/ Lawn,https://www.airbnb.co.in/rooms/1331582474894769001,Ready for Automation Sync,"Fixed overflow: old was 50/44 chars (truncated in search cards); Removed non-compliant symbols ('|', '@', '+'); Excluded brand name on Airbnb (strictly complies with Airbnb guidelines)"
1508387489320876278,4983,5 BR Aravalli Echoes 5BR Retreat – Bonfire,Airbnb,5 BR Aravalli Echoes 5BR Retreat – Bonfire,5BHK Retreat w/ Bonfire,https://www.airbnb.co.in/rooms/1508387489320876278,Ready for Automation Sync,Excluded brand name on Airbnb (strictly complies with Airbnb guidelines)
1563670357554273067,5192,Beige,Airbnb,StayVista at Beige 2 BHK @ Nirvanika Wellness,2BHK Beige Villa w/ Private Pool,https://www.airbnb.co.in/rooms/1563670357554273067,Ready for Automation Sync,"Fixed overflow: old was 45/44 chars (truncated in search cards); Removed non-compliant symbols ('|', '@', '+'); Excluded brand name on Airbnb (strictly complies with Airbnb guidelines)"
1288159074276023908,Not Found,Countryside Meadows,Airbnb,StayVista at Countryside Meadows - 3BHK W/ Pool,3BHK Countryside Meadows Villa w/ Pool,https://www.airbnb.co.in/rooms/1288159074276023908,Ready for Automation Sync,Fixed overflow: old was 47/44 chars (truncated in search cards); Excluded brand name on Airbnb (strictly complies with Airbnb guidelines)
1273758731161636875,4079,2BR A,Airbnb,2BR A-Frame Cabin W/Spacious Lawn & Pool Srinagar,2BHK 2BR A • Pool & Lawn,https://www.airbnb.co.in/rooms/1273758731161636875,Ready for Automation Sync,Fixed overflow: old was 49/44 chars (truncated in search cards); Excluded brand name on Airbnb (strictly complies with Airbnb guidelines)
1313587458378232139,4238,Cherry,Airbnb,StayVista at Cherry @ Villa Montierra wPool & Lawn,3BHK Cherry Villa w/ Lawn,https://www.airbnb.co.in/rooms/1313587458378232139,Ready for Automation Sync,"Fixed overflow: old was 50/44 chars (truncated in search cards); Removed non-compliant symbols ('|', '@', '+'); Excluded brand name on Airbnb (strictly complies with Airbnb guidelines)"
1715846369606934091,2158,The WaterWillow,Airbnb,"StayVista at The WaterWillow w/ Lawn, Gazebo",3BHK The WaterWillow • Lawn & Gazebo,https://www.airbnb.co.in/rooms/1715846369606934091,Ready for Automation Sync,Excluded brand name on Airbnb (strictly complies with Airbnb guidelines)
1354193467533692941,4451,1BHK,Airbnb,1BHK - Premium @ Serenity Skies Apt-VEO-StayVista,1BHK 1BHK Villa w/ Private Pool,https://www.airbnb.co.in/rooms/1354193467533692941,Ready for Automation Sync,"Fixed overflow: old was 49/44 chars (truncated in search cards); Removed non-compliant symbols ('|', '@', '+'); Excluded brand name on Airbnb (strictly complies with Airbnb guidelines)"
1161571933643461477,3608,Grace @ Shivoham Farms 4BR  W/Pool in Sohna,Airbnb,Grace @ Shivoham Farms 4BR Villa W/Pool in Sohna,4BHK Villa w/ Pool,https://www.airbnb.co.in/rooms/1161571933643461477,Ready for Automation Sync,"Fixed overflow: old was 48/44 chars (truncated in search cards); Removed non-compliant symbols ('|', '@', '+'); Excluded brand name on Airbnb (strictly complies with Airbnb guidelines)"
1579706720149182504,Not Found,Anantam,Airbnb,"StayVista at Anantam w/ Pool, Lawn, BBQ & Bonfire",3BHK Anantam • Pool & Lawn,https://www.airbnb.co.in/rooms/1579706720149182504,Ready for Automation Sync,Fixed overflow: old was 49/44 chars (truncated in search cards); Excluded brand name on Airbnb (strictly complies with Airbnb guidelines)
1720992220147734225,Not Found,Casa Pinnacle,Airbnb,Casa Pinnacle,3BHK Casa Pinnacle Villa w/ Private Pool,https://www.airbnb.co.in/rooms/1720992220147734225,Ready for Automation Sync,Excluded brand name on Airbnb (strictly complies with Airbnb guidelines)
1673680343648597287,5317,"6BR Suvas  w/Lawn, BBQ &Wifi",Airbnb,"6BR Suvas Villa w/Lawn, BBQ &Wifi | Ranikhet","6BHK 6BR Suvas w/Lawn, BBQ &Wifi w/ Lawn",https://www.airbnb.co.in/rooms/1673680343648597287,Ready for Automation Sync,"Removed non-compliant symbols ('|', '@', '+'); Excluded brand name on Airbnb (strictly complies with Airbnb guidelines)"
1244091327375660461,4009,4BR Ultra Luxury  w/Lawn &Firepit in Srinagar,Airbnb,4BR Ultra Luxury Villa w/Lawn &Firepit in Srinagar,4BHK Villa w/ Lawn,https://www.airbnb.co.in/rooms/1244091327375660461,Ready for Automation Sync,Fixed overflow: old was 50/44 chars (truncated in search cards); Excluded brand name on Airbnb (strictly complies with Airbnb guidelines)
1569486744580077373,5222,Luxury,Airbnb,StayVista at Luxury Cottage w/Bathtub@JimsFarmstay,3BHK Luxury Cottage w/ Lawn,https://www.airbnb.co.in/rooms/1569486744580077373,Ready for Automation Sync,"Fixed overflow: old was 50/44 chars (truncated in search cards); Removed non-compliant symbols ('|', '@', '+'); Excluded brand name on Airbnb (strictly complies with Airbnb guidelines)"
1588316995412958691,Not Found,White Meadows,Airbnb,"2BR, Lawn, Pool -StayVista at White Meadows-Mysore",2BHK White Meadows • Pool & Lawn,https://www.airbnb.co.in/rooms/1588316995412958691,Ready for Automation Sync,Fixed overflow: old was 50/44 chars (truncated in search cards); Excluded brand name on Airbnb (strictly complies with Airbnb guidelines)
1500431086445995302,4933,4BR,Airbnb,4BR|Luxe Pool+Wifi |StayVista| Cielo House@Alibaug,4BHK 4BR House w/ Pool,https://www.airbnb.co.in/rooms/1500431086445995302,Ready for Automation Sync,"Fixed overflow: old was 50/44 chars (truncated in search cards); Removed non-compliant symbols ('|', '@', '+'); Excluded brand name on Airbnb (strictly complies with Airbnb guidelines)"
1352033298366237867,Not Found,Pastels,Airbnb,StayVista at Pastels @ Johnson Studios w/ Wi-Fi,3BHK Pastels Villa w/ Private Pool,https://www.airbnb.co.in/rooms/1352033298366237867,Ready for Automation Sync,"Fixed overflow: old was 47/44 chars (truncated in search cards); Removed non-compliant symbols ('|', '@', '+'); Excluded brand name on Airbnb (strictly complies with Airbnb guidelines)"
1296207588870599419,3973,Atulyam,Airbnb,"StayVista at Atulyam w/ Bonfire, BBQ, Pet-friendly",3BHK Atulyam • Bonfire & BBQ,https://www.airbnb.co.in/rooms/1296207588870599419,Ready for Automation Sync,Fixed overflow: old was 50/44 chars (truncated in search cards); Excluded brand name on Airbnb (strictly complies with Airbnb guidelines)
1351955759012129731,Not Found,Grande,Airbnb,StayVista at Grande @ Johnson Studios w/ Wi-Fi,3BHK Grande Villa w/ Private Pool,https://www.airbnb.co.in/rooms/1351955759012129731,Ready for Automation Sync,"Fixed overflow: old was 46/44 chars (truncated in search cards); Removed non-compliant symbols ('|', '@', '+'); Excluded brand name on Airbnb (strictly complies with Airbnb guidelines)"
1359298373958481712,4476,Kanatal,Airbnb,Kanatal | Luxe 7BR Chalet Rushli w/Chef & Wifi,7BHK Kanatal Chalet w/ Lawn,https://www.airbnb.co.in/rooms/1359298373958481712,Ready for Automation Sync,"Fixed overflow: old was 46/44 chars (truncated in search cards); Removed non-compliant symbols ('|', '@', '+'); Excluded brand name on Airbnb (strictly complies with Airbnb guidelines)"
1216574215488729238,Not Found,Ivory @ Cardamom Casa 2BR w/ Pvt Lawn & Bonfire,Airbnb,Ivory @ Cardamom Casa 2BR w/ Pvt Lawn & Bonfire,2BHK Villa w/ Lawn,https://www.airbnb.co.in/rooms/1216574215488729238,Ready for Automation Sync,"Fixed overflow: old was 47/44 chars (truncated in search cards); Removed non-compliant symbols ('|', '@', '+'); Excluded brand name on Airbnb (strictly complies with Airbnb guidelines)"
1288123480731895473,4126,1BR Ivy @ Vatika Nature Nest w/ Lawn,Airbnb,1BR Ivy @ Vatika Nature Nest w/ Lawn - Gokarna,1BHK Villa w/ Lawn,https://www.airbnb.co.in/rooms/1288123480731895473,Ready for Automation Sync,"Fixed overflow: old was 46/44 chars (truncated in search cards); Removed non-compliant symbols ('|', '@', '+'); Excluded brand name on Airbnb (strictly complies with Airbnb guidelines)"
1251973562185490945,Not Found,Cloudsong,Airbnb,StayVista at Cloudsong @ Thangsing Farmhouse,3BHK Cloudsong Farmhouse w/ Lawn,https://www.airbnb.co.in/rooms/1251973562185490945,Ready for Automation Sync,"Removed non-compliant symbols ('|', '@', '+'); Excluded brand name on Airbnb (strictly complies with Airbnb guidelines)"
1683288249709158308,5598,"GLAMP AT ILIKA w/ Mountain View, Orchards, BBQ",Airbnb,"GLAMP AT ILIKA w/ Mountain View, Orchards, BBQ",3BHK Villa w/ Mountain View,https://www.airbnb.co.in/rooms/1683288249709158308,Ready for Automation Sync,Fixed overflow: old was 46/44 chars (truncated in search cards); Excluded brand name on Airbnb (strictly complies with Airbnb guidelines)
1217827318135813016,3876,Jolene@Sylvana 1BR Classic & Pet Friendly,Airbnb,Jolene@Sylvana 1BR Classic & Pet Friendly Villa,1BHK Villa w/ Private Pool,https://www.airbnb.co.in/rooms/1217827318135813016,Ready for Automation Sync,"Fixed overflow: old was 47/44 chars (truncated in search cards); Removed non-compliant symbols ('|', '@', '+'); Excluded brand name on Airbnb (strictly complies with Airbnb guidelines)"
1559298641738633123,5083,9BR,Airbnb,9BR|River|StayVista| Nirvanika Wellness @Rishikesh,9BHK 9BR Villa w/ Private Pool,https://www.airbnb.co.in/rooms/1559298641738633123,Ready for Automation Sync,"Fixed overflow: old was 50/44 chars (truncated in search cards); Removed non-compliant symbols ('|', '@', '+'); Excluded brand name on Airbnb (strictly complies with Airbnb guidelines)"
1156399586861547434,3665,Nazneen,Airbnb,StayVista at Nazneen Villa | 3BR Hill View Stay,3BHK Nazneen Villa w/ Private Pool,https://www.airbnb.co.in/rooms/1156399586861547434,Ready for Automation Sync,"Fixed overflow: old was 47/44 chars (truncated in search cards); Removed non-compliant symbols ('|', '@', '+'); Excluded brand name on Airbnb (strictly complies with Airbnb guidelines)"
1387512928657353486,Not Found,Glamping Suite 11,Airbnb,StayVista at Glamping Suite 11 @ Vaana - Jacuzzi,3BHK Glamping Suite 11 Villa w/ Jacuzzi,https://www.airbnb.co.in/rooms/1387512928657353486,Ready for Automation Sync,"Fixed overflow: old was 48/44 chars (truncated in search cards); Removed non-compliant symbols ('|', '@', '+'); Excluded brand name on Airbnb (strictly complies with Airbnb guidelines)"
1589074028923863378,427,Stonehaven,Airbnb,"StayVista at Stonehaven w/ Heated Pool, BBQ",3BHK Stonehaven • Pool & BBQ,https://www.airbnb.co.in/rooms/1589074028923863378,Ready for Automation Sync,Excluded brand name on Airbnb (strictly complies with Airbnb guidelines)
1298999800190938735,Not Found,"Nirvana 3bhk w/ Balcony, Lawn & BBQ @ Murud",Airbnb,"Nirvana 3bhk w/ Balcony, Lawn & BBQ @ Murud",3BHK Villa w/ Lawn,https://www.airbnb.co.in/rooms/1298999800190938735,Ready for Automation Sync,"Removed non-compliant symbols ('|', '@', '+'); Excluded brand name on Airbnb (strictly complies with Airbnb guidelines)"
1241648306537759448,2327,Grande Prima Lux – Jacuzzi & Entertainment,Airbnb,Grande Prima Lux – Jacuzzi & Entertainment,3BHK Villa w/ Jacuzzi,https://www.airbnb.co.in/rooms/1241648306537759448,Ready for Automation Sync,Excluded brand name on Airbnb (strictly complies with Airbnb guidelines)
1699819435447509394,5653,Premium Rooms,Airbnb,StayVista at Premium Rooms @ Vafa Acres w/ Bathtub,3BHK Premium Rooms Villa w/ Private Pool,https://www.airbnb.co.in/rooms/1699819435447509394,Ready for Automation Sync,"Fixed overflow: old was 50/44 chars (truncated in search cards); Removed non-compliant symbols ('|', '@', '+'); Excluded brand name on Airbnb (strictly complies with Airbnb guidelines)"
1330075139450245361,4129,Solace,Airbnb,3BR Pool Haven | StayVista | Villa Solace @Punjab,3BHK Solace Villa w/ Pool,https://www.airbnb.co.in/rooms/1330075139450245361,Ready for Automation Sync,"Fixed overflow: old was 49/44 chars (truncated in search cards); Removed non-compliant symbols ('|', '@', '+'); Excluded brand name on Airbnb (strictly complies with Airbnb guidelines)"
1163080712623087203,3803,@ Ishva Bungalow w/ meals & Lawn,Airbnb,StayVista @ Ishva Bungalow w/ meals & Lawn,3BHK @ Ishva Bungalow w/ meals & Lawn • Lawn,https://www.airbnb.co.in/rooms/1163080712623087203,Ready for Automation Sync,"Removed non-compliant symbols ('|', '@', '+'); Excluded brand name on Airbnb (strictly complies with Airbnb guidelines)"
1690412935240647009,5371,Stories by the River,Airbnb,StayVista at Stories by the River w/ Pool & Bar,3BHK Stories by the River Villa w/ Pool,https://www.airbnb.co.in/rooms/1690412935240647009,Ready for Automation Sync,Fixed overflow: old was 47/44 chars (truncated in search cards); Excluded brand name on Airbnb (strictly complies with Airbnb guidelines)
1161434814023618865,3755,Sunshine,Airbnb,StayVista at Sunshine @  Cloudberry Estate,3BHK Sunshine Estate w/ Lawn,https://www.airbnb.co.in/rooms/1161434814023618865,Ready for Automation Sync,"Removed non-compliant symbols ('|', '@', '+'); Excluded brand name on Airbnb (strictly complies with Airbnb guidelines)"
1228642816665803692,3960,"01 BR Allure w/Caretaker, Wifi & Parking",Airbnb,"01 BR Allure w/Caretaker, Wifi & Parking",1BHK Villa w/ Private Pool,https://www.airbnb.co.in/rooms/1228642816665803692,Ready for Automation Sync,Excluded brand name on Airbnb (strictly complies with Airbnb guidelines)
1213619483166762535,3811,5BHK Pvt Pool & Lawn,Airbnb,5BHK Pvt Pool & Lawn | SoraGlen @Lonavala,5BHK 5BHK Pvt Pool & Lawn • Pool & Lawn,https://www.airbnb.co.in/rooms/1213619483166762535,Ready for Automation Sync,"Removed non-compliant symbols ('|', '@', '+'); Excluded brand name on Airbnb (strictly complies with Airbnb guidelines)"
1715005388366071144,3796,Oasis,Airbnb,StayVista at Oasis @ Arhaan Farm,3BHK Oasis Villa w/ Private Pool,https://www.airbnb.co.in/rooms/1715005388366071144,Ready for Automation Sync,"Removed non-compliant symbols ('|', '@', '+'); Excluded brand name on Airbnb (strictly complies with Airbnb guidelines)"
1563667267003544612,5191,Beige,Airbnb,StayVista at Beige 1 BHK @ Nirvanika Wellness,1BHK Beige Villa w/ Private Pool,https://www.airbnb.co.in/rooms/1563667267003544612,Ready for Automation Sync,"Fixed overflow: old was 45/44 chars (truncated in search cards); Removed non-compliant symbols ('|', '@', '+'); Excluded brand name on Airbnb (strictly complies with Airbnb guidelines)"
1216468431478060158,2959,4bhk,Airbnb,4bhk-Indoor Pool & Gym-Raindrops @Kerala.,4BHK 4bhk Villa w/ Pool,https://www.airbnb.co.in/rooms/1216468431478060158,Ready for Automation Sync,"Removed non-compliant symbols ('|', '@', '+'); Excluded brand name on Airbnb (strictly complies with Airbnb guidelines)"
1541030742873853178,5037,Terrasse de Raga,Airbnb,Terrasse de Raga | 1BR Scenic Penthouse,1BHK Terrasse de Raga Villa w/ Private Pool,https://www.airbnb.co.in/rooms/1541030742873853178,Ready for Automation Sync,"Removed non-compliant symbols ('|', '@', '+'); Excluded brand name on Airbnb (strictly complies with Airbnb guidelines)"
1308368113668694783,3605,2BR @ Mountain  W/Lawn & Modern Interiors,Airbnb,2BR @ Mountain House W/Lawn & Modern Interiors,2BHK House w/ Lawn,https://www.airbnb.co.in/rooms/1308368113668694783,Ready for Automation Sync,"Fixed overflow: old was 46/44 chars (truncated in search cards); Removed non-compliant symbols ('|', '@', '+'); Excluded brand name on Airbnb (strictly complies with Airbnb guidelines)"
1201923895758455727,3779,"3BR @Luna Nova w/Pool, Wifi & Views!",Airbnb,"3BR @Luna Nova w/Pool, Wifi & Views!",3BHK Villa w/ Pool,https://www.airbnb.co.in/rooms/1201923895758455727,Ready for Automation Sync,"Removed non-compliant symbols ('|', '@', '+'); Excluded brand name on Airbnb (strictly complies with Airbnb guidelines)"
1431031470603437989,Not Found,A 3 BR Luxurious Retreat in Sohna W/ Pool,Airbnb,A 3 BR Luxurious Retreat in Sohna W/ Pool,3BHK Retreat w/ Pool,https://www.airbnb.co.in/rooms/1431031470603437989,Ready for Automation Sync,Excluded brand name on Airbnb (strictly complies with Airbnb guidelines)
1354189279821562334,Not Found,3BR The Canopy Homestay with Comp Breakfast Coorg,Airbnb,3BR The Canopy Homestay with Comp Breakfast Coorg,3BHK Homestay w/ Lawn,https://www.airbnb.co.in/rooms/1354189279821562334,Ready for Automation Sync,Fixed overflow: old was 49/44 chars (truncated in search cards); Excluded brand name on Airbnb (strictly complies with Airbnb guidelines)
1217779558369228434,3579,9R,Airbnb,9R-Pet-Friendly+Jacuzzi-Sylvana @Dharmapur-Kasauli,3BHK 9R Villa w/ Jacuzzi,https://www.airbnb.co.in/rooms/1217779558369228434,Ready for Automation Sync,"Fixed overflow: old was 50/44 chars (truncated in search cards); Removed non-compliant symbols ('|', '@', '+'); Excluded brand name on Airbnb (strictly complies with Airbnb guidelines)"
1314262169673747873,2839,3BR Scenic Stay,Airbnb,3BR Scenic Stay|StayVista| Under the Pines @Shimla,3BHK 3BR Scenic Stay Villa w/ Private Pool,https://www.airbnb.co.in/rooms/1314262169673747873,Ready for Automation Sync,"Fixed overflow: old was 50/44 chars (truncated in search cards); Removed non-compliant symbols ('|', '@', '+'); Excluded brand name on Airbnb (strictly complies with Airbnb guidelines)"
1296140501553049140,Not Found,3bhk,Airbnb,3bhk-w/Indoor Pool-Idyll Hills @Panchgani,3BHK 3bhk Villa w/ Pool,https://www.airbnb.co.in/rooms/1296140501553049140,Ready for Automation Sync,"Removed non-compliant symbols ('|', '@', '+'); Excluded brand name on Airbnb (strictly complies with Airbnb guidelines)"
1335874796025879531,Not Found,1BR,Airbnb,1BR-Amaya@Artisanal Heights-FrameCottage @Himachal,1BHK 1BR Villa w/ Private Pool,https://www.airbnb.co.in/rooms/1335874796025879531,Ready for Automation Sync,"Fixed overflow: old was 50/44 chars (truncated in search cards); Removed non-compliant symbols ('|', '@', '+'); Excluded brand name on Airbnb (strictly complies with Airbnb guidelines)"
1329549539890995611,Not Found,Pet Friendly 3BHK  w/Pool & lush lawn @Jaipur,Airbnb,Pet Friendly 3BHK Villa w/Pool & lush lawn @Jaipur,3BHK Villa w/ Pool,https://www.airbnb.co.in/rooms/1329549539890995611,Ready for Automation Sync,"Fixed overflow: old was 50/44 chars (truncated in search cards); Removed non-compliant symbols ('|', '@', '+'); Excluded brand name on Airbnb (strictly complies with Airbnb guidelines)"
1639099899561963953,5444,Raven,Airbnb,StayVista at Raven @ The Boho Hideaway,3BHK Raven Villa w/ Private Pool,https://www.airbnb.co.in/rooms/1639099899561963953,Ready for Automation Sync,"Removed non-compliant symbols ('|', '@', '+'); Excluded brand name on Airbnb (strictly complies with Airbnb guidelines)"
1222167443608947643,Not Found,@ Chimney  – Lawn & Pool,Airbnb,StayVista @ Chimney Cottage – Lawn & Pool,3BHK @ Chimney – Lawn & Pool • Pool & Lawn,https://www.airbnb.co.in/rooms/1222167443608947643,Ready for Automation Sync,"Removed non-compliant symbols ('|', '@', '+'); Excluded brand name on Airbnb (strictly complies with Airbnb guidelines)"
1148962819706354345,3565,Regal,Airbnb,StayVista at Regal @ Wyncroft Bungalow w/ Wi-Fi,3BHK Regal Bungalow w/ Lawn,https://www.airbnb.co.in/rooms/1148962819706354345,Ready for Automation Sync,"Fixed overflow: old was 47/44 chars (truncated in search cards); Removed non-compliant symbols ('|', '@', '+'); Excluded brand name on Airbnb (strictly complies with Airbnb guidelines)"
1537371060688998748,Not Found,Brickstone Gardens,Airbnb,"StayVista at Brickstone Gardens with Pool, Lawn",3BHK Brickstone Gardens • Pool & Lawn,https://www.airbnb.co.in/rooms/1537371060688998748,Ready for Automation Sync,Fixed overflow: old was 47/44 chars (truncated in search cards); Excluded brand name on Airbnb (strictly complies with Airbnb guidelines)
1485275488232237697,4842,4BHK Luxury Farmstay  w/Pool & Lawn in Jaipur,Airbnb,4BHK Luxury Farmstay Villa w/Pool & Lawn in Jaipur,4BHK Villa w/ Pool,https://www.airbnb.co.in/rooms/1485275488232237697,Ready for Automation Sync,Fixed overflow: old was 50/44 chars (truncated in search cards); Excluded brand name on Airbnb (strictly complies with Airbnb guidelines)
1463542461571942056,4892,Chapter 3,Airbnb,Chapter 3 -3BR @ The Ever House W/Comp Jacuzzi,3BHK Chapter 3 House w/ Jacuzzi,https://www.airbnb.co.in/rooms/1463542461571942056,Ready for Automation Sync,"Fixed overflow: old was 46/44 chars (truncated in search cards); Removed non-compliant symbols ('|', '@', '+'); Excluded brand name on Airbnb (strictly complies with Airbnb guidelines)"
1228605015163750325,2802,Dusk Leopard’s Creek 2BR Luxury  W/Pool Table,Airbnb,Dusk Leopard’s Creek 2BR Luxury Villa W/Pool Table,2BHK Villa w/ Pool,https://www.airbnb.co.in/rooms/1228605015163750325,Ready for Automation Sync,Fixed overflow: old was 50/44 chars (truncated in search cards); Excluded brand name on Airbnb (strictly complies with Airbnb guidelines)
1295537950799189040,Not Found,"Foresta 5BR Plunge Pool, Lawn by Stayvista",Airbnb,"Villa Foresta 5BR Plunge Pool, Lawn by Stayvista",5BHK Villa w/ Plunge Pool,https://www.airbnb.co.in/rooms/1295537950799189040,Ready for Automation Sync,Fixed overflow: old was 48/44 chars (truncated in search cards); Excluded brand name on Airbnb (strictly complies with Airbnb guidelines)
1691241044558040911,5615,Rosette,Airbnb,StayVista at Rosette @ Leopard's Haus w/ Pool,3BHK Rosette Villa w/ Pool,https://www.airbnb.co.in/rooms/1691241044558040911,Ready for Automation Sync,"Fixed overflow: old was 45/44 chars (truncated in search cards); Removed non-compliant symbols ('|', '@', '+'); Excluded brand name on Airbnb (strictly complies with Airbnb guidelines)"
1333072223159574114,3259,Ramgarh,Airbnb,"Ramgarh | 3BR Bird's Crest w/Views, Cook & Wifi",3BHK Ramgarh Villa w/ Private Pool,https://www.airbnb.co.in/rooms/1333072223159574114,Ready for Automation Sync,"Fixed overflow: old was 47/44 chars (truncated in search cards); Removed non-compliant symbols ('|', '@', '+'); Excluded brand name on Airbnb (strictly complies with Airbnb guidelines)"
1569466182882103704,5221,Premium,Airbnb,StayVista at Premium Cottage @ Jims Farmstay,3BHK Premium Cottage w/ Lawn,https://www.airbnb.co.in/rooms/1569466182882103704,Ready for Automation Sync,"Removed non-compliant symbols ('|', '@', '+'); Excluded brand name on Airbnb (strictly complies with Airbnb guidelines)"
1201299135034852165,3890,Sage @ The Pastel Courtyard w/ Pool at Jaipur,Airbnb,Sage @ The Pastel Courtyard w/ Pool at Jaipur,3BHK Villa w/ Pool,https://www.airbnb.co.in/rooms/1201299135034852165,Ready for Automation Sync,"Fixed overflow: old was 45/44 chars (truncated in search cards); Removed non-compliant symbols ('|', '@', '+'); Excluded brand name on Airbnb (strictly complies with Airbnb guidelines)"
1409170913162244347,4502,The Himalayan Den,Airbnb,"StayVista at The Himalayan Den w/ Jacuzzi, Wi-Fi",3BHK The Himalayan Den Villa w/ Jacuzzi,https://www.airbnb.co.in/rooms/1409170913162244347,Ready for Automation Sync,Fixed overflow: old was 48/44 chars (truncated in search cards); Excluded brand name on Airbnb (strictly complies with Airbnb guidelines)
1409172027114726734,4683,Under the Stars,Airbnb,Under the Stars-Chettynad Room 1BR,1BHK Under the Stars Villa w/ Private Pool,https://www.airbnb.co.in/rooms/1409172027114726734,Ready for Automation Sync,Excluded brand name on Airbnb (strictly complies with Airbnb guidelines)
1349098476638455593,4303,White Meadows,Airbnb,"2BR, Lawn, Pool -StayVista at White Meadows-Mysore",2BHK White Meadows • Pool & Lawn,https://www.airbnb.co.in/rooms/1349098476638455593,Ready for Automation Sync,Fixed overflow: old was 50/44 chars (truncated in search cards); Excluded brand name on Airbnb (strictly complies with Airbnb guidelines)
1596830957818652449,5254,Sneh Bliss,Airbnb,StayVista at Sneh Bliss Villa w/ Pool,3BHK Sneh Bliss Villa w/ Pool,https://www.airbnb.co.in/rooms/1596830957818652449,Ready for Automation Sync,Excluded brand name on Airbnb (strictly complies with Airbnb guidelines)
1360022992906244248,4099,"Chitrakoot  W/Pool, Lawn & TT Table & View",Airbnb,"Chitrakoot Villa W/Pool, Lawn & TT Table & View",3BHK Villa w/ Pool,https://www.airbnb.co.in/rooms/1360022992906244248,Ready for Automation Sync,Fixed overflow: old was 47/44 chars (truncated in search cards); Excluded brand name on Airbnb (strictly complies with Airbnb guidelines)
1171561679519409188,3743,Bela Mansion,Airbnb,"StayVista at Bela Mansion w/ Pool, BBQ & Terrace",3BHK Bela Mansion • Pool & BBQ,https://www.airbnb.co.in/rooms/1171561679519409188,Ready for Automation Sync,Fixed overflow: old was 48/44 chars (truncated in search cards); Excluded brand name on Airbnb (strictly complies with Airbnb guidelines)
1238224790607072971,3992,Sutra 2BHK,Airbnb,Sutra 2BHK | Griha Sankalpa w/ Breakfast - Wayanad,2BHK Sutra 2BHK Villa w/ Private Pool,https://www.airbnb.co.in/rooms/1238224790607072971,Ready for Automation Sync,"Fixed overflow: old was 50/44 chars (truncated in search cards); Removed non-compliant symbols ('|', '@', '+'); Excluded brand name on Airbnb (strictly complies with Airbnb guidelines)"
1192512393609583627,3756,Nest,Airbnb,"StayVista at Nest @ Forktail House - Views, Dongle",3BHK Nest House w/ Lawn,https://www.airbnb.co.in/rooms/1192512393609583627,Ready for Automation Sync,"Fixed overflow: old was 50/44 chars (truncated in search cards); Removed non-compliant symbols ('|', '@', '+'); Excluded brand name on Airbnb (strictly complies with Airbnb guidelines)"
1370839356768630940,Not Found,Elevated Suite Room 2 W/ Jacuzzi @ Ever Falls,Airbnb,Elevated Suite Room 2 W/ Jacuzzi @ Ever Falls,3BHK Villa w/ Jacuzzi,https://www.airbnb.co.in/rooms/1370839356768630940,Ready for Automation Sync,"Fixed overflow: old was 45/44 chars (truncated in search cards); Removed non-compliant symbols ('|', '@', '+'); Excluded brand name on Airbnb (strictly complies with Airbnb guidelines)"
1182427653667047410,3819,3BR Ivy @ Serenity by the Ganges w/Wifi & Parking,Airbnb,3BR Ivy @ Serenity by the Ganges w/Wifi & Parking,3BHK Villa w/ Private Pool,https://www.airbnb.co.in/rooms/1182427653667047410,Ready for Automation Sync,"Fixed overflow: old was 49/44 chars (truncated in search cards); Removed non-compliant symbols ('|', '@', '+'); Excluded brand name on Airbnb (strictly complies with Airbnb guidelines)"
1312851908887605946,Not Found,3BR,Airbnb,3BR-StyVista@Ridgewood Mansion w/Gazebo &Infi Pool,3BHK 3BR • Pool & Gazebo,https://www.airbnb.co.in/rooms/1312851908887605946,Ready for Automation Sync,"Fixed overflow: old was 50/44 chars (truncated in search cards); Removed non-compliant symbols ('|', '@', '+'); Excluded brand name on Airbnb (strictly complies with Airbnb guidelines)"
1716515481139101463,Not Found,The Vesper Suite,Airbnb,"StayVista at The Vesper Suite w/ Lounge, Gym",3BHK The Vesper Suite Villa w/ Private Pool,https://www.airbnb.co.in/rooms/1716515481139101463,Ready for Automation Sync,Excluded brand name on Airbnb (strictly complies with Airbnb guidelines)
1167195247667468583,3626,Elegant 7BHK  w/Pvt Pool+Bath tub+Lawn Jaipur,Airbnb,Elegant 7BHK Villa w/Pvt Pool+Bath tub+Lawn Jaipur,7BHK Villa w/ Pool,https://www.airbnb.co.in/rooms/1167195247667468583,Ready for Automation Sync,"Fixed overflow: old was 50/44 chars (truncated in search cards); Removed non-compliant symbols ('|', '@', '+'); Excluded brand name on Airbnb (strictly complies with Airbnb guidelines)"
1228598896268285889,3959,2BR Delight @ The Enchanted Forest,Airbnb,2BR Delight @ The Enchanted Forest,2BHK Villa w/ Private Pool,https://www.airbnb.co.in/rooms/1228598896268285889,Ready for Automation Sync,"Removed non-compliant symbols ('|', '@', '+'); Excluded brand name on Airbnb (strictly complies with Airbnb guidelines)"
1710022916672613767,5493,2BR,Airbnb,2BR |Luxury Tub|StayVista| TheOrchardSong@Himachal,2BHK 2BR Villa w/ Orchard,https://www.airbnb.co.in/rooms/1710022916672613767,Ready for Automation Sync,"Fixed overflow: old was 50/44 chars (truncated in search cards); Removed non-compliant symbols ('|', '@', '+'); Excluded brand name on Airbnb (strictly complies with Airbnb guidelines)"
1213438294370761308,3806,Sunbeam,Airbnb,"StayVista at Sunbeam Villa w/ Pool, WiFi",3BHK Sunbeam Villa w/ Pool,https://www.airbnb.co.in/rooms/1213438294370761308,Ready for Automation Sync,Excluded brand name on Airbnb (strictly complies with Airbnb guidelines)
1357034892261344905,4327,Noida 8BR @Golfwood Manor w/Chef & Wifi fr WFH,Airbnb,Noida 8BR @Golfwood Manor w/Chef & Wifi fr WFH,8BHK Manor w/ Lawn,https://www.airbnb.co.in/rooms/1357034892261344905,Ready for Automation Sync,"Fixed overflow: old was 46/44 chars (truncated in search cards); Removed non-compliant symbols ('|', '@', '+'); Excluded brand name on Airbnb (strictly complies with Airbnb guidelines)"
1183771273232516130,3794,"Emberlight @ Rustic Retreat, Mall road Kasauli",Airbnb,"Emberlight @ Rustic Retreat, Mall road Kasauli",3BHK Retreat w/ Lawn,https://www.airbnb.co.in/rooms/1183771273232516130,Ready for Automation Sync,"Fixed overflow: old was 46/44 chars (truncated in search cards); Removed non-compliant symbols ('|', '@', '+'); Excluded brand name on Airbnb (strictly complies with Airbnb guidelines)"
1688322177469795624,5555,IRIS,Airbnb,"StayVista at IRIS w/ Valley View, Bonfire",3BHK IRIS • Valley View & Bonfire,https://www.airbnb.co.in/rooms/1688322177469795624,Ready for Automation Sync,Excluded brand name on Airbnb (strictly complies with Airbnb guidelines)
1148971676169295572,3566,Colonial,Airbnb,StayVista at Colonial @ Wyncroft Bungalow w/ Wi-Fi,3BHK Colonial Bungalow w/ Lawn,https://www.airbnb.co.in/rooms/1148971676169295572,Ready for Automation Sync,"Fixed overflow: old was 50/44 chars (truncated in search cards); Removed non-compliant symbols ('|', '@', '+'); Excluded brand name on Airbnb (strictly complies with Airbnb guidelines)"
1365022887884365759,3407,3BR Pool PetFrdly,Airbnb,3BR Pool PetFrdly|StayVista| PalmTree Homes@Kerala,3BHK 3BR Pool PetFrdly Villa w/ Pool,https://www.airbnb.co.in/rooms/1365022887884365759,Ready for Automation Sync,"Fixed overflow: old was 50/44 chars (truncated in search cards); Removed non-compliant symbols ('|', '@', '+'); Excluded brand name on Airbnb (strictly complies with Airbnb guidelines)"
1567044597434091005,2631,4BR,Airbnb,4BR |Pool+BBQ/w Outdoor|StayVista| Hilldale @ Pune,4BHK 4BR • Pool & BBQ,https://www.airbnb.co.in/rooms/1567044597434091005,Ready for Automation Sync,"Fixed overflow: old was 50/44 chars (truncated in search cards); Removed non-compliant symbols ('|', '@', '+'); Excluded brand name on Airbnb (strictly complies with Airbnb guidelines)"
1544181423588406522,4937,Sama  by VEO,Airbnb,Sama Villa by VEO - Part of StayVista,3BHK Sama by VEO Villa w/ Private Pool,https://www.airbnb.co.in/rooms/1544181423588406522,Ready for Automation Sync,Excluded brand name on Airbnb (strictly complies with Airbnb guidelines)
1683129368232858789,5594,Executive Rooms,Airbnb,StayVista at Executive Rooms @ Evara Farms w/ Pool,3BHK Executive Rooms Villa w/ Pool,https://www.airbnb.co.in/rooms/1683129368232858789,Ready for Automation Sync,"Fixed overflow: old was 50/44 chars (truncated in search cards); Removed non-compliant symbols ('|', '@', '+'); Excluded brand name on Airbnb (strictly complies with Airbnb guidelines)"
1349012182959873636,2211,3BR,Airbnb,3BR|LuxuryFunHub|StayVista|The Green Orchid@Karjat,3BHK 3BR Villa w/ Private Pool,https://www.airbnb.co.in/rooms/1349012182959873636,Ready for Automation Sync,"Fixed overflow: old was 50/44 chars (truncated in search cards); Removed non-compliant symbols ('|', '@', '+'); Excluded brand name on Airbnb (strictly complies with Airbnb guidelines)"
1588238123528391691,4697,6BR Whispering Valley w/Wifi & BBQ,Airbnb,6BR Whispering Valley w/Wifi & BBQ | Ranikhet,6BHK Villa w/ BBQ,https://www.airbnb.co.in/rooms/1588238123528391691,Ready for Automation Sync,"Fixed overflow: old was 45/44 chars (truncated in search cards); Removed non-compliant symbols ('|', '@', '+'); Excluded brand name on Airbnb (strictly complies with Airbnb guidelines)"
1269283552239998491,Not Found,"1 BR w/BKFST, PlungePool, Bathtub near Ranthambore",Airbnb,"1 BR w/BKFST, PlungePool, Bathtub near Ranthambore",1BHK Villa w/ Plunge Pool,https://www.airbnb.co.in/rooms/1269283552239998491,Ready for Automation Sync,Fixed overflow: old was 50/44 chars (truncated in search cards); Excluded brand name on Airbnb (strictly complies with Airbnb guidelines)
1653468291131282225,Not Found,Sarovar Farms,Airbnb,"StayVista at Sarovar Farms w/ Pool, Lake View",3BHK Sarovar Farms • Pool & Lake View,https://www.airbnb.co.in/rooms/1653468291131282225,Ready for Automation Sync,Fixed overflow: old was 45/44 chars (truncated in search cards); Excluded brand name on Airbnb (strictly complies with Airbnb guidelines)
1628061882018768316,Not Found,Native Place,Airbnb,Native Place -8 BHK,8BHK Native Place Villa w/ Private Pool,https://www.airbnb.co.in/rooms/1628061882018768316,Ready for Automation Sync,Excluded brand name on Airbnb (strictly complies with Airbnb guidelines)
1559215012434011141,3904,Bayside Oasis,Airbnb,"StayVista at Bayside Oasis | Beach Villa, Mandwa",3BHK Bayside Oasis Villa w/ Private Pool,https://www.airbnb.co.in/rooms/1559215012434011141,Ready for Automation Sync,"Fixed overflow: old was 48/44 chars (truncated in search cards); Removed non-compliant symbols ('|', '@', '+'); Excluded brand name on Airbnb (strictly complies with Airbnb guidelines)"
1335143471655406509,4285,Artha @ The Manvi,Airbnb,Artha @ The Manvi Estate - With Private Pool,3BHK Artha @ The Manvi w/ Private Pool,https://www.airbnb.co.in/rooms/1335143471655406509,Ready for Automation Sync,"Removed non-compliant symbols ('|', '@', '+'); Excluded brand name on Airbnb (strictly complies with Airbnb guidelines)"
1348955113788169706,4378,2BR Vale w/Balcony,Airbnb,2BR Vale w/Balcony | Breakfast@Vaga Valley Vagamon,2BHK 2BR Vale w/Balcony Villa w/ Balcony,https://www.airbnb.co.in/rooms/1348955113788169706,Ready for Automation Sync,"Fixed overflow: old was 50/44 chars (truncated in search cards); Removed non-compliant symbols ('|', '@', '+'); Excluded brand name on Airbnb (strictly complies with Airbnb guidelines)"
1592636016648986159,5273,Dhara @ The Fig Tree by VEO,Airbnb,Dhara @ The Fig Tree by VEO - Part of StayVista,3BHK Villa w/ Private Pool,https://www.airbnb.co.in/rooms/1592636016648986159,Ready for Automation Sync,"Fixed overflow: old was 47/44 chars (truncated in search cards); Removed non-compliant symbols ('|', '@', '+'); Excluded brand name on Airbnb (strictly complies with Airbnb guidelines)"
1172179232832867732,3746,1BHK,Airbnb,1BHK |Luxury Stay | StayVista | Peak & Paddle@Pune,1BHK 1BHK Villa w/ Private Pool,https://www.airbnb.co.in/rooms/1172179232832867732,Ready for Automation Sync,"Fixed overflow: old was 50/44 chars (truncated in search cards); Removed non-compliant symbols ('|', '@', '+'); Excluded brand name on Airbnb (strictly complies with Airbnb guidelines)"
1569450873721594238,5220,Comfort,Airbnb,StayVista at Comfort Cottage @ Jims Farmstay,3BHK Comfort Cottage w/ Lawn,https://www.airbnb.co.in/rooms/1569450873721594238,Ready for Automation Sync,"Removed non-compliant symbols ('|', '@', '+'); Excluded brand name on Airbnb (strictly complies with Airbnb guidelines)"
1585492272211434410,5235,Amariyah  by VEO,Airbnb,Amariyah House by VEO - Part of StayVista,3BHK Amariyah by VEO House w/ Lawn,https://www.airbnb.co.in/rooms/1585492272211434410,Ready for Automation Sync,Excluded brand name on Airbnb (strictly complies with Airbnb guidelines)
1167151687899051278,3739,Calm,Airbnb,"StayVista at Calm @ Meditating Woods w/ Lawn, WiFi",3BHK Calm Villa w/ Lawn,https://www.airbnb.co.in/rooms/1167151687899051278,Ready for Automation Sync,"Fixed overflow: old was 50/44 chars (truncated in search cards); Removed non-compliant symbols ('|', '@', '+'); Excluded brand name on Airbnb (strictly complies with Airbnb guidelines)"
1218910357205228407,3737,Hillcrest 3BR Pet Friendly  W/Lawn in Kasauli,Airbnb,Hillcrest 3BR Pet Friendly Villa W/Lawn in Kasauli,3BHK Villa w/ Lawn,https://www.airbnb.co.in/rooms/1218910357205228407,Ready for Automation Sync,Fixed overflow: old was 50/44 chars (truncated in search cards); Excluded brand name on Airbnb (strictly complies with Airbnb guidelines)
1207712800034638742,Not Found,"6BR,Wifi,BBQ",Airbnb,"6BR,Wifi,BBQ - StayVista at La Tranquillità @ Goa","6BHK 6BR,Wifi,BBQ Villa w/ BBQ",https://www.airbnb.co.in/rooms/1207712800034638742,Ready for Automation Sync,"Fixed overflow: old was 49/44 chars (truncated in search cards); Removed non-compliant symbols ('|', '@', '+'); Excluded brand name on Airbnb (strictly complies with Airbnb guidelines)"
1628886557717825008,Not Found,Saratoga,Airbnb,StayVista at Saratoga w/ BBQ & Bonfire,3BHK Saratoga • Bonfire & BBQ,https://www.airbnb.co.in/rooms/1628886557717825008,Ready for Automation Sync,Excluded brand name on Airbnb (strictly complies with Airbnb guidelines)
1665866448402891840,Not Found,Sukoon,Airbnb,"StayVista at Sukoon Villa w/ Pool, Lawn",3BHK Sukoon • Pool & Lawn,https://www.airbnb.co.in/rooms/1665866448402891840,Ready for Automation Sync,Excluded brand name on Airbnb (strictly complies with Airbnb guidelines)
1597602008017032282,Not Found,Five Petals,Airbnb,"StayVista at Five Petals w/ Bonfire, Pet-friendly",3BHK Five Petals Villa w/ Bonfire,https://www.airbnb.co.in/rooms/1597602008017032282,Ready for Automation Sync,Fixed overflow: old was 49/44 chars (truncated in search cards); Excluded brand name on Airbnb (strictly complies with Airbnb guidelines)
1148942139567439873,3657,"5BR Hillside Serenity w/Pool+Bonfire+Bar, Lonavala",Airbnb,"5BR Hillside Serenity w/Pool+Bonfire+Bar, Lonavala",5BHK Villa w/ Pool,https://www.airbnb.co.in/rooms/1148942139567439873,Ready for Automation Sync,"Fixed overflow: old was 50/44 chars (truncated in search cards); Removed non-compliant symbols ('|', '@', '+'); Excluded brand name on Airbnb (strictly complies with Airbnb guidelines)"
1354188021184410402,4270,7BR Stylish  Wine w/Pool+Jacuzzi By,Airbnb,7BR Stylish Villa Wine w/Pool+Jacuzzi By StayVista,7BHK Villa w/ Pool,https://www.airbnb.co.in/rooms/1354188021184410402,Ready for Automation Sync,"Fixed overflow: old was 50/44 chars (truncated in search cards); Removed non-compliant symbols ('|', '@', '+'); Excluded brand name on Airbnb (strictly complies with Airbnb guidelines)"
1543252950977887600,5063,"Aangan Tales by  w/ Pool, Lawn, Wi",Airbnb,"Aangan Tales by StayVista w/ Pool, Lawn, Wi-Fi",3BHK Villa w/ Pool,https://www.airbnb.co.in/rooms/1543252950977887600,Ready for Automation Sync,Fixed overflow: old was 46/44 chars (truncated in search cards); Excluded brand name on Airbnb (strictly complies with Airbnb guidelines)
1333804431239763230,4284,"4BR  W/Pool, Massive Lawn & Outdoor Games",Airbnb,"4BR Villa W/Pool, Massive Lawn & Outdoor Games",4BHK Villa w/ Pool,https://www.airbnb.co.in/rooms/1333804431239763230,Ready for Automation Sync,Fixed overflow: old was 46/44 chars (truncated in search cards); Excluded brand name on Airbnb (strictly complies with Airbnb guidelines)
1209269280006352152,3916,Ivy @ Sweet Sunsation 3BR  W/ Pool & Jacuzzi,Airbnb,Ivy @ Sweet Sunsation 3BR Villa W/ Pool & Jacuzzi,3BHK Villa w/ Pool,https://www.airbnb.co.in/rooms/1209269280006352152,Ready for Automation Sync,"Fixed overflow: old was 49/44 chars (truncated in search cards); Removed non-compliant symbols ('|', '@', '+'); Excluded brand name on Airbnb (strictly complies with Airbnb guidelines)"
1201894543312449750,3898,Snowbells @ Snowdrop,Airbnb,Snowbells @ Snowdrop House | 2BR Cozy Retreat,2BHK Snowbells @ Snowdrop House w/ Lawn,https://www.airbnb.co.in/rooms/1201894543312449750,Ready for Automation Sync,"Fixed overflow: old was 45/44 chars (truncated in search cards); Removed non-compliant symbols ('|', '@', '+'); Excluded brand name on Airbnb (strictly complies with Airbnb guidelines)"
1283832539156946040,4023,@Banyan Nirvana  3BR,Airbnb,"StayVista@Banyan Nirvana villa 3BR-w/pool, bonfire",3BHK @Banyan Nirvana 3BR • Pool & Bonfire,https://www.airbnb.co.in/rooms/1283832539156946040,Ready for Automation Sync,"Fixed overflow: old was 50/44 chars (truncated in search cards); Removed non-compliant symbols ('|', '@', '+'); Excluded brand name on Airbnb (strictly complies with Airbnb guidelines)"
1714351810778406885,Not Found,Golden Acres,Airbnb,"StayVista at Golden Acres w/ Lawn, Bonfire",3BHK Golden Acres • Lawn & Bonfire,https://www.airbnb.co.in/rooms/1714351810778406885,Ready for Automation Sync,Excluded brand name on Airbnb (strictly complies with Airbnb guidelines)
1269267655072489976,Not Found,"1 BR w/BKFST, PlungePool, Bathtub near Ranthambore",Airbnb,"1 BR w/BKFST, PlungePool, Bathtub near Ranthambore",1BHK Villa w/ Plunge Pool,https://www.airbnb.co.in/rooms/1269267655072489976,Ready for Automation Sync,Fixed overflow: old was 50/44 chars (truncated in search cards); Excluded brand name on Airbnb (strictly complies with Airbnb guidelines)
1312916384714371718,4213,Charming 2BHK  with Private Pool in Anjuna,Airbnb,Charming 2BHK Villa with Private Pool in Anjuna,2BHK Villa w/ Private Pool,https://www.airbnb.co.in/rooms/1312916384714371718,Ready for Automation Sync,Fixed overflow: old was 47/44 chars (truncated in search cards); Excluded brand name on Airbnb (strictly complies with Airbnb guidelines)
1348910947308801217,4258,4BHK Vaga Valley In Vagamon w/ Stunning View,Airbnb,4BHK Vaga Valley In Vagamon w/ Stunning View,4BHK Villa w/ Private Pool,https://www.airbnb.co.in/rooms/1348910947308801217,Ready for Automation Sync,Excluded brand name on Airbnb (strictly complies with Airbnb guidelines)
1713752902509830850,5652,9 Squares,Airbnb,StayVista at Villa 9 Squares w/ Lawn & Pool,3BHK 9 Squares • Pool & Lawn,https://www.airbnb.co.in/rooms/1713752902509830850,Ready for Automation Sync,Excluded brand name on Airbnb (strictly complies with Airbnb guidelines)
1181737758221046027,3838,1BR Gazebo @ Maple Farms Sohna W/Aravali Views,Airbnb,1BR Gazebo @ Maple Farms Sohna W/Aravali Views,1BHK Villa w/ Gazebo,https://www.airbnb.co.in/rooms/1181737758221046027,Ready for Automation Sync,"Fixed overflow: old was 46/44 chars (truncated in search cards); Removed non-compliant symbols ('|', '@', '+'); Excluded brand name on Airbnb (strictly complies with Airbnb guidelines)"
1672981367271017195,5483,Serafina,Airbnb,StayVista at Serafina w/ BBQ & Gazebo,3BHK Serafina • BBQ & Gazebo,https://www.airbnb.co.in/rooms/1672981367271017195,Ready for Automation Sync,Excluded brand name on Airbnb (strictly complies with Airbnb guidelines)
1579579722381688955,Not Found,Daisy Dell,Airbnb,"StayVista at Daisy Dell w/ Pool, Gazebo, Wi-Fi",3BHK Daisy Dell • Pool & Gazebo,https://www.airbnb.co.in/rooms/1579579722381688955,Ready for Automation Sync,Fixed overflow: old was 46/44 chars (truncated in search cards); Excluded brand name on Airbnb (strictly complies with Airbnb guidelines)
1715672685433486234,Not Found,Cosmic,Airbnb,Cosmic,3BHK Cosmic Villa w/ Private Pool,https://www.airbnb.co.in/rooms/1715672685433486234,Ready for Automation Sync,Excluded brand name on Airbnb (strictly complies with Airbnb guidelines)
1191822540873561439,3766,Pure,Airbnb,"StayVista at Pure @ Elegant Escapes w/ Pool, BBQ",3BHK Pure • Pool & BBQ,https://www.airbnb.co.in/rooms/1191822540873561439,Ready for Automation Sync,"Fixed overflow: old was 48/44 chars (truncated in search cards); Removed non-compliant symbols ('|', '@', '+'); Excluded brand name on Airbnb (strictly complies with Airbnb guidelines)"
1594106055541112135,5091,"4BHK Pvt Pool BBQ  Romania, Mumbai",Airbnb,"4BHK Pvt Pool BBQ Villa Romania, Mumbai",4BHK Villa w/ Pool,https://www.airbnb.co.in/rooms/1594106055541112135,Ready for Automation Sync,Excluded brand name on Airbnb (strictly complies with Airbnb guidelines)
1176487349146714827,3400,4 BHK Farm Stay w/Pool Table+Lake View @ Amritsar,Airbnb,4 BHK Farm Stay w/Pool Table+Lake View @ Amritsar,4BHK Villa w/ Pool,https://www.airbnb.co.in/rooms/1176487349146714827,Ready for Automation Sync,"Fixed overflow: old was 49/44 chars (truncated in search cards); Removed non-compliant symbols ('|', '@', '+'); Excluded brand name on Airbnb (strictly complies with Airbnb guidelines)"
1159360484380083826,Not Found,Gauhar,Airbnb,StayVista at Gauhar Villa | Jacuzzi & Steam,3BHK Gauhar Villa w/ Jacuzzi,https://www.airbnb.co.in/rooms/1159360484380083826,Ready for Automation Sync,"Removed non-compliant symbols ('|', '@', '+'); Excluded brand name on Airbnb (strictly complies with Airbnb guidelines)"
1624528929465218970,5432,Mussoorie,Airbnb,Mussoorie | 7BR Whispering Echoes w/Views & Wifi,7BHK Mussoorie Villa w/ Private Pool,https://www.airbnb.co.in/rooms/1624528929465218970,Ready for Automation Sync,"Fixed overflow: old was 48/44 chars (truncated in search cards); Removed non-compliant symbols ('|', '@', '+'); Excluded brand name on Airbnb (strictly complies with Airbnb guidelines)"
1714567883732251494,4310,Faith,Airbnb,StayVista at Faith @ Amanat Riverfront Cottage,3BHK Faith Cottage w/ Lawn,https://www.airbnb.co.in/rooms/1714567883732251494,Ready for Automation Sync,"Fixed overflow: old was 46/44 chars (truncated in search cards); Removed non-compliant symbols ('|', '@', '+'); Excluded brand name on Airbnb (strictly complies with Airbnb guidelines)"
1207741527841183410,2434,4BR w/,Airbnb,"4BR w/- Pool, Wifi - Palms @ La Tranquillità @ Goa",4BHK 4BR w/ Villa w/ Pool,https://www.airbnb.co.in/rooms/1207741527841183410,Ready for Automation Sync,"Fixed overflow: old was 50/44 chars (truncated in search cards); Removed non-compliant symbols ('|', '@', '+'); Excluded brand name on Airbnb (strictly complies with Airbnb guidelines)"
1191777696922202036,3741,5BHK,Airbnb,"5BHK- StayVista @ Elegant Escapes w/ Pool, Bonfire",5BHK 5BHK • Pool & Bonfire,https://www.airbnb.co.in/rooms/1191777696922202036,Ready for Automation Sync,"Fixed overflow: old was 50/44 chars (truncated in search cards); Removed non-compliant symbols ('|', '@', '+'); Excluded brand name on Airbnb (strictly complies with Airbnb guidelines)"
1190419507011575773,3690,2 BR w/Scenic View @ Bison Valley,Airbnb,2 BR w/Scenic View @ Bison Valley - Munnar,2BHK Villa w/ Private Pool,https://www.airbnb.co.in/rooms/1190419507011575773,Ready for Automation Sync,"Removed non-compliant symbols ('|', '@', '+'); Excluded brand name on Airbnb (strictly complies with Airbnb guidelines)"
1563633208961073126,5164,"Ilaka Stone  @Stayvista w/ Lawn, Heater, TV",Airbnb,"Ilaka Stone House @Stayvista w/ Lawn, Heater, TV",3BHK House w/ Lawn,https://www.airbnb.co.in/rooms/1563633208961073126,Ready for Automation Sync,"Fixed overflow: old was 48/44 chars (truncated in search cards); Removed non-compliant symbols ('|', '@', '+'); Excluded brand name on Airbnb (strictly complies with Airbnb guidelines)"
1569448256284410118,5072,4BR,Airbnb,4BR|Forest Escape+Bonfir|StayVista| Hermitage@Ooty,4BHK 4BR Villa w/ Private Pool,https://www.airbnb.co.in/rooms/1569448256284410118,Ready for Automation Sync,"Fixed overflow: old was 50/44 chars (truncated in search cards); Removed non-compliant symbols ('|', '@', '+'); Excluded brand name on Airbnb (strictly complies with Airbnb guidelines)"
1641073689799643037,5437,3BR,Airbnb,3BR |Garden Escape|StayVista| Sukoon Villa @Nashik,3BHK 3BR Villa w/ Garden,https://www.airbnb.co.in/rooms/1641073689799643037,Ready for Automation Sync,"Fixed overflow: old was 50/44 chars (truncated in search cards); Removed non-compliant symbols ('|', '@', '+'); Excluded brand name on Airbnb (strictly complies with Airbnb guidelines)"
1629601017429472577,5447,Luxury Suite,Airbnb,StayVista at Luxury Suite @ Raj Bagh w/ BBQ,3BHK Luxury Suite Villa w/ BBQ,https://www.airbnb.co.in/rooms/1629601017429472577,Ready for Automation Sync,"Removed non-compliant symbols ('|', '@', '+'); Excluded brand name on Airbnb (strictly complies with Airbnb guidelines)"
1623137272734302448,5392,"4BR @ Mystic Grove w/Pool, Scenic Views & Wifi",Airbnb,"4BR @ Mystic Grove w/Pool, Scenic Views & Wifi",4BHK Villa w/ Pool,https://www.airbnb.co.in/rooms/1623137272734302448,Ready for Automation Sync,"Fixed overflow: old was 46/44 chars (truncated in search cards); Removed non-compliant symbols ('|', '@', '+'); Excluded brand name on Airbnb (strictly complies with Airbnb guidelines)"
1683096895618125756,5593,Premium Rooms,Airbnb,StayVista at Premium Rooms @ Evara Farms w/ Pool,3BHK Premium Rooms Villa w/ Pool,https://www.airbnb.co.in/rooms/1683096895618125756,Ready for Automation Sync,"Fixed overflow: old was 48/44 chars (truncated in search cards); Removed non-compliant symbols ('|', '@', '+'); Excluded brand name on Airbnb (strictly complies with Airbnb guidelines)"
1581847079494690913,Not Found,Maryam,Airbnb,"StayVista at Maryam Cottage w/ BBQ, Bonfire",3BHK Maryam • Bonfire & BBQ,https://www.airbnb.co.in/rooms/1581847079494690913,Ready for Automation Sync,Excluded brand name on Airbnb (strictly complies with Airbnb guidelines)
1554951030586523976,5141,Amarosa,Airbnb,"StayVista at Amarosa w/ Pool, Wi-Fi, Jacuzzi",3BHK Amarosa • Pool & Jacuzzi,https://www.airbnb.co.in/rooms/1554951030586523976,Ready for Automation Sync,Excluded brand name on Airbnb (strictly complies with Airbnb guidelines)
1716435335552129261,5670,Vikings,Airbnb,"StayVista at Vikings Villa w/ Pool, Lawn",3BHK Vikings • Pool & Lawn,https://www.airbnb.co.in/rooms/1716435335552129261,Ready for Automation Sync,Excluded brand name on Airbnb (strictly complies with Airbnb guidelines)
1543222174883408342,4950,2BR,Airbnb,2BR| Lawn&BBQ+Lake Side |StayVista| Ajuban @Pune,2BHK 2BR • Lawn & BBQ,https://www.airbnb.co.in/rooms/1543222174883408342,Ready for Automation Sync,"Fixed overflow: old was 48/44 chars (truncated in search cards); Removed non-compliant symbols ('|', '@', '+'); Excluded brand name on Airbnb (strictly complies with Airbnb guidelines)"
1585304527354996400,5223,"Belleza w/ Pool, Lawn by VEO",Airbnb,"Belleza w/ Pool, Lawn by VEO - Part of StayVista","3BHK Belleza w/ Pool, Lawn by VEO w/ Pool",https://www.airbnb.co.in/rooms/1585304527354996400,Ready for Automation Sync,Fixed overflow: old was 48/44 chars (truncated in search cards); Excluded brand name on Airbnb (strictly complies with Airbnb guidelines)
1178076145092778134,Not Found,4BHK Pahadi  w/Valley View +Lawn near Gangtok,Airbnb,4BHK Pahadi Villa w/Valley View +Lawn near Gangtok,4BHK Villa w/ Valley View,https://www.airbnb.co.in/rooms/1178076145092778134,Ready for Automation Sync,"Fixed overflow: old was 50/44 chars (truncated in search cards); Removed non-compliant symbols ('|', '@', '+'); Excluded brand name on Airbnb (strictly complies with Airbnb guidelines)"
1573088394945729482,Not Found,El Parque,Airbnb,"StayVista at El Parque w/ Pool, Bar & Lounge",3BHK El Parque Villa w/ Pool,https://www.airbnb.co.in/rooms/1573088394945729482,Ready for Automation Sync,Excluded brand name on Airbnb (strictly complies with Airbnb guidelines)
1587692319692853019,Not Found,1BR Matcha DUP,Airbnb,1BR Matcha DUP,1BHK 1BR Matcha DUP Villa w/ Private Pool,https://www.airbnb.co.in/rooms/1587692319692853019,Ready for Automation Sync,Excluded brand name on Airbnb (strictly complies with Airbnb guidelines)
1581763183150496420,2377,3BR / Emerald Greens W/ Pool @ Lonavla,Airbnb,3BR / Emerald Greens W/ Pool @ Lonavla,3BHK Villa w/ Pool,https://www.airbnb.co.in/rooms/1581763183150496420,Ready for Automation Sync,"Removed non-compliant symbols ('|', '@', '+'); Excluded brand name on Airbnb (strictly complies with Airbnb guidelines)"
1568683988097990620,5216,Berry,Airbnb,StayVista at Berry @ Evaara Woods w/ BBQ & Bonfire,3BHK Berry • Bonfire & BBQ,https://www.airbnb.co.in/rooms/1568683988097990620,Ready for Automation Sync,"Fixed overflow: old was 50/44 chars (truncated in search cards); Removed non-compliant symbols ('|', '@', '+'); Excluded brand name on Airbnb (strictly complies with Airbnb guidelines)"
1579472158145982944,Not Found,3BHK,Airbnb,3BHK-Ficus Farms -Infinity Pool with Mountain View,3BHK 3BHK • Infinity Pool & Mountain View,https://www.airbnb.co.in/rooms/1579472158145982944,Ready for Automation Sync,Fixed overflow: old was 50/44 chars (truncated in search cards); Excluded brand name on Airbnb (strictly complies with Airbnb guidelines)
1245371778680208682,Not Found,"2BR w/Pool & Bathtub in Ranthambore,Sawai Madhopur",Airbnb,"2BR w/Pool & Bathtub in Ranthambore,Sawai Madhopur",2BHK Villa w/ Pool,https://www.airbnb.co.in/rooms/1245371778680208682,Ready for Automation Sync,Fixed overflow: old was 50/44 chars (truncated in search cards); Excluded brand name on Airbnb (strictly complies with Airbnb guidelines)
1236706950267260582,Not Found,5BR Private Pool,Airbnb,5BR Private Pool | Greenwoods Seven Villa Lonavala,5BHK 5BR Private Pool Villa w/ Private Pool,https://www.airbnb.co.in/rooms/1236706950267260582,Ready for Automation Sync,"Fixed overflow: old was 50/44 chars (truncated in search cards); Removed non-compliant symbols ('|', '@', '+'); Excluded brand name on Airbnb (strictly complies with Airbnb guidelines)"
1704850289594738827,5596,Laburnum,Airbnb,StayVista at Laburnum House w/ BBQ & Bonfire,3BHK Laburnum • Bonfire & BBQ,https://www.airbnb.co.in/rooms/1704850289594738827,Ready for Automation Sync,Excluded brand name on Airbnb (strictly complies with Airbnb guidelines)
1198232702925413097,3848,Delight,Airbnb,StayVista at Delight @ Mocha House w/ BBQ,3BHK Delight House w/ BBQ,https://www.airbnb.co.in/rooms/1198232702925413097,Ready for Automation Sync,"Removed non-compliant symbols ('|', '@', '+'); Excluded brand name on Airbnb (strictly complies with Airbnb guidelines)"
1559372502632249037,5185,Grey,Airbnb,StayVista at Grey 1 BHK @ Nirvanika Wellness,1BHK Grey Villa w/ Private Pool,https://www.airbnb.co.in/rooms/1559372502632249037,Ready for Automation Sync,"Removed non-compliant symbols ('|', '@', '+'); Excluded brand name on Airbnb (strictly complies with Airbnb guidelines)"
1671519737690088086,Not Found,Beige 3,Airbnb,StayVista at Beige 3 @Nirvanika Wellness w/Bonfire,3BHK Beige 3 Villa w/ Bonfire,https://www.airbnb.co.in/rooms/1671519737690088086,Ready for Automation Sync,"Fixed overflow: old was 50/44 chars (truncated in search cards); Removed non-compliant symbols ('|', '@', '+'); Excluded brand name on Airbnb (strictly complies with Airbnb guidelines)"
1584027147154421013,5173,M4 Villas by VEO,Airbnb,M4 Villas by VEO - Part of StayVista.,3BHK M4 Villas by VEO Villa w/ Private Pool,https://www.airbnb.co.in/rooms/1584027147154421013,Ready for Automation Sync,Excluded brand name on Airbnb (strictly complies with Airbnb guidelines)
1177495126692307845,3752,Anantam,Airbnb,"StayVista at Villa Anantam w/ Jacuzzi, BBQ & Lawn",3BHK Anantam • Jacuzzi & Lawn,https://www.airbnb.co.in/rooms/1177495126692307845,Ready for Automation Sync,Fixed overflow: old was 49/44 chars (truncated in search cards); Excluded brand name on Airbnb (strictly complies with Airbnb guidelines)
1608418203378527922,5281,Casa Ziva,Airbnb,"StayVista at Casa Ziva w/BBQ, Karaoke, Pool",3BHK Casa Ziva • Pool & BBQ,https://www.airbnb.co.in/rooms/1608418203378527922,Ready for Automation Sync,Excluded brand name on Airbnb (strictly complies with Airbnb guidelines)
1158341289447202106,3748,Floret,Airbnb,"StayVista at Floret @ Amara Villa w/ Pool, WiFi",3BHK Floret Villa w/ Pool,https://www.airbnb.co.in/rooms/1158341289447202106,Ready for Automation Sync,"Fixed overflow: old was 47/44 chars (truncated in search cards); Removed non-compliant symbols ('|', '@', '+'); Excluded brand name on Airbnb (strictly complies with Airbnb guidelines)"
1574357372467016932,Not Found,Ivory Breeze,Airbnb,"StayVista at Ivory Breeze w/ Pool, AC, WiFi",3BHK Ivory Breeze Villa w/ Pool,https://www.airbnb.co.in/rooms/1574357372467016932,Ready for Automation Sync,Excluded brand name on Airbnb (strictly complies with Airbnb guidelines)
1716456049767666012,Not Found,Vida Avtara Suite,Airbnb,"StayVista at Vida Avtara Suite w/ Pool, Gym",3BHK Vida Avtara Suite Villa w/ Pool,https://www.airbnb.co.in/rooms/1716456049767666012,Ready for Automation Sync,Excluded brand name on Airbnb (strictly complies with Airbnb guidelines)
1673782135580464629,5506,Tres & Quatro @ Himalayan Den w/ BBQ,Airbnb,StayVista at Tres & Quatro @ Himalayan Den w/ BBQ,3BHK Villa w/ BBQ,https://www.airbnb.co.in/rooms/1673782135580464629,Ready for Automation Sync,"Fixed overflow: old was 49/44 chars (truncated in search cards); Removed non-compliant symbols ('|', '@', '+'); Excluded brand name on Airbnb (strictly complies with Airbnb guidelines)"
1549891802802692706,2630,"Luxury  Capri W/ Pool, Games & Pet",Airbnb,"Luxury Villa Capri W/ Pool, Games & Pet-friendly",3BHK Villa w/ Pool,https://www.airbnb.co.in/rooms/1549891802802692706,Ready for Automation Sync,Fixed overflow: old was 48/44 chars (truncated in search cards); Excluded brand name on Airbnb (strictly complies with Airbnb guidelines)
1594121832726183631,Not Found,Executive Room,Airbnb,StayVista at Executive Room @ Saket Loak w/Bathtub,3BHK Executive Room Villa w/ Private Pool,https://www.airbnb.co.in/rooms/1594121832726183631,Ready for Automation Sync,"Fixed overflow: old was 50/44 chars (truncated in search cards); Removed non-compliant symbols ('|', '@', '+'); Excluded brand name on Airbnb (strictly complies with Airbnb guidelines)"
1565704139291945742,2326,Grande Estella,Airbnb,StayVista at Grande Estella | Luxury Pool Villa,3BHK Grande Estella Villa w/ Pool,https://www.airbnb.co.in/rooms/1565704139291945742,Ready for Automation Sync,"Fixed overflow: old was 47/44 chars (truncated in search cards); Removed non-compliant symbols ('|', '@', '+'); Excluded brand name on Airbnb (strictly complies with Airbnb guidelines)"
1167139829301399914,3738,Hush,Airbnb,"StayVista at Hush @ Meditating Woods w/ Lawn, WiFi",3BHK Hush Villa w/ Lawn,https://www.airbnb.co.in/rooms/1167139829301399914,Ready for Automation Sync,"Fixed overflow: old was 50/44 chars (truncated in search cards); Removed non-compliant symbols ('|', '@', '+'); Excluded brand name on Airbnb (strictly complies with Airbnb guidelines)"
1563692654662642469,5134,The Fig Tree Heritage w/ Multipurpose Court,Airbnb,The Fig Tree Heritage w/ Multipurpose Court,3BHK Villa w/ Private Pool,https://www.airbnb.co.in/rooms/1563692654662642469,Ready for Automation Sync,Excluded brand name on Airbnb (strictly complies with Airbnb guidelines)
1538889222520276056,3442,Ekaa,Airbnb,"StayVista at Ekaa House w/ BBQ, WiFi, Lawn",3BHK Ekaa • Lawn & BBQ,https://www.airbnb.co.in/rooms/1538889222520276056,Ready for Automation Sync,Excluded brand name on Airbnb (strictly complies with Airbnb guidelines)
1569413240745038549,Not Found,Ivory Shores,Airbnb,"StayVista at Ivory Shores w/ Pool, AC, WiFi",3BHK Ivory Shores Villa w/ Pool,https://www.airbnb.co.in/rooms/1569413240745038549,Ready for Automation Sync,Excluded brand name on Airbnb (strictly complies with Airbnb guidelines)
1691266988466699757,5631,Leopard's Creek  w/BBQ&Bonfire,Airbnb,StayVista at Leopard's Creek Estate w/BBQ&Bonfire,3BHK Leopard's Creek w/BBQ&Bonfire • Bonfire,https://www.airbnb.co.in/rooms/1691266988466699757,Ready for Automation Sync,Fixed overflow: old was 49/44 chars (truncated in search cards); Excluded brand name on Airbnb (strictly complies with Airbnb guidelines)
1554937449014184067,5117,The Edge Luxe,Airbnb,The Edge Luxe | Luxury Pool Villa | Kasauli,3BHK The Edge Luxe Villa w/ Pool,https://www.airbnb.co.in/rooms/1554937449014184067,Ready for Automation Sync,"Removed non-compliant symbols ('|', '@', '+'); Excluded brand name on Airbnb (strictly complies with Airbnb guidelines)"
1578708302296592226,3742,Waterfront 3BR  nd Infinity Pool,Airbnb,StayVista at Waterfront 3BR Villa nd Infinity Pool,3BHK Villa w/ Infinity Pool,https://www.airbnb.co.in/rooms/1578708302296592226,Ready for Automation Sync,Fixed overflow: old was 50/44 chars (truncated in search cards); Excluded brand name on Airbnb (strictly complies with Airbnb guidelines)
1572219846240692669,Not Found,Ivory Skies,Airbnb,"StayVista at Ivory Skies w/ Pool, AC, WiFi",3BHK Ivory Skies Villa w/ Pool,https://www.airbnb.co.in/rooms/1572219846240692669,Ready for Automation Sync,Excluded brand name on Airbnb (strictly complies with Airbnb guidelines)
1548567430893422853,2705,Timeless Elegance,Airbnb,"StayVista at Timeless Elegance w/ Pool, BBQ, Wi-Fi",3BHK Timeless Elegance • Pool & BBQ,https://www.airbnb.co.in/rooms/1548567430893422853,Ready for Automation Sync,Fixed overflow: old was 50/44 chars (truncated in search cards); Excluded brand name on Airbnb (strictly complies with Airbnb guidelines)
1592535239833652734,5272,Aranya @ The Fig Tree by VEO,Airbnb,Aranya @ The Fig Tree by VEO - Part of StayVista,3BHK Villa w/ Private Pool,https://www.airbnb.co.in/rooms/1592535239833652734,Ready for Automation Sync,"Fixed overflow: old was 48/44 chars (truncated in search cards); Removed non-compliant symbols ('|', '@', '+'); Excluded brand name on Airbnb (strictly complies with Airbnb guidelines)"
1569306018359433064,4997,Ivory Enclave,Airbnb,"StayVista at Ivory Enclave w/ Pool, AC, WiFi",3BHK Ivory Enclave Villa w/ Pool,https://www.airbnb.co.in/rooms/1569306018359433064,Ready for Automation Sync,Excluded brand name on Airbnb (strictly complies with Airbnb guidelines)
1559339031455150771,5186,Grey,Airbnb,StayVista at Grey 2 BHK @ Nirvanika Wellness,2BHK Grey Villa w/ Private Pool,https://www.airbnb.co.in/rooms/1559339031455150771,Ready for Automation Sync,"Removed non-compliant symbols ('|', '@', '+'); Excluded brand name on Airbnb (strictly complies with Airbnb guidelines)"
1537465899473785409,1462,Oceanic Retreat,Airbnb,StayVista Oceanic Retreat | Poolside Escape,3BHK Oceanic Retreat Retreat w/ Lawn,https://www.airbnb.co.in/rooms/1537465899473785409,Ready for Automation Sync,"Removed non-compliant symbols ('|', '@', '+'); Excluded brand name on Airbnb (strictly complies with Airbnb guidelines)"
1536005606516128260,Not Found,Emberwood,Airbnb,"StayVista at Emberwood Villa w/ WiFi, Lawn, BBQ",3BHK Emberwood • Lawn & BBQ,https://www.airbnb.co.in/rooms/1536005606516128260,Ready for Automation Sync,Fixed overflow: old was 47/44 chars (truncated in search cards); Excluded brand name on Airbnb (strictly complies with Airbnb guidelines)
1564439667584675858,4995,6BR,Airbnb,6BR | Hill Escape |StayVista| Evaara Woods @Shimla,6BHK 6BR Villa w/ Private Pool,https://www.airbnb.co.in/rooms/1564439667584675858,Ready for Automation Sync,"Fixed overflow: old was 50/44 chars (truncated in search cards); Removed non-compliant symbols ('|', '@', '+'); Excluded brand name on Airbnb (strictly complies with Airbnb guidelines)"
1649186671941962881,5304,5BR,Airbnb,5BR|Garden Escape+Pool|StayVista| Evara Farms@Pune,5BHK 5BR • Pool & Garden,https://www.airbnb.co.in/rooms/1649186671941962881,Ready for Automation Sync,"Fixed overflow: old was 50/44 chars (truncated in search cards); Removed non-compliant symbols ('|', '@', '+'); Excluded brand name on Airbnb (strictly complies with Airbnb guidelines)"
1558582695264231121,4503,4BHK Mikasa  w/ Multipurpose Court,Airbnb,4BHK Mikasa Villa w/ Multipurpose Court | Lonavala,4BHK Villa w/ Private Pool,https://www.airbnb.co.in/rooms/1558582695264231121,Ready for Automation Sync,"Fixed overflow: old was 50/44 chars (truncated in search cards); Removed non-compliant symbols ('|', '@', '+'); Excluded brand name on Airbnb (strictly complies with Airbnb guidelines)"
1533925415251346648,Not Found,Sreelakam by VEO,Airbnb,Sreelakam by VEO - Part of StayVista w/ Bonfire,3BHK Sreelakam by VEO Villa w/ Bonfire,https://www.airbnb.co.in/rooms/1533925415251346648,Ready for Automation Sync,Fixed overflow: old was 47/44 chars (truncated in search cards); Excluded brand name on Airbnb (strictly complies with Airbnb guidelines)
1188216402757233052,Not Found,Aether,Airbnb,"StayVista at Aether Villa w/ Pool, Jacuzzi, Lawn",3BHK Aether • Pool & Jacuzzi,https://www.airbnb.co.in/rooms/1188216402757233052,Ready for Automation Sync,Fixed overflow: old was 48/44 chars (truncated in search cards); Excluded brand name on Airbnb (strictly complies with Airbnb guidelines)
1649119754121816168,5478,3BR,Airbnb,3BR |Luxe stay/wPool+Lawn|StayVista| Casa Riva@Goa,3BHK 3BR Villa w/ Lawn,https://www.airbnb.co.in/rooms/1649119754121816168,Ready for Automation Sync,"Fixed overflow: old was 50/44 chars (truncated in search cards); Removed non-compliant symbols ('|', '@', '+'); Excluded brand name on Airbnb (strictly complies with Airbnb guidelines)"
1567853096612178430,5205,2 BHK,Airbnb,StayVista at 2 BHK @ Corville Apartments w/ BBQ,2BHK 2 BHK Villa w/ BBQ,https://www.airbnb.co.in/rooms/1567853096612178430,Ready for Automation Sync,"Fixed overflow: old was 47/44 chars (truncated in search cards); Removed non-compliant symbols ('|', '@', '+'); Excluded brand name on Airbnb (strictly complies with Airbnb guidelines)"
1543130520209960047,2145,Pines & Spruce,Airbnb,"StayVista at Pines & Spruce | BBQ, Bonfire",3BHK Pines & Spruce • Bonfire & BBQ,https://www.airbnb.co.in/rooms/1543130520209960047,Ready for Automation Sync,"Removed non-compliant symbols ('|', '@', '+'); Excluded brand name on Airbnb (strictly complies with Airbnb guidelines)"
1628148370441025339,5048,Emerald Haven,Airbnb,"StayVista at Emerald Haven w/ Pool, Jacuzzi",3BHK Emerald Haven • Pool & Jacuzzi,https://www.airbnb.co.in/rooms/1628148370441025339,Ready for Automation Sync,Excluded brand name on Airbnb (strictly complies with Airbnb guidelines)
1554819552197092906,1748,Verona,Airbnb,"StayVista at Villa Verona w/ Pvt Pool, Lonavala",3BHK Verona Villa w/ Pool,https://www.airbnb.co.in/rooms/1554819552197092906,Ready for Automation Sync,Fixed overflow: old was 47/44 chars (truncated in search cards); Excluded brand name on Airbnb (strictly complies with Airbnb guidelines)
1538123822127989607,Not Found,The Chimney  4BR,Airbnb,StayVista at The Chimney Cottage 4BR w/Pool & Lawn,4BHK The Chimney 4BR • Pool & Lawn,https://www.airbnb.co.in/rooms/1538123822127989607,Ready for Automation Sync,Fixed overflow: old was 50/44 chars (truncated in search cards); Excluded brand name on Airbnb (strictly complies with Airbnb guidelines)
1572947766631660059,1555,Pranaam,Airbnb,StayVista at Pranaam with Private Pool,3BHK Pranaam Villa w/ Private Pool,https://www.airbnb.co.in/rooms/1572947766631660059,Ready for Automation Sync,Excluded brand name on Airbnb (strictly complies with Airbnb guidelines)
1565083941008346771,3157,@ Luxe Sunlit Splendour Pool & Wi,Airbnb,StayVista @ Luxe Sunlit Splendour Pool & Wi-Fi,3BHK Villa w/ Pool,https://www.airbnb.co.in/rooms/1565083941008346771,Ready for Automation Sync,"Fixed overflow: old was 46/44 chars (truncated in search cards); Removed non-compliant symbols ('|', '@', '+'); Excluded brand name on Airbnb (strictly complies with Airbnb guidelines)"
1539808049720802317,5034,Vue de Raga @ Raga Living,Airbnb,Vue de Raga @ Raga Living | 4BR Hillview Residence,4BHK Villa w/ Private Pool,https://www.airbnb.co.in/rooms/1539808049720802317,Ready for Automation Sync,"Fixed overflow: old was 50/44 chars (truncated in search cards); Removed non-compliant symbols ('|', '@', '+'); Excluded brand name on Airbnb (strictly complies with Airbnb guidelines)"
1546029619182068327,5130,Hazel,Airbnb,"StayVista at Hazel@RissacaCrown w/Bonfire, bathtub",3BHK Hazel Villa w/ Bonfire,https://www.airbnb.co.in/rooms/1546029619182068327,Ready for Automation Sync,"Fixed overflow: old was 50/44 chars (truncated in search cards); Removed non-compliant symbols ('|', '@', '+'); Excluded brand name on Airbnb (strictly complies with Airbnb guidelines)"
1632077838452821131,5369,Kairo by VEO,Airbnb,Kairo by VEO - Part of StayVista with Pool & Lawn,3BHK Kairo by VEO • Pool & Lawn,https://www.airbnb.co.in/rooms/1632077838452821131,Ready for Automation Sync,Fixed overflow: old was 49/44 chars (truncated in search cards); Excluded brand name on Airbnb (strictly complies with Airbnb guidelines)
1554072984354968693,Not Found,"Luxury 2BR  w/Lawn, Outdoor Sitting",Airbnb,"Luxury 2BR Villa w/Lawn, Outdoor Sitting-Bangalore",2BHK Villa w/ Lawn,https://www.airbnb.co.in/rooms/1554072984354968693,Ready for Automation Sync,Fixed overflow: old was 50/44 chars (truncated in search cards); Excluded brand name on Airbnb (strictly complies with Airbnb guidelines)
1552844590034883914,Not Found,Le Jardin,Airbnb,"StayVista at Le Jardin w/ Pool, Gazebo",3BHK Le Jardin • Pool & Gazebo,https://www.airbnb.co.in/rooms/1552844590034883914,Ready for Automation Sync,Excluded brand name on Airbnb (strictly complies with Airbnb guidelines)
1558445513750388541,3984,4BR,Airbnb,4BR|Infinity Pool|StayVist| Kai by The Lake@Nashik,4BHK 4BR Villa w/ Infinity Pool,https://www.airbnb.co.in/rooms/1558445513750388541,Ready for Automation Sync,"Fixed overflow: old was 50/44 chars (truncated in search cards); Removed non-compliant symbols ('|', '@', '+'); Excluded brand name on Airbnb (strictly complies with Airbnb guidelines)"
1533137400542357673,5629,"Ridge & Root w/ Bonfire, Jacuzzi",Airbnb,"StayVista at Ridge & Root w/ Bonfire, Jacuzzi",3BHK Villa w/ Jacuzzi,https://www.airbnb.co.in/rooms/1533137400542357673,Ready for Automation Sync,Fixed overflow: old was 45/44 chars (truncated in search cards); Excluded brand name on Airbnb (strictly complies with Airbnb guidelines)
1607902822023935235,5246,The Treetops,Airbnb,"StayVista at The Treetops w/ Infinity Pool, BBQ",3BHK The Treetops • Infinity Pool & BBQ,https://www.airbnb.co.in/rooms/1607902822023935235,Ready for Automation Sync,Fixed overflow: old was 47/44 chars (truncated in search cards); Excluded brand name on Airbnb (strictly complies with Airbnb guidelines)
1598482926133205948,5323,3BR Olive @ Whispering Valley w/ Heater,Airbnb,3BR Olive @ Whispering Valley w/ Heater - Ranikhet,3BHK Villa w/ Private Pool,https://www.airbnb.co.in/rooms/1598482926133205948,Ready for Automation Sync,"Fixed overflow: old was 50/44 chars (truncated in search cards); Removed non-compliant symbols ('|', '@', '+'); Excluded brand name on Airbnb (strictly complies with Airbnb guidelines)"
1578254567129116726,2805,Ruhaniyat,Airbnb,StayVista at Ruhaniyat | Scenic Mountain Retreat,3BHK Ruhaniyat Retreat w/ Lawn,https://www.airbnb.co.in/rooms/1578254567129116726,Ready for Automation Sync,"Fixed overflow: old was 48/44 chars (truncated in search cards); Removed non-compliant symbols ('|', '@', '+'); Excluded brand name on Airbnb (strictly complies with Airbnb guidelines)"
1542514186599776182,4929,4BR,Airbnb,4BR| Forest&River|StayVista| The River Mist@Kerala,4BHK 4BR Villa w/ Private Pool,https://www.airbnb.co.in/rooms/1542514186599776182,Ready for Automation Sync,"Fixed overflow: old was 50/44 chars (truncated in search cards); Removed non-compliant symbols ('|', '@', '+'); Excluded brand name on Airbnb (strictly complies with Airbnb guidelines)"
1563727096085983398,3751,"4BR Kaira w/Serene View, Wifi & Chef",Airbnb,"4BR Kaira w/Serene View, Wifi & Chef - Bhimtal",4BHK Villa w/ Private Pool,https://www.airbnb.co.in/rooms/1563727096085983398,Ready for Automation Sync,Fixed overflow: old was 46/44 chars (truncated in search cards); Excluded brand name on Airbnb (strictly complies with Airbnb guidelines)
1552652526606618659,2641,Peacocks & Partridges,Airbnb,StayVista Peacocks & Partridges | Lawn+WiFi,3BHK Peacocks & Partridges Villa w/ Lawn,https://www.airbnb.co.in/rooms/1552652526606618659,Ready for Automation Sync,"Removed non-compliant symbols ('|', '@', '+'); Excluded brand name on Airbnb (strictly complies with Airbnb guidelines)"
1587656396221626690,3582,Shivoham Farms,Airbnb,StayVista at Shivoham Farms w/ Pool & WiFi,3BHK Shivoham Farms Villa w/ Pool,https://www.airbnb.co.in/rooms/1587656396221626690,Ready for Automation Sync,Excluded brand name on Airbnb (strictly complies with Airbnb guidelines)
1541763494365924463,2003,3BHK w/Gazebo+View+BKFST near mall road@Darjeeling,Airbnb,3BHK w/Gazebo+View+BKFST near mall road@Darjeeling,3BHK Villa w/ Gazebo,https://www.airbnb.co.in/rooms/1541763494365924463,Ready for Automation Sync,"Fixed overflow: old was 50/44 chars (truncated in search cards); Removed non-compliant symbols ('|', '@', '+'); Excluded brand name on Airbnb (strictly complies with Airbnb guidelines)"
1607837569483096193,5291,The Green Courtyard,Airbnb,StayVista at The Green Courtyard w/ Pool & BBQ,3BHK The Green Courtyard • Pool & BBQ,https://www.airbnb.co.in/rooms/1607837569483096193,Ready for Automation Sync,Fixed overflow: old was 46/44 chars (truncated in search cards); Excluded brand name on Airbnb (strictly complies with Airbnb guidelines)
1533095105093758798,Not Found,Suite Room,Airbnb,StayVista at Suite Room @ Villa Thalassa w/Bonfire,3BHK Suite Room Villa w/ Bonfire,https://www.airbnb.co.in/rooms/1533095105093758798,Ready for Automation Sync,"Fixed overflow: old was 50/44 chars (truncated in search cards); Removed non-compliant symbols ('|', '@', '+'); Excluded brand name on Airbnb (strictly complies with Airbnb guidelines)"
1559389828562807749,4957,Jims Farmstay,Airbnb,"StayVista at Jims Farmstay w/ Pool, Pet-friendly",3BHK Jims Farmstay Villa w/ Pool,https://www.airbnb.co.in/rooms/1559389828562807749,Ready for Automation Sync,Fixed overflow: old was 48/44 chars (truncated in search cards); Excluded brand name on Airbnb (strictly complies with Airbnb guidelines)
1557106957603987005,3526,4BR,Airbnb,4BR|GardenEscape |StayVista|Cerenity Castle@Nashik,4BHK 4BR Villa w/ Garden,https://www.airbnb.co.in/rooms/1557106957603987005,Ready for Automation Sync,"Fixed overflow: old was 50/44 chars (truncated in search cards); Removed non-compliant symbols ('|', '@', '+'); Excluded brand name on Airbnb (strictly complies with Airbnb guidelines)"
1544738877278232986,5093,Luxury 6BR  w/Pool +Lawn +Indoor Games Jaipur,Airbnb,Luxury 6BR Villa w/Pool +Lawn +Indoor Games Jaipur,6BHK Villa w/ Pool,https://www.airbnb.co.in/rooms/1544738877278232986,Ready for Automation Sync,"Fixed overflow: old was 50/44 chars (truncated in search cards); Removed non-compliant symbols ('|', '@', '+'); Excluded brand name on Airbnb (strictly complies with Airbnb guidelines)"
1587633022580616558,Not Found,"1BR Sage @ Sirmour Baag w/ Balcony, Wifi & Restro",Airbnb,"1BR Sage @ Sirmour Baag w/ Balcony, Wifi & Restro",1BHK Villa w/ Balcony,https://www.airbnb.co.in/rooms/1587633022580616558,Ready for Automation Sync,"Fixed overflow: old was 49/44 chars (truncated in search cards); Removed non-compliant symbols ('|', '@', '+'); Excluded brand name on Airbnb (strictly complies with Airbnb guidelines)"
1557133873317869182,Not Found,Bella Vista,Airbnb,StayVista at Bella Vista Villa w/ Bathtub & Pool,3BHK Bella Villa w/ Pool,https://www.airbnb.co.in/rooms/1557133873317869182,Ready for Automation Sync,Fixed overflow: old was 48/44 chars (truncated in search cards); Excluded brand name on Airbnb (strictly complies with Airbnb guidelines)
1538132225646198788,Not Found,3 BHK Luxury Apartment w/Lawn+ Bonfire @ Panchmari,Airbnb,3 BHK Luxury Apartment w/Lawn+ Bonfire @ Panchmari,3BHK Villa w/ Lawn,https://www.airbnb.co.in/rooms/1538132225646198788,Ready for Automation Sync,"Fixed overflow: old was 50/44 chars (truncated in search cards); Removed non-compliant symbols ('|', '@', '+'); Excluded brand name on Airbnb (strictly complies with Airbnb guidelines)"
1537556663319748379,Not Found,"1 BR  w/BKFST, PlungePool, near Ranthambore",Airbnb,"1 BR Cottage w/BKFST, PlungePool, near Ranthambore",1BHK Cottage w/ Plunge Pool,https://www.airbnb.co.in/rooms/1537556663319748379,Ready for Automation Sync,Fixed overflow: old was 50/44 chars (truncated in search cards); Excluded brand name on Airbnb (strictly complies with Airbnb guidelines)
1578140488169051513,3552,Ashwamedha Manor,Airbnb,"StayVista at Ashwamedha Manor w/ Games, Jacuzzi",3BHK Ashwamedha Manor Manor w/ Jacuzzi,https://www.airbnb.co.in/rooms/1578140488169051513,Ready for Automation Sync,Fixed overflow: old was 47/44 chars (truncated in search cards); Excluded brand name on Airbnb (strictly complies with Airbnb guidelines)
1557698778256080233,4065,"Riverscape 4BR  with Views, WiFi, Heater",Airbnb,"Riverscape 4BR House with Views, WiFi, Heater",4BHK House w/ Lawn,https://www.airbnb.co.in/rooms/1557698778256080233,Ready for Automation Sync,Fixed overflow: old was 45/44 chars (truncated in search cards); Excluded brand name on Airbnb (strictly complies with Airbnb guidelines)
1552871986213514517,5153,Klook,Airbnb,StayVista at Klook @ Moets Palm Villa w/ BBQ,3BHK Klook Villa w/ BBQ,https://www.airbnb.co.in/rooms/1552871986213514517,Ready for Automation Sync,"Removed non-compliant symbols ('|', '@', '+'); Excluded brand name on Airbnb (strictly complies with Airbnb guidelines)"
1533818698344416250,Not Found,2BR Lake View,Airbnb,2BR Lake View Villa - Nainital,2BHK 2BR Lake View Villa w/ Lake View,https://www.airbnb.co.in/rooms/1533818698344416250,Ready for Automation Sync,Excluded brand name on Airbnb (strictly complies with Airbnb guidelines)
