SV_ID,Property_Name,BHK,Property_Type,City,USPs,OTA_Platform,Current_Title,Valid_Listing_URL
75,Princess,3,Villa,Lonavala,"Infinity Pool, Lawn",Agoda,StayVista's Princess - A Villa with Infinity Pool & Breathtaking Views,https://www.agoda.com/en-in/princess-villa-by-vista-rooms/hotel/pune-in.html
75,Princess,3,Villa,Lonavala,"Infinity Pool, Lawn",Airbnb,3BR |Pool+Lawn|StayVista| Princess Villa@Lonavala,https://www.airbnb.co.in/rooms/1217140775649212419
75,Princess,3,Villa,Lonavala,"Infinity Pool, Lawn",Booking.com,StayVista's Princess - A Villa with Infinity Pool & Breathtaking Views,https://www.booking.com/hotel/in/princess-villa-lonavala.html
75,Princess,3,Villa,Lonavala,"Infinity Pool, Lawn",MakeMyTrip,StayVista | Villa Princess,https://www.makemytrip.com/hotels/hotel-details/?hotelId=201901091614188386&_uCurrency=INR&checkin=11252025&checkout=11262025&city=CTAGR&country=IN&funnelType=getaway&lat=27.16779&lng=78.04893&locusId=ZNDEL67F7E280&locusType=zone&rank=1&roomStayQualifier=2e0e&seekSummaryRequired=false&viewType=LUXE&mtkeys=defaultMtkey
57,Santoni Farms,3,Villa,Karjat,"Pool, River View, Orchard",Agoda,"StayVista's Santoni Farms - Riverside Bliss with Pool, Orchard & Activities",https://www.agoda.com/en-in/santoni-farms/hotel/karjat-in.html
57,Santoni Farms,3,Villa,Karjat,"Pool, River View, Orchard",Airbnb,StayVista at Santoni Farms - 3 BR,https://www.airbnb.co.in/rooms/17819849
57,Santoni Farms,3,Villa,Karjat,"Pool, River View, Orchard",Booking.com,"StayVista's Santoni Farms - Riverside Bliss with Pool, Orchard & Activities",https://www.booking.com/hotel/in/santoni-farms-karjat.html
57,Santoni Farms,3,Villa,Karjat,"Pool, River View, Orchard",MakeMyTrip,StayVista | Santoni Farms Pool Villa,https://www.makemytrip.com/hotels/hotel-details/?hotelId=201812311710071317&_uCurrency=INR&checkin=11252025&checkout=11262025&city=CTAGR&country=IN&funnelType=getaway&lat=27.16779&lng=78.04893&locusId=ZNDEL67F7E280&locusType=zone&rank=1&roomStayQualifier=2e0e&seekSummaryRequired=false&viewType=LUXE&mtkeys=defaultMtkey
29,Serene,3,Villa,Karjat,Plunge Pool,Agoda,Serene Villa by StayVista - A Hill-View Villa with Plunge pool,https://www.agoda.com/en-in/serene-by-vista-rooms/hotel/karjat-in.html
29,Serene,3,Villa,Karjat,Plunge Pool,Airbnb,StayVista at Serene w/ Pool - Karjat,https://www.airbnb.co.in/rooms/1588364350289160966
29,Serene,3,Villa,Karjat,Plunge Pool,Booking.com,Serene Villa by StayVista - A Hill-View Villa with Plunge pool,https://www.booking.com/hotel/in/3bhk-villa-in-karjat.html
29,Serene,3,Villa,Karjat,Plunge Pool,MakeMyTrip,StayVista | Vista Serene 3 BHK Villa,https://www.makemytrip.com/hotels/hotel-details/?hotelId=202104011946227630&_uCurrency=INR&checkin=11252025&checkout=11262025&city=CTAGR&country=IN&funnelType=getaway&lat=27.16779&lng=78.04893&locusId=ZNDEL67F7E280&locusType=zone&rank=1&roomStayQualifier=2e0e&seekSummaryRequired=false&viewType=LUXE&mtkeys=defaultMtkey
125,La Petite Maison,3,Villa,Lonavala,"Mountain View, Valley View, Lawn",Agoda,StayVista at La Petite Maison,https://www.agoda.com/en-in/la-petite-maison/hotel/lonavala-in.html
125,La Petite Maison,3,Villa,Lonavala,"Mountain View, Valley View, Lawn",Airbnb,3BR Mountain View | StayVista La Petite | Lonavala,https://www.airbnb.co.in/rooms/22575625
125,La Petite Maison,3,Villa,Lonavala,"Mountain View, Valley View, Lawn",Booking.com,"La Petite Maison Villa by VEO, StayVista - 3BHK with Valley View & Lawn",https://www.booking.com/hotel/in/la-petite-maison.html
125,La Petite Maison,3,Villa,Lonavala,"Mountain View, Valley View, Lawn",MakeMyTrip,StayVista | La Petite Maison 3 BHK Villa,https://www.makemytrip.com/hotels/hotel-details/?hotelId=201802131542209732&_uCurrency=INR&checkin=11252025&checkout=11262025&city=CTAGR&country=IN&funnelType=getaway&lat=27.16779&lng=78.04893&locusId=ZNDEL67F7E280&locusType=zone&rank=1&roomStayQualifier=2e0e&seekSummaryRequired=false&viewType=LUXE&mtkeys=defaultMtkey
121,Stone  Bezze,2,House,Nashik,"Mountain View, Lake View, Jacuzzi, Lawn, Bonfire",Agoda,Stone House Bezze by StayVista with Lake view & Lawn - your perfect getaway,https://www.agoda.com/en-in/the-stone-house-2bhk-w-jacuzzi-near-sula-vineyards/hotel/nasik-in.html
121,Stone  Bezze,2,House,Nashik,"Mountain View, Lake View, Jacuzzi, Lawn, Bonfire",Airbnb,2BR StayVista Stone House Bezze@Nashik,https://www.airbnb.co.in/rooms/23407148
121,Stone  Bezze,2,House,Nashik,"Mountain View, Lake View, Jacuzzi, Lawn, Bonfire",Booking.com,"The Stone House in Beze by VEO, StayVista - 2BHK with Mountain View & Bonfire",https://www.booking.com/hotel/in/beze-the-stone-house-nashik.html
121,Stone  Bezze,2,House,Nashik,"Mountain View, Lake View, Jacuzzi, Lawn, Bonfire",MakeMyTrip,StayVista | The Stone House In Beze,https://www.makemytrip.com/hotels/hotel-details/?hotelId=201901141906422989&_uCurrency=INR&checkin=11252025&checkout=11262025&city=CTAGR&country=IN&funnelType=getaway&lat=27.16779&lng=78.04893&locusId=ZNDEL67F7E280&locusType=zone&rank=1&roomStayQualifier=2e0e&seekSummaryRequired=false&viewType=LUXE&mtkeys=defaultMtkey
150,Moksh,4,Villa,India,"Jacuzzi, BBQ",Agoda,StayVista at Moksh Villa - BBQ & Jacuzzi,https://www.agoda.com/en-in/moksh/hotel/zirad-in.html
150,Moksh,4,Villa,India,"Jacuzzi, BBQ",Airbnb,StayVista at Moksh Villa - 4BR -Jacuzzi & TT Table,https://www.airbnb.co.in/rooms/1730870489567411287
150,Moksh,4,Villa,India,"Jacuzzi, BBQ",Booking.com,StayVista's Moksh Villa - 4BHK with Pickle Ball & Sauna,https://www.booking.com/hotel/in/vista-moksh-villa.html
150,Moksh,4,Villa,India,"Jacuzzi, BBQ",MakeMyTrip,StayVista | Moksh 4 BHK Villa,https://www.makemytrip.com/hotels/hotel-details/?hotelId=201901101244594913&_uCurrency=INR&checkin=11252025&checkout=11262025&city=CTAGR&country=IN&funnelType=getaway&lat=27.16779&lng=78.04893&locusId=ZNDEL67F7E280&locusType=zone&rank=1&roomStayQualifier=2e0e&seekSummaryRequired=false&viewType=LUXE&mtkeys=defaultMtkey
107,EL,4,Villa,Lonavala,"Pool, Lawn",Agoda,El House by StayVista - Unwind in a Villa w/ Pool,https://www.agoda.com/en-in/el-house-by-vista-rooms/hotel/lonavala-in.html
107,EL,4,Villa,Lonavala,"Pool, Lawn",Airbnb,4bhk- Pvt Pool+Lawn-El House @Lonavala,https://www.airbnb.co.in/rooms/23135024
107,EL,4,Villa,Lonavala,"Pool, Lawn",Booking.com,El House by StayVista - Unwind in a Villa with Pool and Lush Lawn,https://www.booking.com/hotel/in/el-house-by-vista.html
107,EL,4,Villa,Lonavala,"Pool, Lawn",MakeMyTrip,StayVista | EL House 4 BHK Villa,https://www.makemytrip.com/hotels/hotel-details/?hotelId=201901091226204920&_uCurrency=INR&checkin=11252025&checkout=11262025&city=CTAGR&country=IN&funnelType=getaway&lat=27.16779&lng=78.04893&locusId=ZNDEL67F7E280&locusType=zone&rank=1&roomStayQualifier=2e0e&seekSummaryRequired=false&viewType=LUXE&mtkeys=defaultMtkey
142,Retreat on Cloud 9 Homestay,2,Villa,Lonavala,Orchard,Agoda,Cosy Homestay by StayVista - A Tranquil Retreat on Cloud 9,https://www.agoda.com/en-in/retreat-on-cloud-9-by-vista-rooms/hotel/lonavala-in.html
142,Retreat on Cloud 9 Homestay,2,Villa,Lonavala,Orchard,Airbnb,Retreat on Cloud 9 Homestay with Vintage rooms,https://www.airbnb.co.in/rooms/24479920
142,Retreat on Cloud 9 Homestay,2,Villa,Lonavala,Orchard,Booking.com,StayVista's Retreat on Cloud 9 Homestay - 2BHK Mountain-View Homestay with Orchard,https://www.booking.com/hotel/in/retreat-on-cloud-9-lonavala.html
142,Retreat on Cloud 9 Homestay,2,Villa,Lonavala,Orchard,MakeMyTrip,StayVista | 2 BHK Retreat On Cloud 9 Villa,https://www.makemytrip.com/hotels/hotel-details/?hotelId=201901091424516381&_uCurrency=INR&checkin=11252025&checkout=11262025&city=CTAGR&country=IN&funnelType=getaway&lat=27.16779&lng=78.04893&locusId=ZNDEL67F7E280&locusType=zone&rank=1&roomStayQualifier=2e0e&seekSummaryRequired=false&viewType=LUXE&mtkeys=defaultMtkey
462,Casa del Verde,4,Villa,Alibaug,"Private Pool, Lawn, Bonfire",Agoda,StayVista at Casa del Verde,https://www.agoda.com/4bhk-private-pool-near-sula-vineyards/hotel/alibaug-in.html
462,Casa del Verde,4,Villa,Alibaug,"Private Pool, Lawn, Bonfire",Airbnb,"4BR- @Casa Del Verde, w/pool, lawn &bonfire",https://www.airbnb.co.in/rooms/35356405
462,Casa del Verde,4,Villa,Alibaug,"Private Pool, Lawn, Bonfire",Booking.com,StayVista's Casa Del Verde - 4BHK Mountain-View Villa with Private Pool,https://www.booking.com/hotel/in/casa-del-verde-by-vista-rooms.html
462,Casa del Verde,4,Villa,Alibaug,"Private Pool, Lawn, Bonfire",MakeMyTrip,StayVista | Casa Del Verde 4 BHK Villa,https://www.makemytrip.com/hotels/hotel-details/?hotelId=201906281817296202&_uCurrency=INR&checkin=11252025&checkout=11262025&city=CTAGR&country=IN&funnelType=getaway&lat=27.16779&lng=78.04893&locusId=ZNDEL67F7E280&locusType=zone&rank=1&roomStayQualifier=2e0e&seekSummaryRequired=false&viewType=LUXE&mtkeys=defaultMtkey
166,Le Sutra Great Escapes,3,Villa,Lonavala,Pool,Agoda,StayVista's Le Sutra Great Escapes - Geometrica,https://www.agoda.com/en-in/breeze-in-the-hills-3bhk-luxury-pool-villa/hotel/lonavala-in.html
166,Le Sutra Great Escapes,3,Villa,Lonavala,Pool,Airbnb,"Le Sutra Geometrica- 3BR Luxe Pool Villa, Lonavala",https://www.airbnb.co.in/rooms/43039748
166,Le Sutra Great Escapes,3,Villa,Lonavala,Pool,Booking.com,StayVista's Le Sutra Great Escapes - Geometrica - 3BHK Villa with Bar,https://www.booking.com/hotel/in/breeze-on-the-hill.html
166,Le Sutra Great Escapes,3,Villa,Lonavala,Pool,MakeMyTrip,StayVista | Le Sutra Great Escapes - Geometrica,https://www.makemytrip.com/hotels/hotel-details/?hotelId=201901161617091478&_uCurrency=INR&checkin=11252025&checkout=11262025&city=CTAGR&country=IN&funnelType=getaway&lat=27.16779&lng=78.04893&locusId=ZNDEL67F7E280&locusType=zone&rank=1&roomStayQualifier=2e0e&seekSummaryRequired=false&viewType=LUXE&mtkeys=defaultMtkey
100,Bungalow 89,4,Villa,Lonavala,Private Pool,Agoda,StayVista at Bungalow 89,https://www.agoda.com/en-in/bungalow-89/hotel/lonavala-in.html
100,Bungalow 89,4,Villa,Lonavala,Private Pool,Airbnb,4BR Scenic View Stay | Bungalow 89 Lonavala,https://www.airbnb.co.in/rooms/39373208
100,Bungalow 89,4,Villa,Lonavala,Private Pool,Booking.com,Bungalow 89 by StayVista - A hill-view villa adorned with eclectic interiors for a truly unique & captivating stay,https://www.booking.com/hotel/in/bungalow-89.html
100,Bungalow 89,4,Villa,Lonavala,Private Pool,MakeMyTrip,StayVista at Bungalow 89,https://www.makemytrip.com/hotels/hotel-details/?hotelId=201911051733158719&_uCurrency=INR&checkin=11252025&checkout=11262025&city=CTAGR&country=IN&funnelType=getaway&lat=27.16779&lng=78.04893&locusId=ZNDEL67F7E280&locusType=zone&rank=1&roomStayQualifier=2e0e&seekSummaryRequired=false&viewType=LUXE&mtkeys=defaultMtkey
288,Shivom  12,3,Villa,Lonavala,"Infinity Pool, Lake View, Bonfire",Agoda,Shivom Villa 12 by Vista Rooms,https://www.agoda.com/en-in/shivom-villa-12-by-vista-rooms/hotel/lonavala-in.html
288,Shivom  12,3,Villa,Lonavala,"Infinity Pool, Lake View, Bonfire",Airbnb,3R Villa w/infinity pool+bonfire-ShivomVilla@Pawna,https://www.airbnb.co.in/rooms/656086305778944797
288,Shivom  12,3,Villa,Lonavala,"Infinity Pool, Lake View, Bonfire",Booking.com,"Shivom Villa 12 - Pawna by Gram's, StayVista - 3BHK with Lake View & Infinity Pool",https://www.booking.com/hotel/in/shivom-villa-12-by-vista-rooms.html
288,Shivom  12,3,Villa,Lonavala,"Infinity Pool, Lake View, Bonfire",MakeMyTrip,StayVista | Shivom Villa 12,https://www.makemytrip.com/hotels/hotel-details/?hotelId=201905251444585405&_uCurrency=INR&checkin=11252025&checkout=11262025&city=CTAGR&country=IN&funnelType=getaway&lat=27.16779&lng=78.04893&locusId=ZNDEL67F7E280&locusType=zone&rank=1&roomStayQualifier=2e0e&seekSummaryRequired=false&viewType=LUXE&mtkeys=defaultMtkey
223,Greenwoods  10,5,Villa,Lonavala,Private Pool,Agoda,Greenwoods Ten by Vista Rooms,https://www.agoda.com/en-in/5bhk-greenwoods-with-pvt-pool-tt-table-games-h10572627/hotel/lonavala-in.html
223,Greenwoods  10,5,Villa,Lonavala,Private Pool,Airbnb,5BR|Pool|StayVista| Greenwoods Villa 10 @Lonavala,https://www.airbnb.co.in/rooms/655495556116702783
223,Greenwoods  10,5,Villa,Lonavala,Private Pool,Booking.com,"StayVista's Greenwoods Villa 10 - City-Center Villa with Private Pool, Terrace, Lift & Carrom Board",https://www.booking.com/hotel/in/greenwoods-villa-10.html
223,Greenwoods  10,5,Villa,Lonavala,Private Pool,MakeMyTrip,StayVista | 5 BHK Greenwoods Ten Villa,https://www.makemytrip.com/hotels/hotel-details/?hotelId=201901161132546958&_uCurrency=INR&checkin=11252025&checkout=11262025&city=CTAGR&country=IN&funnelType=getaway&lat=27.16779&lng=78.04893&locusId=ZNDEL67F7E280&locusType=zone&rank=1&roomStayQualifier=2e0e&seekSummaryRequired=false&viewType=LUXE&mtkeys=defaultMtkey
221,Azul,4,Villa,Lonavala,"Pool, Jacuzzi, Lawn",Agoda,StayVista at Villa Azul,https://www.agoda.com/azul-4bhk-luxury-villa-with-pool-mini-theater/hotel/lonavala-in.html
221,Azul,4,Villa,Lonavala,"Pool, Jacuzzi, Lawn",Airbnb,"4bhk-Pool & Lawn -StayVista@Villa Azul, Lonavala",https://www.airbnb.co.in/rooms/1508607427164556350
221,Azul,4,Villa,Lonavala,"Pool, Jacuzzi, Lawn",Booking.com,StayVista's Villa Azul - 4BHK with Pool Table & Jacuzzi,https://www.booking.com/hotel/in/villa-azul.html
221,Azul,4,Villa,Lonavala,"Pool, Jacuzzi, Lawn",MakeMyTrip,Stayvista | Entire 4 BHK Villa Azul,https://www.makemytrip.com/hotels/hotel-details/?hotelId=201909201732439088&_uCurrency=INR&checkin=11252025&checkout=11262025&city=CTAGR&country=IN&funnelType=getaway&lat=27.16779&lng=78.04893&locusId=ZNDEL67F7E280&locusType=zone&rank=1&roomStayQualifier=2e0e&seekSummaryRequired=false&viewType=LUXE&mtkeys=defaultMtkey
209,Ashore,6,Villa,Goa,Infinity Pool,Agoda,Ashore by Vista Rooms,https://www.agoda.com/en-in/ashore-by-vista-rooms/hotel/goa-in.html
209,Ashore,6,Villa,Goa,Infinity Pool,Airbnb,6BR|Rooftop Pool+Beach View|StayVista| Ashore @Goa,https://www.airbnb.co.in/rooms/669967418523452574
209,Ashore,6,Villa,Goa,Infinity Pool,Booking.com,Ashore By Vista - Morjim by StayVista - 6BHK Beach-View Villa with Infinity Pool,https://www.booking.com/hotel/in/ashore-by-vista.html
209,Ashore,6,Villa,Goa,Infinity Pool,MakeMyTrip,StayVista | Ashore 6 BHK Villa,https://www.makemytrip.com/hotels/hotel-details/?hotelId=201812051412317595&_uCurrency=INR&checkin=11252025&checkout=11262025&city=CTAGR&country=IN&funnelType=getaway&lat=27.16779&lng=78.04893&locusId=ZNDEL67F7E280&locusType=zone&rank=1&roomStayQualifier=2e0e&seekSummaryRequired=false&viewType=LUXE&mtkeys=defaultMtkey
302,Arcadia,3,Villa,Goa,Pool,Agoda,Villa Arcadia by Vista Rooms,https://www.agoda.com/villa-arcadia-by-vista-rooms/hotel/goa-in.html
302,Arcadia,3,Villa,Goa,Pool,Airbnb,3BR|Pvt Pool+Lux|StayVista| Arcadia Villa@Candolim,https://www.airbnb.co.in/rooms/1572932592590491421
302,Arcadia,3,Villa,Goa,Pool,Booking.com,StayVista's Villa Arcadia - Candolim - 3BHK with Pet Friendly & Alfresco Dining,https://www.booking.com/hotel/in/villa-arcadia.html
302,Arcadia,3,Villa,Goa,Pool,MakeMyTrip,StayVista |3 BHK Pool Villa Arcadia,https://www.makemytrip.com/hotels/hotel-details/?hotelId=201909121124584427&_uCurrency=INR&checkin=11252025&checkout=11262025&city=CTAGR&country=IN&funnelType=getaway&lat=27.16779&lng=78.04893&locusId=ZNDEL67F7E280&locusType=zone&rank=1&roomStayQualifier=2e0e&seekSummaryRequired=false&viewType=LUXE&mtkeys=defaultMtkey
220,Meer,6,Villa,Nashik,"Pool, Lake View, Lawn",Agoda,StayVista at Villa Meer,https://www.agoda.com/en-in/5bhk-lake-view-pool-villa-near-sula-wine-tour/hotel/nasik-in.html
220,Meer,6,Villa,Nashik,"Pool, Lake View, Lawn",Airbnb,6BHK-Villa Meer-w/pool & Huge Lawn-Nashik,https://www.airbnb.co.in/rooms/36398399
220,Meer,6,Villa,Nashik,"Pool, Lake View, Lawn",Booking.com,StayVista's Villa Meer - 6BHK with Pet Friendly & Lake View,https://www.booking.com/hotel/in/casa-gris-nashik.html
220,Meer,6,Villa,Nashik,"Pool, Lake View, Lawn",MakeMyTrip,StayVista | Villa Meer,https://www.makemytrip.com/hotels/hotel-details/?hotelId=201901091551135950&_uCurrency=INR&checkin=11252025&checkout=11262025&city=CTAGR&country=IN&funnelType=getaway&lat=27.16779&lng=78.04893&locusId=ZNDEL67F7E280&locusType=zone&rank=1&roomStayQualifier=2e0e&seekSummaryRequired=false&viewType=LUXE&mtkeys=defaultMtkey
256,La Bougainvillea Heritage Home,5,Villa,Goa,Private Pool,Agoda,StayVista at La Bougainvillea Heritage Home,https://www.agoda.com/en-in/la-bougainvillea/hotel/south-goa-in.html
256,La Bougainvillea Heritage Home,5,Villa,Goa,Private Pool,Airbnb,StayVista at La Bougainvillea | Heritage Home,https://www.airbnb.co.in/rooms/549631663649644951
256,La Bougainvillea Heritage Home,5,Villa,Goa,Private Pool,Booking.com,StayVista's La Bougainvillea - Heritage Home - 5BHK Villa with Private Pool & Bathtub,https://www.booking.com/hotel/in/la-bougainvillea.html
256,La Bougainvillea Heritage Home,5,Villa,Goa,Private Pool,MakeMyTrip,StayVista at La Bougainvillea Heritage Home,https://www.makemytrip.com/hotels/hotel-details/?hotelId=201901101503358355&_uCurrency=INR&checkin=11252025&checkout=11262025&city=CTAGR&country=IN&funnelType=getaway&lat=27.16779&lng=78.04893&locusId=ZNDEL67F7E280&locusType=zone&rank=1&roomStayQualifier=2e0e&seekSummaryRequired=false&viewType=LUXE&mtkeys=defaultMtkey
242,Cascades,3,Villa,Lonavala,"Pool, Mountain View, Lawn",Agoda,Cascades by Vista Rooms,https://www.agoda.com/en-in/cascades-by-vista-rooms/hotel/malavli-in.html
242,Cascades,3,Villa,Lonavala,"Pool, Mountain View, Lawn",Airbnb,3R+Pvt Pool+Lawn+StayVista Cascades@Lonavala,https://www.airbnb.co.in/rooms/1421515422003188762
242,Cascades,3,Villa,Lonavala,"Pool, Mountain View, Lawn",Booking.com,"Cascades Villa by VEO, StayVista - 3BHK with Pet Friendly & Mountain View",https://www.booking.com/hotel/in/cascades-by-vista-rooms.html
242,Cascades,3,Villa,Lonavala,"Pool, Mountain View, Lawn",MakeMyTrip,StayVista | Cascades 3 BHK Pool Villa,https://www.makemytrip.com/hotels/hotel-details/?hotelId=201901071709535563&_uCurrency=INR&checkin=11252025&checkout=11262025&city=CTAGR&country=IN&funnelType=getaway&lat=27.16779&lng=78.04893&locusId=ZNDEL67F7E280&locusType=zone&rank=1&roomStayQualifier=2e0e&seekSummaryRequired=false&viewType=LUXE&mtkeys=defaultMtkey
222,Greenwoods  5,5,Villa,Lonavala,"Private Pool, Lawn",Agoda,StayVista at Greenwoods Villa 5,https://www.agoda.com/en-in/5bhk-greenwoods-with-pvt-pool-tt-table-games-h10603209/hotel/lonavala-in.html
222,Greenwoods  5,5,Villa,Lonavala,"Private Pool, Lawn",Airbnb,5BR|Lawn+Pool|StayVista|Greenwoods Villa 5@Lonavla,https://www.airbnb.co.in/rooms/1559185170074047399
222,Greenwoods  5,5,Villa,Lonavala,"Private Pool, Lawn",Booking.com,"StayVista's Greenwoods Villa 5 - City-Center Villa with Private Pool, Terrace, Lift & Music System",https://www.booking.com/hotel/in/greenwoods-villa-5.html
222,Greenwoods  5,5,Villa,Lonavala,"Private Pool, Lawn",MakeMyTrip,StayVista | Greenwoods Five 5 BHK Villa,https://www.makemytrip.com/hotels/hotel-details/?hotelId=201901091559067780&_uCurrency=INR&checkin=11252025&checkout=11262025&city=CTAGR&country=IN&funnelType=getaway&lat=27.16779&lng=78.04893&locusId=ZNDEL67F7E280&locusType=zone&rank=1&roomStayQualifier=2e0e&seekSummaryRequired=false&viewType=LUXE&mtkeys=defaultMtkey
282,The Kathguni,3,Villa,Manali,Lawn,Agoda,StayVista at The Kathguni House,https://www.agoda.com/en-in/the-kathguni-house-by-vista-rooms/hotel/manali-in.html
282,The Kathguni,3,Villa,Manali,Lawn,Airbnb,The Kathguni House | 3BHK Luxury Cottage with Lawn,https://www.airbnb.co.in/rooms/31177522
282,The Kathguni,3,Villa,Manali,Lawn,Booking.com,The Kathguni House by StayVista - Luxury Cottage with Lawn,https://www.booking.com/hotel/in/the-kathguni-house-by-vista-rooms.html
282,The Kathguni,3,Villa,Manali,Lawn,MakeMyTrip,StayVista | Kathguni House 3 BHK Villa,https://www.makemytrip.com/hotels/hotel-details/?hotelId=201903221217588326&_uCurrency=INR&checkin=11252025&checkout=11262025&city=CTAGR&country=IN&funnelType=getaway&lat=27.16779&lng=78.04893&locusId=ZNDEL67F7E280&locusType=zone&rank=1&roomStayQualifier=2e0e&seekSummaryRequired=false&viewType=LUXE&mtkeys=defaultMtkey
317,Shubmann,3,Villa,Wada,"Private Pool, River View",Agoda,StayVista at Shubmann Villa with Pvt Pool & River View,https://www.agoda.com/en-in/shubmann-by-vista-rooms/hotel/mumbai-in.html
317,Shubmann,3,Villa,Wada,"Private Pool, River View",Airbnb,StayVista at Shubmann Villa w / River View - Wada,https://www.airbnb.co.in/rooms/32174190
317,Shubmann,3,Villa,Wada,"Private Pool, River View",Booking.com,StayVista's Shubmann Villa - Wada - 3BHK with River View & Private Pool,https://www.booking.com/hotel/in/shumann-by-vista-rooms-wada.html
317,Shubmann,3,Villa,Wada,"Private Pool, River View",MakeMyTrip,StayVista | Shubmann 3 BHK Villa,https://www.makemytrip.com/hotels/hotel-details/?hotelId=201905211619441589&_uCurrency=INR&checkin=11252025&checkout=11262025&city=CTAGR&country=IN&funnelType=getaway&lat=27.16779&lng=78.04893&locusId=ZNDEL67F7E280&locusType=zone&rank=1&roomStayQualifier=2e0e&seekSummaryRequired=false&viewType=LUXE&mtkeys=defaultMtkey
373,The Hideout Farms,2,Villa,India,Pool,Agoda,StayVista at The Hideout Farms - Kurukshetra,https://www.agoda.com/the-hideout-by-vista-rooms/hotel/kharar-in.html
373,The Hideout Farms,2,Villa,India,Pool,Airbnb,StayVista at The Hideout Farms | 2BR Pool Villa,https://www.airbnb.co.in/rooms/33502735
373,The Hideout Farms,2,Villa,India,Pool,Booking.com,The Hideout Farms - Kurukshetra by StayVista - 2BHK Villa with Swimming Pool & Farm Experience,https://www.booking.com/hotel/in/hideout-by-vista-rooms.html
373,The Hideout Farms,2,Villa,India,Pool,MakeMyTrip,StayVista at The Hideout Farm,https://www.makemytrip.com/hotels/hotel-details/?hotelId=201906281703073304&_uCurrency=INR&checkin=11252025&checkout=11262025&city=CTAGR&country=IN&funnelType=getaway&lat=27.16779&lng=78.04893&locusId=ZNDEL67F7E280&locusType=zone&rank=1&roomStayQualifier=2e0e&seekSummaryRequired=false&viewType=LUXE&mtkeys=defaultMtkey
432,Padam Hill,3,Villa,Kasauli,Bonfire,Agoda,StayVista at Padam Hill,https://www.agoda.com/en-in/padam-hill-by-vista-rooms/hotel/kasauli-in.html
432,Padam Hill,3,Villa,Kasauli,Bonfire,Airbnb,3bhk Heritage Villa in Kasauli w/ Bonfire,https://www.airbnb.co.in/rooms/661373608736527784
432,Padam Hill,3,Villa,Kasauli,Bonfire,Booking.com,StayVista's Padam Hill - 3BHK Pet-Friendly Mountain-View Villa,https://www.booking.com/hotel/in/padam-hill-by-vista-rooms.html
432,Padam Hill,3,Villa,Kasauli,Bonfire,MakeMyTrip,StayVista at Padam Hill,https://www.makemytrip.com/hotels/hotel-details/?hotelId=201906281930462472&_uCurrency=INR&checkin=11252025&checkout=11262025&city=CTAGR&country=IN&funnelType=getaway&lat=27.16779&lng=78.04893&locusId=ZNDEL67F7E280&locusType=zone&rank=1&roomStayQualifier=2e0e&seekSummaryRequired=false&viewType=LUXE&mtkeys=defaultMtkey
187,"Gram's at Shivom, Pawna Lake by",3,Villa,Lonavala,"Pool, Lawn",Agoda,"Gram's at Shivom, Pawna Lake by StayVista",https://www.agoda.com/shivom-villa-3-by-vista-rooms/hotel/lonavala-in.html
187,"Gram's at Shivom, Pawna Lake by",3,Villa,Lonavala,"Pool, Lawn",Airbnb,"Gram's at Shivom, Pawna Lake by StayVista",https://www.airbnb.co.in/rooms/1365044094877344085
187,"Gram's at Shivom, Pawna Lake by",3,Villa,Lonavala,"Pool, Lawn",Booking.com,StayVista's Gram's at Shivom - Pawna - Shared Pool & Lawn,https://www.booking.com/hotel/in/shivom-villa-8.html
187,"Gram's at Shivom, Pawna Lake by",3,Villa,Lonavala,"Pool, Lawn",MakeMyTrip,"Gram's at Shivom, Pawna Lake by StayVista",https://www.makemytrip.com/hotels/hotel-details/?hotelId=202510081720513114&_uCurrency=INR&checkin=11252025&checkout=11262025&city=CTAGR&country=IN&funnelType=getaway&lat=27.16779&lng=78.04893&locusId=ZNDEL67F7E280&locusType=zone&rank=1&roomStayQualifier=2e0e&seekSummaryRequired=false&viewType=LUXE&mtkeys=defaultMtkey
473,The Owl  by VEO,4,House,Jaipur,Lawn,Agoda,The Owl House by VEO - Part of StayVista,https://www.agoda.com/en-in/the-owl-house-by-vista-rooms/hotel/kalwad-kalan-and-khurd-in.html
473,The Owl  by VEO,4,House,Jaipur,Lawn,Airbnb,4BR|Peaceful stay|StayVista| The Owl House @Jaipur,https://www.airbnb.co.in/rooms/35590446
473,The Owl  by VEO,4,House,Jaipur,Lawn,Booking.com,"The Owl House by VEO, StayVista - 4BHK with Pet Friendly & Terrace",https://www.booking.com/hotel/in/the-owl-house-by-vista-rooms-jaipur.html
473,The Owl  by VEO,4,House,Jaipur,Lawn,MakeMyTrip,The Owl House by VEO - Part of StayVista,https://www.makemytrip.com/hotels/hotel-details/?hotelId=201909131841315734&_uCurrency=INR&checkin=11252025&checkout=11262025&city=CTAGR&country=IN&funnelType=getaway&lat=27.16779&lng=78.04893&locusId=ZNDEL67F7E280&locusType=zone&rank=1&roomStayQualifier=2e0e&seekSummaryRequired=false&viewType=LUXE&mtkeys=defaultMtkey
308,Tall Silver,2,Villa,Coorg,Infinity Pool,Agoda,StayVista at Tall Silver,https://www.agoda.com/en-in/tall-silver-by-vista-rooms-h10696433/hotel/coorg-in.html
308,Tall Silver,2,Villa,Coorg,Infinity Pool,Airbnb,2BR| Pool+Brkfst |StayVista| Tall Silver@Karnataka,https://www.airbnb.co.in/rooms/39589386
308,Tall Silver,2,Villa,Coorg,Infinity Pool,Booking.com,StayVista's Tall Silver - 2BHK Forest-View Villa with Infinity Pool,https://www.booking.com/hotel/in/tall-silver-by-vista-rooms.html
308,Tall Silver,2,Villa,Coorg,Infinity Pool,MakeMyTrip,StayVista | Villa Tall Silver,https://www.makemytrip.com/hotels/hotel-details/?hotelId=201904051708438613&_uCurrency=INR&checkin=11252025&checkout=11262025&city=CTAGR&country=IN&funnelType=getaway&lat=27.16779&lng=78.04893&locusId=ZNDEL67F7E280&locusType=zone&rank=1&roomStayQualifier=2e0e&seekSummaryRequired=false&viewType=LUXE&mtkeys=defaultMtkey
423,Mistletoe,6,House,Nainital,"Mountain View, Lawn, Bonfire",Agoda,Mistletoe House by VEO - Part of StayVista,https://www.agoda.com/en-in/mistletoe-house-by-vista-rooms-h10696439/hotel/nainital-in.html
423,Mistletoe,6,House,Nainital,"Mountain View, Lawn, Bonfire",Airbnb,"Bhimtal | 6BR Mistletoe House w/Cook, Wifi & Lawn",https://www.airbnb.co.in/rooms/1734496875518022622
423,Mistletoe,6,House,Nainital,"Mountain View, Lawn, Bonfire",Booking.com,"Mistletoe House by VEO, StayVista - 6BHK with Mountain View & Bonfire",https://www.booking.com/hotel/in/mistletoe-house.html
423,Mistletoe,6,House,Nainital,"Mountain View, Lawn, Bonfire",MakeMyTrip,StayVista | Mistletoe House,https://www.makemytrip.com/hotels/hotel-details/?hotelId=201906281929365708&_uCurrency=INR&checkin=11252025&checkout=11262025&city=CTAGR&country=IN&funnelType=getaway&lat=27.16779&lng=78.04893&locusId=ZNDEL67F7E280&locusType=zone&rank=1&roomStayQualifier=2e0e&seekSummaryRequired=false&viewType=LUXE&mtkeys=defaultMtkey
451,The Lilly Ooty,4,Villa,Ooty,Private Pool,Agoda,StayVista at The Lilly Ooty with Breakfast,https://www.agoda.com/en-in/the-lilly-by-vista-rooms/hotel/ooty-in.html
451,The Lilly Ooty,4,Villa,Ooty,Private Pool,Airbnb,4BR|Majestic Views+Hill|StayVista| The Lilly @Ooty,https://www.airbnb.co.in/rooms/35206601
451,The Lilly Ooty,4,Villa,Ooty,Private Pool,Booking.com,The Lilly by StayVista - 4BHK Mountain-View Villa with Bar,https://www.booking.com/hotel/in/the-lilly-by-vista-rooms.html
451,The Lilly Ooty,4,Villa,Ooty,Private Pool,MakeMyTrip,StayVista | The Lilly 4 BHK Villa,https://www.makemytrip.com/hotels/hotel-details/?hotelId=201906281847298425&_uCurrency=INR&checkin=11252025&checkout=11262025&city=CTAGR&country=IN&funnelType=getaway&lat=27.16779&lng=78.04893&locusId=ZNDEL67F7E280&locusType=zone&rank=1&roomStayQualifier=2e0e&seekSummaryRequired=false&viewType=LUXE&mtkeys=defaultMtkey
357,in the Clouds,3,Cottage,Mussoorie,"Mountain View, BBQ",Agoda,StayVista at Cottage in the Clouds,https://www.agoda.com/en-in/cottage-in-the-clouds-by-vista-rooms/hotel/mussoorie-in.html
357,in the Clouds,3,Cottage,Mussoorie,"Mountain View, BBQ",Airbnb,StayVista at Cottage In The Clouds,https://www.airbnb.co.in/rooms/1734685855226959267
357,in the Clouds,3,Cottage,Mussoorie,"Mountain View, BBQ",Booking.com,Cottage in the Clouds by StayVista - 3BHK with Mountain View & BBQ,https://www.booking.com/hotel/in/cottage-in-the-clouds-by-vista-rooms.html
357,in the Clouds,3,Cottage,Mussoorie,"Mountain View, BBQ",MakeMyTrip,StayVista at Cottage in the Clouds,https://www.makemytrip.com/hotels/hotel-details/?hotelId=201907121635319157&_uCurrency=INR&checkin=11252025&checkout=11262025&city=CTAGR&country=IN&funnelType=getaway&lat=27.16779&lng=78.04893&locusId=ZNDEL67F7E280&locusType=zone&rank=1&roomStayQualifier=2e0e&seekSummaryRequired=false&viewType=LUXE&mtkeys=defaultMtkey
691,Sullivan,5,Villa,Ooty,"Mountain View, BBQ",Agoda,Villa Sullivan by VEO - Part of StayVista,https://www.agoda.com/en-in/villa-sullivan-by-vista-rooms/hotel/ooty-in.html
691,Sullivan,5,Villa,Ooty,"Mountain View, BBQ",Airbnb,5BR| Nature Escape |StayVista| Villa Sullivan@Ooty,https://www.airbnb.co.in/rooms/39188162
691,Sullivan,5,Villa,Ooty,"Mountain View, BBQ",Booking.com,"Villa Sullivan by VEO, StayVista - 5BHK with Mountain View & BBQ",https://www.booking.com/hotel/in/villa-sullivan-by-vista-rooms-ooty.html
691,Sullivan,5,Villa,Ooty,"Mountain View, BBQ",MakeMyTrip,StayVista | Villa Sullivan,https://www.makemytrip.com/hotels/hotel-details/?hotelId=201910191701271659&_uCurrency=INR&checkin=11252025&checkout=11262025&city=CTAGR&country=IN&funnelType=getaway&lat=27.16779&lng=78.04893&locusId=ZNDEL67F7E280&locusType=zone&rank=1&roomStayQualifier=2e0e&seekSummaryRequired=false&viewType=LUXE&mtkeys=defaultMtkey
689,Agastya,3,Villa,India,Mountain View,Agoda,Agastya Villa by VEO - Part of StayVista,https://www.agoda.com/en-in/boutique-homestay-in-heritage-town-of-badami/hotel/badami-in.html
689,Agastya,3,Villa,India,Mountain View,Airbnb,3BR Pet Friendly Villa w/Terrace @Badami Bangalore,https://www.airbnb.co.in/rooms/39009540
689,Agastya,3,Villa,India,Mountain View,Booking.com,"Agastya Villa by VEO, StayVista - 3BHK with Mountain View & Terrace",https://www.booking.com/hotel/in/boutique-homestay-in-heritage-town-of-badami.html
689,Agastya,3,Villa,India,Mountain View,MakeMyTrip,StayVista | Agastya Villa,https://www.makemytrip.com/hotels/hotel-details/?hotelId=201910151517104991&_uCurrency=INR&checkin=11252025&checkout=11262025&city=CTAGR&country=IN&funnelType=getaway&lat=27.16779&lng=78.04893&locusId=ZNDEL67F7E280&locusType=zone&rank=1&roomStayQualifier=2e0e&seekSummaryRequired=false&viewType=LUXE&mtkeys=defaultMtkey
475,Kinara The Luxury Collection,4,Villa,Goa,"Infinity Pool, Jacuzzi",Agoda,StayVista at Villa Kinara The Luxury Collection,https://www.agoda.com/en-in/villa-kinara-by-vista-rooms/hotel/goa-in.html
475,Kinara The Luxury Collection,4,Villa,Goa,"Infinity Pool, Jacuzzi",Airbnb,4BR|Luxury Pool Villa+Beach|StayVista| Kinara @Goa,https://www.airbnb.co.in/rooms/1562970641426659589
475,Kinara The Luxury Collection,4,Villa,Goa,"Infinity Pool, Jacuzzi",Booking.com,Villa Kinara - Reis Magos by StayVista - 4BHK with Infinity Pool & Jacuzzi,https://www.booking.com/hotel/in/villa-kinara-by-vista-rooms.html
475,Kinara The Luxury Collection,4,Villa,Goa,"Infinity Pool, Jacuzzi",MakeMyTrip,StayVista | Villa Kinara,https://www.makemytrip.com/hotels/hotel-details/?hotelId=201907091201503554&_uCurrency=INR&checkin=11252025&checkout=11262025&city=CTAGR&country=IN&funnelType=getaway&lat=27.16779&lng=78.04893&locusId=ZNDEL67F7E280&locusType=zone&rank=1&roomStayQualifier=2e0e&seekSummaryRequired=false&viewType=LUXE&mtkeys=defaultMtkey
536,EL Lodge,3,Villa,Lonavala,Private Pool,Agoda,EL Lodge by StayVista - your perfect getaway,https://www.agoda.com/en-in/el-lodge-by-vista-rooms/hotel/lonavala-in.html
536,EL Lodge,3,Villa,Lonavala,Private Pool,Airbnb,3BR|Garden Pool|StayVista| El Lodge Villa@Lonavala,https://www.airbnb.co.in/rooms/656122526722052274
536,EL Lodge,3,Villa,Lonavala,Private Pool,Booking.com,"EL Lodge by VEO, StayVista - 3BHK Villa with Alfresco Dining & Private Pool",https://www.booking.com/hotel/in/el-lodge-by-vista-rooms.html
536,EL Lodge,3,Villa,Lonavala,Private Pool,MakeMyTrip,StayVista | EL Lodge 3 BHK Pool Villa,https://www.makemytrip.com/hotels/hotel-details/?hotelId=201908281754079648&_uCurrency=INR&checkin=11252025&checkout=11262025&city=CTAGR&country=IN&funnelType=getaway&lat=27.16779&lng=78.04893&locusId=ZNDEL67F7E280&locusType=zone&rank=1&roomStayQualifier=2e0e&seekSummaryRequired=false&viewType=LUXE&mtkeys=defaultMtkey
435,Elevar,5,Villa,Karjat,"Plunge Pool, Mountain View",Agoda,"StayVista's Elevar Villa - Elevate your stay with a Mountain-View, Terrace & Plunge Pool",https://www.agoda.com/en-in/elysium-villa-by-vista-rooms/hotel/karjat-in.html
435,Elevar,5,Villa,Karjat,"Plunge Pool, Mountain View",Airbnb,5BR Pvt Pool | StayVista Elevar Villa | Karjat Gem,https://www.airbnb.co.in/rooms/1294694749244221921
435,Elevar,5,Villa,Karjat,"Plunge Pool, Mountain View",Booking.com,"Elevar Villa by VEO, StayVista - 5BHK with Mountain View & Plunge Pool",https://www.booking.com/hotel/in/elysium-villa-by-vista-rooms.html
435,Elevar,5,Villa,Karjat,"Plunge Pool, Mountain View",MakeMyTrip,StayVista | Elevar 5 BHK Pool Villa,https://www.makemytrip.com/hotels/hotel-details/?hotelId=201907161704288821&_uCurrency=INR&checkin=11252025&checkout=11262025&city=CTAGR&country=IN&funnelType=getaway&lat=27.16779&lng=78.04893&locusId=ZNDEL67F7E280&locusType=zone&rank=1&roomStayQualifier=2e0e&seekSummaryRequired=false&viewType=LUXE&mtkeys=defaultMtkey
695,Maximus,6,Villa,Lonavala,"Pool, Gazebo",Agoda,StayVista at Maximus Villa,https://www.agoda.com/en-in/stayvista-s-maximus-villa-city-center-villa-with-private-pool-gazebo-games-projector-room/hotel/lonavala-in.html
695,Maximus,6,Villa,Lonavala,"Pool, Gazebo",Airbnb,6BR Maximus Villa Lonavala W/Pool,https://www.airbnb.co.in/rooms/656079073576721705
695,Maximus,6,Villa,Lonavala,"Pool, Gazebo",Booking.com,"Maximus Villa by VEO, StayVista - 6BHK with Pool Table & Sauna",https://www.booking.com/hotel/in/kainya-villa-by-vista-rooms.html
695,Maximus,6,Villa,Lonavala,"Pool, Gazebo",MakeMyTrip,StayVista | Maximus Villa,https://www.makemytrip.com/hotels/hotel-details/?hotelId=201910111850106871&_uCurrency=INR&checkin=11252025&checkout=11262025&city=CTAGR&country=IN&funnelType=getaway&lat=27.16779&lng=78.04893&locusId=ZNDEL67F7E280&locusType=zone&rank=1&roomStayQualifier=2e0e&seekSummaryRequired=false&viewType=LUXE&mtkeys=defaultMtkey
318,Nivaant Farms,17,Villa,India,"Pool, Lawn",Agoda,StayVista at Nivaant Farms,https://www.agoda.com/en-in/nivaant-farms-by-vista-rooms/hotel/khopoli-in.html
318,Nivaant Farms,17,Villa,India,"Pool, Lawn",Airbnb,9R+Pool+Lawn+Pickle Court-StayVista@Nivaant Farms.,https://www.airbnb.co.in/rooms/1511993314533246186
318,Nivaant Farms,17,Villa,India,"Pool, Lawn",Booking.com,Nivaant Farms And Cottages by StayVista - 17BHK with Pet Friendly & Pickle Ball,https://www.booking.com/hotel/in/nivaant-farms-by-vista-rooms.html
318,Nivaant Farms,17,Villa,India,"Pool, Lawn",MakeMyTrip,StayVista at Nivaant Farms,https://www.makemytrip.com/hotels/hotel-details/?hotelId=201907161201449124&_uCurrency=INR&checkin=11252025&checkout=11262025&city=CTAGR&country=IN&funnelType=getaway&lat=27.16779&lng=78.04893&locusId=ZNDEL67F7E280&locusType=zone&rank=1&roomStayQualifier=2e0e&seekSummaryRequired=false&viewType=LUXE&mtkeys=defaultMtkey
260,The Verandah,5,Villa,Bhimtal,"Mountain View, BBQ",Agoda,StayVista at The Verandah,https://www.agoda.com/en-in/the-verandah-by-vista-rooms/hotel/harnagar-jangalia-gaon-in.html
260,The Verandah,5,Villa,Bhimtal,"Mountain View, BBQ",Airbnb,5BR|Mountain View|StayVista| The Verandah @Bhimtal,https://www.airbnb.co.in/rooms/8602984
260,The Verandah,5,Villa,Bhimtal,"Mountain View, BBQ",Booking.com,The Verandah by StayVista - 5BHK Mountain-View Villa with BBQ,https://www.booking.com/hotel/in/the-verandah-by-vista-rooms.html
260,The Verandah,5,Villa,Bhimtal,"Mountain View, BBQ",MakeMyTrip,StayVista | The Verandah Villa,https://www.makemytrip.com/hotels/hotel-details/?hotelId=201903191403037812&_uCurrency=INR&checkin=11252025&checkout=11262025&city=CTAGR&country=IN&funnelType=getaway&lat=27.16779&lng=78.04893&locusId=ZNDEL67F7E280&locusType=zone&rank=1&roomStayQualifier=2e0e&seekSummaryRequired=false&viewType=LUXE&mtkeys=defaultMtkey
510,Casa Do Amor,6,Villa,Goa,"Private Pool, Lawn",Agoda,Casa Do Amor with Pvt Pool by StayVista,https://www.agoda.com/en-in/casa-do-amor-by-vista-rooms/hotel/goa-in.html
510,Casa Do Amor,6,Villa,Goa,"Private Pool, Lawn",Airbnb,6BR Pool&Lawn StayVista Casa Do Amor Sangolda Goa!,https://www.airbnb.co.in/rooms/670685178529359163
510,Casa Do Amor,6,Villa,Goa,"Private Pool, Lawn",Booking.com,"Casa Do Amor - Sangolda by VEO, StayVista - 6BHK Pet-Friendly Villa with Private Pool",https://www.booking.com/hotel/in/casa-do-amor-by-vista-rooms.html
510,Casa Do Amor,6,Villa,Goa,"Private Pool, Lawn",MakeMyTrip,StayVista at Casa Do Amor,https://www.makemytrip.com/hotels/hotel-details/?hotelId=201908311328127610&_uCurrency=INR&checkin=11252025&checkout=11262025&city=CTAGR&country=IN&funnelType=getaway&lat=27.16779&lng=78.04893&locusId=ZNDEL67F7E280&locusType=zone&rank=1&roomStayQualifier=2e0e&seekSummaryRequired=false&viewType=LUXE&mtkeys=defaultMtkey
981,Casa Serenity,4,Villa,Lonavala,"Pool, Jacuzzi, Lawn",Agoda,"Casa Serenity by StayVista - Relax with a pool, lawn, and inviting jacuzzi",https://www.agoda.com/en-in/casa-serenity-5br-in-lonavala-by-vista-rooms/hotel/lonavala-in.html
981,Casa Serenity,4,Villa,Lonavala,"Pool, Jacuzzi, Lawn",Airbnb,4BHK Pool & Jacuzzi Villa | Casa Serenity Lonavala,https://www.airbnb.co.in/rooms/655405122230151347
981,Casa Serenity,4,Villa,Lonavala,"Pool, Jacuzzi, Lawn",Booking.com,StayVista's Casa Serenity - 4BHK Pet-Friendly Villa with Jacuzzi,https://www.booking.com/hotel/in/sharma-villa-by-vista-rooms.html
981,Casa Serenity,4,Villa,Lonavala,"Pool, Jacuzzi, Lawn",MakeMyTrip,StayVista | Casa Serenity 4 BHK Villa,https://www.makemytrip.com/hotels/hotel-details/?hotelId=201912261134466732&_uCurrency=INR&checkin=11252025&checkout=11262025&city=CTAGR&country=IN&funnelType=getaway&lat=27.16779&lng=78.04893&locusId=ZNDEL67F7E280&locusType=zone&rank=1&roomStayQualifier=2e0e&seekSummaryRequired=false&viewType=LUXE&mtkeys=defaultMtkey
833,Serene Nook,1,Villa,Wada,Jacuzzi,Agoda,StayVista's Serene Nook - Pet-Friendly Villa with Jacuzzi & Terrace,https://www.agoda.com/sayoung-villa-by-vista-rooms/hotel/vikramgad-in.html
833,Serene Nook,1,Villa,Wada,Jacuzzi,Airbnb,1BR |Luxury Jacuzzi|StayVista| Serene Nook @Wada,https://www.airbnb.co.in/rooms/40042182
833,Serene Nook,1,Villa,Wada,Jacuzzi,Booking.com,"Serene Nook - Wada by VEO, StayVista - 1BHK Pet-Friendly Villa with Jacuzzi",https://www.booking.com/hotel/in/sayoung-villa-by-vista-rooms.html
833,Serene Nook,1,Villa,Wada,Jacuzzi,MakeMyTrip,StayVista | Serene Nook 1 BHK Villa,https://www.makemytrip.com/hotels/hotel-details/?hotelId=201911301503281337&_uCurrency=INR&checkin=11252025&checkout=11262025&city=CTAGR&country=IN&funnelType=getaway&lat=27.16779&lng=78.04893&locusId=ZNDEL67F7E280&locusType=zone&rank=1&roomStayQualifier=2e0e&seekSummaryRequired=false&viewType=LUXE&mtkeys=defaultMtkey
850,Misty Mountains,2,Villa,Kasauli,"Pool, Mountain View",Agoda,StayVista at Misty Mountains Cottage,https://www.agoda.com/en-in/misty-mountains-cottage-by-vista-rooms/hotel/kasauli-in.html
850,Misty Mountains,2,Villa,Kasauli,"Pool, Mountain View",Airbnb,StayVista at Misty Mountains Cottage-2BR Hill View,https://www.airbnb.co.in/rooms/1734474981679841350
850,Misty Mountains,2,Villa,Kasauli,"Pool, Mountain View",Booking.com,StayVista's Misty Mountains Cottage - 2BHK with Mountain View & Pool Table,https://www.booking.com/hotel/in/hillcrest-villa-by-vistarooms.html
850,Misty Mountains,2,Villa,Kasauli,"Pool, Mountain View",MakeMyTrip,StayVista | Misty Mountains 2 BHK Cottage,https://www.makemytrip.com/hotels/hotel-details/?hotelId=202001131110548702&_uCurrency=INR&checkin=11252025&checkout=11262025&city=CTAGR&country=IN&funnelType=getaway&lat=27.16779&lng=78.04893&locusId=ZNDEL67F7E280&locusType=zone&rank=1&roomStayQualifier=2e0e&seekSummaryRequired=false&viewType=LUXE&mtkeys=defaultMtkey
902,Lake Trails,2,Villa,Nainital,"Valley View, Lake View, Bonfire",Agoda,Lake Trails with Beautiful Valley View by StayVista,https://www.agoda.com/singh-and-kapoor-s-villa-by-vista-rooms/hotel/nainital-in.html
902,Lake Trails,2,Villa,Nainital,"Valley View, Lake View, Bonfire",Airbnb,"2BR @ Lake Trails w/Lake View, Cook, Wifi -Bhimtal",https://www.airbnb.co.in/rooms/1527271590474527133
902,Lake Trails,2,Villa,Nainital,"Valley View, Lake View, Bonfire",Booking.com,"Lake Trails by VEO, StayVista - 2BHK Lake-View Villa with EV Station & Bonfire",https://www.booking.com/hotel/in/singh-and-kapoors-villa-by-vista-rooms.html
902,Lake Trails,2,Villa,Nainital,"Valley View, Lake View, Bonfire",MakeMyTrip,StayVista at Lake Trails with Bonfire and Valley View,https://www.makemytrip.com/hotels/hotel-details/?hotelId=201912161130053844&_uCurrency=INR&checkin=11252025&checkout=11262025&city=CTAGR&country=IN&funnelType=getaway&lat=27.16779&lng=78.04893&locusId=ZNDEL67F7E280&locusType=zone&rank=1&roomStayQualifier=2e0e&seekSummaryRequired=false&viewType=LUXE&mtkeys=defaultMtkey
976,Woodside Meadows by VEO,3,Villa,Shimla,Jacuzzi,Agoda,Villa Woodside Meadows by VEO - Part of StayVista,https://www.agoda.com/en-in/villa-woodside-meadows-by-veo-part-of-stayvista-h13753482/hotel/shimla-in.html
976,Woodside Meadows by VEO,3,Villa,Shimla,Jacuzzi,Airbnb,3BR Woodside Meadows Hilltop Cabin with Jacuzzi,https://www.airbnb.co.in/rooms/664836870630358248
976,Woodside Meadows by VEO,3,Villa,Shimla,Jacuzzi,Booking.com,"Villa Woodside Meadows by VEO - Hilltop cabin with Jacuzzi, Kasauli",https://www.booking.com/hotel/in/prem-ashray-by-vista-rooms.html
976,Woodside Meadows by VEO,3,Villa,Shimla,Jacuzzi,MakeMyTrip,Villa Woodside Meadows by VEO - Part of StayVista,https://www.makemytrip.com/hotels/hotel-details/?hotelId=201912231255001694&_uCurrency=INR&checkin=11252025&checkout=11262025&city=CTAGR&country=IN&funnelType=getaway&lat=27.16779&lng=78.04893&locusId=ZNDEL67F7E280&locusType=zone&rank=1&roomStayQualifier=2e0e&seekSummaryRequired=false&viewType=LUXE&mtkeys=defaultMtkey
1017,Davey's Townhouse by VEO,3,Villa,India,Private Pool,Agoda,Davey's Townhouse by VEO - Part of StayVista,https://www.agoda.com/en-in/davey-s-townhouse/hotel/mysore-in.html
1017,Davey's Townhouse by VEO,3,Villa,India,Private Pool,Airbnb,3BR|PetStay+Bfast |StayVista Davey’s House| Mysore,https://www.airbnb.co.in/rooms/40763389
1017,Davey's Townhouse by VEO,3,Villa,India,Private Pool,Booking.com,"Davey's Townhouse by VEO, StayVista - 3BHK Pet-Friendly Villa with EV Station",https://www.booking.com/hotel/in/davey-39-s-townhouse.html
1017,Davey's Townhouse by VEO,3,Villa,India,Private Pool,MakeMyTrip,Davey's Townhouse by VEO - Part of StayVista,https://www.makemytrip.com/hotels/hotel-details/?hotelId=201604291032455936&_uCurrency=INR&checkin=11252025&checkout=11262025&city=CTAGR&country=IN&funnelType=getaway&lat=27.16779&lng=78.04893&locusId=ZNDEL67F7E280&locusType=zone&rank=1&roomStayQualifier=2e0e&seekSummaryRequired=false&viewType=LUXE&mtkeys=defaultMtkey
1140,Destine,2,Cottage,Kasauli,Mountain View,Agoda,StayVista at Destine Cottage,https://www.agoda.com/en-in/destine-cottage-2-br-w-forest-views-in-kasauli/hotel/sankri-in.html
1140,Destine,2,Cottage,Kasauli,Mountain View,Airbnb,2BR|Forest View|StayVista| Destine Cottage@Kasauli,https://www.airbnb.co.in/rooms/1446158152809596745
1140,Destine,2,Cottage,Kasauli,Mountain View,Booking.com,StayVista's Destine Cottage - 2BHK with Mountain View & Terrace,https://www.booking.com/hotel/in/destine-by-vista-rooms.html
1140,Destine,2,Cottage,Kasauli,Mountain View,MakeMyTrip,StayVista at Destine Cottage,https://www.makemytrip.com/hotels/hotel-details/?hotelId=202607081631029235&_uCurrency=INR&checkin=11252025&checkout=11262025&city=CTAGR&country=IN&funnelType=getaway&lat=27.16779&lng=78.04893&locusId=ZNDEL67F7E280&locusType=zone&rank=1&roomStayQualifier=2e0e&seekSummaryRequired=false&viewType=LUXE&mtkeys=defaultMtkey
1194,Solitude in the Woods,4,Villa,India,"Pool, Orchard",Agoda,StayVista at Solitude in the Woods,https://www.agoda.com/en-in/solitude-in-the-woods-by-vista-rooms/hotel/new-delhi-and-ncr-in.html
1194,Solitude in the Woods,4,Villa,India,"Pool, Orchard",Airbnb,"4BR | Solitude in Woods W/ Pool, Kids play area",https://www.airbnb.co.in/rooms/42052074
1194,Solitude in the Woods,4,Villa,India,"Pool, Orchard",Booking.com,Solitude in the Woods by StayVista - Pet Friendly & Orchard,https://www.booking.com/hotel/in/solitude-in-the-woods-by-vista-rooms.html
1194,Solitude in the Woods,4,Villa,India,"Pool, Orchard",MakeMyTrip,StayVista I Solitude in the Woods 2 BHK Villa,https://www.makemytrip.com/hotels/hotel-details/?hotelId=202002131146429624&_uCurrency=INR&checkin=11252025&checkout=11262025&city=CTAGR&country=IN&funnelType=getaway&lat=27.16779&lng=78.04893&locusId=ZNDEL67F7E280&locusType=zone&rank=1&roomStayQualifier=2e0e&seekSummaryRequired=false&viewType=LUXE&mtkeys=defaultMtkey
1196,Novera The Lake,3,Villa,Wayanad,Gazebo,Agoda,StayVista at Novera The Lake Villa,https://www.agoda.com/en-in/novera-by-vista-rooms/hotel/tariyod-in.html
1196,Novera The Lake,3,Villa,Wayanad,Gazebo,Airbnb,3 BHK Luxury Villa w/Scenic View + BKFST @ Wayanad,https://www.airbnb.co.in/rooms/42234446
1196,Novera The Lake,3,Villa,Wayanad,Gazebo,Booking.com,StayVista's Novera - 3BHK Lake-View Villa with Gazebo,https://www.booking.com/hotel/in/novera-by-vista-rooms.html
1196,Novera The Lake,3,Villa,Wayanad,Gazebo,MakeMyTrip,StayVista | Novera Villa,https://www.makemytrip.com/hotels/hotel-details/?hotelId=202002151556328976&_uCurrency=INR&checkin=11252025&checkout=11262025&city=CTAGR&country=IN&funnelType=getaway&lat=27.16779&lng=78.04893&locusId=ZNDEL67F7E280&locusType=zone&rank=1&roomStayQualifier=2e0e&seekSummaryRequired=false&viewType=LUXE&mtkeys=defaultMtkey
722,Escape,3,Villa,India,"Mountain View, Orchard",Agoda,"La Ipsing Farm by StayVista, A heritage property in orchards with Mountain views, featuring Outdoor",https://www.agoda.com/en-in/la-ipsing-farm-by-vista-rooms/hotel/rumtek-in.html
722,Escape,3,Villa,India,"Mountain View, Orchard",Airbnb,3BHK Views+Outdoor Games|StayVista Escape@Samdong,https://www.airbnb.co.in/rooms/673565147964147782
722,Escape,3,Villa,India,"Mountain View, Orchard",Booking.com,"La Ipsing Farm by StayVista - 3 BHK Villa with Balcony, Mountain View, Indoor Games, and Pet Friendly",https://www.booking.com/hotel/in/la-lpsing-farm-by-vista-rooms.html
722,Escape,3,Villa,India,"Mountain View, Orchard",MakeMyTrip,StayVista | La Ipsing Farm 3 BHK Villa,https://www.makemytrip.com/hotels/hotel-details/?hotelId=201910231733437120&_uCurrency=INR&checkin=11252025&checkout=11262025&city=CTAGR&country=IN&funnelType=getaway&lat=27.16779&lng=78.04893&locusId=ZNDEL67F7E280&locusType=zone&rank=1&roomStayQualifier=2e0e&seekSummaryRequired=false&viewType=LUXE&mtkeys=defaultMtkey
687,PleasantVille,4,Villa,India,Lawn,Agoda,StayVista at PleasantVille with Huge Lawn Area,https://www.agoda.com/en-in/pleasantville-by-vista-rooms/hotel/nahan-in.html
687,PleasantVille,4,Villa,India,Lawn,Airbnb,4BR |Mountain Escape|StayVista| PleasantVille @HP,https://www.airbnb.co.in/rooms/39454414
687,PleasantVille,4,Villa,India,Lawn,Booking.com,"PleasantVille - Nahan by VEO, StayVista - 4BHK Mountain-View Villa with Pet Friendly",https://www.booking.com/hotel/in/pleasant-villa-by-vista-rooms.html
687,PleasantVille,4,Villa,India,Lawn,MakeMyTrip,StayVista | PleasantVille 4 BHK Villa,https://www.makemytrip.com/hotels/hotel-details/?hotelId=201910181802126496&_uCurrency=INR&checkin=11252025&checkout=11262025&city=CTAGR&country=IN&funnelType=getaway&lat=27.16779&lng=78.04893&locusId=ZNDEL67F7E280&locusType=zone&rank=1&roomStayQualifier=2e0e&seekSummaryRequired=false&viewType=LUXE&mtkeys=defaultMtkey
1306,Ora Indulgent Living,1,Villa,Lonavala,Jacuzzi,Agoda,"StayVista's Ora Indulgent Living - Valley-View, Couple-Friendly Villa with Outdoor Jacuzzi - Romanti",https://www.agoda.com/en-in/ora-by-mount-kusur-by-vista-rooms/hotel/ahmednagar-in.html
1306,Ora Indulgent Living,1,Villa,Lonavala,Jacuzzi,Airbnb,1BHK|Jacuzzi+Meals |StayVista Ora Living| Lonavala,https://www.airbnb.co.in/rooms/1212048350724352773
1306,Ora Indulgent Living,1,Villa,Lonavala,Jacuzzi,Booking.com,Ora by StayVista - 1BHK Valley-View Villa with Jacuzzi,https://www.booking.com/hotel/in/ora-by-mount-kusur-by-vista-rooms.html
1306,Ora Indulgent Living,1,Villa,Lonavala,Jacuzzi,MakeMyTrip,StayVista at Ora - Indulgent Living W/ All Meals,https://www.makemytrip.com/hotels/hotel-details/?hotelId=202212191602317045&_uCurrency=INR&checkin=11252025&checkout=11262025&city=CTAGR&country=IN&funnelType=getaway&lat=27.16779&lng=78.04893&locusId=ZNDEL67F7E280&locusType=zone&rank=1&roomStayQualifier=2e0e&seekSummaryRequired=false&viewType=LUXE&mtkeys=defaultMtkey
787,Open,3,House,Pune,Lawn,Agoda,StayVista at Open House,https://www.agoda.com/en-in/open-house-by-vista-rooms/hotel/pune-in.html
787,Open,3,House,Pune,Lawn,Airbnb,3BR|Garden Bliss|StayVista Open House @ Pune Haven,https://www.airbnb.co.in/rooms/1588831507679250148
787,Open,3,House,Pune,Lawn,Booking.com,StayVista's Open House - 3BHK with Viewing Deck & Alfresco Dining,https://www.booking.com/hotel/in/open-house-by-vista-rooms.html
787,Open,3,House,Pune,Lawn,MakeMyTrip,StayVista at Open House,https://www.makemytrip.com/hotels/hotel-details/?hotelId=201912061509468763&_uCurrency=INR&checkin=11252025&checkout=11262025&city=CTAGR&country=IN&funnelType=getaway&lat=27.16779&lng=78.04893&locusId=ZNDEL67F7E280&locusType=zone&rank=1&roomStayQualifier=2e0e&seekSummaryRequired=false&viewType=LUXE&mtkeys=defaultMtkey
1503,Hamptons Charm,5,Villa,Alibaug,"Pool, Lawn",Agoda,"Hamptons Charm by StayVista with Pool, & lawn",https://www.agoda.com/en-in/hamptons-charm-by-vista-rooms-h24327309/hotel/alibaug-in.html
1503,Hamptons Charm,5,Villa,Alibaug,"Pool, Lawn",Airbnb,5BR|Luxury Pool|StayVista| Hamptons Charm @Alibaug,https://www.airbnb.co.in/rooms/651915237420937611
1503,Hamptons Charm,5,Villa,Alibaug,"Pool, Lawn",Booking.com,StayVista's Hamptons Charm - 5BHK Villa with Heated Pool & Bar,https://www.booking.com/hotel/in/hamptons-charm-by-vista-rooms.html
1503,Hamptons Charm,5,Villa,Alibaug,"Pool, Lawn",MakeMyTrip,StayVista at Hamptons Charm,https://www.makemytrip.com/hotels/hotel-details/?hotelId=202011171131297793&_uCurrency=INR&checkin=11252025&checkout=11262025&city=CTAGR&country=IN&funnelType=getaway&lat=27.16779&lng=78.04893&locusId=ZNDEL67F7E280&locusType=zone&rank=1&roomStayQualifier=2e0e&seekSummaryRequired=false&viewType=LUXE&mtkeys=defaultMtkey
1634,Casa Paun,2,Villa,Lonavala,Infinity Pool,Agoda,StayVista at Casa Paun,https://www.agoda.com/en-in/casa-paun-by-vista-rooms/hotel/pune-in.html
1634,Casa Paun,2,Villa,Lonavala,Infinity Pool,Airbnb,2BR |Infinity Pool|StayVista| Casa Paun @Lonavala,https://www.airbnb.co.in/rooms/48384952
1634,Casa Paun,2,Villa,Lonavala,Infinity Pool,Booking.com,"Casa Paun - Kamshet by VEO, StayVista - 2BHK Lake-View Villa with Infinity Pool",https://www.booking.com/hotel/in/casa-paun-by-vista-rooms.html
1634,Casa Paun,2,Villa,Lonavala,Infinity Pool,MakeMyTrip,StayVista | Casa Paun 2 BHK Villa,https://www.makemytrip.com/hotels/hotel-details/?hotelId=202103311846266677&_uCurrency=INR&checkin=11252025&checkout=11262025&city=CTAGR&country=IN&funnelType=getaway&lat=27.16779&lng=78.04893&locusId=ZNDEL67F7E280&locusType=zone&rank=1&roomStayQualifier=2e0e&seekSummaryRequired=false&viewType=LUXE&mtkeys=defaultMtkey
189,Greenwoods  1,5,Villa,Lonavala,"Private Pool, Lawn",Agoda,"StayVista's Greenwoods Villa 1 - City-Center Villa with Private Pool, Terrace, Lift & Carrom Board",https://www.agoda.com/en-in/greenwoods-one-by-vista-rooms/hotel/lonavla-in.html
189,Greenwoods  1,5,Villa,Lonavala,"Private Pool, Lawn",Airbnb,"5R+Pool, Lawn+Wifi+StayVista Greenwood 1@Lonavala",https://www.airbnb.co.in/rooms/655616217941641860
189,Greenwoods  1,5,Villa,Lonavala,"Private Pool, Lawn",Booking.com,"Vista Greenwoods One Villa by VEO, StayVista - 5BHK with Private Pool & Terrace",https://www.booking.com/hotel/in/greenwoods-seis.html
189,Greenwoods  1,5,Villa,Lonavala,"Private Pool, Lawn",MakeMyTrip,StayVista | Greenwoods One 5 BHK Pool Villa,https://www.makemytrip.com/hotels/hotel-details/?hotelId=201909201834461578&_uCurrency=INR&checkin=11252025&checkout=11262025&city=CTAGR&country=IN&funnelType=getaway&lat=27.16779&lng=78.04893&locusId=ZNDEL67F7E280&locusType=zone&rank=1&roomStayQualifier=2e0e&seekSummaryRequired=false&viewType=LUXE&mtkeys=defaultMtkey
1608,Luna,2,Villa,Pune,"Lake View, Bonfire",Agoda,StayVista at Luna Villa,https://www.agoda.com/en-in/luna-villa-by-vista-rooms/hotel/dahegaon-in.html
1608,Luna,2,Villa,Pune,"Lake View, Bonfire",Airbnb,2BR | Scenic Stay+Bonf |StayVista| Luna Villa@Pune,https://www.airbnb.co.in/rooms/48046975
1608,Luna,2,Villa,Pune,"Lake View, Bonfire",Booking.com,"Luna Villa by VEO, StayVista - 2BHK with Lake View & Bonfire",https://www.booking.com/hotel/in/luna-villa-by-vista-rooms.html
1608,Luna,2,Villa,Pune,"Lake View, Bonfire",MakeMyTrip,StayVista | Luna 2 BHK Villa,https://www.makemytrip.com/hotels/hotel-details/?hotelId=202102131446239069&_uCurrency=INR&checkin=11252025&checkout=11262025&city=CTAGR&country=IN&funnelType=getaway&lat=27.16779&lng=78.04893&locusId=ZNDEL67F7E280&locusType=zone&rank=1&roomStayQualifier=2e0e&seekSummaryRequired=false&viewType=LUXE&mtkeys=defaultMtkey
1257,3BR Wooden Chalet,3,Cottage,Shimla,Mountain View,Agoda,Wood House Retreat by Vista Rooms,https://www.agoda.com/en-in/wood-house-retreat-by-vista-rooms-h24337889/hotel/shimla-in.html
1257,3BR Wooden Chalet,3,Cottage,Shimla,Mountain View,Airbnb,StayVista | 3BR Wooden Chalet w/Mystic View & Pets,https://www.airbnb.co.in/rooms/566986767344004436
1257,3BR Wooden Chalet,3,Cottage,Shimla,Mountain View,Booking.com,StayVista's Wood House Retreat - 3BHK with Mountain View & Alfresco Dining,https://www.booking.com/hotel/in/mahasu-cottage-by-vista-rooms.html
1257,3BR Wooden Chalet,3,Cottage,Shimla,Mountain View,MakeMyTrip,StayVista at Wood House Retreat,https://www.makemytrip.com/hotels/hotel-details/?hotelId=202405290810362098&_uCurrency=INR&checkin=11252025&checkout=11262025&city=CTAGR&country=IN&funnelType=getaway&lat=27.16779&lng=78.04893&locusId=ZNDEL67F7E280&locusType=zone&rank=1&roomStayQualifier=2e0e&seekSummaryRequired=false&viewType=LUXE&mtkeys=defaultMtkey
1320,Udaikot by VEO,4,Villa,Udaipur,Private Pool,Agoda,Udaikot by VEO - Part of StayVista,https://www.agoda.com/en-in/udaikot-by-vista-rooms-h24337925/hotel/udaipur-in.html
1320,Udaikot by VEO,4,Villa,Udaipur,Private Pool,Airbnb,4BR Heritage Villa |Breakfast|City Centre Udaipur,https://www.airbnb.co.in/rooms/673655984570801333
1320,Udaikot by VEO,4,Villa,Udaipur,Private Pool,Booking.com,"Udaikot by VEO, StayVista - 4BHK Villa with Bar & Private Pool",https://www.booking.com/hotel/in/udaikot-by-vista-rooms.html
1320,Udaikot by VEO,4,Villa,Udaipur,Private Pool,MakeMyTrip,Udaikot by VEO - Part of StayVista,https://www.makemytrip.com/hotels/hotel-details/?hotelId=202004291043529282&_uCurrency=INR&checkin=11252025&checkout=11262025&city=CTAGR&country=IN&funnelType=getaway&lat=27.16779&lng=78.04893&locusId=ZNDEL67F7E280&locusType=zone&rank=1&roomStayQualifier=2e0e&seekSummaryRequired=false&viewType=LUXE&mtkeys=defaultMtkey
1554,Taruchaya,3,Villa,Kasauli,"Lawn, Gazebo",Agoda,StayVista at Taruchaya,https://www.agoda.com/en-in/taruchaya-by-vista-rooms/hotel/kasauli-in.html
1554,Taruchaya,3,Villa,Kasauli,"Lawn, Gazebo",Airbnb,3 BHK Classic Villa w/BKFST +Lawn+Gazebo @ Raichak,https://www.airbnb.co.in/rooms/674272508115789575
1554,Taruchaya,3,Villa,Kasauli,"Lawn, Gazebo",Booking.com,"Taruchaya - Raichak by VEO, StayVista - 3BHK Pet-Friendly Villa with Gazebo",https://www.booking.com/hotel/in/taruchaya-a-world-of-your-own.html
1554,Taruchaya,3,Villa,Kasauli,"Lawn, Gazebo",MakeMyTrip,Taruchaya by VEO - Part of StayVista,https://www.makemytrip.com/hotels/hotel-details/?hotelId=202012290926392807&_uCurrency=INR&checkin=11252025&checkout=11262025&city=CTAGR&country=IN&funnelType=getaway&lat=27.16779&lng=78.04893&locusId=ZNDEL67F7E280&locusType=zone&rank=1&roomStayQualifier=2e0e&seekSummaryRequired=false&viewType=LUXE&mtkeys=defaultMtkey
697,Krishnalaya Mansion by VEO,8,Villa,Jaipur,"Pool, Jacuzzi",Agoda,Krishnalaya Mansion by VEO - Part of StayVista,https://www.agoda.com/en-in/krishnalaya-mansion-by-vista-rooms-h24337971/hotel/jaipur-in.html
697,Krishnalaya Mansion by VEO,8,Villa,Jaipur,"Pool, Jacuzzi",Airbnb,Luxury 8BR Villa w/Pool/TT/Sauna @Bani Park Jaipur,https://www.airbnb.co.in/rooms/38910518
697,Krishnalaya Mansion by VEO,8,Villa,Jaipur,"Pool, Jacuzzi",Booking.com,"Krishnalaya Mansion by VEO, StayVista - 8BHK Villa with Jacuzzi & Sauna",https://www.booking.com/hotel/in/krishnalaya-mansion-by-vista-rooms.html
697,Krishnalaya Mansion by VEO,8,Villa,Jaipur,"Pool, Jacuzzi",MakeMyTrip,Krishnalaya Mansion by VEO - Part of StayVista,https://www.makemytrip.com/hotels/hotel-details/?hotelId=201910081623575047&_uCurrency=INR&checkin=11252025&checkout=11262025&city=CTAGR&country=IN&funnelType=getaway&lat=27.16779&lng=78.04893&locusId=ZNDEL67F7E280&locusType=zone&rank=1&roomStayQualifier=2e0e&seekSummaryRequired=false&viewType=LUXE&mtkeys=defaultMtkey
1255,RiverView Retreat,3,Villa,India,"River View, Lawn",Agoda,Backwater Heritage - 3 BHK Villa by Vista Rooms,https://www.agoda.com/en-in/backwater-heritage-3-bhk-villa-by-vista-rooms/hotel/alleppey-in.html
1255,RiverView Retreat,3,Villa,India,"River View, Lawn",Airbnb,3BR|Backwater|StayVista RiverView Retreat@Alleppey,https://www.airbnb.co.in/rooms/42921752
1255,RiverView Retreat,3,Villa,India,"River View, Lawn",Booking.com,"The Backwater Heritage by VEO, StayVista - 3BHK River-View Villa with Lawn",https://www.booking.com/hotel/in/the-backwater-heritage-by-vista-rooms.html
1255,RiverView Retreat,3,Villa,India,"River View, Lawn",MakeMyTrip,StayVista at The Backwater Heritage,https://www.makemytrip.com/hotels/hotel-details/?hotelId=202007131144105073&_uCurrency=INR&checkin=11252025&checkout=11262025&city=CTAGR&country=IN&funnelType=getaway&lat=27.16779&lng=78.04893&locusId=ZNDEL67F7E280&locusType=zone&rank=1&roomStayQualifier=2e0e&seekSummaryRequired=false&viewType=LUXE&mtkeys=defaultMtkey
1457,Destine,4,Villa,Kasauli,Mountain View,Agoda,StayVista at Destine,https://www.agoda.com/en-in/destine-villa-by-vista-rooms-h24337992/hotel/kasauli-in.html
1457,Destine,4,Villa,Kasauli,Mountain View,Airbnb,StayVista at Destine Villa | 4BR Luxury Stay,https://www.airbnb.co.in/rooms/45182974
1457,Destine,4,Villa,Kasauli,Mountain View,Booking.com,StayVista's Destine Villa - 4BHK with Mountain View & Bathtub,https://www.booking.com/hotel/in/destine-villa-by-vista-rooms.html
1457,Destine,4,Villa,Kasauli,Mountain View,MakeMyTrip,StayVista | Destine Villa,https://www.makemytrip.com/hotels/hotel-details/?hotelId=202010231748033564&_uCurrency=INR&checkin=11252025&checkout=11262025&city=CTAGR&country=IN&funnelType=getaway&lat=27.16779&lng=78.04893&locusId=ZNDEL67F7E280&locusType=zone&rank=1&roomStayQualifier=2e0e&seekSummaryRequired=false&viewType=LUXE&mtkeys=defaultMtkey
300,Greenwood Bungalow,6,Villa,Ooty,BBQ,Agoda,StayVista at Greenwood Bungalow - Indoor & Outdoor Game,https://www.agoda.com/en-in/greenwood-bungalow-by-vista-rooms-h10696435/hotel/ooty-in.html
300,Greenwood Bungalow,6,Villa,Ooty,BBQ,Airbnb,6BR|Heritage Stay|StayVista|Greenwood Bungalow@Oty,https://www.airbnb.co.in/rooms/31814231
300,Greenwood Bungalow,6,Villa,Ooty,BBQ,Booking.com,StayVista's Greenwood Bungalow - 6BHK Mountain-View Villa with Table Tennis & BBQ,https://www.booking.com/hotel/in/greenwood-bungalow-by-vista-rooms.html
300,Greenwood Bungalow,6,Villa,Ooty,BBQ,MakeMyTrip,StayVista | Greenwood Bungalow,https://www.makemytrip.com/hotels/hotel-details/?hotelId=201903131849527218&_uCurrency=INR&checkin=11252025&checkout=11262025&city=CTAGR&country=IN&funnelType=getaway&lat=27.16779&lng=78.04893&locusId=ZNDEL67F7E280&locusType=zone&rank=1&roomStayQualifier=2e0e&seekSummaryRequired=false&viewType=LUXE&mtkeys=defaultMtkey
315,3 BHK  Spring,3,Villa,Wada,Private Pool,Agoda,StayVista's B-24 Spring - Villa Amidst Greenery with Private Pool & Terrace,https://www.agoda.com/en-in/spring-by-vista-rooms/hotel/vikramgad-in.html
315,3 BHK  Spring,3,Villa,Wada,Private Pool,Airbnb,3BHK @B-24 Spring-w/Pvt Pool & Nature Trail - Wada,https://www.airbnb.co.in/rooms/32201582
315,3 BHK  Spring,3,Villa,Wada,Private Pool,Booking.com,"B-24 Spring - Wada by VEO, StayVista - 3BHK Pet-Friendly Villa with Private Pool",https://www.booking.com/hotel/in/sping-by-vista-rooms.html
315,3 BHK  Spring,3,Villa,Wada,Private Pool,MakeMyTrip,StayVista | 3 BHK Villa Spring,https://www.makemytrip.com/hotels/hotel-details/?hotelId=201905211003074867&_uCurrency=INR&checkin=11252025&checkout=11262025&city=CTAGR&country=IN&funnelType=getaway&lat=27.16779&lng=78.04893&locusId=ZNDEL67F7E280&locusType=zone&rank=1&roomStayQualifier=2e0e&seekSummaryRequired=false&viewType=LUXE&mtkeys=defaultMtkey
1577,Chitrita Bhavan,4,Villa,India,Pool,Agoda,Chitrita Bhavan @ 2 Rooms GF by VEO - Part of StayVista,https://www.agoda.com/en-in/chitrita-bhavan-2-rooms-gf-by-vista-rooms/hotel/pondicherry-in.html
1577,Chitrita Bhavan,4,Villa,India,Pool,Airbnb,4BR|Coastal Stay|StayVista| Chitritha Bhavan@Pondi,https://www.airbnb.co.in/rooms/914957242418479249
1577,Chitrita Bhavan,4,Villa,India,Pool,Booking.com,StayVista's Chitrita Bhavan - 4BHK Villa with Pool Table,https://www.booking.com/hotel/in/chitrita-bhavan-by-vista-rooms.html
1577,Chitrita Bhavan,4,Villa,India,Pool,MakeMyTrip,Chitrita bhavan by VEO - Part of StayVista,https://www.makemytrip.com/hotels/hotel-details/?hotelId=202101251231209921&_uCurrency=INR&checkin=11252025&checkout=11262025&city=CTAGR&country=IN&funnelType=getaway&lat=27.16779&lng=78.04893&locusId=ZNDEL67F7E280&locusType=zone&rank=1&roomStayQualifier=2e0e&seekSummaryRequired=false&viewType=LUXE&mtkeys=defaultMtkey
1555,Pranaam The Luxury Collection,6,Villa,Alibaug,Private Pool,Agoda,StayVista at Pranaam The Luxury Collection,https://www.agoda.com/en-in/pranaam-by-vista-rooms-h24353767/hotel/alibaug-in.html
1555,Pranaam The Luxury Collection,6,Villa,Alibaug,Private Pool,Airbnb,StayVista at Pranaam with Private Pool,https://www.airbnb.co.in/rooms/1572947766631660059
1555,Pranaam The Luxury Collection,6,Villa,Alibaug,Private Pool,Booking.com,StayVista's Pranaam - 6BHK Villa with Bar & Alfresco Dining,https://www.booking.com/hotel/in/pranaam-by-vista-rooms.html
1555,Pranaam The Luxury Collection,6,Villa,Alibaug,Private Pool,MakeMyTrip,StayVista|Pranaam 6 BHK Pool Villa,https://www.makemytrip.com/hotels/hotel-details/?hotelId=202012261601193036&_uCurrency=INR&checkin=11252025&checkout=11262025&city=CTAGR&country=IN&funnelType=getaway&lat=27.16779&lng=78.04893&locusId=ZNDEL67F7E280&locusType=zone&rank=1&roomStayQualifier=2e0e&seekSummaryRequired=false&viewType=LUXE&mtkeys=defaultMtkey
1582,Golden Bliss,5,Cottage,India,Mountain View,Agoda,Golden Bliss Cottage by VEO - Part of StayVista,https://www.agoda.com/en-in/golden-bliss-cottage-by-vista-rooms/hotel/almora-in.html
1582,Golden Bliss,5,Cottage,India,Mountain View,Airbnb,"5BR Family Cottage w/Chef, Parking & Wifi",https://www.airbnb.co.in/rooms/659139512578811337
1582,Golden Bliss,5,Cottage,India,Mountain View,Booking.com,StayVista's Golden Bliss Cottage - Ramgarh - 5BHK with Pet Friendly & Mountain View,https://www.booking.com/hotel/in/golden-bliss-cottage-by-vista-rooms.html
1582,Golden Bliss,5,Cottage,India,Mountain View,MakeMyTrip,Golden Bliss Cottage - Ramgarh by VEO - Part of StayVista,https://www.makemytrip.com/hotels/hotel-details/?hotelId=202101041209305407&_uCurrency=INR&checkin=11252025&checkout=11262025&city=CTAGR&country=IN&funnelType=getaway&lat=27.16779&lng=78.04893&locusId=ZNDEL67F7E280&locusType=zone&rank=1&roomStayQualifier=2e0e&seekSummaryRequired=false&viewType=LUXE&mtkeys=defaultMtkey
1688,Moets Waterfront  3 BR Raison,3,Villa,Manali,River View,Agoda,StayVista at Moets Waterfront Estate 3 BR Raison,https://www.agoda.com/en-in/moets-waterfront-estate-by-vista-rooms/hotel/manali-in.html
1688,Moets Waterfront  3 BR Raison,3,Villa,Manali,River View,Airbnb,3BR|View|StayVista| Moets Waterfront Estate@Kullu,https://www.airbnb.co.in/rooms/49575809
1688,Moets Waterfront  3 BR Raison,3,Villa,Manali,River View,Booking.com,StayVista's Moets Waterfront Estate - Raison - 3BHK with River View & Bathtub,https://www.booking.com/hotel/in/riverside-estate-by-vista-rooms.html
1688,Moets Waterfront  3 BR Raison,3,Villa,Manali,River View,MakeMyTrip,StayVista| Moets Waterfront Estate Villa,https://www.makemytrip.com/hotels/hotel-details/?hotelId=202105071002096669&_uCurrency=INR&checkin=11252025&checkout=11262025&city=CTAGR&country=IN&funnelType=getaway&lat=27.16779&lng=78.04893&locusId=ZNDEL67F7E280&locusType=zone&rank=1&roomStayQualifier=2e0e&seekSummaryRequired=false&viewType=LUXE&mtkeys=defaultMtkey
1684,Horizon,4,Villa,Kasauli,"Private Pool, Mountain View",Agoda,StayVista at Horizon,https://www.agoda.com/en-in/horizon-by-vista-rooms-h26841599/hotel/kasauli-in.html
1684,Horizon,4,Villa,Kasauli,"Private Pool, Mountain View",Airbnb,4BR|Mountain Views+Pool|StayVista| Horizon@Kasauli,https://www.airbnb.co.in/rooms/661231396354236689
1684,Horizon,4,Villa,Kasauli,"Private Pool, Mountain View",Booking.com,StayVista's Horizon - 4BHK Villa with Alfresco Dining & Private Pool,https://www.booking.com/hotel/in/horizon-by-vista-rooms-kasauli.html
1684,Horizon,4,Villa,Kasauli,"Private Pool, Mountain View",MakeMyTrip,StayVista | Horizon Villa,https://www.makemytrip.com/hotels/hotel-details/?hotelId=202106041119012042&_uCurrency=INR&checkin=11252025&checkout=11262025&city=CTAGR&country=IN&funnelType=getaway&lat=27.16779&lng=78.04893&locusId=ZNDEL67F7E280&locusType=zone&rank=1&roomStayQualifier=2e0e&seekSummaryRequired=false&viewType=LUXE&mtkeys=defaultMtkey
5245,Zolas Retreat,2,Villa,Ooty,Private Pool,Agoda,StayVista at Zolas Retreat,https://www.agoda.com/en-in/zolas-retreat-by-vista-rooms/hotel/ooty-in.html
5245,Zolas Retreat,2,Villa,Ooty,Private Pool,Airbnb,2BR|Cozy Stay+Bonfir|StayVista| Zolas Retreat@Ooty,https://www.airbnb.co.in/rooms/49136700
5245,Zolas Retreat,2,Villa,Ooty,Private Pool,Booking.com,StayVista's Zolas Retreat - 2BHK Pet-Friendly Mountain-View Villa,https://www.booking.com/hotel/in/zolas-retreat-by-vista-rooms.html
5245,Zolas Retreat,2,Villa,Ooty,Private Pool,MakeMyTrip,StayVista | 2 BHK Zolas Retreat,https://www.makemytrip.com/hotels/hotel-details/?hotelId=202107301245369580&_uCurrency=INR&checkin=11252025&checkout=11262025&city=CTAGR&country=IN&funnelType=getaway&lat=27.16779&lng=78.04893&locusId=ZNDEL67F7E280&locusType=zone&rank=1&roomStayQualifier=2e0e&seekSummaryRequired=false&viewType=LUXE&mtkeys=defaultMtkey
1631,Mellow  Scenic view,3,Cottage,Mussoorie,"Mountain View, Bonfire, BBQ",Agoda,StayVista Mellow Cottage Scenic view,https://www.agoda.com/en-in/mellow-cottage-by-vista-rooms-h26841976/hotel/mussoorie-in.html
1631,Mellow  Scenic view,3,Cottage,Mussoorie,"Mountain View, Bonfire, BBQ",Airbnb,"3BR Mellow Cottage w/Views, Wifi & BBQ | Mussoorie",https://www.airbnb.co.in/rooms/49102808
1631,Mellow  Scenic view,3,Cottage,Mussoorie,"Mountain View, Bonfire, BBQ",Booking.com,StayVista's Mellow Cottage - 3BHK with Mountain View & Bonfire,https://www.booking.com/hotel/in/mellow-cottage-by-vista-rooms.html
1631,Mellow  Scenic view,3,Cottage,Mussoorie,"Mountain View, Bonfire, BBQ",MakeMyTrip,StayVista at Mellow Cottage,https://www.makemytrip.com/hotels/hotel-details/?hotelId=202104201931377082&_uCurrency=INR&checkin=11252025&checkout=11262025&city=CTAGR&country=IN&funnelType=getaway&lat=27.16779&lng=78.04893&locusId=ZNDEL67F7E280&locusType=zone&rank=1&roomStayQualifier=2e0e&seekSummaryRequired=false&viewType=LUXE&mtkeys=defaultMtkey
1638,The Haven,3,Villa,Kasauli,BBQ,Agoda,StayVista at The Haven,https://www.agoda.com/the-haven-by-vista-rooms/hotel/kasauli-in.html
1638,The Haven,3,Villa,Kasauli,BBQ,Airbnb,3BR|Hill Views |StayVista The Haven @ Kasauli Gem!,https://www.airbnb.co.in/rooms/48387363
1638,The Haven,3,Villa,Kasauli,BBQ,Booking.com,The Haven by StayVista - 3BHK Mountain-View Villa with BBQ,https://www.booking.com/hotel/in/the-haven-by-vista-rooms.html
1638,The Haven,3,Villa,Kasauli,BBQ,MakeMyTrip,StayVista | The Haven Villa,https://www.makemytrip.com/hotels/hotel-details/?hotelId=202106011046204703&_uCurrency=INR&checkin=11252025&checkout=11262025&city=CTAGR&country=IN&funnelType=getaway&lat=27.16779&lng=78.04893&locusId=ZNDEL67F7E280&locusType=zone&rank=1&roomStayQualifier=2e0e&seekSummaryRequired=false&viewType=LUXE&mtkeys=defaultMtkey
1641,Cobblestone,3,Villa,Nashik,Private Pool,Agoda,StayVista at Villa Cobblestone,https://www.agoda.com/en-in/stayvista-at-villa-cobblestone/hotel/nashik-in.html
1641,Cobblestone,3,Villa,Nashik,Private Pool,Airbnb,Luxury Pool | StayVista |Villa Cobblestone@Nashik,https://www.airbnb.co.in/rooms/1209352810454222254
1641,Cobblestone,3,Villa,Nashik,Private Pool,Booking.com,StayVista's Villa Cobblestone - 3BHK with Bar & Private Pool,https://www.booking.com/hotel/in/greystone-villa-by-vista-rooms.html
1641,Cobblestone,3,Villa,Nashik,Private Pool,MakeMyTrip,StayVista at Villa Cobblestone w/ Pool & Terrace,https://www.makemytrip.com/hotels/hotel-details/?hotelId=202605162144109138&_uCurrency=INR&checkin=11252025&checkout=11262025&city=CTAGR&country=IN&funnelType=getaway&lat=27.16779&lng=78.04893&locusId=ZNDEL67F7E280&locusType=zone&rank=1&roomStayQualifier=2e0e&seekSummaryRequired=false&viewType=LUXE&mtkeys=defaultMtkey
1643,Pine,6,Cottage,Shimla,"Mountain View, Jacuzzi",Agoda,StayVista at Pine Estate with Outdoor Jacuzzi,https://www.agoda.com/en-in/the-pine-cottage-estate-shimla-by-home-zoned/hotel/shimla-in.html
1643,Pine,6,Cottage,Shimla,"Mountain View, Jacuzzi",Airbnb,Pine Estate 6BR with Open Air Jacuzzi in Shimla,https://www.airbnb.co.in/rooms/658264331771078486
1643,Pine,6,Cottage,Shimla,"Mountain View, Jacuzzi",Booking.com,StayVista's Pine Estate - 6BHK with Mountain View & Jacuzzi,https://www.booking.com/hotel/in/luxurious-heritage-cottage-in-shimla-by-home-zoned.html
1643,Pine,6,Cottage,Shimla,"Mountain View, Jacuzzi",MakeMyTrip,StayVista at Pine Estate w/ Outdoor Jacuzzi,https://www.makemytrip.com/hotels/hotel-details/?hotelId=202103241916076387&_uCurrency=INR&checkin=11252025&checkout=11262025&city=CTAGR&country=IN&funnelType=getaway&lat=27.16779&lng=78.04893&locusId=ZNDEL67F7E280&locusType=zone&rank=1&roomStayQualifier=2e0e&seekSummaryRequired=false&viewType=LUXE&mtkeys=defaultMtkey
1653,IsleView,3,Villa,Goa,Plunge Pool,Agoda,Isle View by VEO - Part of StayVista,https://www.agoda.com/en-in/villa-mer-by-vista-rooms/hotel/goa-in.html
1653,IsleView,3,Villa,Goa,Plunge Pool,Airbnb,3BR| Lux Pool|SeaView|StayVista | IsleView@Dabolim,https://www.airbnb.co.in/rooms/671353598617147298
1653,IsleView,3,Villa,Goa,Plunge Pool,Booking.com,"Isle View - Dabolim by VEO, StayVista - 3BHK Villa with Heated Pool & Plunge Pool",https://www.booking.com/hotel/in/villa-mer-by-vista-rooms.html
1653,IsleView,3,Villa,Goa,Plunge Pool,MakeMyTrip,Isle View Villa by VEO - Part of StayVista,https://www.makemytrip.com/hotels/hotel-details/?hotelId=202109041618239142&_uCurrency=INR&checkin=11252025&checkout=11262025&city=CTAGR&country=IN&funnelType=getaway&lat=27.16779&lng=78.04893&locusId=ZNDEL67F7E280&locusType=zone&rank=1&roomStayQualifier=2e0e&seekSummaryRequired=false&viewType=LUXE&mtkeys=defaultMtkey
1652,Ananta,2,Villa,India,Private Pool,Agoda,StayVista at Ananta,https://www.agoda.com/en-in/ananta-by-vista-rooms-h26852556/hotel/bangalore-in.html
1652,Ananta,2,Villa,India,Private Pool,Airbnb,2BR | Lux Pool+Golf |StayVista Ananta| @Bangalore!,https://www.airbnb.co.in/rooms/48666716
1652,Ananta,2,Villa,India,Private Pool,Booking.com,StayVista's Ananta - 2BHK Villa with Private Pool & EV Station,https://www.booking.com/hotel/in/ananta-by-vista-rooms.html
1652,Ananta,2,Villa,India,Private Pool,MakeMyTrip,StayVista I Ananta 2 BHK Pool Villa,https://www.makemytrip.com/hotels/hotel-details/?hotelId=202104072002035137&_uCurrency=INR&checkin=11252025&checkout=11262025&city=CTAGR&country=IN&funnelType=getaway&lat=27.16779&lng=78.04893&locusId=ZNDEL67F7E280&locusType=zone&rank=1&roomStayQualifier=2e0e&seekSummaryRequired=false&viewType=LUXE&mtkeys=defaultMtkey
371,Crystal Homestay,4,Villa,Coorg,Gazebo,Agoda,Crystal Homestay by VEO - Part of StayVista,https://www.agoda.com/en-in/crystal-homestay-by-vista-rooms/hotel/coorg-in.html
371,Crystal Homestay,4,Villa,Coorg,Gazebo,Airbnb,Crystal Homestay 4BHK w/ Brkfst - Coffee trails,https://www.airbnb.co.in/rooms/7990371
371,Crystal Homestay,4,Villa,Coorg,Gazebo,Booking.com,"Crystal Homestay by VEO, StayVista - 4BHK Villa with Gazebo",https://www.booking.com/hotel/in/crystal-homestay-by-vista-rooms.html
371,Crystal Homestay,4,Villa,Coorg,Gazebo,MakeMyTrip,StayVista | Crystal Homestay,https://www.makemytrip.com/hotels/hotel-details/?hotelId=201508222032048065&_uCurrency=INR&checkin=11252025&checkout=11262025&city=CTAGR&country=IN&funnelType=getaway&lat=27.16779&lng=78.04893&locusId=ZNDEL67F7E280&locusType=zone&rank=1&roomStayQualifier=2e0e&seekSummaryRequired=false&viewType=LUXE&mtkeys=defaultMtkey
1745,Emerald Acres,7,Villa,Lonavala,Private Pool,Agoda,StayVista at Emerald Acres,https://www.agoda.com/en-in/emerald-acres-by-vista-rooms/hotel/lonavala-in.html
1745,Emerald Acres,7,Villa,Lonavala,Private Pool,Airbnb,7BHK Luxury Pool Villa | Emerald Acres Lonavala,https://www.airbnb.co.in/rooms/659821790786854702
1745,Emerald Acres,7,Villa,Lonavala,Private Pool,Booking.com,Emerald Acres by StayVista - 7BHK with Home Theatre & Private Pool,https://www.booking.com/hotel/in/emerald-acres-by-vista-rooms.html
1745,Emerald Acres,7,Villa,Lonavala,Private Pool,MakeMyTrip,StayVista | Emerald Acres Villa,https://www.makemytrip.com/hotels/hotel-details/?hotelId=202108141805551596&_uCurrency=INR&checkin=11252025&checkout=11262025&city=CTAGR&country=IN&funnelType=getaway&lat=27.16779&lng=78.04893&locusId=ZNDEL67F7E280&locusType=zone&rank=1&roomStayQualifier=2e0e&seekSummaryRequired=false&viewType=LUXE&mtkeys=defaultMtkey
1754,The Reflection,5,Villa,Alibaug,Private Pool,Agoda,StayVista at The Reflection House,https://www.agoda.com/shaw-villa-by-vista-rooms/hotel/pezari-in.html
1754,The Reflection,5,Villa,Alibaug,Private Pool,Airbnb,5BR|Games+Pool|StayVista| Reflection House@Alibaug,https://www.airbnb.co.in/rooms/651984547333712116
1754,The Reflection,5,Villa,Alibaug,Private Pool,Booking.com,The Reflection House by StayVista - 5BHK with Alfresco Dining & Private Pool,https://www.booking.com/hotel/in/shaw-villa-by-vista-rooms.html
1754,The Reflection,5,Villa,Alibaug,Private Pool,MakeMyTrip,StayVista | The Reflection House,https://www.makemytrip.com/hotels/hotel-details/?hotelId=202109011642062077&_uCurrency=INR&checkin=11252025&checkout=11262025&city=CTAGR&country=IN&funnelType=getaway&lat=27.16779&lng=78.04893&locusId=ZNDEL67F7E280&locusType=zone&rank=1&roomStayQualifier=2e0e&seekSummaryRequired=false&viewType=LUXE&mtkeys=defaultMtkey
1751,Status,4,Villa,Panchgani,Pool,Agoda,StayVista at Status Villa with Heated Pool,https://www.agoda.com/en-in/status-villa-by-vista-rooms/hotel/mahabaleshwar-in.html
1751,Status,4,Villa,Panchgani,Pool,Airbnb,4BR |Heated Pool|StayVista|Status Villa @Panchgani,https://www.airbnb.co.in/rooms/51719812
1751,Status,4,Villa,Panchgani,Pool,Booking.com,StayVista's Status Villa - 4BHK with Garden & Pet Friendly,https://www.booking.com/hotel/in/status-villa-by-vista-rooms.html
1751,Status,4,Villa,Panchgani,Pool,MakeMyTrip,StayVista at Status Villa With Heated Pool,https://www.makemytrip.com/hotels/hotel-details/?hotelId=202108241417582844&_uCurrency=INR&checkin=11252025&checkout=11262025&city=CTAGR&country=IN&funnelType=getaway&lat=27.16779&lng=78.04893&locusId=ZNDEL67F7E280&locusType=zone&rank=1&roomStayQualifier=2e0e&seekSummaryRequired=false&viewType=LUXE&mtkeys=defaultMtkey
1701,The Berg valley view,2,Villa,Ooty,"Valley View, BBQ",Agoda,StayVista at The Berg valley view,https://www.agoda.com/en-in/the-berg-by-vista-rooms-h27820371/hotel/ooty-in.html
1701,The Berg valley view,2,Villa,Ooty,"Valley View, BBQ",Airbnb,2BR| Scenic Stay+Brkfst |StayVista| The Berg @Ooty,https://www.airbnb.co.in/rooms/50405214
1701,The Berg valley view,2,Villa,Ooty,"Valley View, BBQ",Booking.com,The Berg by StayVista - 2BHK Mountain-View Villa with BBQ,https://www.booking.com/hotel/in/the-berg-by-vista-rooms.html
1701,The Berg valley view,2,Villa,Ooty,"Valley View, BBQ",MakeMyTrip,StayVista | The Berg 2 BHK Villa,https://www.makemytrip.com/hotels/hotel-details/?hotelId=202108261116308188&_uCurrency=INR&checkin=11252025&checkout=11262025&city=CTAGR&country=IN&funnelType=getaway&lat=27.16779&lng=78.04893&locusId=ZNDEL67F7E280&locusType=zone&rank=1&roomStayQualifier=2e0e&seekSummaryRequired=false&viewType=LUXE&mtkeys=defaultMtkey
1777,The Lama  by VEO,6,House,Manali,"Mountain View, Bonfire",Agoda,The Lama House by VEO - Part of StayVista,https://www.agoda.com/en-in/the-lama-house-by-vista-rooms-h28305006/hotel/manali-in.html
1777,The Lama  by VEO,6,House,Manali,"Mountain View, Bonfire",Airbnb,6BR Lama House | Near Mall Road with Bonfire,https://www.airbnb.co.in/rooms/52293151
1777,The Lama  by VEO,6,House,Manali,"Mountain View, Bonfire",Booking.com,"The Lama House by VEO, StayVista - 6BHK with Mountain View & Bathtub",https://www.booking.com/hotel/in/the-lama-house-by-vista-rooms.html
1777,The Lama  by VEO,6,House,Manali,"Mountain View, Bonfire",MakeMyTrip,The Lama House by VEO - Part of StayVista,https://www.makemytrip.com/hotels/hotel-details/?hotelId=202110271702211779&_uCurrency=INR&checkin=11252025&checkout=11262025&city=CTAGR&country=IN&funnelType=getaway&lat=27.16779&lng=78.04893&locusId=ZNDEL67F7E280&locusType=zone&rank=1&roomStayQualifier=2e0e&seekSummaryRequired=false&viewType=LUXE&mtkeys=defaultMtkey
1794,The Tavern at Canary Farms,4,Villa,Lonavala,Infinity Pool,Agoda,StayVista at The Tavern at Canary Farms,https://www.agoda.com/en-in/villa-123-at-canary-farms-by-vista-rooms/hotel/lonavala-in.html
1794,The Tavern at Canary Farms,4,Villa,Lonavala,Infinity Pool,Airbnb,StayVista at The Tavern At Canary Farms,https://www.airbnb.co.in/rooms/1738893279273275673
1794,The Tavern at Canary Farms,4,Villa,Lonavala,Infinity Pool,Booking.com,The Tavern at Canary Farms by StayVista - 4BHK Villa with Infinity Pool,https://www.booking.com/hotel/in/villa-123-at-canary-farms.html
1794,The Tavern at Canary Farms,4,Villa,Lonavala,Infinity Pool,MakeMyTrip,StayVista at The Tavern At Canary Farms,https://www.makemytrip.com/hotels/hotel-details/?hotelId=202110281350088844&_uCurrency=INR&checkin=11252025&checkout=11262025&city=CTAGR&country=IN&funnelType=getaway&lat=27.16779&lng=78.04893&locusId=ZNDEL67F7E280&locusType=zone&rank=1&roomStayQualifier=2e0e&seekSummaryRequired=false&viewType=LUXE&mtkeys=defaultMtkey
1798,Bharat,3,Villa,Karjat,"Lawn, Bonfire",Agoda,StayVista at Villa Bharat,https://www.agoda.com/en-in/villa-bharat-by-vista-rooms/hotel/mumbai-in.html
1798,Bharat,3,Villa,Karjat,"Lawn, Bonfire",Airbnb,3BR Beachside Lawn| StayVista Villa Bharat @Karjat,https://www.airbnb.co.in/rooms/1293923132159610946
1798,Bharat,3,Villa,Karjat,"Lawn, Bonfire",Booking.com,StayVista's Villa Bharat - Gorai - 3BHK with Beach View & Bonfire,https://www.booking.com/hotel/in/villa-bharat-by-vista-rooms.html
1798,Bharat,3,Villa,Karjat,"Lawn, Bonfire",MakeMyTrip,StayVista at Villa Bharat - 3BR w/ Lawn and Views,https://www.makemytrip.com/hotels/hotel-details/?hotelId=202110191109107459&_uCurrency=INR&checkin=11252025&checkout=11262025&city=CTAGR&country=IN&funnelType=getaway&lat=27.16779&lng=78.04893&locusId=ZNDEL67F7E280&locusType=zone&rank=1&roomStayQualifier=2e0e&seekSummaryRequired=false&viewType=LUXE&mtkeys=defaultMtkey
1807,Eva,3,Villa,India,"Pool, Lake View",Agoda,StayVista's Eva Villa - Lakeside Luxury,https://www.agoda.com/en-in/eva-villa-by-vista-rooms-h28300835/hotel/nasik-in.html
1807,Eva,3,Villa,India,"Pool, Lake View",Airbnb,StayVista at Eva Villa | 3BR Pool by the Lake,https://www.airbnb.co.in/rooms/52660418
1807,Eva,3,Villa,India,"Pool, Lake View",Booking.com,StayVista's Eva villa - 3BHK with Lake View & Bar,https://www.booking.com/hotel/in/eva-villa-by-vista-rooms.html
1807,Eva,3,Villa,India,"Pool, Lake View",MakeMyTrip,StayVista | Eva 3 BHK Pool Villa,https://www.makemytrip.com/hotels/hotel-details/?hotelId=202111081457424029&_uCurrency=INR&checkin=11252025&checkout=11262025&city=CTAGR&country=IN&funnelType=getaway&lat=27.16779&lng=78.04893&locusId=ZNDEL67F7E280&locusType=zone&rank=1&roomStayQualifier=2e0e&seekSummaryRequired=false&viewType=LUXE&mtkeys=defaultMtkey
1766,Corfu and Crete,6,Villa,Karjat,Private Pool,Agoda,Corfu & Crete by StayVista - Mountain-view villa,https://www.agoda.com/en-in/opal-and-jade-by-vista-rooms-h28306851/hotel/karjat-in.html
1766,Corfu and Crete,6,Villa,Karjat,Private Pool,Airbnb,6BR Pool Retreat |StayVista |Corfu & Crete @Karjat,https://www.airbnb.co.in/rooms/52679006
1766,Corfu and Crete,6,Villa,Karjat,Private Pool,Booking.com,"Corfu and Crete by VEO, StayVista - 6BHK Pet-Friendly Villa with Private Pool",https://www.booking.com/hotel/in/opal-and-jade-by-vista-rooms.html
1766,Corfu and Crete,6,Villa,Karjat,Private Pool,MakeMyTrip,StayVista at Corfu and Crete,https://www.makemytrip.com/hotels/hotel-details/?hotelId=202302161140265894&_uCurrency=INR&checkin=11252025&checkout=11262025&city=CTAGR&country=IN&funnelType=getaway&lat=27.16779&lng=78.04893&locusId=ZNDEL67F7E280&locusType=zone&rank=1&roomStayQualifier=2e0e&seekSummaryRequired=false&viewType=LUXE&mtkeys=defaultMtkey
5244,Casa Pinnacle,2,Villa,Ooty,Private Pool,Agoda,StayVista at Casa Pinnacle - Pet Friendly Home,https://www.agoda.com/en-in/casa-pinnacle-by-vista-rooms/hotel/ooty-in.html
5244,Casa Pinnacle,2,Villa,Ooty,Private Pool,Airbnb,2BR |Nature Escape|StayVista| Casa Pinnacle @Ooty,https://www.airbnb.co.in/rooms/1249045099533746496
5244,Casa Pinnacle,2,Villa,Ooty,Private Pool,Booking.com,StayVista's Casa Pinnacle - 2BHK Pet-Friendly Mountain-View Villa,https://www.booking.com/hotel/in/hidden-heaven-by-vista-rooms.html
5244,Casa Pinnacle,2,Villa,Ooty,Private Pool,MakeMyTrip,StayVista | 2 BHK Casa Pinnacle,https://www.makemytrip.com/hotels/hotel-details/?hotelId=202110260411488554&_uCurrency=INR&checkin=11252025&checkout=11262025&city=CTAGR&country=IN&funnelType=getaway&lat=27.16779&lng=78.04893&locusId=ZNDEL67F7E280&locusType=zone&rank=1&roomStayQualifier=2e0e&seekSummaryRequired=false&viewType=LUXE&mtkeys=defaultMtkey
1846,Brookvale,4,Villa,Lonavala,"Private Pool, Gazebo",Agoda,StayVista's Brookvale Cottage - Dive into tranquility with pool view and gazebo,https://www.agoda.com/en-in/brookvale-cottage-by-vista-rooms/hotel/lonavala-in.html
1846,Brookvale,4,Villa,Lonavala,"Private Pool, Gazebo",Airbnb,StayVista at Brookvale Cottage w/ Gazebo & Pool,https://www.airbnb.co.in/rooms/1739855007044448754
1846,Brookvale,4,Villa,Lonavala,"Private Pool, Gazebo",Booking.com,"Brookvale Cottage by VEO, StayVista - 4BHK with Private Pool & Gazebo",https://www.booking.com/hotel/in/brookvale-cottage-by-vista-rooms.html
1846,Brookvale,4,Villa,Lonavala,"Private Pool, Gazebo",MakeMyTrip,StayVista | Brookvale Cottage 4 BHK Villa,https://www.makemytrip.com/hotels/hotel-details/?hotelId=202201180925498291&_uCurrency=INR&checkin=11252025&checkout=11262025&city=CTAGR&country=IN&funnelType=getaway&lat=27.16779&lng=78.04893&locusId=ZNDEL67F7E280&locusType=zone&rank=1&roomStayQualifier=2e0e&seekSummaryRequired=false&viewType=LUXE&mtkeys=defaultMtkey
1855,Bliss In The Woods by VEO,4,Villa,India,Private Pool,Agoda,Bliss In The Woods by VEO - Part of StayVista,https://www.agoda.com/en-in/bliss-in-the-woods-by-vista-rooms-h29493332/hotel/new-delhi-and-ncr-in.html
1855,Bliss In The Woods by VEO,4,Villa,India,Private Pool,Airbnb,4BR|Luxe Pool|StayVista| Bliss in the Woods@Tehtar,https://www.airbnb.co.in/rooms/663429428664901285
1855,Bliss In The Woods by VEO,4,Villa,India,Private Pool,Booking.com,Bliss In The Woods by StayVista - 4BHK Pet-Friendly Villa with Private Pool,https://www.booking.com/hotel/in/bliss-in-the-woods-by-vista-rooms.html
1855,Bliss In The Woods by VEO,4,Villa,India,Private Pool,MakeMyTrip,Bliss In The Woods by VEO - Part of StayVista,https://www.makemytrip.com/hotels/hotel-details/?hotelId=202201101646126873&_uCurrency=INR&checkin=11252025&checkout=11262025&city=CTAGR&country=IN&funnelType=getaway&lat=27.16779&lng=78.04893&locusId=ZNDEL67F7E280&locusType=zone&rank=1&roomStayQualifier=2e0e&seekSummaryRequired=false&viewType=LUXE&mtkeys=defaultMtkey
1872,Le Bon Horizon,4,Villa,Nashik,Private Pool,Agoda,StayVista's Le Bon Horizon - Hillside Elegance,https://www.agoda.com/en-in/leisurely-abode-by-vista-rooms/hotel/nashik-in.html
1872,Le Bon Horizon,4,Villa,Nashik,Private Pool,Airbnb,4BR|Scenic Pool @ StayVista| Le Bon Horizon|Nashik,https://www.airbnb.co.in/rooms/1218573010134942616
1872,Le Bon Horizon,4,Villa,Nashik,Private Pool,Booking.com,StayVista's Le Bon Horizon - 4BHK Mountain-View Villa with Private Pool,https://www.booking.com/hotel/in/leisurely-abode-by-vista-rooms.html
1872,Le Bon Horizon,4,Villa,Nashik,Private Pool,MakeMyTrip,StayVista | Le Bon Horizon 4 BHK Villa,https://www.makemytrip.com/hotels/hotel-details/?hotelId=202201031132191882&_uCurrency=INR&checkin=11252025&checkout=11262025&city=CTAGR&country=IN&funnelType=getaway&lat=27.16779&lng=78.04893&locusId=ZNDEL67F7E280&locusType=zone&rank=1&roomStayQualifier=2e0e&seekSummaryRequired=false&viewType=LUXE&mtkeys=defaultMtkey
1891,Nivriti,4,Villa,Kasauli,Pool,Agoda,StayVista at Nivriti w/ Heated Outdoor Pool,https://www.agoda.com/en-in/nivriti-by-vista-rooms/hotel/kasauli-in.html
1891,Nivriti,4,Villa,Kasauli,Pool,Airbnb,4BR Nivriti Luxury Villa W/Heated Pool - Kasauli,https://www.airbnb.co.in/rooms/53869162
1891,Nivriti,4,Villa,Kasauli,Pool,Booking.com,StayVista's Nivriti - 4BHK Villa with Heated Pool & Pet Friendly,https://www.booking.com/hotel/in/nivriti-by-vista-rooms.html
1891,Nivriti,4,Villa,Kasauli,Pool,MakeMyTrip,StayVista at Nivriti - Heated Outdoor Pool,https://www.makemytrip.com/hotels/hotel-details/?hotelId=202201291051504553&_uCurrency=INR&checkin=11252025&checkout=11262025&city=CTAGR&country=IN&funnelType=getaway&lat=27.16779&lng=78.04893&locusId=ZNDEL67F7E280&locusType=zone&rank=1&roomStayQualifier=2e0e&seekSummaryRequired=false&viewType=LUXE&mtkeys=defaultMtkey
1884,Starry Deck by VEO,3,Villa,India,Pool,Agoda,Starry Deck by VEO - Part of StayVista,https://www.agoda.com/en-in/unnamed-property/hotel/chennai-in.html
1884,Starry Deck by VEO,3,Villa,India,Pool,Airbnb,3BHK| Pool+Beach |StayVista @Starry Deck |Chennai,https://www.airbnb.co.in/rooms/54024702
1884,Starry Deck by VEO,3,Villa,India,Pool,Booking.com,"Starry Deck by VEO, StayVista - 3BHK Villa with Shared Pool & Terrace",https://www.booking.com/hotel/in/starry-deck-by-vista-rooms.html
1884,Starry Deck by VEO,3,Villa,India,Pool,MakeMyTrip,Starry Deck by VEO - Part of StayVista,https://www.makemytrip.com/hotels/hotel-details/?hotelId=202201130932039416&_uCurrency=INR&checkin=11252025&checkout=11262025&city=CTAGR&country=IN&funnelType=getaway&lat=27.16779&lng=78.04893&locusId=ZNDEL67F7E280&locusType=zone&rank=1&roomStayQualifier=2e0e&seekSummaryRequired=false&viewType=LUXE&mtkeys=defaultMtkey
1903,Tinted Skies by VEO,3,Villa,Wada,"Pool, Jacuzzi",Agoda,Tinted Skies by VEO - Part of StayVista,https://www.agoda.com/en-in/tinted-skies-by-vista-rooms/hotel/vikramgad-in.html
1903,Tinted Skies by VEO,3,Villa,Wada,"Pool, Jacuzzi",Airbnb,3BR|Pool+Jacuzzi|StayVista| Tinted Skies @Wada,https://www.airbnb.co.in/rooms/54044091
1903,Tinted Skies by VEO,3,Villa,Wada,"Pool, Jacuzzi",Booking.com,"Tinted Skies - Wada by VEO, StayVista - 3BHK Mountain-View Villa with Jacuzzi",https://www.booking.com/hotel/in/tinted-skies-by-vista-rooms.html
1903,Tinted Skies by VEO,3,Villa,Wada,"Pool, Jacuzzi",MakeMyTrip,Tinted Skies by VEO - Part of StayVista,https://www.makemytrip.com/hotels/hotel-details/?hotelId=202201181216274404&_uCurrency=INR&checkin=11252025&checkout=11262025&city=CTAGR&country=IN&funnelType=getaway&lat=27.16779&lng=78.04893&locusId=ZNDEL67F7E280&locusType=zone&rank=1&roomStayQualifier=2e0e&seekSummaryRequired=false&viewType=LUXE&mtkeys=defaultMtkey
1951,Our Beloved Summer,6,Villa,Alibaug,"Private Pool, Lawn",Agoda,StayVista at Our Beloved Summer,https://www.agoda.com/en-in/stayvista-at-our-beloved-summer/hotel/alibaug-in.html
1951,Our Beloved Summer,6,Villa,Alibaug,"Private Pool, Lawn",Airbnb,"Our Beloved Summer -W/Pool, Badminton court & Lawn",https://www.airbnb.co.in/rooms/579356334345106387
1951,Our Beloved Summer,6,Villa,Alibaug,"Private Pool, Lawn",Booking.com,StayVista's Our Beloved Summer - 6BHK Pet-Friendly Villa with Private Pool,https://www.booking.com/hotel/in/stayvista-at-our-beloved-summer.html
1951,Our Beloved Summer,6,Villa,Alibaug,"Private Pool, Lawn",MakeMyTrip,StayVista at Our Beloved Summer,https://www.makemytrip.com/hotels/hotel-details/?hotelId=202202221602108439&_uCurrency=INR&checkin=11252025&checkout=11262025&city=CTAGR&country=IN&funnelType=getaway&lat=27.16779&lng=78.04893&locusId=ZNDEL67F7E280&locusType=zone&rank=1&roomStayQualifier=2e0e&seekSummaryRequired=false&viewType=LUXE&mtkeys=defaultMtkey
1875,The Blue Horizon,5,Villa,Alibaug,Infinity Pool,Agoda,StayVista at The Blue Horizon,https://www.agoda.com/en-in/the-blue-horizon-by-stayvista-featuring-a-beach-view-villa-with-a-swimming-pool-indoor-games-and/hotel/alibaug-in.html
1875,The Blue Horizon,5,Villa,Alibaug,Infinity Pool,Airbnb,StayVista @ Blue Horizon – 5BHK Mandwa Beach,https://www.airbnb.co.in/rooms/620006140031008873
1875,The Blue Horizon,5,Villa,Alibaug,Infinity Pool,Booking.com,The Blue Horizon by StayVista - 5BHK Beach-View Villa with Infinity Pool,https://www.booking.com/hotel/in/stayvista-at-the-blue-horizon.html
1875,The Blue Horizon,5,Villa,Alibaug,Infinity Pool,MakeMyTrip,StayVista at The Blue Horizon,https://www.makemytrip.com/hotels/hotel-details/?hotelId=202202211747292960&_uCurrency=INR&checkin=11252025&checkout=11262025&city=CTAGR&country=IN&funnelType=getaway&lat=27.16779&lng=78.04893&locusId=ZNDEL67F7E280&locusType=zone&rank=1&roomStayQualifier=2e0e&seekSummaryRequired=false&viewType=LUXE&mtkeys=defaultMtkey
1998,Nau Nabh  by VEO,8,Cottage,Shimla,"Lawn, Bonfire",Agoda,Nau Nabh Cottage by VEO - Part of StayVista,https://www.agoda.com/en-in/nau-nabh-cottage-by-veo-part-of-stayvista-h30875531/hotel/shimla-in.html
1998,Nau Nabh  by VEO,8,Cottage,Shimla,"Lawn, Bonfire",Airbnb,8BR|Heritage Stay|StayVista| Nau Nabh Lodge@Shimla,https://www.airbnb.co.in/rooms/1511394040662535149
1998,Nau Nabh  by VEO,8,Cottage,Shimla,"Lawn, Bonfire",Booking.com,"Nau Nabh Cottage by VEO, StayVista - 8BHK with Bonfire & Lawn",https://www.booking.com/hotel/in/stayvista-at-nau-nabh-cottage.html
1998,Nau Nabh  by VEO,8,Cottage,Shimla,"Lawn, Bonfire",MakeMyTrip,Nau Nabh Cottage by VEO - Part of StayVista,https://www.makemytrip.com/hotels/hotel-details/?hotelId=202203081231337439&_uCurrency=INR&checkin=11252025&checkout=11262025&city=CTAGR&country=IN&funnelType=getaway&lat=27.16779&lng=78.04893&locusId=ZNDEL67F7E280&locusType=zone&rank=1&roomStayQualifier=2e0e&seekSummaryRequired=false&viewType=LUXE&mtkeys=defaultMtkey
1983,Below The Hill,4,Villa,India,Pool,Agoda,StayVista's House Below The Hill,https://www.agoda.com/en-in/stayvista-s-house-below-the-hill-a-stylish-mountain-view-villa-with-pool-and-games-room/hotel/zirad-in.html
1983,Below The Hill,4,Villa,India,Pool,Airbnb,StayVista at House Below The Hill - Pool+Games,https://www.airbnb.co.in/rooms/1730953306622266589
1983,Below The Hill,4,Villa,India,Pool,Booking.com,StayVista's House Below The Hill - 4BHK with Pet Friendly & Pool Table,https://www.booking.com/hotel/in/stayvista-at-house-below-the-hill.html
1983,Below The Hill,4,Villa,India,Pool,MakeMyTrip,StayVista | 4 BHK House Below The Hill,https://www.makemytrip.com/hotels/hotel-details/?hotelId=202203231632203168&_uCurrency=INR&checkin=11252025&checkout=11262025&city=CTAGR&country=IN&funnelType=getaway&lat=27.16779&lng=78.04893&locusId=ZNDEL67F7E280&locusType=zone&rank=1&roomStayQualifier=2e0e&seekSummaryRequired=false&viewType=LUXE&mtkeys=defaultMtkey
5777,Wander Beyond,3,Villa,Alibaug,Pool,Agoda,StayVista at Wander Beyond,https://www.agoda.com/stayvista-at-wander-beyond/hotel/alibaug-in.html
5777,Wander Beyond,3,Villa,Alibaug,Pool,Airbnb,3BR|Luxury Pool|StayVista| Wander Beyond @Alibaug,https://www.airbnb.co.in/rooms/653289068187970821
5777,Wander Beyond,3,Villa,Alibaug,Pool,Booking.com,StayVista's Wander Beyond - 3BHK Villa with Bar & Alfresco Dining,https://www.booking.com/hotel/in/stayvista-at-wander-beyond.html
5777,Wander Beyond,3,Villa,Alibaug,Pool,MakeMyTrip,StayVista | Wander Beyond 3 BHK Villa,https://www.makemytrip.com/hotels/hotel-details/?hotelId=202204181231338070&_uCurrency=INR&checkin=11252025&checkout=11262025&city=CTAGR&country=IN&funnelType=getaway&lat=27.16779&lng=78.04893&locusId=ZNDEL67F7E280&locusType=zone&rank=1&roomStayQualifier=2e0e&seekSummaryRequired=false&viewType=LUXE&mtkeys=defaultMtkey
1969,Mawi Infinitty,3,Villa,Goa,Private Pool,Agoda,StayVista at Mawi Infinitty - The Beach Villa,https://www.agoda.com/en-in/stayvista-at-mawi-infinitty-villa/hotel/goa-in.html
1969,Mawi Infinitty,3,Villa,Goa,Private Pool,Airbnb,3BR|Beach Escape|StayVista| Mawi Infinity @Arambol,https://www.airbnb.co.in/rooms/672062761730535121
1969,Mawi Infinitty,3,Villa,Goa,Private Pool,Booking.com,"Mawi Infinitty - The Beach Villa by VEO, StayVista - 3BHK with Beach View",https://www.booking.com/hotel/in/stayvista-at-mawi-infinitty-villa-arambol.html
1969,Mawi Infinitty,3,Villa,Goa,Private Pool,MakeMyTrip,StayVista at Mawi Infinitty - The Beach Villa,https://www.makemytrip.com/hotels/hotel-details/?hotelId=202205261147018128&_uCurrency=INR&checkin=11252025&checkout=11262025&city=CTAGR&country=IN&funnelType=getaway&lat=27.16779&lng=78.04893&locusId=ZNDEL67F7E280&locusType=zone&rank=1&roomStayQualifier=2e0e&seekSummaryRequired=false&viewType=LUXE&mtkeys=defaultMtkey
2005,Viva La Vida,3,Villa,Nainital,"Jacuzzi, Lawn, Bonfire, BBQ",Agoda,StayVista at Viva La Vida,https://www.agoda.com/en-in/stayvista-at-viva-la-vida/hotel/nainital-in.html
2005,Viva La Vida,3,Villa,Nainital,"Jacuzzi, Lawn, Bonfire, BBQ",Airbnb,"Bhimtal | 3BR @ Viva La Vida w/Lawn, Bonfire & BBQ",https://www.airbnb.co.in/rooms/654169661422731737
2005,Viva La Vida,3,Villa,Nainital,"Jacuzzi, Lawn, Bonfire, BBQ",Booking.com,"Viva La Vida by VEO, StayVista - 3BHK Villa Near Bhimtal Lake with Jacuzzi",https://www.booking.com/hotel/in/stayvista-at-viva-la-vida.html
2005,Viva La Vida,3,Villa,Nainital,"Jacuzzi, Lawn, Bonfire, BBQ",MakeMyTrip,StayVista at Viva La Vida w/ Bonfire,https://www.makemytrip.com/hotels/hotel-details/?hotelId=202505160856259606&_uCurrency=INR&checkin=11252025&checkout=11262025&city=CTAGR&country=IN&funnelType=getaway&lat=27.16779&lng=78.04893&locusId=ZNDEL67F7E280&locusType=zone&rank=1&roomStayQualifier=2e0e&seekSummaryRequired=false&viewType=LUXE&mtkeys=defaultMtkey
2035,Serene,7,Villa,India,Bonfire,Agoda,StayVista at Serene - 7BR w/ Outdoor Bonfire,https://www.agoda.com/en-in/stayvista-at-7-rooms-serene/hotel/dagshai-in.html
2035,Serene,7,Villa,India,Bonfire,Airbnb,7BR Pvt Serene Villa Luxury Retreat with Game Den,https://www.airbnb.co.in/rooms/1353467848616991388
2035,Serene,7,Villa,India,Bonfire,Booking.com,StayVista's Serene - 6BHK Mountain-View Villa with Terrace,https://www.booking.com/hotel/in/serene-by-sunkissed-villa.html
2035,Serene,7,Villa,India,Bonfire,MakeMyTrip,StayVista at 7 Rooms @ Serene W/ Outdoor Bonfire,https://www.makemytrip.com/hotels/hotel-details/?hotelId=202502060840425795&_uCurrency=INR&checkin=11252025&checkout=11262025&city=CTAGR&country=IN&funnelType=getaway&lat=27.16779&lng=78.04893&locusId=ZNDEL67F7E280&locusType=zone&rank=1&roomStayQualifier=2e0e&seekSummaryRequired=false&viewType=LUXE&mtkeys=defaultMtkey
2001,Mawi Summers,4,Villa,Goa,Private Pool,Agoda,StayVista at Mawi Summers,https://www.agoda.com/en-in/stayvista-at-mawi-summers/hotel/goa-in.html
2001,Mawi Summers,4,Villa,Goa,Private Pool,Airbnb,4BHK +WiFi+Balcony-Mawi Summers @Arambol Beach,https://www.airbnb.co.in/rooms/672083766497580420
2001,Mawi Summers,4,Villa,Goa,Private Pool,Booking.com,"Mawi Summers - Arambol by VEO, StayVista - 4BHK Villa",https://www.booking.com/hotel/in/stayvista-at-mawi-summers.html
2001,Mawi Summers,4,Villa,Goa,Private Pool,MakeMyTrip,StayVista at Mawi Summers,https://www.makemytrip.com/hotels/hotel-details/?hotelId=202205261202041729&_uCurrency=INR&checkin=11252025&checkout=11262025&city=CTAGR&country=IN&funnelType=getaway&lat=27.16779&lng=78.04893&locusId=ZNDEL67F7E280&locusType=zone&rank=1&roomStayQualifier=2e0e&seekSummaryRequired=false&viewType=LUXE&mtkeys=defaultMtkey
2017,Coffee & Mist,5,Villa,Coorg,"Pool, Gazebo",Agoda,StayVista at Coffee & Mist,https://www.agoda.com/en-in/coffee-mist-luxury-villa-comp-breakfast-pool-lounge-and-coffee-estate-by-stayvista/hotel/halligattu-in.html
2017,Coffee & Mist,5,Villa,Coorg,"Pool, Gazebo",Airbnb,5BR|Luxury Pool|StayVista| Coffee & Mist Coorg,https://www.airbnb.co.in/rooms/579952293643568952
2017,Coffee & Mist,5,Villa,Coorg,"Pool, Gazebo",Booking.com,StayVista's Coffee & Mist - 5BHK Villa with Home Theatre & Gazebo,https://www.booking.com/hotel/in/stayvista-at-coffee-amp-mist.html
2017,Coffee & Mist,5,Villa,Coorg,"Pool, Gazebo",MakeMyTrip,StayVista at Coffee & Mist,https://www.makemytrip.com/hotels/hotel-details/?hotelId=202205131146349573&_uCurrency=INR&checkin=11252025&checkout=11262025&city=CTAGR&country=IN&funnelType=getaway&lat=27.16779&lng=78.04893&locusId=ZNDEL67F7E280&locusType=zone&rank=1&roomStayQualifier=2e0e&seekSummaryRequired=false&viewType=LUXE&mtkeys=defaultMtkey
1965,Arya Treetops And Tea Trails,5,Villa,India,"Lawn, Gazebo",Agoda,StayVista at Arya Treetops And Tea Trails,https://www.agoda.com/en-in/stayvista-treetops-tea-trails/hotel/darjeeling-in.html
1965,Arya Treetops And Tea Trails,5,Villa,India,"Lawn, Gazebo",Airbnb,5BR|View+Lawn@StayVista Tree Tops & Tea|Darjeeling,https://www.airbnb.co.in/rooms/921029109089655035
1965,Arya Treetops And Tea Trails,5,Villa,India,"Lawn, Gazebo",Booking.com,"Arya Treetops and Tea Trails by VEO, StayVista - 5BHK Mountain-View Villa with Gazebo",https://www.booking.com/hotel/in/stayvista-treetops-amp-tea-trails.html
1965,Arya Treetops And Tea Trails,5,Villa,India,"Lawn, Gazebo",MakeMyTrip,Arya Treetops And Tea Trails by VEO - Part of StayVista,https://www.makemytrip.com/hotels/hotel-details/?hotelId=202203110950502745&_uCurrency=INR&checkin=11252025&checkout=11262025&city=CTAGR&country=IN&funnelType=getaway&lat=27.16779&lng=78.04893&locusId=ZNDEL67F7E280&locusType=zone&rank=1&roomStayQualifier=2e0e&seekSummaryRequired=false&viewType=LUXE&mtkeys=defaultMtkey
1833,Aqua and Sage,4,Villa,India,Pool,Agoda,StayVista at Aqua and Sage,https://www.agoda.com/en-gb/stayvista-at-aqua-and-sage/hotel/mumbai-in.html
1833,Aqua and Sage,4,Villa,India,Pool,Airbnb,StayVista at Aqua & Sage | 4BR Pool Villa,https://www.airbnb.co.in/rooms/1374314992225440550
1833,Aqua and Sage,4,Villa,India,Pool,Booking.com,"Aqua and Sage by VEO, StayVista - 4BHK River-View Villa with Viewing Deck",https://www.booking.com/hotel/in/stayvista-at-aqua-and-sage.html
1833,Aqua and Sage,4,Villa,India,Pool,MakeMyTrip,StayVista at Aqua and Sage,https://www.makemytrip.com/hotels/hotel-details/?hotelId=202203231002188418&_uCurrency=INR&checkin=11252025&checkout=11262025&city=CTAGR&country=IN&funnelType=getaway&lat=27.16779&lng=78.04893&locusId=ZNDEL67F7E280&locusType=zone&rank=1&roomStayQualifier=2e0e&seekSummaryRequired=false&viewType=LUXE&mtkeys=defaultMtkey
2021,Birdsong,4,Villa,Alibaug,"Private Pool, Gazebo",Agoda,StayVista at Birdsong,https://www.agoda.com/stayvista-at-birdsong/hotel/alibaug-in.html
2021,Birdsong,4,Villa,Alibaug,"Private Pool, Gazebo",Airbnb,StayVista`s Birdsong - 4bhk Villa with Pool,https://www.airbnb.co.in/rooms/653349512701309143
2021,Birdsong,4,Villa,Alibaug,"Private Pool, Gazebo",Booking.com,StayVista's Birdsong - 4BHK Villa with Private Pool & Gazebo,https://www.booking.com/hotel/in/stayvista-at-birdsong.html
2021,Birdsong,4,Villa,Alibaug,"Private Pool, Gazebo",MakeMyTrip,StayVista at Birdsong,https://www.makemytrip.com/hotels/hotel-details/?hotelId=202204221517492632&_uCurrency=INR&checkin=11252025&checkout=11262025&city=CTAGR&country=IN&funnelType=getaway&lat=27.16779&lng=78.04893&locusId=ZNDEL67F7E280&locusType=zone&rank=1&roomStayQualifier=2e0e&seekSummaryRequired=false&viewType=LUXE&mtkeys=defaultMtkey
2045,Vine and Splash,9,Villa,Karjat,"Infinity Pool, River View",Agoda,StayVista at Vine & Splash,https://www.agoda.com/en-in/stayvista-s-vine-splash-riverside-villa-with-an-infinity-pool-and-terrace/hotel/karjat-in.html
2045,Vine and Splash,9,Villa,Karjat,"Infinity Pool, River View",Airbnb,9BR|Infinity Pool|StayVista| Vine & Splash@Lonvala,https://www.airbnb.co.in/rooms/1378779314125423272
2045,Vine and Splash,9,Villa,Karjat,"Infinity Pool, River View",Booking.com,StayVista's Vine & Splash - 9BHK River-View Villa with Infinity Pool,https://www.booking.com/hotel/in/stayvista-at-vine-amp-splash.html
2045,Vine and Splash,9,Villa,Karjat,"Infinity Pool, River View",MakeMyTrip,StayVista at Vine and Splash,https://www.makemytrip.com/hotels/hotel-details/?hotelId=202204301125304374&_uCurrency=INR&checkin=11252025&checkout=11262025&city=CTAGR&country=IN&funnelType=getaway&lat=27.16779&lng=78.04893&locusId=ZNDEL67F7E280&locusType=zone&rank=1&roomStayQualifier=2e0e&seekSummaryRequired=false&viewType=LUXE&mtkeys=defaultMtkey
2033,Floradale,5,Villa,Kasauli,Jacuzzi,Agoda,StayVista at Floradale W/Jacuzzi & Wood-Fire Pizza,https://www.agoda.com/stayvista-at-floradale/hotel/kasauli-in.html
2033,Floradale,5,Villa,Kasauli,Jacuzzi,Airbnb,5BR Classy Floradable Villa W/Jacuzzi @Kasauli,https://www.airbnb.co.in/rooms/603897537216729521
2033,Floradale,5,Villa,Kasauli,Jacuzzi,Booking.com,StayVista's Floradale - 5BHK Pet-Friendly Villa with Jacuzzi,https://www.booking.com/hotel/in/stayvista-at-floradale.html
2033,Floradale,5,Villa,Kasauli,Jacuzzi,MakeMyTrip,StayVista at Floradale W/ Jacuzzi & Wood-Fire Pizza,https://www.makemytrip.com/hotels/hotel-details/?hotelId=202204221002038093&_uCurrency=INR&checkin=11252025&checkout=11262025&city=CTAGR&country=IN&funnelType=getaway&lat=27.16779&lng=78.04893&locusId=ZNDEL67F7E280&locusType=zone&rank=1&roomStayQualifier=2e0e&seekSummaryRequired=false&viewType=LUXE&mtkeys=defaultMtkey
2050,Casa Saipem,4,Villa,Goa,"Private Pool, River View, Lawn",Agoda,StayVista at Casa Saipem,https://www.agoda.com/en-in/stayvista-at-casa-saipem/hotel/goa-in.html
2050,Casa Saipem,4,Villa,Goa,"Private Pool, River View, Lawn",Airbnb,4BR+Casa Saipem+W/Pvt Pool+Riverview@Candolim,https://www.airbnb.co.in/rooms/672125792301572838
2050,Casa Saipem,4,Villa,Goa,"Private Pool, River View, Lawn",Booking.com,StayVista's Casa Saipem - Candolim - 4BHK River-View Villa with Private Pool & Lawn,https://www.booking.com/hotel/in/stayvista-at-casa-saipem.html
2050,Casa Saipem,4,Villa,Goa,"Private Pool, River View, Lawn",MakeMyTrip,StayVista | Casa Saipem Entire 4 BHK Villa,https://www.makemytrip.com/hotels/hotel-details/?hotelId=202205051146373719&_uCurrency=INR&checkin=11252025&checkout=11262025&city=CTAGR&country=IN&funnelType=getaway&lat=27.16779&lng=78.04893&locusId=ZNDEL67F7E280&locusType=zone&rank=1&roomStayQualifier=2e0e&seekSummaryRequired=false&viewType=LUXE&mtkeys=defaultMtkey
2077,Grey Mosaics,5,Villa,India,"Private Pool, Lawn",Agoda,StayVista at Grey Mosaics,https://www.agoda.com/stayvista-at-grey-mosaics/hotel/mumbai-in.html
2077,Grey Mosaics,5,Villa,India,"Private Pool, Lawn",Airbnb,"StayVista at Grey Mosaics w/ Bar, Lawn & Pvt. Pool",https://www.airbnb.co.in/rooms/1563670418566249927
2077,Grey Mosaics,5,Villa,India,"Private Pool, Lawn",Booking.com,StayVista's Grey Mosaics - Vasai - 5BHK Villa with Pool Table & Private Pool,https://www.booking.com/hotel/in/stayvista-at-grey-mosaics.html
2077,Grey Mosaics,5,Villa,India,"Private Pool, Lawn",MakeMyTrip,StayVista at Grey Mosaics,https://www.makemytrip.com/hotels/hotel-details/?hotelId=202208231333071221&_uCurrency=INR&checkin=11252025&checkout=11262025&city=CTAGR&country=IN&funnelType=getaway&lat=27.16779&lng=78.04893&locusId=ZNDEL67F7E280&locusType=zone&rank=1&roomStayQualifier=2e0e&seekSummaryRequired=false&viewType=LUXE&mtkeys=defaultMtkey
2072,Ozone Greens by VEO,5,Villa,India,BBQ,Agoda,Ozone Greens by VEO - Part of StayVista,https://www.agoda.com/en-in/stayvista-at-ozone-greens-h32182971/hotel/vagamon-in.html
2072,Ozone Greens by VEO,5,Villa,India,BBQ,Airbnb,5BR|BBQ Retreat+Bar|StayVista| Ozone Greens@Kerala,https://www.airbnb.co.in/rooms/675107748413738108
2072,Ozone Greens by VEO,5,Villa,India,BBQ,Booking.com,"Ozone Greens by VEO, StayVista - 5BHK Mountain-View Villa with Home Theatre",https://www.booking.com/hotel/in/stayvista-at-ozone-greens.html
2072,Ozone Greens by VEO,5,Villa,India,BBQ,MakeMyTrip,Ozone Greens by VEO - Part of StayVista,https://www.makemytrip.com/hotels/hotel-details/?hotelId=202205231601594711&_uCurrency=INR&checkin=11252025&checkout=11262025&city=CTAGR&country=IN&funnelType=getaway&lat=27.16779&lng=78.04893&locusId=ZNDEL67F7E280&locusType=zone&rank=1&roomStayQualifier=2e0e&seekSummaryRequired=false&viewType=LUXE&mtkeys=defaultMtkey
2126,Moonlit Hills,4,Villa,Lonavala,Private Pool,Agoda,Moonlit Hills by VEO - Part of StayVista,https://www.agoda.com/unnamed-property-h32194297/hotel/lonavala-in.html
2126,Moonlit Hills,4,Villa,Lonavala,Private Pool,Airbnb,4BR Moonlit Hills by VEO - Part of StayVista,https://www.airbnb.co.in/rooms/1530876237754655519
2126,Moonlit Hills,4,Villa,Lonavala,Private Pool,Booking.com,"Moonlit Hills by VEO, StayVista - 4BHK Pet-Friendly Villa with Private Pool",https://www.booking.com/hotel/in/stayvista-at-ashville.html
2126,Moonlit Hills,4,Villa,Lonavala,Private Pool,MakeMyTrip,StayVista | Moonlit Hills 4 BHK Pool Villa,https://www.makemytrip.com/hotels/hotel-details/?hotelId=202205201332145979&_uCurrency=INR&checkin=11252025&checkout=11262025&city=CTAGR&country=IN&funnelType=getaway&lat=27.16779&lng=78.04893&locusId=ZNDEL67F7E280&locusType=zone&rank=1&roomStayQualifier=2e0e&seekSummaryRequired=false&viewType=LUXE&mtkeys=defaultMtkey
2118,Bamboo Grove,3,Villa,Dehradun,"Lawn, Bonfire, BBQ",Agoda,Bamboo Grove by VEO - Part of StayVista,https://www.agoda.com/en-in/stayvista-at-bamboo-grove-pet-friendly/hotel/dehradun-in.html
2118,Bamboo Grove,3,Villa,Dehradun,"Lawn, Bonfire, BBQ",Airbnb,3BR|Lawn+Bonfire| StayVista| Bamboo Grove@Dehradun,https://www.airbnb.co.in/rooms/684444026253996908
2118,Bamboo Grove,3,Villa,Dehradun,"Lawn, Bonfire, BBQ",Booking.com,"Bamboo Grove by VEO, StayVista - 3BHK Pet-Friendly Villa with BBQ",https://www.booking.com/hotel/in/stayvista-at-bamboo-groves.html
2118,Bamboo Grove,3,Villa,Dehradun,"Lawn, Bonfire, BBQ",MakeMyTrip,StayVista at Bamboo Grove,https://www.makemytrip.com/hotels/hotel-details/?hotelId=202205201201526915&_uCurrency=INR&checkin=11252025&checkout=11262025&city=CTAGR&country=IN&funnelType=getaway&lat=27.16779&lng=78.04893&locusId=ZNDEL67F7E280&locusType=zone&rank=1&roomStayQualifier=2e0e&seekSummaryRequired=false&viewType=LUXE&mtkeys=defaultMtkey
2135,Gulmohar,5,Estate,Kasauli,Mountain View,Agoda,StayVista at Gulmohar Estate,https://www.agoda.com/en-gb/stayvista-at-hillview/hotel/kasauli-in.html
2135,Gulmohar,5,Estate,Kasauli,Mountain View,Airbnb,5BR|Luxury Stay|StayVista| Gulmohar Estate@Kasauli,https://www.airbnb.co.in/rooms/1354089827900697498
2135,Gulmohar,5,Estate,Kasauli,Mountain View,Booking.com,StayVista's Gulmohar Estate - 5BHK with Pet Friendly & Mountain View,https://www.booking.com/hotel/in/saffronstays-hillview-kasauli.html
2135,Gulmohar,5,Estate,Kasauli,Mountain View,MakeMyTrip,StayVista at Gulmohar Estate,https://www.makemytrip.com/hotels/hotel-details/?hotelId=202501031215401641&_uCurrency=INR&checkin=11252025&checkout=11262025&city=CTAGR&country=IN&funnelType=getaway&lat=27.16779&lng=78.04893&locusId=ZNDEL67F7E280&locusType=zone&rank=1&roomStayQualifier=2e0e&seekSummaryRequired=false&viewType=LUXE&mtkeys=defaultMtkey
2144,Vintage Retreat,6,Villa,Nainital,"Bonfire, BBQ",Agoda,Vintage Retreat by VEO - Part of StayVista,https://www.agoda.com/en-in/unnamed-property-h32348691/hotel/nainital-in.html
2144,Vintage Retreat,6,Villa,Nainital,"Bonfire, BBQ",Airbnb,6BR|BBQ+Bonfire|StayVista| Vintage Retreat@Bhimtal,https://www.airbnb.co.in/rooms/633043817307642846
2144,Vintage Retreat,6,Villa,Nainital,"Bonfire, BBQ",Booking.com,"Vintage Retreat by VEO, StayVista - 6BHK Mountain-View Villa with Pet Friendly",https://www.booking.com/hotel/in/stayvista-at-anubhavs-villa.html
2144,Vintage Retreat,6,Villa,Nainital,"Bonfire, BBQ",MakeMyTrip,StayVista at Vintage Retreat,https://www.makemytrip.com/hotels/hotel-details/?hotelId=202207041246258294&_uCurrency=INR&checkin=11252025&checkout=11262025&city=CTAGR&country=IN&funnelType=getaway&lat=27.16779&lng=78.04893&locusId=ZNDEL67F7E280&locusType=zone&rank=1&roomStayQualifier=2e0e&seekSummaryRequired=false&viewType=LUXE&mtkeys=defaultMtkey
2142,The CinCin,6,Villa,Lonavala,Private Pool,Agoda,StayVista at The CinCin,https://www.agoda.com/en-gb/stayvista-at-the-cin-cin/hotel/lonavala-in.html
2142,The CinCin,6,Villa,Lonavala,Private Pool,Airbnb,6BR |Pool+Games|StayVista| The CinCin @Lonavala,https://www.airbnb.co.in/rooms/1351280425107989760
2142,The CinCin,6,Villa,Lonavala,Private Pool,Booking.com,The CinCin by StayVista - 6BHK Villa with Pool Table & Private Pool,https://www.booking.com/hotel/in/stayvista-at-the-cin-cin.html
2142,The CinCin,6,Villa,Lonavala,Private Pool,MakeMyTrip,StayVista at The CinCin,https://www.makemytrip.com/hotels/hotel-details/?hotelId=202207041747421619&_uCurrency=INR&checkin=11252025&checkout=11262025&city=CTAGR&country=IN&funnelType=getaway&lat=27.16779&lng=78.04893&locusId=ZNDEL67F7E280&locusType=zone&rank=1&roomStayQualifier=2e0e&seekSummaryRequired=false&viewType=LUXE&mtkeys=defaultMtkey
2152,Raas,4,Villa,Shimla,"Valley View, Bonfire",Agoda,StayVista at Raas Villa,https://www.agoda.com/stayvista-at-raas-villa/hotel/shimla-in.html
2152,Raas,4,Villa,Shimla,"Valley View, Bonfire",Airbnb,"4BR Raas Villa, W/BF/view of Snow clad Hill, Chail",https://www.airbnb.co.in/rooms/1329389355956981756
2152,Raas,4,Villa,Shimla,"Valley View, Bonfire",Booking.com,StayVista's Raas Villa - 4BHK with Valley View & Bonfire,https://www.booking.com/hotel/in/stayvista-at-raas-villa.html
2152,Raas,4,Villa,Shimla,"Valley View, Bonfire",MakeMyTrip,StayVista at Raas Villa,https://www.makemytrip.com/hotels/hotel-details/?hotelId=202207091532383050&_uCurrency=INR&checkin=11252025&checkout=11262025&city=CTAGR&country=IN&funnelType=getaway&lat=27.16779&lng=78.04893&locusId=ZNDEL67F7E280&locusType=zone&rank=1&roomStayQualifier=2e0e&seekSummaryRequired=false&viewType=LUXE&mtkeys=defaultMtkey
2166,Vintage Musings,3,Villa,India,Private Pool,Agoda,StayVista at Vintage Musings,https://www.agoda.com/stayvista-at-jenny-s-villa/hotel/sidhbari-in.html
2166,Vintage Musings,3,Villa,India,Private Pool,Airbnb,3BR|Heritage/v @StayVista Vintage Musings|Himachal,https://www.airbnb.co.in/rooms/650679942164876131
2166,Vintage Musings,3,Villa,India,Private Pool,Booking.com,Vintage Musings by StayVista - 3BHK Pet-Friendly Mountain-View Villa,https://www.booking.com/hotel/in/stayvista-at-jennys-villa.html
2166,Vintage Musings,3,Villa,India,Private Pool,MakeMyTrip,StayVista at Vintage Musings,https://www.makemytrip.com/hotels/hotel-details/?hotelId=202207041648188074&_uCurrency=INR&checkin=11252025&checkout=11262025&city=CTAGR&country=IN&funnelType=getaway&lat=27.16779&lng=78.04893&locusId=ZNDEL67F7E280&locusType=zone&rank=1&roomStayQualifier=2e0e&seekSummaryRequired=false&viewType=LUXE&mtkeys=defaultMtkey
2164,on the Lake,4,Villa,Bhimtal,"Lake View, Bonfire",Agoda,Cottage On The Lake by VEO - Part of StayVista,https://www.agoda.com/en-in/stayvista-at-cottage-on-the-lake-h33965109/hotel/bhimtal-in.html
2164,on the Lake,4,Villa,Bhimtal,"Lake View, Bonfire",Airbnb,4BR Lakeview Villa w/ Chef + Kids Play Area,https://www.airbnb.co.in/rooms/651184344982134180
2164,on the Lake,4,Villa,Bhimtal,"Lake View, Bonfire",Booking.com,"Cottage on the Lake by VEO, StayVista - 4BHK with Lake View & Bonfire",https://www.booking.com/hotel/in/stayvista-at-cottage-on-the-lake.html
2164,on the Lake,4,Villa,Bhimtal,"Lake View, Bonfire",MakeMyTrip,StayVista at Cottage on the Lake,https://www.makemytrip.com/hotels/hotel-details/?hotelId=202207081732271893&_uCurrency=INR&checkin=11252025&checkout=11262025&city=CTAGR&country=IN&funnelType=getaway&lat=27.16779&lng=78.04893&locusId=ZNDEL67F7E280&locusType=zone&rank=1&roomStayQualifier=2e0e&seekSummaryRequired=false&viewType=LUXE&mtkeys=defaultMtkey
2163,Beyond The Blue Door,2,Villa,Mahabaleshwar,Jacuzzi,Agoda,Beyond The Blue Door by VEO - Part of StayVista,https://www.agoda.com/stayvista-at-anant-villa/hotel/mahabaleshwar-in.html?hotel_id=32991810
2163,Beyond The Blue Door,2,Villa,Mahabaleshwar,Jacuzzi,Airbnb,StayVista at Beyond The Blue Door | jaccuzi Villa,https://www.airbnb.co.in/rooms/1543153077315378366
2163,Beyond The Blue Door,2,Villa,Mahabaleshwar,Jacuzzi,Booking.com,"Beyond The Blue Door by VEO, StayVista - 2BHK Villa with Jacuzzi & Bar",https://www.booking.com/hotel/in/stayvista-at-anant-villa.html
2163,Beyond The Blue Door,2,Villa,Mahabaleshwar,Jacuzzi,MakeMyTrip,StayVista at Beyond The Blue Door,https://www.makemytrip.com/hotels/hotel-details/?hotelId=202207161150042050&_uCurrency=INR&checkin=11252025&checkout=11262025&city=CTAGR&country=IN&funnelType=getaway&lat=27.16779&lng=78.04893&locusId=ZNDEL67F7E280&locusType=zone&rank=1&roomStayQualifier=2e0e&seekSummaryRequired=false&viewType=LUXE&mtkeys=defaultMtkey
2193,Rose,6,Cottage,Shimla,"Bonfire, BBQ",Agoda,StayVista at Rose Cottage,https://www.agoda.com/en-in/stayvista-at-rose-cottage-h34595428/hotel/shimla-in.html
2193,Rose,6,Cottage,Shimla,"Bonfire, BBQ",Airbnb,Rose Cottage 6BR Royal Home in the heart of Shimla,https://www.airbnb.co.in/rooms/673522254389833704
2193,Rose,6,Cottage,Shimla,"Bonfire, BBQ",Booking.com,StayVista's Rose Cottage - 6BHK with BBQ & Bonfire,https://www.booking.com/hotel/in/stayvista-at-rose-cottage.html
2193,Rose,6,Cottage,Shimla,"Bonfire, BBQ",MakeMyTrip,StayVista at Rose Cottage,https://www.makemytrip.com/hotels/hotel-details/?hotelId=202209131232585755&_uCurrency=INR&checkin=11252025&checkout=11262025&city=CTAGR&country=IN&funnelType=getaway&lat=27.16779&lng=78.04893&locusId=ZNDEL67F7E280&locusType=zone&rank=1&roomStayQualifier=2e0e&seekSummaryRequired=false&viewType=LUXE&mtkeys=defaultMtkey
2229,The Grey Medley,5,Villa,Lonavala,"Private Pool, Jacuzzi",Agoda,StayVista at The Grey Medley,https://www.agoda.com/en-in/stayvista-at-the-grey-medley/hotel/lonavala-in.html
2229,The Grey Medley,5,Villa,Lonavala,"Private Pool, Jacuzzi",Airbnb,"The Grey Medley @5BHK Pool Villa, Lonavala",https://www.airbnb.co.in/rooms/689584083654089570
2229,The Grey Medley,5,Villa,Lonavala,"Private Pool, Jacuzzi",Booking.com,The Grey Medley by StayVista - 5BHK Villa with Jacuzzi & Private Pool,https://www.booking.com/hotel/in/stayvista-at-the-grey-medley.html
2229,The Grey Medley,5,Villa,Lonavala,"Private Pool, Jacuzzi",MakeMyTrip,StayVista at The Grey Medley,https://www.makemytrip.com/hotels/hotel-details/?hotelId=202208122008542110&_uCurrency=INR&checkin=11252025&checkout=11262025&city=CTAGR&country=IN&funnelType=getaway&lat=27.16779&lng=78.04893&locusId=ZNDEL67F7E280&locusType=zone&rank=1&roomStayQualifier=2e0e&seekSummaryRequired=false&viewType=LUXE&mtkeys=defaultMtkey
2195,Springfield,4,Villa,Kasauli,"Lawn, BBQ",Agoda,StayVista at Springfield with Scenic Lawn,https://www.agoda.com/en-in/stayvista-at-springfield-h34417295/hotel/kasauli-in.html
2195,Springfield,4,Villa,Kasauli,"Lawn, BBQ",Airbnb,4BR| Heritage Stay|StayVista| Springfield @Kasauli,https://www.airbnb.co.in/rooms/1314295580432027417
2195,Springfield,4,Villa,Kasauli,"Lawn, BBQ",Booking.com,StayVista's Springfield - 4BHK Forest-View Villa with BBQ,https://www.booking.com/hotel/in/stayvista-at-springfield.html
2195,Springfield,4,Villa,Kasauli,"Lawn, BBQ",MakeMyTrip,StayVista at Springfield,https://www.makemytrip.com/hotels/hotel-details/?hotelId=202208171500185913&_uCurrency=INR&checkin=11252025&checkout=11262025&city=CTAGR&country=IN&funnelType=getaway&lat=27.16779&lng=78.04893&locusId=ZNDEL67F7E280&locusType=zone&rank=1&roomStayQualifier=2e0e&seekSummaryRequired=false&viewType=LUXE&mtkeys=defaultMtkey
2235,The Haven,4,Villa,Ooty,Gazebo,Agoda,StayVista at The Haven - Grandeur with Breakfast,https://www.agoda.com/en-in/stayvista-at-the-haven-grandeur-h34492551/hotel/coorg-in.html
2235,The Haven,4,Villa,Ooty,Gazebo,Airbnb,4BHK Nature Luxury Villa @Ooty | Haven Grandeur,https://www.airbnb.co.in/rooms/696087173762684075
2235,The Haven,4,Villa,Ooty,Gazebo,Booking.com,The Haven - Grandeur by StayVista - 4BHK Forest-View Villa with Bar & Gazebo,https://www.booking.com/hotel/in/stayvista-at-the-haven-grandeur.html
2235,The Haven,4,Villa,Ooty,Gazebo,MakeMyTrip,StayVista at The Haven - Grandeur,https://www.makemytrip.com/hotels/hotel-details/?hotelId=202208261303262769&_uCurrency=INR&checkin=11252025&checkout=11262025&city=CTAGR&country=IN&funnelType=getaway&lat=27.16779&lng=78.04893&locusId=ZNDEL67F7E280&locusType=zone&rank=1&roomStayQualifier=2e0e&seekSummaryRequired=false&viewType=LUXE&mtkeys=defaultMtkey
2245,Eastbury,3,Villa,Shimla,Mountain View,Agoda,StayVista at Eastbury,https://www.agoda.com/en-in/stayvista-at-eastbury-h34561052/hotel/shimla-in.html
2245,Eastbury,3,Villa,Shimla,Mountain View,Airbnb,StayVista at Eastbury | 3BR Luxury Hill Retreat,https://www.airbnb.co.in/rooms/1208478853883571250
2245,Eastbury,3,Villa,Shimla,Mountain View,Booking.com,StayVista's Eastbury - Mashobra - 3BHK Villa with Viewing Deck & Mountain View,https://www.booking.com/hotel/in/stayvista-at-eastbury.html
2245,Eastbury,3,Villa,Shimla,Mountain View,MakeMyTrip,StayVista at Eastbury,https://www.makemytrip.com/hotels/hotel-details/?hotelId=202208300929538078&_uCurrency=INR&checkin=11252025&checkout=11262025&city=CTAGR&country=IN&funnelType=getaway&lat=27.16779&lng=78.04893&locusId=ZNDEL67F7E280&locusType=zone&rank=1&roomStayQualifier=2e0e&seekSummaryRequired=false&viewType=LUXE&mtkeys=defaultMtkey
2254,Asanjo,6,Villa,India,Infinity Pool,Agoda,Asanjo Villa by VEO - Part of StayVista,https://www.agoda.com/stayvista-at-the-asanjo-villa/hotel/kolvan-in.html
2254,Asanjo,6,Villa,India,Infinity Pool,Airbnb,6BHK Villa at Mulshi - Asanjo @StayVista,https://www.airbnb.co.in/rooms/710462650296703854
2254,Asanjo,6,Villa,India,Infinity Pool,Booking.com,StayVista's Asanjo Villa - 6BHK with Infinity Pool & Projector,https://www.booking.com/hotel/in/stayvista-at-the-asanjo-villa.html
2254,Asanjo,6,Villa,India,Infinity Pool,MakeMyTrip,StayVista at Asanjo Villa,https://www.makemytrip.com/hotels/hotel-details/?hotelId=202211261346204451&_uCurrency=INR&checkin=11252025&checkout=11262025&city=CTAGR&country=IN&funnelType=getaway&lat=27.16779&lng=78.04893&locusId=ZNDEL67F7E280&locusType=zone&rank=1&roomStayQualifier=2e0e&seekSummaryRequired=false&viewType=LUXE&mtkeys=defaultMtkey
2283,8Oaks,4,Villa,India,BBQ,Agoda,StayVista at 8Oaks,https://www.agoda.com/stayvista-at-8oaks/hotel/dalhousie-in.html
2283,8Oaks,4,Villa,India,BBQ,Airbnb,8 Oaks 4BR Ancestral Home Amid Pine & Deodar Trees,https://www.airbnb.co.in/rooms/720634224416311893
2283,8Oaks,4,Villa,India,BBQ,Booking.com,StayVista's 8Oaks - Dalhousie - 4BHK Forest-View Villa with Pet Friendly & BBQ,https://www.booking.com/hotel/in/stayvista-at-8oaks.html
2283,8Oaks,4,Villa,India,BBQ,MakeMyTrip,StayVista at 8Oaks,https://www.makemytrip.com/hotels/hotel-details/?hotelId=202210171747018266&_uCurrency=INR&checkin=11252025&checkout=11262025&city=CTAGR&country=IN&funnelType=getaway&lat=27.16779&lng=78.04893&locusId=ZNDEL67F7E280&locusType=zone&rank=1&roomStayQualifier=2e0e&seekSummaryRequired=false&viewType=LUXE&mtkeys=defaultMtkey
2282,Hillside Paradise,4,Villa,India,"Private Pool, Jacuzzi",Agoda,StayVista at Hillside Paradise,https://www.agoda.com/en-in/stayvista-at-hillside-paradise-h35403794/hotel/new-delhi-and-ncr-in.html
2282,Hillside Paradise,4,Villa,India,"Private Pool, Jacuzzi",Airbnb,"Hillside Paradise | Pool, Jacuzzi, Kids Play Area",https://www.airbnb.co.in/rooms/722156490526771334
2282,Hillside Paradise,4,Villa,India,"Private Pool, Jacuzzi",Booking.com,StayVista's Hillside Paradise - 4BHK Villa with Jacuzzi & Private Pool,https://www.booking.com/hotel/in/stayvista-at-hillside-paradise.html
2282,Hillside Paradise,4,Villa,India,"Private Pool, Jacuzzi",MakeMyTrip,StayVista at Hillside Paradise w/ Outdoor Pool,https://www.makemytrip.com/hotels/hotel-details/?hotelId=202209281646384903&_uCurrency=INR&checkin=11252025&checkout=11262025&city=CTAGR&country=IN&funnelType=getaway&lat=27.16779&lng=78.04893&locusId=ZNDEL67F7E280&locusType=zone&rank=1&roomStayQualifier=2e0e&seekSummaryRequired=false&viewType=LUXE&mtkeys=defaultMtkey
563,Wild Orchid,2,Villa,Udaipur,"Private Pool, Lawn, Bonfire, Gazebo",Agoda,"Wild Orchid by StayVista, a hill-view villa",https://www.agoda.com/en-in/wild-orchid-by-stayvista-a-hill-view-villa-with-a-swimming-pool-spacious-lawn-a-gazebo-for-a-per/hotel/udaipur-in.html
563,Wild Orchid,2,Villa,Udaipur,"Private Pool, Lawn, Bonfire, Gazebo",Airbnb,2BR Pool&Bonfire| StayVista | Wild Orchid @Udaipur,https://www.airbnb.co.in/rooms/735905394790576672
563,Wild Orchid,2,Villa,Udaipur,"Private Pool, Lawn, Bonfire, Gazebo",Booking.com,"The Wild Orchid by VEO, StayVista - 2BHK Villa with Private Pool & Bonfire",https://www.booking.com/hotel/in/the-wild-orchid-by-vista-rooms.html
563,Wild Orchid,2,Villa,Udaipur,"Private Pool, Lawn, Bonfire, Gazebo",MakeMyTrip,StayVista at The Wild Orchid,https://www.makemytrip.com/hotels/hotel-details/?hotelId=202211101822425718&_uCurrency=INR&checkin=11252025&checkout=11262025&city=CTAGR&country=IN&funnelType=getaway&lat=27.16779&lng=78.04893&locusId=ZNDEL67F7E280&locusType=zone&rank=1&roomStayQualifier=2e0e&seekSummaryRequired=false&viewType=LUXE&mtkeys=defaultMtkey
2292,Stonehill Manor,3,Villa,Dharamshala,BBQ,Agoda,StayVista at Stonehill Manor with Outdoor Sitting,https://www.agoda.com/en-in/stayvista-at-stonehill-manor/hotel/dharamshala-in.html
2292,Stonehill Manor,3,Villa,Dharamshala,BBQ,Airbnb,Stonehill Manor |3BR Luxury Mountain Cabin,https://www.airbnb.co.in/rooms/717927770204501523
2292,Stonehill Manor,3,Villa,Dharamshala,BBQ,Booking.com,StayVista's Stonehill Manor - 3BHK Hill-View Villa with BBQ,https://www.booking.com/hotel/in/stayvista-at-stonehill-manor.html
2292,Stonehill Manor,3,Villa,Dharamshala,BBQ,MakeMyTrip,StayVista at Stonehill Manor,https://www.makemytrip.com/hotels/hotel-details/?hotelId=202210172016215667&_uCurrency=INR&checkin=11252025&checkout=11262025&city=CTAGR&country=IN&funnelType=getaway&lat=27.16779&lng=78.04893&locusId=ZNDEL67F7E280&locusType=zone&rank=1&roomStayQualifier=2e0e&seekSummaryRequired=false&viewType=LUXE&mtkeys=defaultMtkey
2312,Sage Scenery,2,Villa,Udaipur,Private Pool,Agoda,StayVista at Sage Scenery,https://www.agoda.com/en-in/stayvista-at-sage-scenery-h36646450/hotel/udaipur-in.html
2312,Sage Scenery,2,Villa,Udaipur,Private Pool,Airbnb,2BR|Luxury Pool|StayVista| Sage Scenery @Udaipur,https://www.airbnb.co.in/rooms/735924038405032024
2312,Sage Scenery,2,Villa,Udaipur,Private Pool,Booking.com,StayVista's Sage Scenery - 2BHK Hill-View Villa with Private Pool,https://www.booking.com/hotel/in/stayvista-at-sage-scenery.html
2312,Sage Scenery,2,Villa,Udaipur,Private Pool,MakeMyTrip,StayVista at Sage Scenery,https://www.makemytrip.com/hotels/hotel-details/?hotelId=202212121124278257&_uCurrency=INR&checkin=11252025&checkout=11262025&city=CTAGR&country=IN&funnelType=getaway&lat=27.16779&lng=78.04893&locusId=ZNDEL67F7E280&locusType=zone&rank=1&roomStayQualifier=2e0e&seekSummaryRequired=false&viewType=LUXE&mtkeys=defaultMtkey
2308,Lake La Vie,3,Villa,Nashik,Private Pool,Agoda,StayVista at Lake La Vie,https://www.agoda.com/en-in/stayvista-at-lake-la-vie/hotel/girnare-in.html
2308,Lake La Vie,3,Villa,Nashik,Private Pool,Airbnb,3BR|Farm/w Lux pool |StayVista| Lake La Vie@Nashik,https://www.airbnb.co.in/rooms/732911216954287091
2308,Lake La Vie,3,Villa,Nashik,Private Pool,Booking.com,StayVista's Lake La Vie - 3BHK Lake-View Villa with Private Pool,https://www.booking.com/hotel/in/stayvista-at-lake-la-vie.html
2308,Lake La Vie,3,Villa,Nashik,Private Pool,MakeMyTrip,StayVista at Lake La Vie,https://www.makemytrip.com/hotels/hotel-details/?hotelId=202211040153352567&_uCurrency=INR&checkin=11252025&checkout=11262025&city=CTAGR&country=IN&funnelType=getaway&lat=27.16779&lng=78.04893&locusId=ZNDEL67F7E280&locusType=zone&rank=1&roomStayQualifier=2e0e&seekSummaryRequired=false&viewType=LUXE&mtkeys=defaultMtkey
2234,The Alcove,4,Villa,Ooty,BBQ,Agoda,StayVista at The Alcove,https://www.agoda.com/en-in/stayvista-at-the-alcove-h36223904/hotel/ooty-in.html
2234,The Alcove,4,Villa,Ooty,BBQ,Airbnb,"The Alocve 4BHK Villa w/ Brkfast, Wi-fi - OOTY",https://www.airbnb.co.in/rooms/1109246472677693241
2234,The Alcove,4,Villa,Ooty,BBQ,Booking.com,The Alcove by StayVista - 4BHK Villa Near Udagamandalam Railway Station with BBQ,https://www.booking.com/hotel/in/stayvista-at-the-alcove.html
2234,The Alcove,4,Villa,Ooty,BBQ,MakeMyTrip,StayVista at The Alcove,https://www.makemytrip.com/hotels/hotel-details/?hotelId=202211111556238833&_uCurrency=INR&checkin=11252025&checkout=11262025&city=CTAGR&country=IN&funnelType=getaway&lat=27.16779&lng=78.04893&locusId=ZNDEL67F7E280&locusType=zone&rank=1&roomStayQualifier=2e0e&seekSummaryRequired=false&viewType=LUXE&mtkeys=defaultMtkey
2259,Hollyhock,3,Cottage,Mukteshwar,"Mountain View, Lawn, BBQ",Agoda,Hollyhock Cottage by VEO - Part of StayVista,https://www.agoda.com/en-gb/stayvista-at-hollyhock-cottage/hotel/mukteshwar-in.html
2259,Hollyhock,3,Cottage,Mukteshwar,"Mountain View, Lawn, BBQ",Airbnb,"Ramgarh | 3BR Hollyhock Cottage w/Cook, Lawn & BBQ",https://www.airbnb.co.in/rooms/749578735734766074
2259,Hollyhock,3,Cottage,Mukteshwar,"Mountain View, Lawn, BBQ",Booking.com,"Hollyhock Cottage - Ramgarh by VEO, StayVista - 3BHK with Garden & Mountain View",https://www.booking.com/hotel/in/stayvista-at-hollyhock-cottage.html
2259,Hollyhock,3,Cottage,Mukteshwar,"Mountain View, Lawn, BBQ",MakeMyTrip,StayVista at Hollyhock Cottage,https://www.makemytrip.com/hotels/hotel-details/?hotelId=202210312317295788&_uCurrency=INR&checkin=11252025&checkout=11262025&city=CTAGR&country=IN&funnelType=getaway&lat=27.16779&lng=78.04893&locusId=ZNDEL67F7E280&locusType=zone&rank=1&roomStayQualifier=2e0e&seekSummaryRequired=false&viewType=LUXE&mtkeys=defaultMtkey
2320,La Grove,2,Villa,India,Gazebo,Agoda,StayVista at La Grove,https://www.agoda.com/en-gb/stayvista-at-la-grove/hotel/kelakam-in.html?hotel_id=36114683
2320,La Grove,2,Villa,India,Gazebo,Airbnb,2BR|Mountain Escape+View|StayVista| La Grove@Kerla,https://www.airbnb.co.in/rooms/767015562708852715
2320,La Grove,2,Villa,India,Gazebo,Booking.com,StayVista's La Grove - 2BHK Villa with Gazebo & EV Station,https://www.booking.com/hotel/in/stayvista-at-la-grove.html
2320,La Grove,2,Villa,India,Gazebo,MakeMyTrip,StayVista at La Grove,https://www.makemytrip.com/hotels/hotel-details/?hotelId=202212051038033008&_uCurrency=INR&checkin=11252025&checkout=11262025&city=CTAGR&country=IN&funnelType=getaway&lat=27.16779&lng=78.04893&locusId=ZNDEL67F7E280&locusType=zone&rank=1&roomStayQualifier=2e0e&seekSummaryRequired=false&viewType=LUXE&mtkeys=defaultMtkey
2358,Le Ciel,3,Villa,Igatpuri,Private Pool,Agoda,StayVista at Le Ciel,https://www.agoda.com/en-gb/stayvista-at-le-ceil/hotel/wadhiware-in.html?hotel_id=36122242
2358,Le Ciel,3,Villa,Igatpuri,Private Pool,Airbnb,"3BR-Le Ciel- w/Pvt Pool, Machan in Igatpuri",https://www.airbnb.co.in/rooms/780737614322733869
2358,Le Ciel,3,Villa,Igatpuri,Private Pool,Booking.com,StayVista's Le Ciel - Igatpuri - 3BHK Lake-View Villa with Private Pool,https://www.booking.com/hotel/in/stayvista-at-le-ciel.html
2358,Le Ciel,3,Villa,Igatpuri,Private Pool,MakeMyTrip,StayVista at Le Ciel Villa,https://www.makemytrip.com/hotels/hotel-details/?hotelId=202212131333487145&_uCurrency=INR&checkin=11252025&checkout=11262025&city=CTAGR&country=IN&funnelType=getaway&lat=27.16779&lng=78.04893&locusId=ZNDEL67F7E280&locusType=zone&rank=1&roomStayQualifier=2e0e&seekSummaryRequired=false&viewType=LUXE&mtkeys=defaultMtkey
2334,Stars By The Bay,3,Villa,Goa,Infinity Pool,Agoda,StayVista at Stars By The Bay,https://www.agoda.com/en-gb/stayvista-at-stars-by-the-bay/hotel/goa-in.html?hotel_id=36232350
2334,Stars By The Bay,3,Villa,Goa,Infinity Pool,Airbnb,3BR| Pool Retreat |StayVista| Stars by the Bay@Goa,https://www.airbnb.co.in/rooms/1175670217388835336
2334,Stars By The Bay,3,Villa,Goa,Infinity Pool,Booking.com,StayVista's Stars By The Bay - Dabolim - 3BHK Villa with Infinity Pool & Bathtub,https://www.booking.com/hotel/in/stayvista-at-stars-by-the-bay.html
2334,Stars By The Bay,3,Villa,Goa,Infinity Pool,MakeMyTrip,StayVista at Stars By The Bay,https://www.makemytrip.com/hotels/hotel-details/?hotelId=202211230956295497&_uCurrency=INR&checkin=11252025&checkout=11262025&city=CTAGR&country=IN&funnelType=getaway&lat=27.16779&lng=78.04893&locusId=ZNDEL67F7E280&locusType=zone&rank=1&roomStayQualifier=2e0e&seekSummaryRequired=false&viewType=LUXE&mtkeys=defaultMtkey
2362,The Charcoal,7,Villa,India,"Private Pool, Jacuzzi, Lawn",Agoda,StayVista at The Charcoal Villa,https://www.agoda.com/en-in/stayvista-at-the-charcoal-villa/hotel/pezari-in.html
2362,The Charcoal,7,Villa,India,"Private Pool, Jacuzzi, Lawn",Airbnb,"StayVista @ The Charcoal Villa w/ Pool, Lawn",https://www.airbnb.co.in/rooms/766976367945484405
2362,The Charcoal,7,Villa,India,"Private Pool, Jacuzzi, Lawn",Booking.com,The Charcoal Villa by StayVista - 7BHK with Jacuzzi & Private Pool,https://www.booking.com/hotel/in/stayvista-at-the-charcoal-villa.html
2362,The Charcoal,7,Villa,India,"Private Pool, Jacuzzi, Lawn",MakeMyTrip,StayVista at The Charcoal Villa,https://www.makemytrip.com/hotels/hotel-details/?hotelId=202301111202131818&_uCurrency=INR&checkin=11252025&checkout=11262025&city=CTAGR&country=IN&funnelType=getaway&lat=27.16779&lng=78.04893&locusId=ZNDEL67F7E280&locusType=zone&rank=1&roomStayQualifier=2e0e&seekSummaryRequired=false&viewType=LUXE&mtkeys=defaultMtkey
2368,Bask In The Greens,4,Villa,Coorg,"Pool, Lawn",Agoda,StayVista at Bask In The Greens,https://www.agoda.com/en-in/stayvista-at-bask-in-the-greens/hotel/coorg-in.html
2368,Bask In The Greens,4,Villa,Coorg,"Pool, Lawn",Airbnb,"4BR Pvt Pool & Lawn- Bask In The Greens, Coorg",https://www.airbnb.co.in/rooms/894035057277234040
2368,Bask In The Greens,4,Villa,Coorg,"Pool, Lawn",Booking.com,Bask In The Greens by StayVista - 4BHK Pet-Friendly Villa with Home Theatre,https://www.booking.com/hotel/in/stayvista-at-bask-in-the-greens.html
2368,Bask In The Greens,4,Villa,Coorg,"Pool, Lawn",MakeMyTrip,StayVista at Bask In The Greens,https://www.makemytrip.com/hotels/hotel-details/?hotelId=202301101050407321&_uCurrency=INR&checkin=11252025&checkout=11262025&city=CTAGR&country=IN&funnelType=getaway&lat=27.16779&lng=78.04893&locusId=ZNDEL67F7E280&locusType=zone&rank=1&roomStayQualifier=2e0e&seekSummaryRequired=false&viewType=LUXE&mtkeys=defaultMtkey
2374,Paradise Valley by VEO,4,Villa,India,Private Pool,Agoda,Paradise Valley by VEO - Part of StayVista,https://www.agoda.com/en-in/stayvista-at-paradise-valley/hotel/munnar-in.html
2374,Paradise Valley by VEO,4,Villa,India,Private Pool,Airbnb,4BR|Hill Escape|StayVista| Paradise Valley @Munnar,https://www.airbnb.co.in/rooms/777980185338891245
2374,Paradise Valley by VEO,4,Villa,India,Private Pool,Booking.com,"Paradise Valley by VEO, StayVista - 4BHK Valley-View Villa with Terrace",https://www.booking.com/hotel/in/stayvista-at-paradise-valley.html
2374,Paradise Valley by VEO,4,Villa,India,Private Pool,MakeMyTrip,Paradise Valley by VEO - Part of StayVista,https://www.makemytrip.com/hotels/hotel-details/?hotelId=202301111142455698&_uCurrency=INR&checkin=11252025&checkout=11262025&city=CTAGR&country=IN&funnelType=getaway&lat=27.16779&lng=78.04893&locusId=ZNDEL67F7E280&locusType=zone&rank=1&roomStayQualifier=2e0e&seekSummaryRequired=false&viewType=LUXE&mtkeys=defaultMtkey
2398,Midsummer Mist,4,Villa,Kodaikanal,BBQ,Agoda,StayVista at Midsummer Mist,https://www.agoda.com/stayvista-at-midsummer-mist/hotel/kodaikanal-in.html
2398,Midsummer Mist,4,Villa,Kodaikanal,BBQ,Airbnb,4BR|Hill Escape|StayVista| Midsummer Mist @Kurinji,https://www.airbnb.co.in/rooms/781601182256858550
2398,Midsummer Mist,4,Villa,Kodaikanal,BBQ,Booking.com,StayVista's Midsummer Mist - 4BHK Villa with Bar & BBQ,https://www.booking.com/hotel/in/stayvista-at-midsummer-mist.html
2398,Midsummer Mist,4,Villa,Kodaikanal,BBQ,MakeMyTrip,StayVista at Midsummer Mist,https://www.makemytrip.com/hotels/hotel-details/?hotelId=202212221729419944&_uCurrency=INR&checkin=11252025&checkout=11262025&city=CTAGR&country=IN&funnelType=getaway&lat=27.16779&lng=78.04893&locusId=ZNDEL67F7E280&locusType=zone&rank=1&roomStayQualifier=2e0e&seekSummaryRequired=false&viewType=LUXE&mtkeys=defaultMtkey
2407,Creek Edge Home,4,Villa,India,Private Pool,Agoda,StayVista at Creek Edge Home,https://www.agoda.com/stayvista-at-creek-s-edge/hotel/sidhbari-in.html?hotel_id=36851582
2407,Creek Edge Home,4,Villa,India,Private Pool,Airbnb,4BR|Nature Retreat|StayVista| Creek Edge@Yol Chant,https://www.airbnb.co.in/rooms/785936888102138160
2407,Creek Edge Home,4,Villa,India,Private Pool,Booking.com,StayVista's Creek Edge Home - 4BHK Pet-Friendly Villa with Bar,https://www.booking.com/hotel/in/stayvista-at-creeks-edge.html
2407,Creek Edge Home,4,Villa,India,Private Pool,MakeMyTrip,StayVista at Creek Edge Home,https://www.makemytrip.com/hotels/hotel-details/?hotelId=202212201757098221&_uCurrency=INR&checkin=11252025&checkout=11262025&city=CTAGR&country=IN&funnelType=getaway&lat=27.16779&lng=78.04893&locusId=ZNDEL67F7E280&locusType=zone&rank=1&roomStayQualifier=2e0e&seekSummaryRequired=false&viewType=LUXE&mtkeys=defaultMtkey
2377,Emerald Greens by VEO,3,Villa,Lonavala,Private Pool,Agoda,Emerald Greens by VEO - Part of StayVista,https://www.agoda.com/en-in/stayvista-at-emerald-greens/hotel/lonavala-in.html
2377,Emerald Greens by VEO,3,Villa,Lonavala,Private Pool,Airbnb,3BR / Emerald Greens W/ Pool @ Lonavla,https://www.airbnb.co.in/rooms/1581763183150496420
2377,Emerald Greens by VEO,3,Villa,Lonavala,Private Pool,Booking.com,"Emerald Greens by VEO, StayVista - 3BHK Villa with Sauna & Private Pool",https://www.booking.com/hotel/in/stayvista-at-emerald-greens.html
2377,Emerald Greens by VEO,3,Villa,Lonavala,Private Pool,MakeMyTrip,Emerald Greens by VEO - Part of StayVista,https://www.makemytrip.com/hotels/hotel-details/?hotelId=202212201454122385&_uCurrency=INR&checkin=11252025&checkout=11262025&city=CTAGR&country=IN&funnelType=getaway&lat=27.16779&lng=78.04893&locusId=ZNDEL67F7E280&locusType=zone&rank=1&roomStayQualifier=2e0e&seekSummaryRequired=false&viewType=LUXE&mtkeys=defaultMtkey
2409,Sunshine Brooks,3,Villa,Mahabaleshwar,"Private Pool, BBQ",Agoda,StayVista at Sunshine Brooks,https://www.agoda.com/stayvista-at-sunshine-brooks/hotel/mahabaleshwar-in.html
2409,Sunshine Brooks,3,Villa,Mahabaleshwar,"Private Pool, BBQ",Airbnb,StayVista @ Sunshine Brooks 3BHK Pvt Pool Villa,https://www.airbnb.co.in/rooms/780737586879660649
2409,Sunshine Brooks,3,Villa,Mahabaleshwar,"Private Pool, BBQ",Booking.com,Sunshine Brooks by StayVista - 3BHK Villa with BBQ & Private Pool,https://www.booking.com/hotel/in/stayvista-at-sunshine-brooks.html
2409,Sunshine Brooks,3,Villa,Mahabaleshwar,"Private Pool, BBQ",MakeMyTrip,StayVista at Sunshine Brooks,https://www.makemytrip.com/hotels/hotel-details/?hotelId=202212281558394215&_uCurrency=INR&checkin=11252025&checkout=11262025&city=CTAGR&country=IN&funnelType=getaway&lat=27.16779&lng=78.04893&locusId=ZNDEL67F7E280&locusType=zone&rank=1&roomStayQualifier=2e0e&seekSummaryRequired=false&viewType=LUXE&mtkeys=defaultMtkey
2426,Le Arc,4,Villa,Lonavala,"Private Pool, BBQ",Agoda,StayVista at Le Arc,https://www.agoda.com/stayvista-at-le-arc/hotel/lonavala-in.html?hotel_id=36941819
2426,Le Arc,4,Villa,Lonavala,"Private Pool, BBQ",Airbnb,4BR| Pool+Playground |StayVista| Le Arc @Lonavala,https://www.airbnb.co.in/rooms/793964694128772978
2426,Le Arc,4,Villa,Lonavala,"Private Pool, BBQ",Booking.com,StayVista's Le Arc - 4BHK Villa with Private Pool & BBQ,https://www.booking.com/hotel/in/stayvista-at-le-arc.html
2426,Le Arc,4,Villa,Lonavala,"Private Pool, BBQ",MakeMyTrip,StayVista at Le Arc,https://www.makemytrip.com/hotels/hotel-details/?hotelId=202301021226087902&_uCurrency=INR&checkin=11252025&checkout=11262025&city=CTAGR&country=IN&funnelType=getaway&lat=27.16779&lng=78.04893&locusId=ZNDEL67F7E280&locusType=zone&rank=1&roomStayQualifier=2e0e&seekSummaryRequired=false&viewType=LUXE&mtkeys=defaultMtkey
2423,Le Sutra Great Escapes,4,Villa,Lonavala,Jacuzzi,Agoda,StayVista at Le Sutra Great Escapes - Udaan,https://www.agoda.com/stayvista-at-udaan/hotel/lonavala-in.html?hotel_id=36953564
2423,Le Sutra Great Escapes,4,Villa,Lonavala,Jacuzzi,Airbnb,"Le Sutra Udaan @4BR Luxe villa w/Jacuzzi, Lonavala",https://www.airbnb.co.in/rooms/793970431262339229
2423,Le Sutra Great Escapes,4,Villa,Lonavala,Jacuzzi,Booking.com,StayVista's Le Sutra Great Escapes - Udaan - 4BHK Villa with Padel Ball & Jacuzzi,https://www.booking.com/hotel/in/stayvista-at-udaan.html
2423,Le Sutra Great Escapes,4,Villa,Lonavala,Jacuzzi,MakeMyTrip,StayVista at Le Sutra Great Escapes - Udaan,https://www.makemytrip.com/hotels/hotel-details/?hotelId=202301031307451953&_uCurrency=INR&checkin=11252025&checkout=11262025&city=CTAGR&country=IN&funnelType=getaway&lat=27.16779&lng=78.04893&locusId=ZNDEL67F7E280&locusType=zone&rank=1&roomStayQualifier=2e0e&seekSummaryRequired=false&viewType=LUXE&mtkeys=defaultMtkey
2443,Le Sutra Great Escapes,5,Villa,Lonavala,"Pool, Mountain View, Gazebo",Agoda,StayVista at 5BR @ Le Sutra - Geometrica,https://www.agoda.com/en-in/stayvista-at-5br-le-sutra-geometrica/hotel/lonavala-in.html
2443,Le Sutra Great Escapes,5,Villa,Lonavala,"Pool, Mountain View, Gazebo",Airbnb,5BR Luxe Villa@Le Sutra Geometrica w/Pool-Lonavala,https://www.airbnb.co.in/rooms/810590521923824764
2443,Le Sutra Great Escapes,5,Villa,Lonavala,"Pool, Mountain View, Gazebo",Booking.com,"StayVista's Le Sutra Great Escapes - 5BR - Geometrica - Artistic Rooms, Mountain View, Pool, and Gazebo Retreat",https://www.booking.com/hotel/in/stayvista-at-5br-le-sutra-geometrica.html
2443,Le Sutra Great Escapes,5,Villa,Lonavala,"Pool, Mountain View, Gazebo",MakeMyTrip,StayVista at 5BR @ Le Sutra - Geometrica,https://www.makemytrip.com/hotels/hotel-details/?hotelId=202301231252302029&_uCurrency=INR&checkin=11252025&checkout=11262025&city=CTAGR&country=IN&funnelType=getaway&lat=27.16779&lng=78.04893&locusId=ZNDEL67F7E280&locusType=zone&rank=1&roomStayQualifier=2e0e&seekSummaryRequired=false&viewType=LUXE&mtkeys=defaultMtkey
2454,Cedar,2,Villa,India,"Jacuzzi, Lawn",Agoda,StayVista at Cedar @ Strelitzia,https://www.agoda.com/stayvista-at-cedar-strelitzia/hotel/chikmagalur-in.html
2454,Cedar,2,Villa,India,"Jacuzzi, Lawn",Airbnb,StayVista at Cedar | 2BR Villa w/ Jacuzzi & Lawn,https://www.airbnb.co.in/rooms/816392927814571325
2454,Cedar,2,Villa,India,"Jacuzzi, Lawn",Booking.com,StayVista's Cedar at Strelitzia - 2BHK Pet-Friendly Villa with Jacuzzi,https://www.booking.com/hotel/in/stayvista-at-cedar-strelitzia.html
2454,Cedar,2,Villa,India,"Jacuzzi, Lawn",MakeMyTrip,StayVista at Cedar @ Strelitzia,https://www.makemytrip.com/hotels/hotel-details/?hotelId=202302271108118209&_uCurrency=INR&checkin=11252025&checkout=11262025&city=CTAGR&country=IN&funnelType=getaway&lat=27.16779&lng=78.04893&locusId=ZNDEL67F7E280&locusType=zone&rank=1&roomStayQualifier=2e0e&seekSummaryRequired=false&viewType=LUXE&mtkeys=defaultMtkey
2455,Sienna,3,Villa,India,Jacuzzi,Agoda,StayVista at Sienna @ Strelitzia,https://www.agoda.com/stayvista-at-sienna-strelitzia/hotel/chikmagalur-in.html
2455,Sienna,3,Villa,India,Jacuzzi,Airbnb,3BR|Luxury Stay|StayVista| Villa Sienna@Chikmaglur,https://www.airbnb.co.in/rooms/816458895524874243
2455,Sienna,3,Villa,India,Jacuzzi,Booking.com,StayVista's Sienna at Strelitzia - 3BHK Pet-Friendly Villa with Jacuzzi,https://www.booking.com/hotel/in/stayvista-at-sienna-strelitzia.html
2455,Sienna,3,Villa,India,Jacuzzi,MakeMyTrip,StayVista at Sienna @ Strelitzia,https://www.makemytrip.com/hotels/hotel-details/?hotelId=202302171033412089&_uCurrency=INR&checkin=11252025&checkout=11262025&city=CTAGR&country=IN&funnelType=getaway&lat=27.16779&lng=78.04893&locusId=ZNDEL67F7E280&locusType=zone&rank=1&roomStayQualifier=2e0e&seekSummaryRequired=false&viewType=LUXE&mtkeys=defaultMtkey
2430,The Den,7,Villa,Karjat,Private Pool,Agoda,The Den by Vieda - Part of StayVista,https://www.agoda.com/stayvista-at-the-den/hotel/karjat-in.html
2430,The Den,7,Villa,Karjat,Private Pool,Airbnb,"The Den Luxury 7BHK W/Pool, Turf & Theater Room",https://www.airbnb.co.in/rooms/817108263356597625
2430,The Den,7,Villa,Karjat,Private Pool,Booking.com,"The Den by VIEDA, StayVista - 7BHK Villa with Sports Turf & Private Pool",https://www.booking.com/hotel/in/stayvista-at-the-den.html
2430,The Den,7,Villa,Karjat,Private Pool,MakeMyTrip,StayVista at The Den,https://www.makemytrip.com/hotels/hotel-details/?hotelId=202302031615485324&_uCurrency=INR&checkin=11252025&checkout=11262025&city=CTAGR&country=IN&funnelType=getaway&lat=27.16779&lng=78.04893&locusId=ZNDEL67F7E280&locusType=zone&rank=1&roomStayQualifier=2e0e&seekSummaryRequired=false&viewType=LUXE&mtkeys=defaultMtkey
2457,Colonial Retreat,3,Villa,India,"Lawn, BBQ",Agoda,StayVista at Colonial Retreat,https://www.agoda.com/stayvista-at-balmoral-bungalow/hotel/ranikhet-in.html
2457,Colonial Retreat,3,Villa,India,"Lawn, BBQ",Airbnb,3BR Colonial Retreat w/Comp Breakfast & Lawn,https://www.airbnb.co.in/rooms/1535945695447706664
2457,Colonial Retreat,3,Villa,India,"Lawn, BBQ",Booking.com,"Colonial Retreat - Ranikhet by VEO, StayVista - 3BHK Pet-Friendly Villa with BBQ",https://www.booking.com/hotel/in/camp-bliss.html
2457,Colonial Retreat,3,Villa,India,"Lawn, BBQ",MakeMyTrip,StayVista at Colonial Retreat,https://www.makemytrip.com/hotels/hotel-details/?hotelId=202302061556437898&_uCurrency=INR&checkin=11252025&checkout=11262025&city=CTAGR&country=IN&funnelType=getaway&lat=27.16779&lng=78.04893&locusId=ZNDEL67F7E280&locusType=zone&rank=1&roomStayQualifier=2e0e&seekSummaryRequired=false&viewType=LUXE&mtkeys=defaultMtkey
2467,Mountain Rain,3,Villa,Wayanad,Private Pool,Agoda,StayVista at Mountain Rain - Breakfast Included,https://www.agoda.com/en-in/stayvista-at-mountain-rain/hotel/wayanad-in.html
2467,Mountain Rain,3,Villa,Wayanad,Private Pool,Airbnb,3BR| Elegant Stay |StayVista| Mountain Rain@Kerala,https://www.airbnb.co.in/rooms/822883040621338015
2467,Mountain Rain,3,Villa,Wayanad,Private Pool,Booking.com,StayVista's Mountain Rain - 3BHK Mountain-View Villa with Bathtub,https://www.booking.com/hotel/in/stayvista-at-mountain-rain.html
2467,Mountain Rain,3,Villa,Wayanad,Private Pool,MakeMyTrip,StayVista at Mountain Rain,https://www.makemytrip.com/hotels/hotel-details/?hotelId=202302092010437312&_uCurrency=INR&checkin=11252025&checkout=11262025&city=CTAGR&country=IN&funnelType=getaway&lat=27.16779&lng=78.04893&locusId=ZNDEL67F7E280&locusType=zone&rank=1&roomStayQualifier=2e0e&seekSummaryRequired=false&viewType=LUXE&mtkeys=defaultMtkey
2419,The Wild Escape,4,Villa,India,Private Pool,Agoda,StayVista at The Wild Escape,https://www.agoda.com/stayvista-at-honeychilk-palace/hotel/gundalapatti-in.html
2419,The Wild Escape,4,Villa,India,Private Pool,Airbnb,4BR Rustic |StayVista |The Wild Escape@TamilNadu,https://www.airbnb.co.in/rooms/1564972766551453958
2419,The Wild Escape,4,Villa,India,Private Pool,Booking.com,The Wild Escape - Dharmapuri by StayVista - 4BHK Mountain-View Villa with Bathtub,https://www.booking.com/hotel/in/stayvista-at-honeychilk-palace.html
2419,The Wild Escape,4,Villa,India,Private Pool,MakeMyTrip,StayVista at The Wild Escape,https://www.makemytrip.com/hotels/hotel-details/?hotelId=202601091608152111&_uCurrency=INR&checkin=11252025&checkout=11262025&city=CTAGR&country=IN&funnelType=getaway&lat=27.16779&lng=78.04893&locusId=ZNDEL67F7E280&locusType=zone&rank=1&roomStayQualifier=2e0e&seekSummaryRequired=false&viewType=LUXE&mtkeys=defaultMtkey
2452,Mediterranean Bliss,4,Villa,Goa,"Private Pool, BBQ",Agoda,Mediterranean Bliss by VEO - Part of StayVista,https://www.agoda.com/stayvista-at-mediterranean-bliss/hotel/goa-in.html?hotel_id=37514486
2452,Mediterranean Bliss,4,Villa,Goa,"Private Pool, BBQ",Airbnb,4BR| Pvt Pool |StayVista| Mediterranean Bliss @Goa,https://www.airbnb.co.in/rooms/826554413957464486
2452,Mediterranean Bliss,4,Villa,Goa,"Private Pool, BBQ",Booking.com,Mediterranean Bliss by StayVista - 4BHK Villa with Private Pool & BBQ,https://www.booking.com/hotel/in/stayvista-at-mediterranean-bliss.html
2452,Mediterranean Bliss,4,Villa,Goa,"Private Pool, BBQ",MakeMyTrip,StayVista at Mediterranean Bliss w/ Sky Deck,https://www.makemytrip.com/hotels/hotel-details/?hotelId=202302201247141007&_uCurrency=INR&checkin=11252025&checkout=11262025&city=CTAGR&country=IN&funnelType=getaway&lat=27.16779&lng=78.04893&locusId=ZNDEL67F7E280&locusType=zone&rank=1&roomStayQualifier=2e0e&seekSummaryRequired=false&viewType=LUXE&mtkeys=defaultMtkey
2433,La Tranquillita,6,Villa,Goa,"Private Pool, BBQ",Agoda,StayVista at La Tranquillita with Pvt Pool,https://www.agoda.com/stayvista-at-la-tranquillita/hotel/goa-in.html
2433,La Tranquillita,6,Villa,Goa,"Private Pool, BBQ",Airbnb,"StayVista at La Tranquillita w/ Pvt Pool, Saligao",https://www.airbnb.co.in/rooms/1548419098495530869
2433,La Tranquillita,6,Villa,Goa,"Private Pool, BBQ",Booking.com,StayVista's La Tranquillit - Calangute - 6BHK Villa with Private Pool & BBQ,https://www.booking.com/hotel/in/stayvista-at-la-tranquillita.html
2433,La Tranquillita,6,Villa,Goa,"Private Pool, BBQ",MakeMyTrip,StayVista at La Tranquillita,https://www.makemytrip.com/hotels/hotel-details/?hotelId=202302231524201680&_uCurrency=INR&checkin=11252025&checkout=11262025&city=CTAGR&country=IN&funnelType=getaway&lat=27.16779&lng=78.04893&locusId=ZNDEL67F7E280&locusType=zone&rank=1&roomStayQualifier=2e0e&seekSummaryRequired=false&viewType=LUXE&mtkeys=defaultMtkey
2413,Tea,2,House,Dharamshala,Valley View,Agoda,StayVista at Tea House,https://www.agoda.com/en-in/stayvista-at-tea-house/hotel/dharamshala-in.html
2413,Tea,2,House,Dharamshala,Valley View,Airbnb,2BR | ColonialView |StayVista| Tea House@Himachal,https://www.airbnb.co.in/rooms/828699651659326416
2413,Tea,2,House,Dharamshala,Valley View,Booking.com,StayVista's Tea House - 2BHK with Valley View & Alfresco Dining,https://www.booking.com/hotel/in/stayvista-at-tea-house.html
2413,Tea,2,House,Dharamshala,Valley View,MakeMyTrip,StayVista at Tea House,https://www.makemytrip.com/hotels/hotel-details/?hotelId=202302171233186952&_uCurrency=INR&checkin=11252025&checkout=11262025&city=CTAGR&country=IN&funnelType=getaway&lat=27.16779&lng=78.04893&locusId=ZNDEL67F7E280&locusType=zone&rank=1&roomStayQualifier=2e0e&seekSummaryRequired=false&viewType=LUXE&mtkeys=defaultMtkey
2500,The Loft,1,Villa,India,Bonfire,Agoda,StayVista at The Loft,https://www.agoda.com/en-gb/stayvista-at-the-loft/hotel/gulmarg-in.html?hotel_id=37728520
2500,The Loft,1,Villa,India,Bonfire,Airbnb,1BR Irish BF/w Bonfire |StayVista |The Loft @Hima,https://www.airbnb.co.in/rooms/833820491120281141
2500,The Loft,1,Villa,India,Bonfire,Booking.com,"The Loft by VEO, StayVista - 1BHK Pet-Friendly Forest-View Villa",https://www.booking.com/hotel/in/stayvista-at-the-loft.html
2500,The Loft,1,Villa,India,Bonfire,MakeMyTrip,StayVista at The Loft,https://www.makemytrip.com/hotels/hotel-details/?hotelId=202302241756367842&_uCurrency=INR&checkin=11252025&checkout=11262025&city=CTAGR&country=IN&funnelType=getaway&lat=27.16779&lng=78.04893&locusId=ZNDEL67F7E280&locusType=zone&rank=1&roomStayQualifier=2e0e&seekSummaryRequired=false&viewType=LUXE&mtkeys=defaultMtkey
2464,Colour Bloom,2,Villa,India,Private Pool,Agoda,StayVista at Colour Bloom,https://www.agoda.com/stayvista-at-colour-bloom/hotel/karnal-in.html
2464,Colour Bloom,2,Villa,India,Private Pool,Airbnb,2BR|Farm Escape|StayVista| Colour Bloom |Uttarakhd,https://www.airbnb.co.in/rooms/1538161559913169405
2464,Colour Bloom,2,Villa,India,Private Pool,Booking.com,StayVista's Colour Bloom - Karnal - 2BHK Pet-Friendly Villa with Private Pool,https://www.booking.com/hotel/in/stayvista-at-colour-bloom.html
2464,Colour Bloom,2,Villa,India,Private Pool,MakeMyTrip,StayVista at Colour Bloom,https://www.makemytrip.com/hotels/hotel-details/?hotelId=202302251530504468&_uCurrency=INR&checkin=11252025&checkout=11262025&city=CTAGR&country=IN&funnelType=getaway&lat=27.16779&lng=78.04893&locusId=ZNDEL67F7E280&locusType=zone&rank=1&roomStayQualifier=2e0e&seekSummaryRequired=false&viewType=LUXE&mtkeys=defaultMtkey
2471,Dâ€™Amour by VEO,7,Villa,India,Lawn,Agoda,Dâ€™Amour by VEO - Part of StayVista,https://www.agoda.com/en-in/stayvista-at-d-amour/hotel/amritsar-in.html
2471,Dâ€™Amour by VEO,7,Villa,India,Lawn,Airbnb,7BR| Lux Lawn Retreat|StayVista |D'amour|Amritsar,https://www.airbnb.co.in/rooms/842089486262414774
2471,Dâ€™Amour by VEO,7,Villa,India,Lawn,Booking.com,"D'Amour by VEO, StayVista - 7BHK Villa with Bar & Alfresco Dining",https://www.booking.com/hotel/in/stayvista-at-d-amour.html
2471,Dâ€™Amour by VEO,7,Villa,India,Lawn,MakeMyTrip,D Amour by VEO - Part of StayVista,https://www.makemytrip.com/hotels/hotel-details/?hotelId=202303091458053891&_uCurrency=INR&checkin=11252025&checkout=11262025&city=CTAGR&country=IN&funnelType=getaway&lat=27.16779&lng=78.04893&locusId=ZNDEL67F7E280&locusType=zone&rank=1&roomStayQualifier=2e0e&seekSummaryRequired=false&viewType=LUXE&mtkeys=defaultMtkey
2470,Water's Edge by VEO,3,Villa,India,Lake View,Agoda,Water's Edge by VEO - Part of StayVista,https://www.agoda.com/stayvista-at-water-s-edge/hotel/arch-in.html?hotel_id=37798067
2470,Water's Edge by VEO,3,Villa,India,Lake View,Airbnb,3BR | LakeView |StayVista| Water's Edge@Sonamarg,https://www.airbnb.co.in/rooms/840255663641189470
2470,Water's Edge by VEO,3,Villa,India,Lake View,Booking.com,"Water's Edge by VEO, StayVista - 3BHK Pet-Friendly Forest-View Villa",https://www.booking.com/hotel/in/stayvista-at-waters-edge.html
2470,Water's Edge by VEO,3,Villa,India,Lake View,MakeMyTrip,Water's Edge by VEO - Part of StayVista,https://www.makemytrip.com/hotels/hotel-details/?hotelId=202303061514099131&_uCurrency=INR&checkin=11252025&checkout=11262025&city=CTAGR&country=IN&funnelType=getaway&lat=27.16779&lng=78.04893&locusId=ZNDEL67F7E280&locusType=zone&rank=1&roomStayQualifier=2e0e&seekSummaryRequired=false&viewType=LUXE&mtkeys=defaultMtkey
2518,Enchanting Haven,3,Villa,Panchgani,"Pool, Gazebo",Agoda,StayVista at Enchanting Haven,https://www.agoda.com/stayvista-at-cliffside-haven/hotel/mahabaleshwar-in.html
2518,Enchanting Haven,3,Villa,Panchgani,"Pool, Gazebo",Airbnb,3BR|Luxe Pool|StayVista|Enchanting Haven@Panchgani,https://www.airbnb.co.in/rooms/1224487039923785949
2518,Enchanting Haven,3,Villa,Panchgani,"Pool, Gazebo",Booking.com,StayVista's Enchanting Haven - 3BHK Villa with Home Theatre & Gazebo,https://www.booking.com/hotel/in/stayvista-at-cliffside-haven.html
2518,Enchanting Haven,3,Villa,Panchgani,"Pool, Gazebo",MakeMyTrip,StayVista at Enchanting Haven,https://www.makemytrip.com/hotels/hotel-details/?hotelId=202303031255526185&_uCurrency=INR&checkin=11252025&checkout=11262025&city=CTAGR&country=IN&funnelType=getaway&lat=27.16779&lng=78.04893&locusId=ZNDEL67F7E280&locusType=zone&rank=1&roomStayQualifier=2e0e&seekSummaryRequired=false&viewType=LUXE&mtkeys=defaultMtkey
2485,Bel Air Mansion,4,Villa,Lonavala,"Private Pool, BBQ",Agoda,Bel Air Mansion by StayVista,https://www.agoda.com/en-in/stayvista-at-bel-air-mansion/hotel/vadgaon-in.html
2485,Bel Air Mansion,4,Villa,Lonavala,"Private Pool, BBQ",Airbnb,"4BHK Pool Villa w/ Deck @Bel Air Mansion, Lonavala",https://www.airbnb.co.in/rooms/864316027833850135
2485,Bel Air Mansion,4,Villa,Lonavala,"Private Pool, BBQ",Booking.com,StayVista's Bel Air Mansion - Talegaon - 4BHK Villa with Private Pool & BBQ,https://www.booking.com/hotel/in/stayvista-at-bel-air-mansion.html
2485,Bel Air Mansion,4,Villa,Lonavala,"Private Pool, BBQ",MakeMyTrip,StayVista at Bel Air Mansion,https://www.makemytrip.com/hotels/hotel-details/?hotelId=202304071839547790&_uCurrency=INR&checkin=11252025&checkout=11262025&city=CTAGR&country=IN&funnelType=getaway&lat=27.16779&lng=78.04893&locusId=ZNDEL67F7E280&locusType=zone&rank=1&roomStayQualifier=2e0e&seekSummaryRequired=false&viewType=LUXE&mtkeys=defaultMtkey
2534,Soul Serenity,2,Villa,Nashik,Private Pool,Agoda,StayVista at Soul Serenity,https://www.agoda.com/stayvista-at-soul-serenity/hotel/khambale-in.html?hotel_id=38143798
2534,Soul Serenity,2,Villa,Nashik,Private Pool,Airbnb,2BR|Pvt Pool Luxe|StayVista| Soul Serenity| Nashik,https://www.airbnb.co.in/rooms/777908525036300828
2534,Soul Serenity,2,Villa,Nashik,Private Pool,Booking.com,StayVista's Soul Serenity - 2BHK Villa with Private Pool & EV Station,https://www.booking.com/hotel/in/stayvista-at-soul-serenity.html
2534,Soul Serenity,2,Villa,Nashik,Private Pool,MakeMyTrip,StayVista at Soul Serenity,https://www.makemytrip.com/hotels/hotel-details/?hotelId=202303271550446686&_uCurrency=INR&checkin=11252025&checkout=11262025&city=CTAGR&country=IN&funnelType=getaway&lat=27.16779&lng=78.04893&locusId=ZNDEL67F7E280&locusType=zone&rank=1&roomStayQualifier=2e0e&seekSummaryRequired=false&viewType=LUXE&mtkeys=defaultMtkey
2466,Amoda,3,Villa,Mahabaleshwar,"River View, Jacuzzi",Agoda,"StayVista's Amoda Villa - Near Venna Lake, Amidst Farmland with Jacuzzi and Indoor Activities",https://www.agoda.com/en-in/stayvista-at-amoda-villa/hotel/mahabaleshwar-in.html
2466,Amoda,3,Villa,Mahabaleshwar,"River View, Jacuzzi",Airbnb,StayVista @ Amoda – Pvt Jacuzzi,https://www.airbnb.co.in/rooms/861404179430578940
2466,Amoda,3,Villa,Mahabaleshwar,"River View, Jacuzzi",Booking.com,StayVista's Amoda Villa - 3BHK with River View & Jacuzzi,https://www.booking.com/hotel/in/stayvista-at-amoda-villa.html
2466,Amoda,3,Villa,Mahabaleshwar,"River View, Jacuzzi",MakeMyTrip,StayVista at Amoda Villa,https://www.makemytrip.com/hotels/hotel-details/?hotelId=202304031928461497&_uCurrency=INR&checkin=11252025&checkout=11262025&city=CTAGR&country=IN&funnelType=getaway&lat=27.16779&lng=78.04893&locusId=ZNDEL67F7E280&locusType=zone&rank=1&roomStayQualifier=2e0e&seekSummaryRequired=false&viewType=LUXE&mtkeys=defaultMtkey
2482,Inaayat,2,Villa,Jaipur,"Private Pool, Lawn, Gazebo",Agoda,StayVista at Inaayat,https://www.agoda.com/stayvista-at-inaayat/hotel/jaipur-in.html
2482,Inaayat,2,Villa,Jaipur,"Private Pool, Lawn, Gazebo",Airbnb,Inaayat Cosy 2BR Villa w/Pool+Gazebo+Lawn @ Jaipur,https://www.airbnb.co.in/rooms/857588668370712551
2482,Inaayat,2,Villa,Jaipur,"Private Pool, Lawn, Gazebo",Booking.com,StayVista's Inaayat - 2BHK Villa with Bathtub & Private Pool,https://www.booking.com/hotel/in/stayvista-at-inaayat.html
2482,Inaayat,2,Villa,Jaipur,"Private Pool, Lawn, Gazebo",MakeMyTrip,StayVista at Inaayat,https://www.makemytrip.com/hotels/hotel-details/?hotelId=202304031132181978&_uCurrency=INR&checkin=11252025&checkout=11262025&city=CTAGR&country=IN&funnelType=getaway&lat=27.16779&lng=78.04893&locusId=ZNDEL67F7E280&locusType=zone&rank=1&roomStayQualifier=2e0e&seekSummaryRequired=false&viewType=LUXE&mtkeys=defaultMtkey
2590,Cicada Chikmagalur,2,Villa,India,Private Pool,Agoda,StayVista at Cicada Chikmagalur,https://www.agoda.com/en-in/stayvista-at-cicada-h38480429/hotel/chikmagalur-in.html
2590,Cicada Chikmagalur,2,Villa,India,Private Pool,Airbnb,2BR Cicada Luxury Villa Chikmagalur by Stayvista,https://www.airbnb.co.in/rooms/857700821749144725
2590,Cicada Chikmagalur,2,Villa,India,Private Pool,Booking.com,"Cicada by VEO, StayVista - 2BHK Pet-Friendly Villa with Bar",https://www.booking.com/hotel/in/stayvista-at-cicada.html
2590,Cicada Chikmagalur,2,Villa,India,Private Pool,MakeMyTrip,StayVista at Cicada,https://www.makemytrip.com/hotels/hotel-details/?hotelId=202303301054438840&_uCurrency=INR&checkin=11252025&checkout=11262025&city=CTAGR&country=IN&funnelType=getaway&lat=27.16779&lng=78.04893&locusId=ZNDEL67F7E280&locusType=zone&rank=1&roomStayQualifier=2e0e&seekSummaryRequired=false&viewType=LUXE&mtkeys=defaultMtkey
2584,Misty Barn,5,Villa,India,Private Pool,Agoda,Misty Barn by VEO - Part of StayVista,https://www.agoda.com/en-in/stayvista-at-the-oodsey-house-h38643368/hotel/chikmagalur-in.html
2584,Misty Barn,5,Villa,India,Private Pool,Airbnb,StayVista at Misty Barn | Pet-Friendly 5BR,https://www.airbnb.co.in/rooms/858339005049944178
2584,Misty Barn,5,Villa,India,Private Pool,Booking.com,"Misty Barn - Oodsey by VEO, StayVista - 5BHK Pet-Friendly Mountain-View Villa",https://www.booking.com/hotel/in/stayvista-at-the-oodsey-house.html
2584,Misty Barn,5,Villa,India,Private Pool,MakeMyTrip,Misty Barn by VEO - Part of StayVista,https://www.makemytrip.com/hotels/hotel-details/?hotelId=202303301633014338&_uCurrency=INR&checkin=11252025&checkout=11262025&city=CTAGR&country=IN&funnelType=getaway&lat=27.16779&lng=78.04893&locusId=ZNDEL67F7E280&locusType=zone&rank=1&roomStayQualifier=2e0e&seekSummaryRequired=false&viewType=LUXE&mtkeys=defaultMtkey
2449,Breezy Whispers,3,Villa,Igatpuri,Private Pool,Agoda,StayVista at Breezy Whispers,https://www.agoda.com/stayvista-at-breezy-whispers/hotel/nandgaon-bk-in.html
2449,Breezy Whispers,3,Villa,Igatpuri,Private Pool,Airbnb,3BR- Breezy Whispers w/ Pool in Igatpuri,https://www.airbnb.co.in/rooms/1298373001524658066
2449,Breezy Whispers,3,Villa,Igatpuri,Private Pool,Booking.com,StayVista's Breezy Whispers - Igatpuri - 3BHK Mountain-View Villa with Private Pool,https://www.booking.com/hotel/in/stayvista-at-breezy-whispers.html
2449,Breezy Whispers,3,Villa,Igatpuri,Private Pool,MakeMyTrip,StayVista at Breezy Whispers,https://www.makemytrip.com/hotels/hotel-details/?hotelId=202304051114367248&_uCurrency=INR&checkin=11252025&checkout=11262025&city=CTAGR&country=IN&funnelType=getaway&lat=27.16779&lng=78.04893&locusId=ZNDEL67F7E280&locusType=zone&rank=1&roomStayQualifier=2e0e&seekSummaryRequired=false&viewType=LUXE&mtkeys=defaultMtkey
2525,Oceanic Sunsets,5,Villa,Goa,Infinity Pool,Agoda,StayVista at Oceanic Sunsets,https://www.agoda.com/en-in/stayvista-at-oceanic-sunsets/hotel/goa-in.html
2525,Oceanic Sunsets,5,Villa,Goa,Infinity Pool,Airbnb,5BR|Luxe Pool Retreat|StayVista|Oceanic Sunset@Goa,https://www.airbnb.co.in/rooms/861339995083375798
2525,Oceanic Sunsets,5,Villa,Goa,Infinity Pool,Booking.com,Oceanic Sunsets - Reis Magos by StayVista - 5BHK Villa with Infinity Pool & Bar,https://www.booking.com/hotel/in/stayvista-at-oceanic-sunsets.html
2525,Oceanic Sunsets,5,Villa,Goa,Infinity Pool,MakeMyTrip,StayVista at Oceanic Sunsets,https://www.makemytrip.com/hotels/hotel-details/?hotelId=202304031628243637&_uCurrency=INR&checkin=11252025&checkout=11262025&city=CTAGR&country=IN&funnelType=getaway&lat=27.16779&lng=78.04893&locusId=ZNDEL67F7E280&locusType=zone&rank=1&roomStayQualifier=2e0e&seekSummaryRequired=false&viewType=LUXE&mtkeys=defaultMtkey
2524,Isabella The Beach View,10,Villa,Goa,Pool,Agoda,"StayVista at Isabella The Beach View with Pvt Gym, Game Room & Pool",https://www.agoda.com/stayvista-at-isabella/hotel/south-goa-in.html
2524,Isabella The Beach View,10,Villa,Goa,Pool,Airbnb,10BR|PvtPool+Cinema|StayVista Isabella–Siridao@Goa,https://www.airbnb.co.in/rooms/822955453202118083
2524,Isabella The Beach View,10,Villa,Goa,Pool,Booking.com,StayVista's Isabella - Siridao - 10BHK Beach-View Villa with Home Theatre,https://www.booking.com/hotel/in/stayvista-at-isabella.html
2524,Isabella The Beach View,10,Villa,Goa,Pool,MakeMyTrip,StayVista at Isabella,https://www.makemytrip.com/hotels/hotel-details/?hotelId=202304071430587773&_uCurrency=INR&checkin=11252025&checkout=11262025&city=CTAGR&country=IN&funnelType=getaway&lat=27.16779&lng=78.04893&locusId=ZNDEL67F7E280&locusType=zone&rank=1&roomStayQualifier=2e0e&seekSummaryRequired=false&viewType=LUXE&mtkeys=defaultMtkey
2528,Natures Odyssey,4,Villa,Karjat,"Pool, Jacuzzi, Lawn",Agoda,Natures Odyssey by StayVista,https://www.agoda.com/stayvista-at-nature-s-odyssey/hotel/karjat-in.html
2528,Natures Odyssey,4,Villa,Karjat,"Pool, Jacuzzi, Lawn",Airbnb,"Nature's Odyssey | Pool, Lawn, Jacuzzi @ StayVista",https://www.airbnb.co.in/rooms/863411154634194510
2528,Natures Odyssey,4,Villa,Karjat,"Pool, Jacuzzi, Lawn",Booking.com,StayVista's Nature's Odyssey - 4BHK Pet-Friendly Villa with Jacuzzi,https://www.booking.com/hotel/in/stayvista-at-natures-odyssey.html
2528,Natures Odyssey,4,Villa,Karjat,"Pool, Jacuzzi, Lawn",MakeMyTrip,StayVista at Natures Odyssey,https://www.makemytrip.com/hotels/hotel-details/?hotelId=202304061307111334&_uCurrency=INR&checkin=11252025&checkout=11262025&city=CTAGR&country=IN&funnelType=getaway&lat=27.16779&lng=78.04893&locusId=ZNDEL67F7E280&locusType=zone&rank=1&roomStayQualifier=2e0e&seekSummaryRequired=false&viewType=LUXE&mtkeys=defaultMtkey
2501,The Francolin Farm,5,Villa,India,"Infinity Pool, Jacuzzi",Agoda,StayVista at The Francolin Farm with Pool &Jacuzzi,https://www.agoda.com/stayvista-at-the-francolin-farm/hotel/new-delhi-and-ncr-in.html?hotel_id=38664796
2501,The Francolin Farm,5,Villa,India,"Infinity Pool, Jacuzzi",Airbnb,"Francolin Farms 5BR Pool Villa, Sohna",https://www.airbnb.co.in/rooms/1214372490388818938
2501,The Francolin Farm,5,Villa,India,"Infinity Pool, Jacuzzi",Booking.com,StayVista's Francolin Farmstay - Sohna - 5BHK with Infinity Pool & Jacuzzi,https://www.booking.com/hotel/in/stayvista-at-the-francolin-farm.html
2501,The Francolin Farm,5,Villa,India,"Infinity Pool, Jacuzzi",MakeMyTrip,StayVista at Francolin Farm,https://www.makemytrip.com/hotels/hotel-details/?hotelId=202304081349164403&_uCurrency=INR&checkin=11252025&checkout=11262025&city=CTAGR&country=IN&funnelType=getaway&lat=27.16779&lng=78.04893&locusId=ZNDEL67F7E280&locusType=zone&rank=1&roomStayQualifier=2e0e&seekSummaryRequired=false&viewType=LUXE&mtkeys=defaultMtkey
2576,Hillside Meadows,4,Villa,Karjat,"Private Pool, Lawn, Gazebo",Agoda,StayVista's Hillside Meadows,https://www.agoda.com/en-in/stayvista-at-hillside-meadows/hotel/karjat-in.html
2576,Hillside Meadows,4,Villa,Karjat,"Private Pool, Lawn, Gazebo",Airbnb,Hillside Meadows - 4BHK w/Pool & Lawn - StayVista,https://www.airbnb.co.in/rooms/873576484515493417
2576,Hillside Meadows,4,Villa,Karjat,"Private Pool, Lawn, Gazebo",Booking.com,Hillside Meadows by StayVista - 4BHK Villa with Private Pool & Gazebo,https://www.booking.com/hotel/in/stayvista-at-hillside-meadows.html
2576,Hillside Meadows,4,Villa,Karjat,"Private Pool, Lawn, Gazebo",MakeMyTrip,StayVista at Hillside Meadows,https://www.makemytrip.com/hotels/hotel-details/?hotelId=202304211132289543&_uCurrency=INR&checkin=11252025&checkout=11262025&city=CTAGR&country=IN&funnelType=getaway&lat=27.16779&lng=78.04893&locusId=ZNDEL67F7E280&locusType=zone&rank=1&roomStayQualifier=2e0e&seekSummaryRequired=false&viewType=LUXE&mtkeys=defaultMtkey
2630,Capri,5,Villa,India,"Pool, Mountain View",Agoda,"Villa Capri by StayVista - Featuring a swimming pool, mountain view, snooker table, and a relaxing j",https://www.agoda.com/stayvista-at-villa-capri/hotel/pezari-in.html
2630,Capri,5,Villa,India,"Pool, Mountain View",Airbnb,"Luxury Villa Capri W/ Pool, Games & Pet-friendly",https://www.airbnb.co.in/rooms/1549891802802692706
2630,Capri,5,Villa,India,"Pool, Mountain View",Booking.com,StayVista's Villa Capri - 5BHK with Pet Friendly & Heated Pool,https://www.booking.com/hotel/in/stayvista-at-villa-capri.html
2630,Capri,5,Villa,India,"Pool, Mountain View",MakeMyTrip,StayVista at Villa Capri,https://www.makemytrip.com/hotels/hotel-details/?hotelId=202304211651523158&_uCurrency=INR&checkin=11252025&checkout=11262025&city=CTAGR&country=IN&funnelType=getaway&lat=27.16779&lng=78.04893&locusId=ZNDEL67F7E280&locusType=zone&rank=1&roomStayQualifier=2e0e&seekSummaryRequired=false&viewType=LUXE&mtkeys=defaultMtkey
547,The Leaf,5,Villa,India,"Private Pool, Lawn",Agoda,"The Leaf by StayVista - An enchanting escape offering a pool, terrace, lush lawn, contemporary inter",https://www.agoda.com/en-in/the-leaf-by-stayvista-an-enchanting-escape-offering-a-pool-terrace-lush-lawn-contemporary-inter-h39398458/hotel/pezari-in.html
547,The Leaf,5,Villa,India,"Private Pool, Lawn",Airbnb,StayVista @ The Leaf Lux w/Pool & Games,https://www.airbnb.co.in/rooms/651777734611765490
547,The Leaf,5,Villa,India,"Private Pool, Lawn",Booking.com,The Leaf by StayVista - 5BHK Pet-Friendly Villa with Private Pool,https://www.booking.com/hotel/in/the-leaf-by-vista-rooms.html
547,The Leaf,5,Villa,India,"Private Pool, Lawn",MakeMyTrip,StayVista at The Leaf,https://www.makemytrip.com/hotels/hotel-details/?hotelId=202308160812279409&_uCurrency=INR&checkin=11252025&checkout=11262025&city=CTAGR&country=IN&funnelType=getaway&lat=27.16779&lng=78.04893&locusId=ZNDEL67F7E280&locusType=zone&rank=1&roomStayQualifier=2e0e&seekSummaryRequired=false&viewType=LUXE&mtkeys=defaultMtkey
2648,Ivory Hill,3,Villa,Coorg,Private Pool,Agoda,StayVista at Ivory Hill,https://www.agoda.com/stayvista-at-ivory-hill-h39420096/hotel/coorg-in.html?hotel_id=39420096
2648,Ivory Hill,3,Villa,Coorg,Private Pool,Airbnb,3BR|Balcony+Views|StayVista| Ivory Hill @Karnataka,https://www.airbnb.co.in/rooms/879982358415684848
2648,Ivory Hill,3,Villa,Coorg,Private Pool,Booking.com,"Ivory Hill - Madikeri by VEO, StayVista - 3BHK Villa with Garden",https://www.booking.com/hotel/in/stayvista-at-ivory-hill-coorg.html
2648,Ivory Hill,3,Villa,Coorg,Private Pool,MakeMyTrip,StayVista at Ivory Hill,https://www.makemytrip.com/hotels/hotel-details/?hotelId=202304291534223721&_uCurrency=INR&checkin=11252025&checkout=11262025&city=CTAGR&country=IN&funnelType=getaway&lat=27.16779&lng=78.04893&locusId=ZNDEL67F7E280&locusType=zone&rank=1&roomStayQualifier=2e0e&seekSummaryRequired=false&viewType=LUXE&mtkeys=defaultMtkey
2643,Farmhouse Retreat,3,Villa,Nashik,Private Pool,Agoda,StayVista at Farmhouse Retreat,https://www.agoda.com/en-in/stayvista-at-farmhouse-retreat/hotel/girnare-in.html
2643,Farmhouse Retreat,3,Villa,Nashik,Private Pool,Airbnb,3BR Pool Gem | StayVista Farmhouse Retreat @Nashik,https://www.airbnb.co.in/rooms/880208671653812744
2643,Farmhouse Retreat,3,Villa,Nashik,Private Pool,Booking.com,StayVista's Farmhouse Retreat - 3BHK Pet-Friendly Villa with Private Pool,https://www.booking.com/hotel/in/stayvista-at-farmhouse-retreat.html
2643,Farmhouse Retreat,3,Villa,Nashik,Private Pool,MakeMyTrip,StayVista at  Farmhouse Retreat,https://www.makemytrip.com/hotels/hotel-details/?hotelId=202305251618117672&_uCurrency=INR&checkin=11252025&checkout=11262025&city=CTAGR&country=IN&funnelType=getaway&lat=27.16779&lng=78.04893&locusId=ZNDEL67F7E280&locusType=zone&rank=1&roomStayQualifier=2e0e&seekSummaryRequired=false&viewType=LUXE&mtkeys=defaultMtkey
2631,Hilldale,4,Villa,Mahabaleshwar,"Pool, BBQ",Agoda,StayVista at Hilldale,https://www.agoda.com/stayvista-at-hilldale/hotel/mahabaleshwar-in.html
2631,Hilldale,4,Villa,Mahabaleshwar,"Pool, BBQ",Airbnb,4BR |Pool+BBQ/w Outdoor|StayVista| Hilldale @ Pune,https://www.airbnb.co.in/rooms/1567044597434091005
2631,Hilldale,4,Villa,Mahabaleshwar,"Pool, BBQ",Booking.com,StayVista's Hilldale - 4BHK Mountain-View Villa with Home Theatre,https://www.booking.com/hotel/in/stayvista-at-hilldale.html
2631,Hilldale,4,Villa,Mahabaleshwar,"Pool, BBQ",MakeMyTrip,StayVista at Hilldale w/ Outdoor Pool,https://www.makemytrip.com/hotels/hotel-details/?hotelId=202512030950225873&_uCurrency=INR&checkin=11252025&checkout=11262025&city=CTAGR&country=IN&funnelType=getaway&lat=27.16779&lng=78.04893&locusId=ZNDEL67F7E280&locusType=zone&rank=1&roomStayQualifier=2e0e&seekSummaryRequired=false&viewType=LUXE&mtkeys=defaultMtkey
2599,Rolling Hills,4,Villa,India,"Pool, Lawn, Gazebo",Agoda,StayVista at Rolling Hills with Swimming Pool,https://www.agoda.com/en-in/stayvista-at-rolling-hills/hotel/seti-majhgaon-in.html?hotel_id=39565345
2599,Rolling Hills,4,Villa,India,"Pool, Lawn, Gazebo",Airbnb,"4BR Rolling Hills w/Pvt Pool, Lawn & Wifi",https://www.airbnb.co.in/rooms/887393549156944051
2599,Rolling Hills,4,Villa,India,"Pool, Lawn, Gazebo",Booking.com,"Rolling Hills by VEO, StayVista - 4BHK Forest-View Villa with Pet Friendly & Gazebo",https://www.booking.com/hotel/in/stayvista-at-rolling-hills.html
2599,Rolling Hills,4,Villa,India,"Pool, Lawn, Gazebo",MakeMyTrip,StayVista at Rolling Hills,https://www.makemytrip.com/hotels/hotel-details/?hotelId=202305111126219713&_uCurrency=INR&checkin=11252025&checkout=11262025&city=CTAGR&country=IN&funnelType=getaway&lat=27.16779&lng=78.04893&locusId=ZNDEL67F7E280&locusType=zone&rank=1&roomStayQualifier=2e0e&seekSummaryRequired=false&viewType=LUXE&mtkeys=defaultMtkey
2583,Pink Palace,3,Villa,Ooty,Private Pool,Agoda,StayVista at Pink Palace,https://www.agoda.com/stayvista-at-pink-palace/hotel/ooty-in.html
2583,Pink Palace,3,Villa,Ooty,Private Pool,Airbnb,StayVista at Pink Palace | Hillview 3BHK Ooty,https://www.airbnb.co.in/rooms/1527331947781492226
2583,Pink Palace,3,Villa,Ooty,Private Pool,Booking.com,StayVista's Pink Palace - 3BHK Villa with Garden & Terrace,https://www.booking.com/hotel/in/stayvista-at-pink-palace.html
2583,Pink Palace,3,Villa,Ooty,Private Pool,MakeMyTrip,StayVista at Pink Palace,https://www.makemytrip.com/hotels/hotel-details/?hotelId=202305151437354978&_uCurrency=INR&checkin=11252025&checkout=11262025&city=CTAGR&country=IN&funnelType=getaway&lat=27.16779&lng=78.04893&locusId=ZNDEL67F7E280&locusType=zone&rank=1&roomStayQualifier=2e0e&seekSummaryRequired=false&viewType=LUXE&mtkeys=defaultMtkey
2641,Peacocks & Partridges,3,Villa,India,Lawn,Agoda,StayVista at Peacocks & Partridges,https://www.agoda.com/en-in/stayvista-at-peacocks-partridges/hotel/hoshiarpur-in.html
2641,Peacocks & Partridges,3,Villa,India,Lawn,Airbnb,StayVista Peacocks & Partridges | Lawn+WiFi,https://www.airbnb.co.in/rooms/1552652526606618659
2641,Peacocks & Partridges,3,Villa,India,Lawn,Booking.com,Peacocks & Partridges by StayVista - 3BHK Villa with Home Theatre & Sauna,https://www.booking.com/hotel/in/stayvista-at-peacocks-amp-partridges.html
2641,Peacocks & Partridges,3,Villa,India,Lawn,MakeMyTrip,StayVista at Peacocks & Partridges,https://www.makemytrip.com/hotels/hotel-details/?hotelId=202305121727586027&_uCurrency=INR&checkin=11252025&checkout=11262025&city=CTAGR&country=IN&funnelType=getaway&lat=27.16779&lng=78.04893&locusId=ZNDEL67F7E280&locusType=zone&rank=1&roomStayQualifier=2e0e&seekSummaryRequired=false&viewType=LUXE&mtkeys=defaultMtkey
2682,Pinewood  near Srinagar Airport,4,Villa,Srinagar,Pool,Agoda,StayVista at Pinewood Villa near Srinagar Airport,https://www.agoda.com/search?text=StayVista%20Pinewood%20near%20Srinagar%20Airport%20Srinagar
2682,Pinewood  near Srinagar Airport,4,Villa,Srinagar,Pool,Airbnb,StayVista at Pinewood Villa near Srinagar Airport,https://www.airbnb.co.in/rooms/893843110619416896
2682,Pinewood  near Srinagar Airport,4,Villa,Srinagar,Pool,Booking.com,StayVista's Pinewood Villa - 4BHK with Pool Table & Pet Friendly,https://www.booking.com/hotel/in/stayvista-at-pinewood-villa.html
2682,Pinewood  near Srinagar Airport,4,Villa,Srinagar,Pool,MakeMyTrip,StayVista at Pinewood Villa near Srinagar Airport,https://www.makemytrip.com/hotels/hotel-details/?hotelId=202305251744067653&_uCurrency=INR&checkin=11252025&checkout=11262025&city=CTAGR&country=IN&funnelType=getaway&lat=27.16779&lng=78.04893&locusId=ZNDEL67F7E280&locusType=zone&rank=1&roomStayQualifier=2e0e&seekSummaryRequired=false&viewType=LUXE&mtkeys=defaultMtkey
2707,Casa Boho,4,Villa,Nashik,"Infinity Pool, Private Pool, BBQ",Agoda,StayVista at Casa Boho,https://www.agoda.com/en-in/casa-boho-by-stayvista-contemporary-design-farm-view-swimming-pool-indoor-games-for-a-chic-ret/hotel/nashik-in.html
2707,Casa Boho,4,Villa,Nashik,"Infinity Pool, Private Pool, BBQ",Airbnb,"StayVista at Casa Boho w/ Infinity Pool, WiFi, BBQ",https://www.airbnb.co.in/rooms/907692862221015063
2707,Casa Boho,4,Villa,Nashik,"Infinity Pool, Private Pool, BBQ",Booking.com,Casa Boho by StayVista - 4BHK Pet-Friendly Villa with Infinity Pool & Private Pool,https://www.booking.com/hotel/in/stayvista-at-casa-boho.html
2707,Casa Boho,4,Villa,Nashik,"Infinity Pool, Private Pool, BBQ",MakeMyTrip,StayVista at Casa Boho,https://www.makemytrip.com/hotels/hotel-details/?hotelId=202306060943383657&_uCurrency=INR&checkin=11252025&checkout=11262025&city=CTAGR&country=IN&funnelType=getaway&lat=27.16779&lng=78.04893&locusId=ZNDEL67F7E280&locusType=zone&rank=1&roomStayQualifier=2e0e&seekSummaryRequired=false&viewType=LUXE&mtkeys=defaultMtkey
2451,Pearl Lakeview Mansion,5,Villa,Nashik,"Infinity Pool, Lake View",Agoda,StayVista at Pearl Lakeview Mansion,https://www.agoda.com/stayvista-at-pearl-lakeview-mansion/hotel/shevgedang-in.html
2451,Pearl Lakeview Mansion,5,Villa,Nashik,"Infinity Pool, Lake View",Airbnb,5BR|Pool|StayVista |Pearl Lakeview Mansion@Nashik,https://www.airbnb.co.in/rooms/1299828274288693577
2451,Pearl Lakeview Mansion,5,Villa,Nashik,"Infinity Pool, Lake View",Booking.com,StayVista's Pearl Lakeview Mansion - 5BHK Lake-View Villa with Infinity Pool,https://www.booking.com/hotel/in/stayvista-at-pearl-lakeview-mansion.html
2451,Pearl Lakeview Mansion,5,Villa,Nashik,"Infinity Pool, Lake View",MakeMyTrip,StayVista at Pearl Lakeview Mansion,https://www.makemytrip.com/hotels/hotel-details/?hotelId=202306060915248137&_uCurrency=INR&checkin=11252025&checkout=11262025&city=CTAGR&country=IN&funnelType=getaway&lat=27.16779&lng=78.04893&locusId=ZNDEL67F7E280&locusType=zone&rank=1&roomStayQualifier=2e0e&seekSummaryRequired=false&viewType=LUXE&mtkeys=defaultMtkey
2638,The Barn,5,Villa,Lonavala,Jacuzzi,Agoda,StayVista at The Barn,https://www.agoda.com/stayvista-at-villa-109-at-canary-farms/hotel/lonavala-in.html
2638,The Barn,5,Villa,Lonavala,Jacuzzi,Airbnb,"StayVista at The Barn @ Canary Farms, Lonavala",https://www.airbnb.co.in/rooms/1728821592417876281
2638,The Barn,5,Villa,Lonavala,Jacuzzi,Booking.com,The Barn by StayVista - 5BHK Villa with Home Theatre & Jacuzzi,https://www.booking.com/hotel/in/stayvista-at-villa-109-at-canary-farms.html
2638,The Barn,5,Villa,Lonavala,Jacuzzi,MakeMyTrip,StayVista at The Barn,https://www.makemytrip.com/hotels/hotel-details/?hotelId=202306051738573004&_uCurrency=INR&checkin=11252025&checkout=11262025&city=CTAGR&country=IN&funnelType=getaway&lat=27.16779&lng=78.04893&locusId=ZNDEL67F7E280&locusType=zone&rank=1&roomStayQualifier=2e0e&seekSummaryRequired=false&viewType=LUXE&mtkeys=defaultMtkey
2736,Kismet,4,Villa,Goa,"Pool, Lawn",Agoda,StayVista at Kismet Villa,https://www.agoda.com/stayvista-at-kismet-villa/hotel/goa-in.html
2736,Kismet,4,Villa,Goa,"Pool, Lawn",Airbnb,4BR |Pvt Pool+Lawn|StayVista| Kismet Villa @Moira,https://www.airbnb.co.in/rooms/922957678575809098
2736,Kismet,4,Villa,Goa,"Pool, Lawn",Booking.com,StayVista's Kismet Villa - Moira - 4BHK with Home Theatre & Bar,https://www.booking.com/hotel/in/stayvista-at-kismet-villa.html
2736,Kismet,4,Villa,Goa,"Pool, Lawn",MakeMyTrip,StayVista at Kismet Villa,https://www.makemytrip.com/hotels/hotel-details/?hotelId=202306281841589334&_uCurrency=INR&checkin=11252025&checkout=11262025&city=CTAGR&country=IN&funnelType=getaway&lat=27.16779&lng=78.04893&locusId=ZNDEL67F7E280&locusType=zone&rank=1&roomStayQualifier=2e0e&seekSummaryRequired=false&viewType=LUXE&mtkeys=defaultMtkey
647,Lakeside Summers,5,Villa,Nashik,Private Pool,Agoda,Lakeside Summers by VEO - Part of StayVista,https://www.agoda.com/en-in/stayvista-at-lakeside-summers/hotel/trimbak-in.html
647,Lakeside Summers,5,Villa,Nashik,Private Pool,Airbnb,5BR-Lakeside Summers-w/pool and farm view-Nashik,https://www.airbnb.co.in/rooms/762110660620435476
647,Lakeside Summers,5,Villa,Nashik,Private Pool,Booking.com,"Lakeside Summers by VEO, StayVista - 5BHK Mountain-View Villa with Private Pool",https://www.booking.com/hotel/in/meluha-villa-by-vista-rooms.html
647,Lakeside Summers,5,Villa,Nashik,Private Pool,MakeMyTrip,StayVista at Lakeside Summers,https://www.makemytrip.com/hotels/hotel-details/?hotelId=201909201800091074&_uCurrency=INR&checkin=11252025&checkout=11262025&city=CTAGR&country=IN&funnelType=getaway&lat=27.16779&lng=78.04893&locusId=ZNDEL67F7E280&locusType=zone&rank=1&roomStayQualifier=2e0e&seekSummaryRequired=false&viewType=LUXE&mtkeys=defaultMtkey
2712,The Glasscape,2,Villa,Nashik,Private Pool,Agoda,StayVista at The Glasscape,https://www.agoda.com/stayvista-at-the-glasscape/hotel/khambale-in.html?hotel_id=41775817
2712,The Glasscape,2,Villa,Nashik,Private Pool,Airbnb,2BR|Hill Views+Pool|StayVista|The Glasscape@Trambk,https://www.airbnb.co.in/rooms/925483993653429605
2712,The Glasscape,2,Villa,Nashik,Private Pool,Booking.com,The Glasscape by StayVista - 2BHK Pet-Friendly Villa with Private Pool,https://www.booking.com/hotel/in/stayvista-at-the-glasscape-nashik.html
2712,The Glasscape,2,Villa,Nashik,Private Pool,MakeMyTrip,StayVista at The Glasscape,https://www.makemytrip.com/hotels/hotel-details/?hotelId=202307010625517610&_uCurrency=INR&checkin=11252025&checkout=11262025&city=CTAGR&country=IN&funnelType=getaway&lat=27.16779&lng=78.04893&locusId=ZNDEL67F7E280&locusType=zone&rank=1&roomStayQualifier=2e0e&seekSummaryRequired=false&viewType=LUXE&mtkeys=defaultMtkey
2718,Odessa Enclave,5,Villa,India,Pool,Agoda,StayVista at Odessa Enclave,https://www.agoda.com/en-in/stayvista-at-odessa-enclave/hotel/malavli-in.html
2718,Odessa Enclave,5,Villa,India,Pool,Airbnb,Odessa Enclave – Pool & Wi-Fi Luxury Stay,https://www.airbnb.co.in/rooms/1309019590540012135
2718,Odessa Enclave,5,Villa,India,Pool,Booking.com,StayVista's Odessa Enclave - 5BHK Villa with Pool Table & Viewing Deck,https://www.booking.com/hotel/in/stayvista-at-odessa-enclave.html
2718,Odessa Enclave,5,Villa,India,Pool,MakeMyTrip,StayVista at Odessa Enclave,https://www.makemytrip.com/hotels/hotel-details/?hotelId=202307041738007156&_uCurrency=INR&checkin=11252025&checkout=11262025&city=CTAGR&country=IN&funnelType=getaway&lat=27.16779&lng=78.04893&locusId=ZNDEL67F7E280&locusType=zone&rank=1&roomStayQualifier=2e0e&seekSummaryRequired=false&viewType=LUXE&mtkeys=defaultMtkey
2737,The Barn,3,House,India,Private Pool,Agoda,StayVista at The Barn House,https://www.agoda.com/en-in/stayvista-at-the-barn-house/hotel/panchkula-in.html
2737,The Barn,3,House,India,Private Pool,Airbnb,3BR|Pool Retreat|StayVista|The Barn House@Himachal,https://www.airbnb.co.in/rooms/929379439554365598
2737,The Barn,3,House,India,Private Pool,Booking.com,The Barn House by StayVista - 3BHK with Bar & Private Pool,https://www.booking.com/hotel/in/stayvista-at-the-barn-house.html
2737,The Barn,3,House,India,Private Pool,MakeMyTrip,StayVista at The Barn House,https://www.makemytrip.com/hotels/hotel-details/?hotelId=202307061608304575&_uCurrency=INR&checkin=11252025&checkout=11262025&city=CTAGR&country=IN&funnelType=getaway&lat=27.16779&lng=78.04893&locusId=ZNDEL67F7E280&locusType=zone&rank=1&roomStayQualifier=2e0e&seekSummaryRequired=false&viewType=LUXE&mtkeys=defaultMtkey
2796,Basalt,5,Villa,Lonavala,Infinity Pool,Agoda,StayVista at Basalt,https://www.agoda.com/stayvista-at-basalt-hillside-farmstay/hotel/lonavala-in.html?hotel_id=44053997
2796,Basalt,5,Villa,Lonavala,Infinity Pool,Airbnb,Basalt - 5 BHK Villa - W/Infinitty Pool - Karjat,https://www.airbnb.co.in/rooms/1145517443218309359
2796,Basalt,5,Villa,Lonavala,Infinity Pool,Booking.com,StayVista's Basalt - 5BHK Pet-Friendly Villa with Infinity Pool,https://www.booking.com/hotel/in/stayvista-at-basalt-hillside-farmstay.html
2796,Basalt,5,Villa,Lonavala,Infinity Pool,MakeMyTrip,StayVista at Basalt,https://www.makemytrip.com/hotels/hotel-details/?hotelId=202308011135244092&_uCurrency=INR&checkin=11252025&checkout=11262025&city=CTAGR&country=IN&funnelType=getaway&lat=27.16779&lng=78.04893&locusId=ZNDEL67F7E280&locusType=zone&rank=1&roomStayQualifier=2e0e&seekSummaryRequired=false&viewType=LUXE&mtkeys=defaultMtkey
2709,Sereno,5,Villa,Alibaug,Jacuzzi,Agoda,StayVista at Villa Sereno,https://www.agoda.com/stayvista-at-villa-sereno/hotel/alibaug-in.html
2709,Sereno,5,Villa,Alibaug,Jacuzzi,Airbnb,5BR|Sea View+Games| Villa Sereno@Alibaug,https://www.airbnb.co.in/rooms/948271139345197162
2709,Sereno,5,Villa,Alibaug,Jacuzzi,Booking.com,StayVista's Villa Sereno - 5BHK Near Revdanda Beach with Jacuzzi,https://www.booking.com/hotel/in/stayvista-at-villa-sereno.html
2709,Sereno,5,Villa,Alibaug,Jacuzzi,MakeMyTrip,StayVista at Villa Sereno,https://www.makemytrip.com/hotels/hotel-details/?hotelId=202308011141502567&_uCurrency=INR&checkin=11252025&checkout=11262025&city=CTAGR&country=IN&funnelType=getaway&lat=27.16779&lng=78.04893&locusId=ZNDEL67F7E280&locusType=zone&rank=1&roomStayQualifier=2e0e&seekSummaryRequired=false&viewType=LUXE&mtkeys=defaultMtkey
2790,Mystic Nest,4,Villa,India,Private Pool,Agoda,Mystic Nest by VEO - Part of StayVista,https://www.agoda.com/stayvista-at-mystic-nest/hotel/gangtok-in.html
2790,Mystic Nest,4,Villa,India,Private Pool,Airbnb,4BR | ViewBalcony |StayVista | Mystic Nest@Gangtok,https://www.airbnb.co.in/rooms/948178915755609622
2790,Mystic Nest,4,Villa,India,Private Pool,Booking.com,"Mystic Nest by VEO, StayVista - 4BHK Hill-View Villa",https://www.booking.com/hotel/in/stayvista-at-mystic-nest.html
2790,Mystic Nest,4,Villa,India,Private Pool,MakeMyTrip,Mystic Nest by VEO - Part of StayVista,https://www.makemytrip.com/hotels/hotel-details/?hotelId=202308011101255429&_uCurrency=INR&checkin=11252025&checkout=11262025&city=CTAGR&country=IN&funnelType=getaway&lat=27.16779&lng=78.04893&locusId=ZNDEL67F7E280&locusType=zone&rank=1&roomStayQualifier=2e0e&seekSummaryRequired=false&viewType=LUXE&mtkeys=defaultMtkey
2746,Cargo Haus,2,Villa,India,Private Pool,Agoda,StayVista at Cargo Haus,https://www.agoda.com/stayvista-at-cargo-haus/hotel/bangalore-in.html
2746,Cargo Haus,2,Villa,India,Private Pool,Airbnb,2BR Chic Escape|StayVista |Cargo Haus @ Bengaluru,https://www.airbnb.co.in/rooms/951161323775647436
2746,Cargo Haus,2,Villa,India,Private Pool,Booking.com,Cargo Haus by StayVista - 2BHK Villa with Bar & Pet Friendly,https://www.booking.com/hotel/in/stayvista-at-cargo-haus.html
2746,Cargo Haus,2,Villa,India,Private Pool,MakeMyTrip,StayVista at Cargo Haus,https://www.makemytrip.com/hotels/hotel-details/?hotelId=202308031650164525&_uCurrency=INR&checkin=11252025&checkout=11262025&city=CTAGR&country=IN&funnelType=getaway&lat=27.16779&lng=78.04893&locusId=ZNDEL67F7E280&locusType=zone&rank=1&roomStayQualifier=2e0e&seekSummaryRequired=false&viewType=LUXE&mtkeys=defaultMtkey
2744,Gulmohar Gardens,6,Villa,Lonavala,"Private Pool, BBQ",Agoda,StayVista's Gulmohar Gardens,https://www.agoda.com/stayvista-at-gulmohar-gardens/hotel/malavli-in.html
2744,Gulmohar Gardens,6,Villa,Lonavala,"Private Pool, BBQ",Airbnb,"6BHK w/Pool & BBQ | Gulmohar Gardens, Lonavala",https://www.airbnb.co.in/rooms/1225029213056817713
2744,Gulmohar Gardens,6,Villa,Lonavala,"Private Pool, BBQ",Booking.com,Gulmohar Gardens by StayVista - 6BHK Villa with Bar & Private Pool,https://www.booking.com/hotel/in/stayvista-at-gulmohar-gardens.html
2744,Gulmohar Gardens,6,Villa,Lonavala,"Private Pool, BBQ",MakeMyTrip,StayVista at Gulmohar Gardens,https://www.makemytrip.com/hotels/hotel-details/?hotelId=202308041812196469&_uCurrency=INR&checkin=11252025&checkout=11262025&city=CTAGR&country=IN&funnelType=getaway&lat=27.16779&lng=78.04893&locusId=ZNDEL67F7E280&locusType=zone&rank=1&roomStayQualifier=2e0e&seekSummaryRequired=false&viewType=LUXE&mtkeys=defaultMtkey
2785,Elaris,6,Villa,Jaipur,"Private Pool, Lawn, Bonfire",Agoda,The Rose Gold by VEO - Part of StayVista,https://www.agoda.com/stayvista-at-the-rose-gold/hotel/jaipur-in.html
2785,Elaris,6,Villa,Jaipur,"Private Pool, Lawn, Bonfire",Airbnb,"StayVista at Elaris w/ Bonfire, Pool, Lawn",https://www.airbnb.co.in/rooms/953172942811348446
2785,Elaris,6,Villa,Jaipur,"Private Pool, Lawn, Bonfire",Booking.com,"Elaris by VEO, StayVista - 6BHK Villa with Private Pool & EV Station",https://www.booking.com/hotel/in/stayvista-at-the-rose-gold.html
2785,Elaris,6,Villa,Jaipur,"Private Pool, Lawn, Bonfire",MakeMyTrip,StayVista at Elaris,https://www.makemytrip.com/hotels/hotel-details/?hotelId=202308021621528311&_uCurrency=INR&checkin=11252025&checkout=11262025&city=CTAGR&country=IN&funnelType=getaway&lat=27.16779&lng=78.04893&locusId=ZNDEL67F7E280&locusType=zone&rank=1&roomStayQualifier=2e0e&seekSummaryRequired=false&viewType=LUXE&mtkeys=defaultMtkey
2798,Sylvara,7,Villa,Udaipur,"Pool, Jacuzzi",Agoda,StayVista at Sylvara,https://www.agoda.com/stayvista-at-tryst-with-valleys/hotel/udaipur-in.html
2798,Sylvara,7,Villa,Udaipur,"Pool, Jacuzzi",Airbnb,StayVista at Sylvara w/ Pool & Jacuzzi,https://www.airbnb.co.in/rooms/1483805477105977845
2798,Sylvara,7,Villa,Udaipur,"Pool, Jacuzzi",Booking.com,StayVista's Sylvara - 7BHK Villa with Jacuzzi & Bar,https://www.booking.com/hotel/in/stayvista-at-tryst-with-valleys.html
2798,Sylvara,7,Villa,Udaipur,"Pool, Jacuzzi",MakeMyTrip,StayVista at Sylvara,https://www.makemytrip.com/hotels/hotel-details/?hotelId=202308291401415975&_uCurrency=INR&checkin=11252025&checkout=11262025&city=CTAGR&country=IN&funnelType=getaway&lat=27.16779&lng=78.04893&locusId=ZNDEL67F7E280&locusType=zone&rank=1&roomStayQualifier=2e0e&seekSummaryRequired=false&viewType=LUXE&mtkeys=defaultMtkey
2835,Casa Ember,4,Villa,Lonavala,Private Pool,Agoda,StayVista at Casa Ember,https://www.agoda.com/en-in/stayvista-at-casa-ela-11/hotel/lonavala-in.html
2835,Casa Ember,4,Villa,Lonavala,Private Pool,Airbnb,StayVista at Casa Ember - 4 BHK w/ Private Pool,https://www.airbnb.co.in/rooms/1735246458904631451
2835,Casa Ember,4,Villa,Lonavala,Private Pool,Booking.com,StayVista's Casa Ember - 4BHK Villa with Pool Table & Private Pool,https://www.booking.com/hotel/in/stayvista-at-casa-ember.html
2835,Casa Ember,4,Villa,Lonavala,Private Pool,MakeMyTrip,StayVista at Casa Ember,https://www.makemytrip.com/hotels/hotel-details/?hotelId=202410040950384021&_uCurrency=INR&checkin=11252025&checkout=11262025&city=CTAGR&country=IN&funnelType=getaway&lat=27.16779&lng=78.04893&locusId=ZNDEL67F7E280&locusType=zone&rank=1&roomStayQualifier=2e0e&seekSummaryRequired=false&viewType=LUXE&mtkeys=defaultMtkey
2861,Suman Vatika,3,Villa,India,Private Pool,Agoda,StayVista at Suman Vatika,https://www.agoda.com/en-in/stayvista-at-suman-vatika/hotel/teliya-in.html
2861,Suman Vatika,3,Villa,India,Private Pool,Airbnb,3 BHK Homely Villa w/Pool close to Safari @ Pench,https://www.airbnb.co.in/rooms/973032311639221581
2861,Suman Vatika,3,Villa,India,Private Pool,Booking.com,"Suman Vatika by VEO, StayVista - 3BHK Pet-Friendly Villa with Bar & Private Pool",https://www.booking.com/hotel/in/stayvista-at-suman-vatika.html
2861,Suman Vatika,3,Villa,India,Private Pool,MakeMyTrip,StayVista at Suman Vatika,https://www.makemytrip.com/hotels/hotel-details/?hotelId=202309071612407740&_uCurrency=INR&checkin=11252025&checkout=11262025&city=CTAGR&country=IN&funnelType=getaway&lat=27.16779&lng=78.04893&locusId=ZNDEL67F7E280&locusType=zone&rank=1&roomStayQualifier=2e0e&seekSummaryRequired=false&viewType=LUXE&mtkeys=defaultMtkey
2895,Westwood,3,Villa,Nainital,"Lawn, Bonfire",Agoda,StayVista at Westwood Villa,https://www.agoda.com/en-gb/stayvista-at-westwood-villa/hotel/nainital-in.html?hotel_id=45251112
2895,Westwood,3,Villa,Nainital,"Lawn, Bonfire",Airbnb,"3BR Westwood Villa w/Lawn, Indoor Games & Wifi",https://www.airbnb.co.in/rooms/972154709697948335
2895,Westwood,3,Villa,Nainital,"Lawn, Bonfire",Booking.com,"Westwood Villa by VEO, StayVista - 3BHK with Bonfire & Lawn",https://www.booking.com/hotel/in/stayvista-at-westwood-villa.html
2895,Westwood,3,Villa,Nainital,"Lawn, Bonfire",MakeMyTrip,StayVista at Westwood Villa,https://www.makemytrip.com/hotels/hotel-details/?hotelId=202309071618399538&_uCurrency=INR&checkin=11252025&checkout=11262025&city=CTAGR&country=IN&funnelType=getaway&lat=27.16779&lng=78.04893&locusId=ZNDEL67F7E280&locusType=zone&rank=1&roomStayQualifier=2e0e&seekSummaryRequired=false&viewType=LUXE&mtkeys=defaultMtkey
2879,Little Heaven,3,Villa,Ooty,BBQ,Agoda,StayVista at Little Heaven with Breakfast,https://www.agoda.com/en-in/stayvista-at-little-heaven/hotel/ooty-in.html
2879,Little Heaven,3,Villa,Ooty,BBQ,Airbnb,3BR |Bkfst+MtnView |StayVista| Little Heaven @Ooty,https://www.airbnb.co.in/rooms/1557965156987001260
2879,Little Heaven,3,Villa,Ooty,BBQ,Booking.com,StayVista's Little Heaven - 3BHK Villa with BBQ,https://www.booking.com/hotel/in/stayvista-at-little-heaven.html
2879,Little Heaven,3,Villa,Ooty,BBQ,MakeMyTrip,StayVista at Little Heaven,https://www.makemytrip.com/hotels/hotel-details/?hotelId=202309061138583744&_uCurrency=INR&checkin=11252025&checkout=11262025&city=CTAGR&country=IN&funnelType=getaway&lat=27.16779&lng=78.04893&locusId=ZNDEL67F7E280&locusType=zone&rank=1&roomStayQualifier=2e0e&seekSummaryRequired=false&viewType=LUXE&mtkeys=defaultMtkey
2883,Sapphire Sands,7,Villa,Goa,"Pool, Jacuzzi",Agoda,StayVista at Sapphire Sands,https://www.agoda.com/en-in/stayvista-at-sapphire-sands/hotel/goa-in.html
2883,Sapphire Sands,7,Villa,Goa,"Pool, Jacuzzi",Airbnb,7BR|Pool+Jacuzzi|StayVista| Sapphire Sands @Siolim,https://www.airbnb.co.in/rooms/972847103884735554
2883,Sapphire Sands,7,Villa,Goa,"Pool, Jacuzzi",Booking.com,StayVista's Sapphire Sands - Siolim - 7BHK Villa with Jacuzzi & Bar,https://www.booking.com/hotel/in/stayvista-at-sapphire-sands.html
2883,Sapphire Sands,7,Villa,Goa,"Pool, Jacuzzi",MakeMyTrip,StayVista at Sapphire Sands,https://www.makemytrip.com/hotels/hotel-details/?hotelId=202309071622508519&_uCurrency=INR&checkin=11252025&checkout=11262025&city=CTAGR&country=IN&funnelType=getaway&lat=27.16779&lng=78.04893&locusId=ZNDEL67F7E280&locusType=zone&rank=1&roomStayQualifier=2e0e&seekSummaryRequired=false&viewType=LUXE&mtkeys=defaultMtkey
2836,Mokshah,6,Villa,Igatpuri,"Private Pool, Lawn",Agoda,StayVista's Mokshah,https://www.agoda.com/en-in/stayvista-at-mokshah-the-wellness-retreat/hotel/nandgaon-bk-in.html
2836,Mokshah,6,Villa,Igatpuri,"Private Pool, Lawn",Airbnb,6BR-Mokshah-w/pool lawn-Igatpuri,https://www.airbnb.co.in/rooms/972951187000348814
2836,Mokshah,6,Villa,Igatpuri,"Private Pool, Lawn",Booking.com,StayVista's Mokshah - 6BHK Villa with Bar & Private Pool,https://www.booking.com/hotel/in/stayvista-at-mokshah-the-wellness-retreat.html
2836,Mokshah,6,Villa,Igatpuri,"Private Pool, Lawn",MakeMyTrip,StayVista at Mokshah,https://www.makemytrip.com/hotels/hotel-details/?hotelId=202309071721494473&_uCurrency=INR&checkin=11252025&checkout=11262025&city=CTAGR&country=IN&funnelType=getaway&lat=27.16779&lng=78.04893&locusId=ZNDEL67F7E280&locusType=zone&rank=1&roomStayQualifier=2e0e&seekSummaryRequired=false&viewType=LUXE&mtkeys=defaultMtkey
2814,The Tree  by VEO,4,Villa,Jaipur,"Private Pool, Lawn",Agoda,The Tree House by VEO - Part of StayVista,https://www.agoda.com/en-in/stayvista-at-the-tree-house/hotel/jaipur-in.html
2814,The Tree  by VEO,4,Villa,Jaipur,"Private Pool, Lawn",Airbnb,Luxury 4BHK Villa w/Pool & Lawn city centre Jaipur,https://www.airbnb.co.in/rooms/973612202639577969
2814,The Tree  by VEO,4,Villa,Jaipur,"Private Pool, Lawn",Booking.com,"The Tree House by VEO, StayVista - 4BHK with Private Pool & EV Station",https://www.booking.com/hotel/in/stayvista-at-the-tree-house.html
2814,The Tree  by VEO,4,Villa,Jaipur,"Private Pool, Lawn",MakeMyTrip,The Tree House by VEO - Part of StayVista,https://www.makemytrip.com/hotels/hotel-details/?hotelId=202309071728142284&_uCurrency=INR&checkin=11252025&checkout=11262025&city=CTAGR&country=IN&funnelType=getaway&lat=27.16779&lng=78.04893&locusId=ZNDEL67F7E280&locusType=zone&rank=1&roomStayQualifier=2e0e&seekSummaryRequired=false&viewType=LUXE&mtkeys=defaultMtkey
2856,Serenity Farms,5,Villa,India,"Pool, Jacuzzi",Agoda,StayVista at Serenity Farms,https://www.agoda.com/stayvista-at-serenity-farms/hotel/new-delhi-and-ncr-in.html
2856,Serenity Farms,5,Villa,India,"Pool, Jacuzzi",Airbnb,Serenity Farms 5BR Pool Villa Near Westin Sohna,https://www.airbnb.co.in/rooms/984526328216804089
2856,Serenity Farms,5,Villa,India,"Pool, Jacuzzi",Booking.com,Serenity Farms by StayVista - 5BHK Villa with Home Theatre & Jacuzzi,https://www.booking.com/hotel/in/stayvista-at-serenity-farms.html
2856,Serenity Farms,5,Villa,India,"Pool, Jacuzzi",MakeMyTrip,StayVista at Serenity Farms,https://www.makemytrip.com/hotels/hotel-details/?hotelId=202309220027066665&_uCurrency=INR&checkin=11252025&checkout=11262025&city=CTAGR&country=IN&funnelType=getaway&lat=27.16779&lng=78.04893&locusId=ZNDEL67F7E280&locusType=zone&rank=1&roomStayQualifier=2e0e&seekSummaryRequired=false&viewType=LUXE&mtkeys=defaultMtkey
2880,Lumos Paradise,3,Villa,Karjat,"Pool, Lawn",Agoda,StayVista at Lumos Paradise,https://www.agoda.com/stayvista-at-lumos-paradise/hotel/karjat-in.html
2880,Lumos Paradise,3,Villa,Karjat,"Pool, Lawn",Airbnb,StayVista at Lumos Paradise w/ Pool & Lawn,https://www.airbnb.co.in/rooms/987970813601804876
2880,Lumos Paradise,3,Villa,Karjat,"Pool, Lawn",Booking.com,StayVista's Lumos Paradise - 3BHK Pet-Friendly Mountain-View Villa,https://www.booking.com/hotel/in/stayvista-at-lumos-paradise.html
2880,Lumos Paradise,3,Villa,Karjat,"Pool, Lawn",MakeMyTrip,StayVista at Lumos Paradise,https://www.makemytrip.com/hotels/hotel-details/?hotelId=202310051812034093&_uCurrency=INR&checkin=11252025&checkout=11262025&city=CTAGR&country=IN&funnelType=getaway&lat=27.16779&lng=78.04893&locusId=ZNDEL67F7E280&locusType=zone&rank=1&roomStayQualifier=2e0e&seekSummaryRequired=false&viewType=LUXE&mtkeys=defaultMtkey
2902,Stonera,5,Villa,Igatpuri,Private Pool,Agoda,Villa Stonera by StayVista,https://www.agoda.com/en-in/stayvista-at-villa-stonera/hotel/igatpuri-in.html
2902,Stonera,5,Villa,Igatpuri,Private Pool,Airbnb,StayVista at Villa Stonera | Indoor Pool & WiFi,https://www.airbnb.co.in/rooms/1520703688376829002
2902,Stonera,5,Villa,Igatpuri,Private Pool,Booking.com,StayVista's Villa Stonera - Igatpuri - 5BHK with Bar & Private Pool,https://www.booking.com/hotel/in/stayvista-at-villa-stonera.html
2902,Stonera,5,Villa,Igatpuri,Private Pool,MakeMyTrip,StayVista at Villa Stonera,https://www.makemytrip.com/hotels/hotel-details/?hotelId=202309251256529243&_uCurrency=INR&checkin=11252025&checkout=11262025&city=CTAGR&country=IN&funnelType=getaway&lat=27.16779&lng=78.04893&locusId=ZNDEL67F7E280&locusType=zone&rank=1&roomStayQualifier=2e0e&seekSummaryRequired=false&viewType=LUXE&mtkeys=defaultMtkey
2738,Estuaire,2,Villa,Ooty,Gazebo,Agoda,StayVista at Villa Estuaire with Bathtub,https://www.agoda.com/stayvista-at-villa-estuaire/hotel/biligeri-in.html
2738,Estuaire,2,Villa,Ooty,Gazebo,Airbnb,2BR|BF+Scenic|StayVista| Villa Estuaire @ Ooty Gem,https://www.airbnb.co.in/rooms/994596099196245979
2738,Estuaire,2,Villa,Ooty,Gazebo,Booking.com,"Villa Estuaire by VEO, StayVista - 2BHK with Bathtub & Gazebo",https://www.booking.com/hotel/in/stayvista-at-villa-estuaire.html
2738,Estuaire,2,Villa,Ooty,Gazebo,MakeMyTrip,StayVista at Villa Estuaire,https://www.makemytrip.com/hotels/hotel-details/?hotelId=202310051750346647&_uCurrency=INR&checkin=11252025&checkout=11262025&city=CTAGR&country=IN&funnelType=getaway&lat=27.16779&lng=78.04893&locusId=ZNDEL67F7E280&locusType=zone&rank=1&roomStayQualifier=2e0e&seekSummaryRequired=false&viewType=LUXE&mtkeys=defaultMtkey
2900,Rosso,6,Villa,Lonavala,Private Pool,Agoda,"StayVista's Rosso with Outdoor Pool, Theatre-Disc Room & Games Room",https://www.agoda.com/stayvista-at-rosso/hotel/lonavla-in.html
2900,Rosso,6,Villa,Lonavala,Private Pool,Airbnb,6BHK Villa Rosso w/Pool & Dance Floor @ Lonavala,https://www.airbnb.co.in/rooms/995274304879480973
2900,Rosso,6,Villa,Lonavala,Private Pool,Booking.com,StayVista's Rosso - 6BHK Villa with Home Theatre & Private Pool,https://www.booking.com/hotel/in/stayvista-at-rosso.html
2900,Rosso,6,Villa,Lonavala,Private Pool,MakeMyTrip,StayVista at Rosso,https://www.makemytrip.com/hotels/hotel-details/?hotelId=202310051757267702&_uCurrency=INR&checkin=11252025&checkout=11262025&city=CTAGR&country=IN&funnelType=getaway&lat=27.16779&lng=78.04893&locusId=ZNDEL67F7E280&locusType=zone&rank=1&roomStayQualifier=2e0e&seekSummaryRequired=false&viewType=LUXE&mtkeys=defaultMtkey
2924,Water Song Garden,3,Villa,India,"Lake View, Lawn",Agoda,"StayVista's Water Song Garden - Lake-Side, Pet-Friendly Villa with Bar, Spacious Lawn & Indoor-Outdo",https://www.agoda.com/stayvista-at-water-song-garden/hotel/indore-in.html?hotel_id=46568572
2924,Water Song Garden,3,Villa,India,"Lake View, Lawn",Airbnb,3BR Luxury Villa w/Glass Room + lakeview in Indore,https://www.airbnb.co.in/rooms/1512857094884224198
2924,Water Song Garden,3,Villa,India,"Lake View, Lawn",Booking.com,StayVista's Water Song Garden - 3BHK Pet-Friendly Villa with Bar,https://www.booking.com/hotel/in/stayvista-at-water-song-garden.html
2924,Water Song Garden,3,Villa,India,"Lake View, Lawn",MakeMyTrip,StayVista at Water Song Garden,https://www.makemytrip.com/hotels/hotel-details/?hotelId=202310052036247531&_uCurrency=INR&checkin=11252025&checkout=11262025&city=CTAGR&country=IN&funnelType=getaway&lat=27.16779&lng=78.04893&locusId=ZNDEL67F7E280&locusType=zone&rank=1&roomStayQualifier=2e0e&seekSummaryRequired=false&viewType=LUXE&mtkeys=defaultMtkey
2841,Pineview,3,Estate,Mussoorie,BBQ,Agoda,StayVista at Pineview @ Albert Estate,https://www.agoda.com/en-in/stayvista-at-pineview-albert-estate/hotel/mussoorie-in.html
2841,Pineview,3,Estate,Mussoorie,BBQ,Airbnb,3BR |Scenic Stay|StayVista| Pineview @Mussoorie,https://www.airbnb.co.in/rooms/1537428237580012324
2841,Pineview,3,Estate,Mussoorie,BBQ,Booking.com,"Pineview at Albert Estate by VEO, StayVista - 3BHK with BBQ",https://www.booking.com/hotel/in/stayvista-at-pineview-albert-estate.html
2841,Pineview,3,Estate,Mussoorie,BBQ,MakeMyTrip,StayVista at Pineview @ Albert Estate,https://www.makemytrip.com/hotels/hotel-details/?hotelId=202310071956407703&_uCurrency=INR&checkin=11252025&checkout=11262025&city=CTAGR&country=IN&funnelType=getaway&lat=27.16779&lng=78.04893&locusId=ZNDEL67F7E280&locusType=zone&rank=1&roomStayQualifier=2e0e&seekSummaryRequired=false&viewType=LUXE&mtkeys=defaultMtkey
2953,Vaari,4,Villa,Dehradun,"Pool, Lawn, Bonfire, Gazebo",Agoda,StayVista at Villa Vaari with Pvt Pool & Gazebo,https://www.agoda.com/stayvista-at-villa-vaari/hotel/dehradun-in.html
2953,Vaari,4,Villa,Dehradun,"Pool, Lawn, Bonfire, Gazebo",Airbnb,"4BR Villa Vaari w/Pvt Pool, Lawn & Bonfire",https://www.airbnb.co.in/rooms/996821270577531998
2953,Vaari,4,Villa,Dehradun,"Pool, Lawn, Bonfire, Gazebo",Booking.com,StayVista's Villa Vaari - 4BHK with Outdoor Pool & Gazebo,https://www.booking.com/hotel/in/stayvista-at-villa-vaari.html
2953,Vaari,4,Villa,Dehradun,"Pool, Lawn, Bonfire, Gazebo",MakeMyTrip,StayVista at Villa Vaari,https://www.makemytrip.com/hotels/hotel-details/?hotelId=202310061800422503&_uCurrency=INR&checkin=11252025&checkout=11262025&city=CTAGR&country=IN&funnelType=getaway&lat=27.16779&lng=78.04893&locusId=ZNDEL67F7E280&locusType=zone&rank=1&roomStayQualifier=2e0e&seekSummaryRequired=false&viewType=LUXE&mtkeys=defaultMtkey
2898,Monarch,4,Villa,Lonavala,"Private Pool, Gazebo",Agoda,StayVista's Monarch Villa - Terrace Retreat with Pool and Gazebo Bliss,https://www.agoda.com/en-in/stayvista-at-villa-monarch/hotel/lonavala-in.html
2898,Monarch,4,Villa,Lonavala,"Private Pool, Gazebo",Airbnb,4BHK Monarch Villa w/Pool & Gazebo | Lonavala,https://www.airbnb.co.in/rooms/995502265790565002
2898,Monarch,4,Villa,Lonavala,"Private Pool, Gazebo",Booking.com,"Villa Monarch by VEO, StayVista - 4BHK with Private Pool & Gazebo",https://www.booking.com/hotel/in/stayvista-at-villa-monarch.html
2898,Monarch,4,Villa,Lonavala,"Private Pool, Gazebo",MakeMyTrip,StayVista at Villa Monarch,https://www.makemytrip.com/hotels/hotel-details/?hotelId=202310051829351298&_uCurrency=INR&checkin=11252025&checkout=11262025&city=CTAGR&country=IN&funnelType=getaway&lat=27.16779&lng=78.04893&locusId=ZNDEL67F7E280&locusType=zone&rank=1&roomStayQualifier=2e0e&seekSummaryRequired=false&viewType=LUXE&mtkeys=defaultMtkey
2947,Skylight Serenity,3,Villa,Mahabaleshwar,"Bonfire, Gazebo",Agoda,StayVista at Skylight Serenity,https://www.agoda.com/stayvista-at-skylight-serenity/hotel/mahabaleshwar-in.html
2947,Skylight Serenity,3,Villa,Mahabaleshwar,"Bonfire, Gazebo",Airbnb,3BR|Bonfire Stay|StayVista|Skylight Serenity@Bhose,https://www.airbnb.co.in/rooms/1224267751796378887
2947,Skylight Serenity,3,Villa,Mahabaleshwar,"Bonfire, Gazebo",Booking.com,StayVista's Skylight Serenity - 3BHK Villa with Sauna & Gazebo,https://www.booking.com/hotel/in/stayvista-at-skylight-serenity.html
2947,Skylight Serenity,3,Villa,Mahabaleshwar,"Bonfire, Gazebo",MakeMyTrip,StayVista at Skylight Serenity,https://www.makemytrip.com/hotels/hotel-details/?hotelId=202310051841048166&_uCurrency=INR&checkin=11252025&checkout=11262025&city=CTAGR&country=IN&funnelType=getaway&lat=27.16779&lng=78.04893&locusId=ZNDEL67F7E280&locusType=zone&rank=1&roomStayQualifier=2e0e&seekSummaryRequired=false&viewType=LUXE&mtkeys=defaultMtkey
2932,River Song,4,Villa,Lonavala,Jacuzzi,Agoda,River Song by VEO - Part of StayVista,https://www.agoda.com/en-in/stayvista-at-river-song/hotel/malavli-in.html
2932,River Song,4,Villa,Lonavala,Jacuzzi,Airbnb,BR |HotTub |StayVista | River Song Villa @Lonavala,https://www.airbnb.co.in/rooms/996756230587714898
2932,River Song,4,Villa,Lonavala,Jacuzzi,Booking.com,"River Song by VEO, StayVista - 4BHK River-View Villa with Jacuzzi",https://www.booking.com/hotel/in/stayvista-at-river-song.html
2932,River Song,4,Villa,Lonavala,Jacuzzi,MakeMyTrip,River Song by VEO - Part of StayVista,https://www.makemytrip.com/hotels/hotel-details/?hotelId=202310052035411887&_uCurrency=INR&checkin=11252025&checkout=11262025&city=CTAGR&country=IN&funnelType=getaway&lat=27.16779&lng=78.04893&locusId=ZNDEL67F7E280&locusType=zone&rank=1&roomStayQualifier=2e0e&seekSummaryRequired=false&viewType=LUXE&mtkeys=defaultMtkey
2906,The Secret Lagoon,2,Villa,Lonavala,Pool,Agoda,StayVista at The Secret Lagoon,https://www.agoda.com/en-in/stayvista-at-the-secret-lagoon/hotel/ludhiana-in.html
2906,The Secret Lagoon,2,Villa,Lonavala,Pool,Airbnb,2BR |Pool&Games |StayVista| Secret Lagoon@Lonavala,https://www.airbnb.co.in/rooms/996012719479490352
2906,The Secret Lagoon,2,Villa,Lonavala,Pool,Booking.com,The Secret Lagoon by StayVista - 2BHK Villa with Projector & Pet Friendly,https://www.booking.com/hotel/in/stayvista-at-the-secret-lagoon.html
2906,The Secret Lagoon,2,Villa,Lonavala,Pool,MakeMyTrip,StayVista at The Secret Lagoon,https://www.makemytrip.com/hotels/hotel-details/?hotelId=202310061806359344&_uCurrency=INR&checkin=11252025&checkout=11262025&city=CTAGR&country=IN&funnelType=getaway&lat=27.16779&lng=78.04893&locusId=ZNDEL67F7E280&locusType=zone&rank=1&roomStayQualifier=2e0e&seekSummaryRequired=false&viewType=LUXE&mtkeys=defaultMtkey
2949,Ava,2,House,India,Plunge Pool,Agoda,StayVista at Ava - The Country House,https://www.agoda.com/en-in/stayvista-at-ava-the-country-house/hotel/srirangapatna-in.html
2949,Ava,2,House,India,Plunge Pool,Airbnb,2BR| Luxury Pool+WIFI |StayVista| Ava @Melapura,https://www.airbnb.co.in/rooms/996708135156108632
2949,Ava,2,House,India,Plunge Pool,Booking.com,"Ava - The Country House by VEO, StayVista - 2BHK with Hill View & Plunge Pool",https://www.booking.com/hotel/in/stayvista-at-ava-the-country-house.html
2949,Ava,2,House,India,Plunge Pool,MakeMyTrip,StayVista at Ava - The Country House,https://www.makemytrip.com/hotels/hotel-details/?hotelId=202310051812189356&_uCurrency=INR&checkin=11252025&checkout=11262025&city=CTAGR&country=IN&funnelType=getaway&lat=27.16779&lng=78.04893&locusId=ZNDEL67F7E280&locusType=zone&rank=1&roomStayQualifier=2e0e&seekSummaryRequired=false&viewType=LUXE&mtkeys=defaultMtkey
2919,Sea Breeze,5,Villa,Alibaug,Pool,Agoda,StayVista at Sea Breeze,https://www.agoda.com/en-in/stayvista-at-sea-breeze/hotel/alibaug-in.html
2919,Sea Breeze,5,Villa,Alibaug,Pool,Airbnb,StayVista at Sea Breeze W/ Pool Beachfront Villa,https://www.airbnb.co.in/rooms/1731152743060123818
2919,Sea Breeze,5,Villa,Alibaug,Pool,Booking.com,StayVista's Sea Breeze - 5BHK Beach-View Villa with Bar,https://www.booking.com/hotel/in/stayvista-at-sea-breeze.html
2919,Sea Breeze,5,Villa,Alibaug,Pool,MakeMyTrip,StayVista at Sea Breeze,https://www.makemytrip.com/hotels/hotel-details/?hotelId=202310061819595941&_uCurrency=INR&checkin=11252025&checkout=11262025&city=CTAGR&country=IN&funnelType=getaway&lat=27.16779&lng=78.04893&locusId=ZNDEL67F7E280&locusType=zone&rank=1&roomStayQualifier=2e0e&seekSummaryRequired=false&viewType=LUXE&mtkeys=defaultMtkey
2834,Jungle Retreat,4,Villa,India,"Plunge Pool, Lawn, Bonfire",Agoda,Jungle Retreat by VEO - Part of StayVista,https://www.agoda.com/stayvista-at-jungle-retreat/hotel/dantiwara-in.html
2834,Jungle Retreat,4,Villa,India,"Plunge Pool, Lawn, Bonfire",Airbnb,4BR|Lawn&Bonfire| StayVista |Jungle Retreat @Jawai,https://www.airbnb.co.in/rooms/1292618084798978215
2834,Jungle Retreat,4,Villa,India,"Plunge Pool, Lawn, Bonfire",Booking.com,StayVista's Jungle Retreat - Kot Baliyan - 4BHK Pet-Friendly Villa with Plunge Pool,https://www.booking.com/hotel/in/stayvista-at-jungle-retreat.html
2834,Jungle Retreat,4,Villa,India,"Plunge Pool, Lawn, Bonfire",MakeMyTrip,Jungle Retreat by VEO - Part of StayVista,https://www.makemytrip.com/hotels/hotel-details/?hotelId=202310141141071887&_uCurrency=INR&checkin=11252025&checkout=11262025&city=CTAGR&country=IN&funnelType=getaway&lat=27.16779&lng=78.04893&locusId=ZNDEL67F7E280&locusType=zone&rank=1&roomStayQualifier=2e0e&seekSummaryRequired=false&viewType=LUXE&mtkeys=defaultMtkey
3010,Dawn Ecstasy,3,Villa,Mahabaleshwar,"Private Pool, BBQ",Agoda,"Dawn Ecstasy by StayVista - Hill-view villa with Modern interiors, Garden area & Indoor games",https://www.agoda.com/stayvista-at-dawn-ecstasy/hotel/mahabaleshwar-in.html?hotel_id=47074929
3010,Dawn Ecstasy,3,Villa,Mahabaleshwar,"Private Pool, BBQ",Airbnb,3BR Pool / Dawn Ecstasy Hillside Mahabaleshwar,https://www.airbnb.co.in/rooms/1294765918814212018
3010,Dawn Ecstasy,3,Villa,Mahabaleshwar,"Private Pool, BBQ",Booking.com,StayVista's Dawn Ecstasy - 3BHK Valley-View Villa with BBQ & Private Pool,https://www.booking.com/hotel/in/stayvista-at-dawn-ecstasy.html
3010,Dawn Ecstasy,3,Villa,Mahabaleshwar,"Private Pool, BBQ",MakeMyTrip,StayVista at Dawn Ecstasy,https://www.makemytrip.com/hotels/hotel-details/?hotelId=202311011453286770&_uCurrency=INR&checkin=11252025&checkout=11262025&city=CTAGR&country=IN&funnelType=getaway&lat=27.16779&lng=78.04893&locusId=ZNDEL67F7E280&locusType=zone&rank=1&roomStayQualifier=2e0e&seekSummaryRequired=false&viewType=LUXE&mtkeys=defaultMtkey
3004,Golden Sunsets,4,Villa,Alibaug,"Pool, Jacuzzi",Agoda,StayVista at Golden Sunsets,https://www.agoda.com/stayvista-at-golden-sunsets/hotel/alibaug-in.html
3004,Golden Sunsets,4,Villa,Alibaug,"Pool, Jacuzzi",Airbnb,Golden Sunsets by StayVista w/Pool & Carrom,https://www.airbnb.co.in/rooms/1557023639510640481
3004,Golden Sunsets,4,Villa,Alibaug,"Pool, Jacuzzi",Booking.com,Golden Sunsets by StayVista - 4BHK Villa with Jacuzzi & Alfresco Dining,https://www.booking.com/hotel/in/stayvista-at-golden-sunsets.html
3004,Golden Sunsets,4,Villa,Alibaug,"Pool, Jacuzzi",MakeMyTrip,StayVista at Golden Sunsets,https://www.makemytrip.com/hotels/hotel-details/?hotelId=202311181058096614&_uCurrency=INR&checkin=11252025&checkout=11262025&city=CTAGR&country=IN&funnelType=getaway&lat=27.16779&lng=78.04893&locusId=ZNDEL67F7E280&locusType=zone&rank=1&roomStayQualifier=2e0e&seekSummaryRequired=false&viewType=LUXE&mtkeys=defaultMtkey
3018,The Goldilocks,2,Villa,India,Private Pool,Agoda,StayVista at The Goldilocks,https://www.agoda.com/en-in/stayvista-at-pine-chalet/hotel/bangalore-in.html
3018,The Goldilocks,2,Villa,India,Private Pool,Airbnb,2BR|Gym+Snooker|StayVista| The Goldilocks @Hajjala,https://www.airbnb.co.in/rooms/1019973039509234650
3018,The Goldilocks,2,Villa,India,Private Pool,Booking.com,The Goldilocks by StayVista - 2BHK Villa with Gym & Private Pool,https://www.booking.com/hotel/in/stayvista-at-pine-chalet.html
3018,The Goldilocks,2,Villa,India,Private Pool,MakeMyTrip,StayVista at The Goldilocks,https://www.makemytrip.com/hotels/hotel-details/?hotelId=202311131602455722&_uCurrency=INR&checkin=11252025&checkout=11262025&city=CTAGR&country=IN&funnelType=getaway&lat=27.16779&lng=78.04893&locusId=ZNDEL67F7E280&locusType=zone&rank=1&roomStayQualifier=2e0e&seekSummaryRequired=false&viewType=LUXE&mtkeys=defaultMtkey
3009,The Deck,3,Villa,Mahabaleshwar,"Private Pool, BBQ",Agoda,"The Deck by StayVista - Country house architecture, Meticulously landscaped lawns & a captivating va",https://www.agoda.com/en-in/stayvista-at-the-deck/hotel/mahabaleshwar-in.html
3009,The Deck,3,Villa,Mahabaleshwar,"Private Pool, BBQ",Airbnb,The Deck – Pool Villa with Scenic View,https://www.airbnb.co.in/rooms/1017121543711883394
3009,The Deck,3,Villa,Mahabaleshwar,"Private Pool, BBQ",Booking.com,The Deck by StayVista - 3BHK Villa with BBQ & Private Pool,https://www.booking.com/hotel/in/stayvista-at-the-deck.html
3009,The Deck,3,Villa,Mahabaleshwar,"Private Pool, BBQ",MakeMyTrip,StayVista at The Deck,https://www.makemytrip.com/hotels/hotel-details/?hotelId=202311111200061513&_uCurrency=INR&checkin=11252025&checkout=11262025&city=CTAGR&country=IN&funnelType=getaway&lat=27.16779&lng=78.04893&locusId=ZNDEL67F7E280&locusType=zone&rank=1&roomStayQualifier=2e0e&seekSummaryRequired=false&viewType=LUXE&mtkeys=defaultMtkey
656,Skyville B,2,Villa,India,Private Pool,Agoda,StayVista at Skyville B,https://www.agoda.com/en-gb/stayvista-at-skyville-b/hotel/kochi-in.html
656,Skyville B,2,Villa,India,Private Pool,Airbnb,2BR |Luxury Stay+WIFI|StayVista| Skyville B @Kochi,https://www.airbnb.co.in/rooms/1303333012783318804
656,Skyville B,2,Villa,India,Private Pool,Booking.com,StayVista's Skyville B - 2BHK Apartment with Step-Free Access,https://www.booking.com/hotel/in/skyville-b-by-vista-rooms.html
656,Skyville B,2,Villa,India,Private Pool,MakeMyTrip,StayVista at Skyville B,https://www.makemytrip.com/hotels/hotel-details/?hotelId=202311221207132516&_uCurrency=INR&checkin=11252025&checkout=11262025&city=CTAGR&country=IN&funnelType=getaway&lat=27.16779&lng=78.04893&locusId=ZNDEL67F7E280&locusType=zone&rank=1&roomStayQualifier=2e0e&seekSummaryRequired=false&viewType=LUXE&mtkeys=defaultMtkey
3037,Rosemary,2,Cottage,Manali,"Mountain View, Lawn, Bonfire",Agoda,StayVista at Rosemary Cottage,https://www.agoda.com/en-in/stayvista-at-rosemary-cottage/hotel/manali-in.html
3037,Rosemary,2,Cottage,Manali,"Mountain View, Lawn, Bonfire",Airbnb,2BR |Bonfire+Lawn |StayVista |Rosemary Cottage @HP,https://www.airbnb.co.in/rooms/1018742813518796364
3037,Rosemary,2,Cottage,Manali,"Mountain View, Lawn, Bonfire",Booking.com,StayVista's Rosemary Cottage - 2BHK with Mountain View & Pet Friendly,https://www.booking.com/hotel/in/stayvista-at-rosemary-cottage.html
3037,Rosemary,2,Cottage,Manali,"Mountain View, Lawn, Bonfire",MakeMyTrip,StayVista at Rosemary Cottage,https://www.makemytrip.com/hotels/hotel-details/?hotelId=202311241129406559&_uCurrency=INR&checkin=11252025&checkout=11262025&city=CTAGR&country=IN&funnelType=getaway&lat=27.16779&lng=78.04893&locusId=ZNDEL67F7E280&locusType=zone&rank=1&roomStayQualifier=2e0e&seekSummaryRequired=false&viewType=LUXE&mtkeys=defaultMtkey
3078,Rivera,3,Villa,Wayanad,"Lawn, BBQ",Agoda,StayVista at Rivera,https://www.agoda.com/en-in/stayvista-at-novera-riverdale/hotel/wayanad-in.html
3078,Rivera,3,Villa,Wayanad,"Lawn, BBQ",Airbnb,3 BHK Riverfront Villa w/BKFST + Lawn @ Wayanad,https://www.airbnb.co.in/rooms/1019400955773813387
3078,Rivera,3,Villa,Wayanad,"Lawn, BBQ",Booking.com,StayVista's Rivera - 3BHK Lake-View Villa with BBQ,https://www.booking.com/hotel/in/stayvista-at-novera-riverdale.html
3078,Rivera,3,Villa,Wayanad,"Lawn, BBQ",MakeMyTrip,StayVista at Rivera,https://www.makemytrip.com/hotels/hotel-details/?hotelId=202312080927109253&_uCurrency=INR&checkin=11252025&checkout=11262025&city=CTAGR&country=IN&funnelType=getaway&lat=27.16779&lng=78.04893&locusId=ZNDEL67F7E280&locusType=zone&rank=1&roomStayQualifier=2e0e&seekSummaryRequired=false&viewType=LUXE&mtkeys=defaultMtkey
3074,Backwater Hills by VEO,4,Villa,India,Private Pool,Agoda,Backwater Hills by VEO - Part of StayVista,https://www.agoda.com/search?text=StayVista%20Backwater%20Hills%20by%20VEO%20India
3074,Backwater Hills by VEO,4,Villa,India,Private Pool,Airbnb,4BR |Lakefront | StayVista| Backwater Hill@Khopoli,https://www.airbnb.co.in/rooms/1025642053576297421
3074,Backwater Hills by VEO,4,Villa,India,Private Pool,Booking.com,"Backwater Hills by VEO, StayVista - 4BHK Pet-Friendly Villa with Private Pool",https://www.booking.com/hotel/in/stayvista-at-backwater-hills.html
3074,Backwater Hills by VEO,4,Villa,India,Private Pool,MakeMyTrip,Backwater Hills by VEO - Part of StayVista,https://www.makemytrip.com/hotels/hotel-details/?hotelId=202312151624441592&_uCurrency=INR&checkin=11252025&checkout=11262025&city=CTAGR&country=IN&funnelType=getaway&lat=27.16779&lng=78.04893&locusId=ZNDEL67F7E280&locusType=zone&rank=1&roomStayQualifier=2e0e&seekSummaryRequired=false&viewType=LUXE&mtkeys=defaultMtkey
2863,Waterway Retreat,3,Villa,Wada,Infinity Pool,Agoda,StayVista at Waterway Retreat,https://www.agoda.com/stayvista-at-waterway-retreat/hotel/vikramgad-in.html
2863,Waterway Retreat,3,Villa,Wada,Infinity Pool,Airbnb,3BR-StayVista@Waterway Retreat w/Infinity Pool,https://www.airbnb.co.in/rooms/1300541869461660356
2863,Waterway Retreat,3,Villa,Wada,Infinity Pool,Booking.com,StayVista's Waterway Retreat - Wada - 3BHK River-View Villa with Infinity Pool,https://www.booking.com/hotel/in/stayvista-at-waterway-retreat.html
2863,Waterway Retreat,3,Villa,Wada,Infinity Pool,MakeMyTrip,StayVista at Waterway Retreat,https://www.makemytrip.com/hotels/hotel-details/?hotelId=202312161738199263&_uCurrency=INR&checkin=11252025&checkout=11262025&city=CTAGR&country=IN&funnelType=getaway&lat=27.16779&lng=78.04893&locusId=ZNDEL67F7E280&locusType=zone&rank=1&roomStayQualifier=2e0e&seekSummaryRequired=false&viewType=LUXE&mtkeys=defaultMtkey
3041,The River,2,Villa,India,River View,Agoda,StayVista at The River Villa,https://www.agoda.com/stayvista-at-the-river-villa/hotel/bhopal-in.html?hotel_id=47563996
3041,The River,2,Villa,India,River View,Airbnb,2BR Waterfront Villa near Bhojpur Temple in Bhopal,https://www.airbnb.co.in/rooms/1073623799524217806
3041,The River,2,Villa,India,River View,Booking.com,The River Villa by StayVista - 2BHK with Pet Friendly & River View,https://www.booking.com/hotel/in/stayvista-at-the-river-villa.html
3041,The River,2,Villa,India,River View,MakeMyTrip,StayVista at The River Villa,https://www.makemytrip.com/hotels/hotel-details/?hotelId=202401190859399390&_uCurrency=INR&checkin=11252025&checkout=11262025&city=CTAGR&country=IN&funnelType=getaway&lat=27.16779&lng=78.04893&locusId=ZNDEL67F7E280&locusType=zone&rank=1&roomStayQualifier=2e0e&seekSummaryRequired=false&viewType=LUXE&mtkeys=defaultMtkey
3102,Natureâ€™s Nook,3,Villa,India,"Pool, Lawn",Agoda,StayVista at Natureâ€™s Nook,https://www.agoda.com/stayvista-at-nirved-villa/hotel/arimbur-in.html
3102,Natureâ€™s Nook,3,Villa,India,"Pool, Lawn",Airbnb,"3BR|Pool, Lawn&Deck |StayVista|Nirved Villa@Kerala",https://www.airbnb.co.in/rooms/1035345171426804685
3102,Natureâ€™s Nook,3,Villa,India,"Pool, Lawn",Booking.com,"Nature's Nook by VEO, StayVista - 3BHK Villa with Pickle Ball & Viewing Deck",https://www.booking.com/hotel/in/stayvista-at-nirved-villa.html
3102,Natureâ€™s Nook,3,Villa,India,"Pool, Lawn",MakeMyTrip,StayVista at Nature's Nook,https://www.makemytrip.com/hotels/hotel-details/?hotelId=202312181432523570&_uCurrency=INR&checkin=11252025&checkout=11262025&city=CTAGR&country=IN&funnelType=getaway&lat=27.16779&lng=78.04893&locusId=ZNDEL67F7E280&locusType=zone&rank=1&roomStayQualifier=2e0e&seekSummaryRequired=false&viewType=LUXE&mtkeys=defaultMtkey
3098,Nautical Nook,4,Villa,India,Private Pool,Agoda,StayVista at Nautical Nook,https://www.agoda.com/stayvista-at-nautical-nook/hotel/malvan-in.html
3098,Nautical Nook,4,Villa,India,Private Pool,Airbnb,4BR|Coastal Stay|StayVista| Nautical Nook@Tarkarli,https://www.airbnb.co.in/rooms/1041776054702411744
3098,Nautical Nook,4,Villa,India,Private Pool,Booking.com,"Nautical Nook by VEO, StayVista - 4BHK Pet-Friendly Beach-View Villa",https://www.booking.com/hotel/in/stayvista-at-nautical-nook.html
3098,Nautical Nook,4,Villa,India,Private Pool,MakeMyTrip,StayVista at Nautical Nook,https://www.makemytrip.com/hotels/hotel-details/?hotelId=202312141042181805&_uCurrency=INR&checkin=11252025&checkout=11262025&city=CTAGR&country=IN&funnelType=getaway&lat=27.16779&lng=78.04893&locusId=ZNDEL67F7E280&locusType=zone&rank=1&roomStayQualifier=2e0e&seekSummaryRequired=false&viewType=LUXE&mtkeys=defaultMtkey
3147,Woodstone,5,Villa,Lonavala,"Private Pool, Lawn, Gazebo",Agoda,StayVista at Woodstone Villa,https://www.agoda.com/stayvista-at-woodstone-villa/hotel/lonavala-in.html
3147,Woodstone,5,Villa,Lonavala,"Private Pool, Lawn, Gazebo",Airbnb,5BHK|Pool&Lawn |StayVista |WoodstoneVilla@Lonavala,https://www.airbnb.co.in/rooms/1041076989031399528
3147,Woodstone,5,Villa,Lonavala,"Private Pool, Lawn, Gazebo",Booking.com,StayVista's Woodstone Villa - 5BHK with Private Pool & Gazebo,https://www.booking.com/hotel/in/stayvista-at-woodstone-villa.html
3147,Woodstone,5,Villa,Lonavala,"Private Pool, Lawn, Gazebo",MakeMyTrip,StayVista at Woodstone Villa,https://www.makemytrip.com/hotels/hotel-details/?hotelId=202312071423151070&_uCurrency=INR&checkin=11252025&checkout=11262025&city=CTAGR&country=IN&funnelType=getaway&lat=27.16779&lng=78.04893&locusId=ZNDEL67F7E280&locusType=zone&rank=1&roomStayQualifier=2e0e&seekSummaryRequired=false&viewType=LUXE&mtkeys=defaultMtkey
3094,Aarna,4,Villa,Pune,"Lake View, Lawn, BBQ",Agoda,"Aarna House by StayVista - Mountain & lakeview villa, Contemporary modern interiors & a charming ter",https://www.agoda.com/stayvista-at-aarna-house/hotel/gorhe-khurd-in.html
3094,Aarna,4,Villa,Pune,"Lake View, Lawn, BBQ",Airbnb,4BR |WiFi+Lawn+View | StayVista| Aarna House@Pune,https://www.airbnb.co.in/rooms/1041841661285122679
3094,Aarna,4,Villa,Pune,"Lake View, Lawn, BBQ",Booking.com,"Aarna House by VEO, StayVista - 4BHK with Lake View & BBQ",https://www.booking.com/hotel/in/stayvista-at-aarna-house.html
3094,Aarna,4,Villa,Pune,"Lake View, Lawn, BBQ",MakeMyTrip,StayVista at Aarna House,https://www.makemytrip.com/hotels/hotel-details/?hotelId=202312081542113453&_uCurrency=INR&checkin=11252025&checkout=11262025&city=CTAGR&country=IN&funnelType=getaway&lat=27.16779&lng=78.04893&locusId=ZNDEL67F7E280&locusType=zone&rank=1&roomStayQualifier=2e0e&seekSummaryRequired=false&viewType=LUXE&mtkeys=defaultMtkey
3135,Mudra Manor,4,Villa,Coorg,"Pool, Jacuzzi",Agoda,StayVista at Mudra Manor,https://www.agoda.com/en-in/stayvista-at-mudra-manor/hotel/coorg-in.html
3135,Mudra Manor,4,Villa,Coorg,"Pool, Jacuzzi",Airbnb,4BR |Heated Pool|StayVista |Mudra Manor @Karnataka,https://www.airbnb.co.in/rooms/1044045936356094955
3135,Mudra Manor,4,Villa,Coorg,"Pool, Jacuzzi",Booking.com,StayVista's Mudra Manor - 4BHK Villa with Jacuzzi & Heated Pool,https://www.booking.com/hotel/in/stayvista-at-mudra-manor.html
3135,Mudra Manor,4,Villa,Coorg,"Pool, Jacuzzi",MakeMyTrip,StayVista at Mudra Manor,https://www.makemytrip.com/hotels/hotel-details/?hotelId=202312111516494966&_uCurrency=INR&checkin=11252025&checkout=11262025&city=CTAGR&country=IN&funnelType=getaway&lat=27.16779&lng=78.04893&locusId=ZNDEL67F7E280&locusType=zone&rank=1&roomStayQualifier=2e0e&seekSummaryRequired=false&viewType=LUXE&mtkeys=defaultMtkey
3176,5 Rooms,5,Villa,Ooty,Bonfire,Agoda,StayVista at 5 Rooms @ The West Wind,https://www.agoda.com/en-in/the-west-wind-ooty/hotel/ooty-in.html
3176,5 Rooms,5,Villa,Ooty,Bonfire,Airbnb,5BR |Hill Escape|StayVista| The West Wind @Ooty,https://www.airbnb.co.in/rooms/1044589684801677252
3176,5 Rooms,5,Villa,Ooty,Bonfire,Booking.com,The West Wind by StayVista - 5BHK Mountain-View Villa with Bonfire,https://www.booking.com/hotel/in/the-west-wind-ooty.html
3176,5 Rooms,5,Villa,Ooty,Bonfire,MakeMyTrip,StayVista at 5 Rooms @ The West Wind,https://www.makemytrip.com/hotels/hotel-details/?hotelId=202312121023485279&_uCurrency=INR&checkin=11252025&checkout=11262025&city=CTAGR&country=IN&funnelType=getaway&lat=27.16779&lng=78.04893&locusId=ZNDEL67F7E280&locusType=zone&rank=1&roomStayQualifier=2e0e&seekSummaryRequired=false&viewType=LUXE&mtkeys=defaultMtkey
3205,Golden Lark,4,Villa,Chandigarh,"Private Pool, Lawn",Agoda,"StayVista at Golden Lark w/ Wi-Fi, Pool & Lawn",https://www.agoda.com/en-in/stayvista-at-vanilla-golden-lark/hotel/chandigarh-in.html
3205,Golden Lark,4,Villa,Chandigarh,"Private Pool, Lawn",Airbnb,"Golden Lark w/ Wi-Fi, Pool & Lawn",https://www.airbnb.co.in/rooms/1044624849993011943
3205,Golden Lark,4,Villa,Chandigarh,"Private Pool, Lawn",Booking.com,StayVista's Golden Lark - 4BHK Villa with Bar & Private Pool,https://www.booking.com/hotel/in/stayvista-at-silver-slopes.html
3205,Golden Lark,4,Villa,Chandigarh,"Private Pool, Lawn",MakeMyTrip,StayVista at Golden Lark W/outdoor Pool,https://www.makemytrip.com/hotels/hotel-details/?hotelId=202401131112144167&_uCurrency=INR&checkin=11252025&checkout=11262025&city=CTAGR&country=IN&funnelType=getaway&lat=27.16779&lng=78.04893&locusId=ZNDEL67F7E280&locusType=zone&rank=1&roomStayQualifier=2e0e&seekSummaryRequired=false&viewType=LUXE&mtkeys=defaultMtkey
3001,Sunnyside Farmstay,2,Homestay,India,Bonfire,Agoda,StayVista at Sunnyside Farmstay,https://www.agoda.com/stayvista-at-sunnyside-homestay/hotel/hosur-in.html?hotel_id=48215085
3001,Sunnyside Farmstay,2,Homestay,India,Bonfire,Airbnb,StayVista at Sunnyside Farmstay with breakfast,https://www.airbnb.co.in/rooms/1046045293525480845
3001,Sunnyside Farmstay,2,Homestay,India,Bonfire,Booking.com,StayVista's Sunnyside Farmstay - Denkanikottai - 2BHK with Pet Friendly & Bonfire,https://www.booking.com/hotel/in/stayvista-at-sunnyside-homestay.html
3001,Sunnyside Farmstay,2,Homestay,India,Bonfire,MakeMyTrip,StayVista at Sunnyside Farmstay,https://www.makemytrip.com/hotels/hotel-details/?hotelId=202312141027513857&_uCurrency=INR&checkin=11252025&checkout=11262025&city=CTAGR&country=IN&funnelType=getaway&lat=27.16779&lng=78.04893&locusId=ZNDEL67F7E280&locusType=zone&rank=1&roomStayQualifier=2e0e&seekSummaryRequired=false&viewType=LUXE&mtkeys=defaultMtkey
3118,Eden,3,Estate,Goa,"Private Pool, Bonfire",Agoda,"Eden's Estate by StayVista - Featuring cozy rooms with a private pool, and modern interiors for a de",https://www.agoda.com/en-in/stayvista-at-eden-s-estate-h48277466/hotel/alibaug-in.html
3118,Eden,3,Estate,Goa,"Private Pool, Bonfire",Airbnb,3BR Elegant Edens Estate w/ Pool+Bonfire @Goa,https://www.airbnb.co.in/rooms/1046692276444123070
3118,Eden,3,Estate,Goa,"Private Pool, Bonfire",Booking.com,"Eden's Estate by VEO, StayVista - 3BHK with Private Pool & Bathtub",https://www.booking.com/hotel/in/stayvista-at-edens-estate.html
3118,Eden,3,Estate,Goa,"Private Pool, Bonfire",MakeMyTrip,StayVista at Eden Estate,https://www.makemytrip.com/hotels/hotel-details/?hotelId=202312151531067945&_uCurrency=INR&checkin=11252025&checkout=11262025&city=CTAGR&country=IN&funnelType=getaway&lat=27.16779&lng=78.04893&locusId=ZNDEL67F7E280&locusType=zone&rank=1&roomStayQualifier=2e0e&seekSummaryRequired=false&viewType=LUXE&mtkeys=defaultMtkey
3108,Wildwood Canopy,2,Villa,Jaipur,Private Pool,Agoda,StayVista at Wildwood Canopy,https://www.agoda.com/stayvista-at-wildwood-canopy/hotel/kalwad-kalan-and-khurd-in.html
3108,Wildwood Canopy,2,Villa,Jaipur,Private Pool,Airbnb,2BR|Pet Friendly|StayVista| Wildwood Canopy@Jaipur,https://www.airbnb.co.in/rooms/1244671380540502024
3108,Wildwood Canopy,2,Villa,Jaipur,Private Pool,Booking.com,StayVista's Wildwood Canopy - 2BHK Pet-Friendly Villa with Alfresco Dining,https://www.booking.com/hotel/in/stayvista-at-wildwood-canopy.html
3108,Wildwood Canopy,2,Villa,Jaipur,Private Pool,MakeMyTrip,StayVista at Wildwood Canopy,https://www.makemytrip.com/hotels/hotel-details/?hotelId=202312161128403184&_uCurrency=INR&checkin=11252025&checkout=11262025&city=CTAGR&country=IN&funnelType=getaway&lat=27.16779&lng=78.04893&locusId=ZNDEL67F7E280&locusType=zone&rank=1&roomStayQualifier=2e0e&seekSummaryRequired=false&viewType=LUXE&mtkeys=defaultMtkey
3171,Aqua Vista,3,Villa,India,"Private Pool, River View",Agoda,Aqua Vista Riverview by StayVista - Private Pool,https://www.agoda.com/stayvista-at-aqua-vista/hotel/kochi-in.html
3171,Aqua Vista,3,Villa,India,"Private Pool, River View",Airbnb,3BR|Exquisite Views+Pool|StayVista|AquaVista@Kochi,https://www.airbnb.co.in/rooms/1049694926561029146
3171,Aqua Vista,3,Villa,India,"Private Pool, River View",Booking.com,Aqua Vista by StayVista - 3BHK Pet-Friendly River-View Villa,https://www.booking.com/hotel/in/stayvista-at-aqua-vista.html
3171,Aqua Vista,3,Villa,India,"Private Pool, River View",MakeMyTrip,StayVista at Aqua Vista,https://www.makemytrip.com/hotels/hotel-details/?hotelId=202312181256554955&_uCurrency=INR&checkin=11252025&checkout=11262025&city=CTAGR&country=IN&funnelType=getaway&lat=27.16779&lng=78.04893&locusId=ZNDEL67F7E280&locusType=zone&rank=1&roomStayQualifier=2e0e&seekSummaryRequired=false&viewType=LUXE&mtkeys=defaultMtkey
3166,Orchid,2,Villa,India,"Lawn, Bonfire",Agoda,"StayVista's Villa Orchid - with Lawn, Bonfire & Indoor-Outdoor Games",https://www.agoda.com/en-in/stayvista-at-villa-orchid/hotel/ujjain-in.html
3166,Orchid,2,Villa,India,"Lawn, Bonfire",Airbnb,StayVista at Villa Orchid 2BHK | Ujjain,https://www.airbnb.co.in/rooms/1229424111997587127
3166,Orchid,2,Villa,India,"Lawn, Bonfire",Booking.com,"Villa Orchid by VEO, StayVista - 2BHK with Bonfire & Lawn",https://www.booking.com/hotel/in/stayvista-at-villa-orchid.html
3166,Orchid,2,Villa,India,"Lawn, Bonfire",MakeMyTrip,StayVista at Villa Orchid,https://www.makemytrip.com/hotels/hotel-details/?hotelId=202312251036026235&_uCurrency=INR&checkin=11252025&checkout=11262025&city=CTAGR&country=IN&funnelType=getaway&lat=27.16779&lng=78.04893&locusId=ZNDEL67F7E280&locusType=zone&rank=1&roomStayQualifier=2e0e&seekSummaryRequired=false&viewType=LUXE&mtkeys=defaultMtkey
3031,Of J,3,House,Lonavala,"Private Pool, Lawn",Agoda,StayVista's House Of J - Embrace Leisure with Lawn,https://www.agoda.com/en-in/stayvista-at-house-of-j/hotel/lonavala-in.html
3031,Of J,3,House,Lonavala,"Private Pool, Lawn",Airbnb,StayVista 3BHK House of J w/Pool | Lonavala,https://www.airbnb.co.in/rooms/1051786350495003812
3031,Of J,3,House,Lonavala,"Private Pool, Lawn",Booking.com,StayVista's House Of J - 3BHK Near Lonavala Railway Station with Private Pool,https://www.booking.com/hotel/in/stayvista-at-house-of-j.html
3031,Of J,3,House,Lonavala,"Private Pool, Lawn",MakeMyTrip,StayVista at House Of J,https://www.makemytrip.com/hotels/hotel-details/?hotelId=202312212020157118&_uCurrency=INR&checkin=11252025&checkout=11262025&city=CTAGR&country=IN&funnelType=getaway&lat=27.16779&lng=78.04893&locusId=ZNDEL67F7E280&locusType=zone&rank=1&roomStayQualifier=2e0e&seekSummaryRequired=false&viewType=LUXE&mtkeys=defaultMtkey
3247,Prairie Haven,3,Villa,Goa,"Lawn, BBQ",Agoda,StayVista at Prairie Haven with Alfresco Dining,https://www.agoda.com/en-in/stayvista-at-prairie-haven/hotel/goa-in.html
3247,Prairie Haven,3,Villa,Goa,"Lawn, BBQ",Airbnb,3BR |PvtPool+Lawn|StayVista| Prairie Haven @Anjuna,https://www.airbnb.co.in/rooms/1224266631576048693
3247,Prairie Haven,3,Villa,Goa,"Lawn, BBQ",Booking.com,"Prairie Haven - Anjuna by VEO, StayVista - 3BHK Villa with Alfresco Dining & BBQ",https://www.booking.com/hotel/in/stayvista-at-prairie-haven.html
3247,Prairie Haven,3,Villa,Goa,"Lawn, BBQ",MakeMyTrip,StayVista at Prairie Haven,https://www.makemytrip.com/hotels/hotel-details/?hotelId=202312251117533610&_uCurrency=INR&checkin=11252025&checkout=11262025&city=CTAGR&country=IN&funnelType=getaway&lat=27.16779&lng=78.04893&locusId=ZNDEL67F7E280&locusType=zone&rank=1&roomStayQualifier=2e0e&seekSummaryRequired=false&viewType=LUXE&mtkeys=defaultMtkey
3234,The Big Chill,2,Villa,Shimla,"Bonfire, Gazebo",Agoda,StayVista at The Big Chill,https://www.agoda.com/en-in/stayvista-at-the-theog-altair/hotel/shimla-in.html
3234,The Big Chill,2,Villa,Shimla,"Bonfire, Gazebo",Airbnb,2BHK |Brkfst|StayVista |The Big Chill Villa@Kerala,https://www.airbnb.co.in/rooms/1059121442575299927
3234,The Big Chill,2,Villa,Shimla,"Bonfire, Gazebo",Booking.com,"The Big Chill by VEO, StayVista - 2BHK Villa with Gazebo & Bonfire",https://www.booking.com/hotel/in/stayvista-at-the-big-chill.html
3234,The Big Chill,2,Villa,Shimla,"Bonfire, Gazebo",MakeMyTrip,StayVista at The Big Chill,https://www.makemytrip.com/hotels/hotel-details/?hotelId=202401011304555130&_uCurrency=INR&checkin=11252025&checkout=11262025&city=CTAGR&country=IN&funnelType=getaway&lat=27.16779&lng=78.04893&locusId=ZNDEL67F7E280&locusType=zone&rank=1&roomStayQualifier=2e0e&seekSummaryRequired=false&viewType=LUXE&mtkeys=defaultMtkey
3260,Maple Farms,5,Villa,India,"Private Pool, Bonfire, BBQ",Agoda,"StayVista at Maple Farms with Pool, BBQ & Bonfire",https://www.agoda.com/stayvista-at-maple-farms/hotel/new-delhi-and-ncr-in.html
3260,Maple Farms,5,Villa,India,"Private Pool, Bonfire, BBQ",Airbnb,"Maple Farms 5BR Luxury Villa, Sohna",https://www.airbnb.co.in/rooms/1059210295702060887
3260,Maple Farms,5,Villa,India,"Private Pool, Bonfire, BBQ",Booking.com,StayVista's Maple Farms - Sohna - 5BHK Mountain-View Villa with Private Pool,https://www.booking.com/hotel/in/stayvista-at-maple-farms.html
3260,Maple Farms,5,Villa,India,"Private Pool, Bonfire, BBQ",MakeMyTrip,StayVista at Maple Farms,https://www.makemytrip.com/hotels/hotel-details/?hotelId=202401011550381860&_uCurrency=INR&checkin=11252025&checkout=11262025&city=CTAGR&country=IN&funnelType=getaway&lat=27.16779&lng=78.04893&locusId=ZNDEL67F7E280&locusType=zone&rank=1&roomStayQualifier=2e0e&seekSummaryRequired=false&viewType=LUXE&mtkeys=defaultMtkey
3097,SilverSpring,4,Cottage,Dehradun,"Valley View, Bonfire",Agoda,StayVista at SilverSpring Cottage,https://www.agoda.com/stayvista-at-silver-spring-cottages/hotel/basan-in.html
3097,SilverSpring,4,Cottage,Dehradun,"Valley View, Bonfire",Airbnb,Dehradun | 4BR @ SilverSpring w/Valley View,https://www.airbnb.co.in/rooms/1059094754363746053
3097,SilverSpring,4,Cottage,Dehradun,"Valley View, Bonfire",Booking.com,StayVista's SilverSpring Cottage - 4BHK with Valley View & Bonfire,https://www.booking.com/hotel/in/stayvista-at-silver-spring-cottages-w-valley-view.html
3097,SilverSpring,4,Cottage,Dehradun,"Valley View, Bonfire",MakeMyTrip,StayVista at SilverSpring Cottage,https://www.makemytrip.com/hotels/hotel-details/?hotelId=202401071708423340&_uCurrency=INR&checkin=11252025&checkout=11262025&city=CTAGR&country=IN&funnelType=getaway&lat=27.16779&lng=78.04893&locusId=ZNDEL67F7E280&locusType=zone&rank=1&roomStayQualifier=2e0e&seekSummaryRequired=false&viewType=LUXE&mtkeys=defaultMtkey
3221,Harvest Haven,3,Villa,Nashik,Pool,Agoda,StayVista at Harvest Haven,https://www.agoda.com/search?text=StayVista%20Harvest%20Haven%20Nashik
3221,Harvest Haven,3,Villa,Nashik,Pool,Airbnb,3BR |Pool&Deck Gem|StayVista| Harvest Haven@Nashik,https://www.airbnb.co.in/rooms/1061421668062913889
3221,Harvest Haven,3,Villa,Nashik,Pool,Booking.com,StayVista's Harvest Haven - 3BHK Villa with Viewing Deck & Bar,https://www.booking.com/hotel/in/stayvista-at-harvest-haven.html
3221,Harvest Haven,3,Villa,Nashik,Pool,MakeMyTrip,StayVista at Harvest Haven,https://www.makemytrip.com/hotels/hotel-details/?hotelId=202401051916089734&_uCurrency=INR&checkin=11252025&checkout=11262025&city=CTAGR&country=IN&funnelType=getaway&lat=27.16779&lng=78.04893&locusId=ZNDEL67F7E280&locusType=zone&rank=1&roomStayQualifier=2e0e&seekSummaryRequired=false&viewType=LUXE&mtkeys=defaultMtkey
3151,Majestic Mud,4,House,India,Private Pool,Agoda,StayVista at Majestic Mud House,https://www.agoda.com/en-in/stayvista-at-majestic-mud-house/hotel/pushkar-in.html
3151,Majestic Mud,4,House,India,Private Pool,Airbnb,Luxury 4BR Majestic Mud House w/Pvt Pool Pushkar,https://www.airbnb.co.in/rooms/1065769196515188272
3151,Majestic Mud,4,House,India,Private Pool,Booking.com,StayVista's Majestic Mud House - 4BHK with Pet Friendly & Private Pool,https://www.booking.com/hotel/in/stayvista-at-majestic-mud-house.html
3151,Majestic Mud,4,House,India,Private Pool,MakeMyTrip,StayVista at Majestic Mud House,https://www.makemytrip.com/hotels/hotel-details/?hotelId=202401021708081624&_uCurrency=INR&checkin=11252025&checkout=11262025&city=CTAGR&country=IN&funnelType=getaway&lat=27.16779&lng=78.04893&locusId=ZNDEL67F7E280&locusType=zone&rank=1&roomStayQualifier=2e0e&seekSummaryRequired=false&viewType=LUXE&mtkeys=defaultMtkey
3167,Sienna Breeze,4,Villa,Lonavala,Private Pool,Agoda,StayVista at Sienna Breeze,https://www.agoda.com/en-gb/stayvista-at-sienna-breeze/hotel/lonavla-in.html
3167,Sienna Breeze,4,Villa,Lonavala,Private Pool,Airbnb,4BHK Elegant Pool Villa| Sienna Breeze@ Lonavala,https://www.airbnb.co.in/rooms/1064101229650022390
3167,Sienna Breeze,4,Villa,Lonavala,Private Pool,Booking.com,StayVista's Sienna Breeze - 4BHK Villa with Private Pool,https://www.booking.com/hotel/in/stayvista-at-sienna-breeze.html
3167,Sienna Breeze,4,Villa,Lonavala,Private Pool,MakeMyTrip,StayVista at Sienna Breeze,https://www.makemytrip.com/hotels/hotel-details/?hotelId=202401081308515698&_uCurrency=INR&checkin=11252025&checkout=11262025&city=CTAGR&country=IN&funnelType=getaway&lat=27.16779&lng=78.04893&locusId=ZNDEL67F7E280&locusType=zone&rank=1&roomStayQualifier=2e0e&seekSummaryRequired=false&viewType=LUXE&mtkeys=defaultMtkey
3298,Palm Perle,3,Villa,India,Pool,Agoda,StayVista at Palm Perle Villa,https://www.agoda.com/stayvista-at-palm-perle-villa/hotel/bhopal-in.html
3298,Palm Perle,3,Villa,India,Pool,Airbnb,3BR | Pet+Pool | StayVista |Palm Perle @ Bhopal,https://www.airbnb.co.in/rooms/1243919706726513142
3298,Palm Perle,3,Villa,India,Pool,Booking.com,StayVista's Palm Perle Villa - 3BHK with Pet Friendly & Alfresco Dining,https://www.booking.com/hotel/in/stayvista-at-palm-perle-villa.html
3298,Palm Perle,3,Villa,India,Pool,MakeMyTrip,StayVista at Palm Perle Villa,https://www.makemytrip.com/hotels/hotel-details/?hotelId=202401111926197514&_uCurrency=INR&checkin=11252025&checkout=11262025&city=CTAGR&country=IN&funnelType=getaway&lat=27.16779&lng=78.04893&locusId=ZNDEL67F7E280&locusType=zone&rank=1&roomStayQualifier=2e0e&seekSummaryRequired=false&viewType=LUXE&mtkeys=defaultMtkey
3283,Hillside Harmony,3,Villa,India,Pool,Agoda,StayVista at Hillside Harmony,https://www.agoda.com/stayvist-at-hillside-harmony/hotel/anekal-in.html?hotel_id=49543759
3283,Hillside Harmony,3,Villa,India,Pool,Airbnb,3BR Lux Villa Hillside Harmony w/Pool & Treks,https://www.airbnb.co.in/rooms/1065723479564062042
3283,Hillside Harmony,3,Villa,India,Pool,Booking.com,StayVista's Hillside Harmony - Hosur - 3BHK Pet-Friendly Villa with Bathtub,https://www.booking.com/hotel/in/stayvist-at-hillside-harmony.html
3283,Hillside Harmony,3,Villa,India,Pool,MakeMyTrip,StayVista at Hillside Harmony,https://www.makemytrip.com/hotels/hotel-details/?hotelId=202401101218521161&_uCurrency=INR&checkin=11252025&checkout=11262025&city=CTAGR&country=IN&funnelType=getaway&lat=27.16779&lng=78.04893&locusId=ZNDEL67F7E280&locusType=zone&rank=1&roomStayQualifier=2e0e&seekSummaryRequired=false&viewType=LUXE&mtkeys=defaultMtkey
3263,Vale Echoes,4,Villa,India,BBQ,Agoda,StayVista at Vale Echoes - Breakfast Included,https://www.agoda.com/stayvista-at-vale-echoes/hotel/munnar-in.html
3263,Vale Echoes,4,Villa,India,BBQ,Airbnb,4BR|Hill Escape+View|StayVista| Vale Echoes@Munnar,https://www.airbnb.co.in/rooms/1067860721215365324
3263,Vale Echoes,4,Villa,India,BBQ,Booking.com,"Vale Echoes by VEO, StayVista - 4BHK Valley-View Villa with BBQ",https://www.booking.com/hotel/in/stayvista-at-vale-echoes.html
3263,Vale Echoes,4,Villa,India,BBQ,MakeMyTrip,StayVista at Vale Echoes,https://www.makemytrip.com/hotels/hotel-details/?hotelId=202401131206265989&_uCurrency=INR&checkin=11252025&checkout=11262025&city=CTAGR&country=IN&funnelType=getaway&lat=27.16779&lng=78.04893&locusId=ZNDEL67F7E280&locusType=zone&rank=1&roomStayQualifier=2e0e&seekSummaryRequired=false&viewType=LUXE&mtkeys=defaultMtkey
3322,Golden Apex by VEO,5,Villa,India,"Pool, River View",Agoda,Golden Apex by VEO - Part of StayVista,https://www.agoda.com/stayvista-at-golden-apex/hotel/gujjegowdanapura-in.html?hotel_id=49733414
3322,Golden Apex by VEO,5,Villa,India,"Pool, River View",Airbnb,5BR Golden Apex - w/Pool Brkfst Kabini River View.,https://www.airbnb.co.in/rooms/1299144425075430091
3322,Golden Apex by VEO,5,Villa,India,"Pool, River View",Booking.com,"Golden Apex by VEO, StayVista - 5BHK Pet-Friendly River-View Villa",https://www.booking.com/hotel/in/stayvista-at-golden-apex.html
3322,Golden Apex by VEO,5,Villa,India,"Pool, River View",MakeMyTrip,Golden Apex by VEO - Part of StayVista,https://www.makemytrip.com/hotels/hotel-details/?hotelId=202401171300282949&_uCurrency=INR&checkin=11252025&checkout=11262025&city=CTAGR&country=IN&funnelType=getaway&lat=27.16779&lng=78.04893&locusId=ZNDEL67F7E280&locusType=zone&rank=1&roomStayQualifier=2e0e&seekSummaryRequired=false&viewType=LUXE&mtkeys=defaultMtkey
3181,Firefly Mountain Retreat,6,Villa,India,Pool,Agoda,StayVista at Firefly Mountain Retreat,https://www.agoda.com/stayvista-at-firefly-mountain-retreat/hotel/padghawali-in.html
3181,Firefly Mountain Retreat,6,Villa,India,Pool,Airbnb,Panoramic Views W/Pool @Firefly Mountain Retreat,https://www.airbnb.co.in/rooms/1359928778069375568
3181,Firefly Mountain Retreat,6,Villa,India,Pool,Booking.com,StayVista's Firefly Mountain Retreat - Khopoli - 6BHK Villa with Viewing Deck,https://www.booking.com/hotel/in/stayvista-at-firefly-mountain-retreat.html
3181,Firefly Mountain Retreat,6,Villa,India,Pool,MakeMyTrip,StayVista at Firefly Mountain Retreat,https://www.makemytrip.com/hotels/hotel-details/?hotelId=202402011324535815&_uCurrency=INR&checkin=11252025&checkout=11262025&city=CTAGR&country=IN&funnelType=getaway&lat=27.16779&lng=78.04893&locusId=ZNDEL67F7E280&locusType=zone&rank=1&roomStayQualifier=2e0e&seekSummaryRequired=false&viewType=LUXE&mtkeys=defaultMtkey
2695,Golden Triangle by VEO,5,Villa,India,Pool,Agoda,Golden Triangle by VEO - Part of StayVista,https://www.agoda.com/stayvista-at-golden-triangle/hotel/gujjegowdanapura-in.html
2695,Golden Triangle by VEO,5,Villa,India,Pool,Airbnb,5BR|Pool Retreat|StayVista| Golden Triangle@Kabini,https://www.airbnb.co.in/rooms/1074408051514244357
2695,Golden Triangle by VEO,5,Villa,India,Pool,Booking.com,"Golden Triangle by VEO, StayVista - 5BHK Pet-Friendly Villa with Shared Pool",https://www.booking.com/hotel/in/stayvista-at-golden-triangle.html
2695,Golden Triangle by VEO,5,Villa,India,Pool,MakeMyTrip,Golden Triangle by VEO - Part of StayVista,https://www.makemytrip.com/hotels/hotel-details/?hotelId=202402121840536380&_uCurrency=INR&checkin=11252025&checkout=11262025&city=CTAGR&country=IN&funnelType=getaway&lat=27.16779&lng=78.04893&locusId=ZNDEL67F7E280&locusType=zone&rank=1&roomStayQualifier=2e0e&seekSummaryRequired=false&viewType=LUXE&mtkeys=defaultMtkey
3315,Sun n Sky,4,Villa,Alibaug,"Private Pool, Gazebo",Agoda,StayVista at Sun n Sky,https://www.agoda.com/stayvista-at-sun-n-sky/hotel/alibaug-in.html
3315,Sun n Sky,4,Villa,Alibaug,"Private Pool, Gazebo",Airbnb,"Sun n Sky by StayVista w/ Pool, Gazebo & Wi-Fi",https://www.airbnb.co.in/rooms/1152558112006688038
3315,Sun n Sky,4,Villa,Alibaug,"Private Pool, Gazebo",Booking.com,StayVista's Sun n Sky - 4BHK Pet-Friendly Villa with Private Pool,https://www.booking.com/hotel/in/stayvista-at-sun-n-sky.html
3315,Sun n Sky,4,Villa,Alibaug,"Private Pool, Gazebo",MakeMyTrip,StayVista at Sun n Sky,https://www.makemytrip.com/hotels/hotel-details/?hotelId=202401241207075902&_uCurrency=INR&checkin=11252025&checkout=11262025&city=CTAGR&country=IN&funnelType=getaway&lat=27.16779&lng=78.04893&locusId=ZNDEL67F7E280&locusType=zone&rank=1&roomStayQualifier=2e0e&seekSummaryRequired=false&viewType=LUXE&mtkeys=defaultMtkey
3350,Terra Tints,4,Villa,Nashik,"Private Pool, Bonfire",Agoda,StayVista's Terra Tints - Mountainside Cabin,https://www.agoda.com/stayvista-at-terra-tints/hotel/trimbak-in.html
3350,Terra Tints,4,Villa,Nashik,"Private Pool, Bonfire",Airbnb,4BR|Scenic+Bonfire|StayVista|Terra Tints @ Nashik!,https://www.airbnb.co.in/rooms/1385289006384180360
3350,Terra Tints,4,Villa,Nashik,"Private Pool, Bonfire",Booking.com,Terra Tints by StayVista - 4BHK Mountain-View Villa with Private Pool,https://www.booking.com/hotel/in/stayvista-at-terra-tints.html
3350,Terra Tints,4,Villa,Nashik,"Private Pool, Bonfire",MakeMyTrip,"StayVista at Terra Tints - Mountainside Cabin with Private Pool, Deck",https://www.makemytrip.com/hotels/hotel-details/?hotelId=202401291701379014&_uCurrency=INR&checkin=11252025&checkout=11262025&city=CTAGR&country=IN&funnelType=getaway&lat=27.16779&lng=78.04893&locusId=ZNDEL67F7E280&locusType=zone&rank=1&roomStayQualifier=2e0e&seekSummaryRequired=false&viewType=LUXE&mtkeys=defaultMtkey
3296,The,3,Estate,Karjat,"Pool, Mountain View, Jacuzzi",Agoda,StayVista at The Estate - Luxury Living,https://www.agoda.com/en-in/stayvista-at-the-estate-luxury-living/hotel/karjat-in.html
3296,The,3,Estate,Karjat,"Pool, Mountain View, Jacuzzi",Airbnb,3BHK|Pool+Jacz|StayVista|The Estate-Luxury@Lonavla,https://www.airbnb.co.in/rooms/1079400350396437469
3296,The,3,Estate,Karjat,"Pool, Mountain View, Jacuzzi",Booking.com,The Estate by StayVista - 3BHK with Mountain View & Jacuzzi,https://www.booking.com/hotel/in/stayvista-at-the-estate-luxury-living.html
3296,The,3,Estate,Karjat,"Pool, Mountain View, Jacuzzi",MakeMyTrip,StayVista at The Estate - Luxury Living,https://www.makemytrip.com/hotels/hotel-details/?hotelId=202402010711415946&_uCurrency=INR&checkin=11252025&checkout=11262025&city=CTAGR&country=IN&funnelType=getaway&lat=27.16779&lng=78.04893&locusId=ZNDEL67F7E280&locusType=zone&rank=1&roomStayQualifier=2e0e&seekSummaryRequired=false&viewType=LUXE&mtkeys=defaultMtkey
3379,Lake Pearl Serenity,4,Villa,India,"River View, Jacuzzi, Lawn",Agoda,"StayVista's Lake Pearl Serenity - Riverside, Mountain-View Villa with Jacuzzi, Sprawling Lawn & Terr",https://www.agoda.com/en-gb/stayvista-at-lake-pearl-serenity/hotel/dhar-kalan-in.html
3379,Lake Pearl Serenity,4,Villa,India,"River View, Jacuzzi, Lawn",Airbnb,Lake Pearl Serenity|4BR River View Villa@Pathankot,https://www.airbnb.co.in/rooms/1081573114691651838
3379,Lake Pearl Serenity,4,Villa,India,"River View, Jacuzzi, Lawn",Booking.com,StayVista's Lake Pearl Serenity - 4BHK Pet-Friendly Villa with Jacuzzi,https://www.booking.com/hotel/in/stayvista-at-lake-pearl-serenity.html
3379,Lake Pearl Serenity,4,Villa,India,"River View, Jacuzzi, Lawn",MakeMyTrip,StayVista at Lake Pearl Serenity,https://www.makemytrip.com/hotels/hotel-details/?hotelId=202402041518408960&_uCurrency=INR&checkin=11252025&checkout=11262025&city=CTAGR&country=IN&funnelType=getaway&lat=27.16779&lng=78.04893&locusId=ZNDEL67F7E280&locusType=zone&rank=1&roomStayQualifier=2e0e&seekSummaryRequired=false&viewType=LUXE&mtkeys=defaultMtkey
3358,Sunflower,6,Villa,Mahabaleshwar,"Pool, Mountain View",Agoda,StayVista at Sunflower Villa,https://www.agoda.com/stayvista-at-sunflower-villa/hotel/mahabaleshwar-in.html
3358,Sunflower,6,Villa,Mahabaleshwar,"Pool, Mountain View",Airbnb,StayVista Sunflower Villa – Pool & Mountain View,https://www.airbnb.co.in/rooms/1080950140230293953
3358,Sunflower,6,Villa,Mahabaleshwar,"Pool, Mountain View",Booking.com,StayVista's Sunflower Villa - 6BHK with Alfresco Dining & Bathtub,https://www.booking.com/hotel/in/stayvista-at-sunflower-villa.html
3358,Sunflower,6,Villa,Mahabaleshwar,"Pool, Mountain View",MakeMyTrip,StayVista at Sunflower Villa,https://www.makemytrip.com/hotels/hotel-details/?hotelId=202402011246221781&_uCurrency=INR&checkin=11252025&checkout=11262025&city=CTAGR&country=IN&funnelType=getaway&lat=27.16779&lng=78.04893&locusId=ZNDEL67F7E280&locusType=zone&rank=1&roomStayQualifier=2e0e&seekSummaryRequired=false&viewType=LUXE&mtkeys=defaultMtkey
3370,Terra,4,Villa,Panchgani,"Mountain View, Lake View",Agoda,StayVista at Villa Terra,https://www.agoda.com/en-in/stayvista-at-villa-terra/hotel/panchgani-in.html
3370,Terra,4,Villa,Panchgani,"Mountain View, Lake View",Airbnb,4BR|Lake+Mountain|StayVista| Villa Terra@Panchgani,https://www.airbnb.co.in/rooms/1082310642709752982
3370,Terra,4,Villa,Panchgani,"Mountain View, Lake View",Booking.com,StayVista's Villa Terra - 4BHK with Lake View & Mountain View,https://www.booking.com/hotel/in/stayvista-at-villa-terra.html
3370,Terra,4,Villa,Panchgani,"Mountain View, Lake View",MakeMyTrip,StayVista at Villa Terra,https://www.makemytrip.com/hotels/hotel-details/?hotelId=202402052120503381&_uCurrency=INR&checkin=11252025&checkout=11262025&city=CTAGR&country=IN&funnelType=getaway&lat=27.16779&lng=78.04893&locusId=ZNDEL67F7E280&locusType=zone&rank=1&roomStayQualifier=2e0e&seekSummaryRequired=false&viewType=LUXE&mtkeys=defaultMtkey
3248,Kia Ora,3,Villa,Karjat,"Private Pool, Lawn, BBQ",Agoda,StayVista at Kia Ora,https://www.agoda.com/en-in/stayvista-at-kia-ora/hotel/karjat-in.html
3248,Kia Ora,3,Villa,Karjat,"Private Pool, Lawn, BBQ",Airbnb,StayVista at Kia Ora w/ Pool & Lawn,https://www.airbnb.co.in/rooms/1739101307278586426
3248,Kia Ora,3,Villa,Karjat,"Private Pool, Lawn, BBQ",Booking.com,StayVista's Kia Ora - 3BHK Villa with Private Pool & BBQ,https://www.booking.com/hotel/in/stayvista-at-kia-ora.html
3248,Kia Ora,3,Villa,Karjat,"Private Pool, Lawn, BBQ",MakeMyTrip,StayVista at Kia Ora,https://www.makemytrip.com/hotels/hotel-details/?hotelId=202402051801153584&_uCurrency=INR&checkin=11252025&checkout=11262025&city=CTAGR&country=IN&funnelType=getaway&lat=27.16779&lng=78.04893&locusId=ZNDEL67F7E280&locusType=zone&rank=1&roomStayQualifier=2e0e&seekSummaryRequired=false&viewType=LUXE&mtkeys=defaultMtkey
3353,Celeste,3,Villa,India,Private Pool,Agoda,StayVista at Celeste Villa,https://www.agoda.com/en-in/stayvista-at-celeste-villa/hotel/khambale-in.html
3353,Celeste,3,Villa,India,Private Pool,Airbnb,3BR |Scenic Pool|StayVista| Celeste Villa @Trimbak,https://www.airbnb.co.in/rooms/1086023617849640735
3353,Celeste,3,Villa,India,Private Pool,Booking.com,StayVista's Celeste Villa - 3BHK with Viewing Deck & Private Pool,https://www.booking.com/hotel/in/stayvista-at-celeste-villa.html
3353,Celeste,3,Villa,India,Private Pool,MakeMyTrip,StayVista at Celeste Villa,https://www.makemytrip.com/hotels/hotel-details/?hotelId=202402211214572626&_uCurrency=INR&checkin=11252025&checkout=11262025&city=CTAGR&country=IN&funnelType=getaway&lat=27.16779&lng=78.04893&locusId=ZNDEL67F7E280&locusType=zone&rank=1&roomStayQualifier=2e0e&seekSummaryRequired=false&viewType=LUXE&mtkeys=defaultMtkey
3251,Wildflower,4,Villa,India,"Private Pool, BBQ",Agoda,StayVista at Wildflower Villa,https://www.agoda.com/en-in/wildflower-villa-by-stayvista-poolside-retreat-with-contemporary-interiors-indoor-activities/hotel/zirad-in.html
3251,Wildflower,4,Villa,India,"Private Pool, BBQ",Airbnb,"StayVista @ Wildflower Villa – 4BR, Pool & Games",https://www.airbnb.co.in/rooms/1086080807247857872
3251,Wildflower,4,Villa,India,"Private Pool, BBQ",Booking.com,StayVista's Wildflower Villa - 4BHK with Private Pool & BBQ,https://www.booking.com/hotel/in/stayvista-at-wildflower-villa.html
3251,Wildflower,4,Villa,India,"Private Pool, BBQ",MakeMyTrip,StayVista at Wildflower Villa,https://www.makemytrip.com/hotels/hotel-details/?hotelId=202402081515358042&_uCurrency=INR&checkin=11252025&checkout=11262025&city=CTAGR&country=IN&funnelType=getaway&lat=27.16779&lng=78.04893&locusId=ZNDEL67F7E280&locusType=zone&rank=1&roomStayQualifier=2e0e&seekSummaryRequired=false&viewType=LUXE&mtkeys=defaultMtkey
3369,Mikkie,3,House,India,Lawn,Agoda,StayVista at Mikkie House,https://www.agoda.com/stayvista-at-mikkie-house/hotel/bisuvanahalli-in.html
3369,Mikkie,3,House,India,Lawn,Airbnb,3BR|Garden Escape|StayVista|Mikkie House@Karnataka,https://www.airbnb.co.in/rooms/51530463
3369,Mikkie,3,House,India,Lawn,Booking.com,StayVista's Mikkie House - 3BHK with Lawn,https://www.booking.com/hotel/in/stayvista-at-mikkie-house.html
3369,Mikkie,3,House,India,Lawn,MakeMyTrip,StayVista at Mikkie House,https://www.makemytrip.com/hotels/hotel-details/?hotelId=202402191036179581&_uCurrency=INR&checkin=11252025&checkout=11262025&city=CTAGR&country=IN&funnelType=getaway&lat=27.16779&lng=78.04893&locusId=ZNDEL67F7E280&locusType=zone&rank=1&roomStayQualifier=2e0e&seekSummaryRequired=false&viewType=LUXE&mtkeys=defaultMtkey
3434,Fiddle Leaf Home,3,Villa,India,BBQ,Agoda,StayVista's Fiddle Leaf Home - Elegant Interiors,https://www.agoda.com/en-in/stayvista-at-fiddle-leaf-home/hotel/amritsar-in.html
3434,Fiddle Leaf Home,3,Villa,India,BBQ,Airbnb,3BR |CozyNest|StayVista|Fidle Leaf Stay @Amritsar,https://www.airbnb.co.in/rooms/1098360021094692108
3434,Fiddle Leaf Home,3,Villa,India,BBQ,Booking.com,StayVista's Fiddle Leaf Home - 3BHK Villa Near Amritsar Airport with BBQ,https://www.booking.com/hotel/in/stayvista-at-fiddle-leaf-home.html
3434,Fiddle Leaf Home,3,Villa,India,BBQ,MakeMyTrip,StayVista at Fiddle Leaf Home,https://www.makemytrip.com/hotels/hotel-details/?hotelId=202402251515113286&_uCurrency=INR&checkin=11252025&checkout=11262025&city=CTAGR&country=IN&funnelType=getaway&lat=27.16779&lng=78.04893&locusId=ZNDEL67F7E280&locusType=zone&rank=1&roomStayQualifier=2e0e&seekSummaryRequired=false&viewType=LUXE&mtkeys=defaultMtkey
3447,The Sweet Life,5,Villa,India,Private Pool,Agoda,StayVista at The Sweet Life,https://www.agoda.com/stayvista-at-the-sweet-life/hotel/new-delhi-and-ncr-in.html
3447,The Sweet Life,5,Villa,India,Private Pool,Airbnb,The Sweet Life - Luxury Farm Stay W/ Private Pool,https://www.airbnb.co.in/rooms/1435947407248407249
3447,The Sweet Life,5,Villa,India,Private Pool,Booking.com,The Sweet Life by StayVista - 5BHK Pet-Friendly Villa with Private Pool,https://www.booking.com/hotel/in/stayvista-at-the-sweet-life.html
3447,The Sweet Life,5,Villa,India,Private Pool,MakeMyTrip,StayVista at The Sweet Life w/ Private Pool,https://www.makemytrip.com/hotels/hotel-details/?hotelId=202607091421069423&_uCurrency=INR&checkin=11252025&checkout=11262025&city=CTAGR&country=IN&funnelType=getaway&lat=27.16779&lng=78.04893&locusId=ZNDEL67F7E280&locusType=zone&rank=1&roomStayQualifier=2e0e&seekSummaryRequired=false&viewType=LUXE&mtkeys=defaultMtkey
3401,The Beach Life,1,Villa,India,Private Pool,Agoda,StayVista at The Beach Life,https://www.agoda.com/stayvista-at-own-the-beach-life/hotel/thriprayar-in.html
3401,The Beach Life,1,Villa,India,Private Pool,Airbnb,1BHK|OceanView|StayVista|Own The Beach Life@Kerala,https://www.airbnb.co.in/rooms/1099793442933629977
3401,The Beach Life,1,Villa,India,Private Pool,Booking.com,"Own The Beach Life by VEO, StayVista - 1BHK Pet-Friendly Beach-View Villa",https://www.booking.com/hotel/in/stayvista-at-own-the-beach-life.html
3401,The Beach Life,1,Villa,India,Private Pool,MakeMyTrip,StayVista at Own The Beach Life,https://www.makemytrip.com/hotels/hotel-details/?hotelId=202404100647399018&_uCurrency=INR&checkin=11252025&checkout=11262025&city=CTAGR&country=IN&funnelType=getaway&lat=27.16779&lng=78.04893&locusId=ZNDEL67F7E280&locusType=zone&rank=1&roomStayQualifier=2e0e&seekSummaryRequired=false&viewType=LUXE&mtkeys=defaultMtkey
3443,Orionâ€™s Crest,3,Villa,Ooty,Private Pool,Agoda,StayVista at Orionâ€™s Crest,https://www.agoda.com/stayvista-at-orion-s-crest/hotel/ooty-in.html
3443,Orionâ€™s Crest,3,Villa,Ooty,Private Pool,Airbnb,Orion's Crest|Cozy 3BR Villa w/Views+Breakfast,https://www.airbnb.co.in/rooms/1102633970384072474
3443,Orionâ€™s Crest,3,Villa,Ooty,Private Pool,Booking.com,StayVista's Orion's Crest - 3BHK Valley-View Villa with Bathtub & Pet Friendly,https://www.booking.com/hotel/in/stayvista-at-orions-crest.html
3443,Orionâ€™s Crest,3,Villa,Ooty,Private Pool,MakeMyTrip,StayVista at Orion's Crest,https://www.makemytrip.com/hotels/hotel-details/?hotelId=202402291333096759&_uCurrency=INR&checkin=11252025&checkout=11262025&city=CTAGR&country=IN&funnelType=getaway&lat=27.16779&lng=78.04893&locusId=ZNDEL67F7E280&locusType=zone&rank=1&roomStayQualifier=2e0e&seekSummaryRequired=false&viewType=LUXE&mtkeys=defaultMtkey
3390,The Ganga,4,House,India,"River View, BBQ",Agoda,StayVista at The Ganga House,https://www.agoda.com/en-in/stayvista-at-the-ganga-house/hotel/varanasi-in.html
3390,The Ganga,4,House,India,"River View, BBQ",Airbnb,Varanasi | 4BR The Ganga House w/River View & Wifi,https://www.airbnb.co.in/rooms/1105740550081616722
3390,The Ganga,4,House,India,"River View, BBQ",Booking.com,The Ganga House by StayVista - 4BHK with River View & BBQ,https://www.booking.com/hotel/in/stayvista-at-the-ganga-house.html
3390,The Ganga,4,House,India,"River View, BBQ",MakeMyTrip,StayVista at The Ganga House,https://www.makemytrip.com/hotels/hotel-details/?hotelId=202403051722362106&_uCurrency=INR&checkin=11252025&checkout=11262025&city=CTAGR&country=IN&funnelType=getaway&lat=27.16779&lng=78.04893&locusId=ZNDEL67F7E280&locusType=zone&rank=1&roomStayQualifier=2e0e&seekSummaryRequired=false&viewType=LUXE&mtkeys=defaultMtkey
3454,Mangifera Agro,5,Estate,India,"Mountain View, Jacuzzi",Agoda,StayVista at Mangifera Agro Estate,https://www.agoda.com/stayvista-at-mangifera-estate/hotel/shindewadi-in.html
3454,Mangifera Agro,5,Estate,India,"Mountain View, Jacuzzi",Airbnb,5BR|LuxPool+Deck|StayVista| Mangifera Estate @Atit,https://www.airbnb.co.in/rooms/1106286026338594084
3454,Mangifera Agro,5,Estate,India,"Mountain View, Jacuzzi",Booking.com,StayVista's Mangifera Agro Estate - Mountain View & Jacuzzi,https://www.booking.com/hotel/in/stayvista-at-mangifera-estate.html
3454,Mangifera Agro,5,Estate,India,"Mountain View, Jacuzzi",MakeMyTrip,StayVista at Mangifera Agro Estate,https://www.makemytrip.com/hotels/hotel-details/?hotelId=202403051847327296&_uCurrency=INR&checkin=11252025&checkout=11262025&city=CTAGR&country=IN&funnelType=getaway&lat=27.16779&lng=78.04893&locusId=ZNDEL67F7E280&locusType=zone&rank=1&roomStayQualifier=2e0e&seekSummaryRequired=false&viewType=LUXE&mtkeys=defaultMtkey
3455,Silver Grove,3,Villa,Nashik,Private Pool,Agoda,StayVista at Silver Grove,https://www.agoda.com/en-gb/stayvista-at-silver-grove/hotel/nashik-in.html
3455,Silver Grove,3,Villa,Nashik,Private Pool,Airbnb,3BR |Pool Retreat|StayVista| Silver Grove @Nashik,https://www.airbnb.co.in/rooms/1118598279840060818
3455,Silver Grove,3,Villa,Nashik,Private Pool,Booking.com,StayVista's Silver Grove - 3BHK Villa with Private Pool & Terrace,https://www.booking.com/hotel/in/stayvista-at-silver-grove.html
3455,Silver Grove,3,Villa,Nashik,Private Pool,MakeMyTrip,StayVista at Silver Grove,https://www.makemytrip.com/hotels/hotel-details/?hotelId=202404051059456972&_uCurrency=INR&checkin=11252025&checkout=11262025&city=CTAGR&country=IN&funnelType=getaway&lat=27.16779&lng=78.04893&locusId=ZNDEL67F7E280&locusType=zone&rank=1&roomStayQualifier=2e0e&seekSummaryRequired=false&viewType=LUXE&mtkeys=defaultMtkey
3371,Kaarma,4,Villa,Lonavala,Private Pool,Agoda,StayVista at Kaarma Villa,https://www.agoda.com/en-in/stayvista-at-kaarma-villa/hotel/malavli-in.html
3371,Kaarma,4,Villa,Lonavala,Private Pool,Airbnb,4BHK|Pool+MtnView|StayVista |Kaarma Villa@Lonavala,https://www.airbnb.co.in/rooms/1125233656634874903
3371,Kaarma,4,Villa,Lonavala,Private Pool,Booking.com,"Kaarma Villa by VEO, StayVista - 4BHK with Home Theatre & Private Pool",https://www.booking.com/hotel/in/stayvista-at-kaarma-villa.html
3371,Kaarma,4,Villa,Lonavala,Private Pool,MakeMyTrip,StayVista at Kaarma Villa,https://www.makemytrip.com/hotels/hotel-details/?hotelId=202403101605095180&_uCurrency=INR&checkin=11252025&checkout=11262025&city=CTAGR&country=IN&funnelType=getaway&lat=27.16779&lng=78.04893&locusId=ZNDEL67F7E280&locusType=zone&rank=1&roomStayQualifier=2e0e&seekSummaryRequired=false&viewType=LUXE&mtkeys=defaultMtkey
3481,Midsummer Moon,5,Villa,Srinagar,Bonfire,Agoda,StayVista at Midsummer Moon,https://www.agoda.com/en-in/stayvista-at-midsummer-moon/hotel/srinagar-in.html?hotel_id=52029692&ds=FBZ9f7PSxhWzn0lj
3481,Midsummer Moon,5,Villa,Srinagar,Bonfire,Airbnb,5BR|Luxury|StayVista| Midsummer Moon@Kashmir Haven,https://www.airbnb.co.in/rooms/1112142624731102335
3481,Midsummer Moon,5,Villa,Srinagar,Bonfire,Booking.com,StayVista's Midsummer Moon - 5BHK Mountain-View Villa with Bonfire,https://www.booking.com/hotel/in/stayvista-at-midsummer-moon.html
3481,Midsummer Moon,5,Villa,Srinagar,Bonfire,MakeMyTrip,StayVista at Midsummer Moon,https://www.makemytrip.com/hotels/hotel-details/?hotelId=202403131551426201&_uCurrency=INR&checkin=11252025&checkout=11262025&city=CTAGR&country=IN&funnelType=getaway&lat=27.16779&lng=78.04893&locusId=ZNDEL67F7E280&locusType=zone&rank=1&roomStayQualifier=2e0e&seekSummaryRequired=false&viewType=LUXE&mtkeys=defaultMtkey
3452,The Isabella,3,Villa,Karjat,"Private Pool, Gazebo",Agoda,StayVista's The Isabella House - Hill-View Villa with Outdoor Pool & Pool-Side Gazebo,https://www.agoda.com/pushpam-lords-resort-karjat/hotel/karjat-in.html
3452,The Isabella,3,Villa,Karjat,"Private Pool, Gazebo",Airbnb,@3BR The Isabella House – Poolside Bliss @ Karjat,https://www.airbnb.co.in/rooms/1112651870614965678
3452,The Isabella,3,Villa,Karjat,"Private Pool, Gazebo",Booking.com,The Isabella House by StayVista - 3BHK with Garden & Private Pool,https://www.booking.com/hotel/in/stayvista-at-the-isabella-house.html
3452,The Isabella,3,Villa,Karjat,"Private Pool, Gazebo",MakeMyTrip,StayVista at The Isabella House,https://www.makemytrip.com/hotels/hotel-details/?hotelId=202403151038238934&_uCurrency=INR&checkin=11252025&checkout=11262025&city=CTAGR&country=IN&funnelType=getaway&lat=27.16779&lng=78.04893&locusId=ZNDEL67F7E280&locusType=zone&rank=1&roomStayQualifier=2e0e&seekSummaryRequired=false&viewType=LUXE&mtkeys=defaultMtkey
3522,Minty Mirage,6,Villa,India,Private Pool,Agoda,StayVista at Minty Mirage,https://www.agoda.com/en-gb/stayvista-at-minty-mirage/hotel/girnare-in.html
3522,Minty Mirage,6,Villa,India,Private Pool,Airbnb,6BR|Luxury Pool|StayVista| Minty Mirage @Vadgaon,https://www.airbnb.co.in/rooms/1116529321161868980
3522,Minty Mirage,6,Villa,India,Private Pool,Booking.com,StayVista's Minty Mirage - 6BHK Villa with Private Pool & EV Station,https://www.booking.com/hotel/in/stayvista-at-minty-mirage.html
3522,Minty Mirage,6,Villa,India,Private Pool,MakeMyTrip,StayVista at Minty Mirage,https://www.makemytrip.com/hotels/hotel-details/?hotelId=202403211331515531&_uCurrency=INR&checkin=11252025&checkout=11262025&city=CTAGR&country=IN&funnelType=getaway&lat=27.16779&lng=78.04893&locusId=ZNDEL67F7E280&locusType=zone&rank=1&roomStayQualifier=2e0e&seekSummaryRequired=false&viewType=LUXE&mtkeys=defaultMtkey
3458,Bella Dream,6,Villa,Udaipur,"Private Pool, Lawn",Agoda,StayVista at Bella Dream,https://www.agoda.com/stayvista-at-bella-dream/hotel/udaipur-in.html
3458,Bella Dream,6,Villa,Udaipur,"Private Pool, Lawn",Airbnb,6BR| Pool+Lawn |StayVista| Bella Dream @Rajasthan,https://www.airbnb.co.in/rooms/1439568683312792850
3458,Bella Dream,6,Villa,Udaipur,"Private Pool, Lawn",Booking.com,StayVista's Bella Dream - 6BHK Villa with Private Pool & Workstation,https://www.booking.com/hotel/in/stayvista-at-bella-dream.html
3458,Bella Dream,6,Villa,Udaipur,"Private Pool, Lawn",MakeMyTrip,StayVista at Bella Dream,https://www.makemytrip.com/hotels/hotel-details/?hotelId=202403211148031485&_uCurrency=INR&checkin=11252025&checkout=11262025&city=CTAGR&country=IN&funnelType=getaway&lat=27.16779&lng=78.04893&locusId=ZNDEL67F7E280&locusType=zone&rank=1&roomStayQualifier=2e0e&seekSummaryRequired=false&viewType=LUXE&mtkeys=defaultMtkey
3407,Palm Tree Homes,3,Homestay,India,"Private Pool, BBQ",Agoda,StayVista at Palm Tree Homes with BBQ Grill & Pet Friendly Home,https://www.agoda.com/en-gb/stayvista-at-palm-tree-homes/hotel/mananthavady-in.html
3407,Palm Tree Homes,3,Homestay,India,"Private Pool, BBQ",Airbnb,3BR Pool PetFrdly|StayVista| PalmTree Homes@Kerala,https://www.airbnb.co.in/rooms/1365022887884365759
3407,Palm Tree Homes,3,Homestay,India,"Private Pool, BBQ",Booking.com,"Palm Tree Homes by VEO, StayVista - 2BHK Pet-Friendly Homestay with Private Pool",https://www.booking.com/hotel/in/stayvista-at-palm-tree-homes.html
3407,Palm Tree Homes,3,Homestay,India,"Private Pool, BBQ",MakeMyTrip,StayVista at Palm Tree Homes,https://www.makemytrip.com/hotels/hotel-details/?hotelId=202403231148079098&_uCurrency=INR&checkin=11252025&checkout=11262025&city=CTAGR&country=IN&funnelType=getaway&lat=27.16779&lng=78.04893&locusId=ZNDEL67F7E280&locusType=zone&rank=1&roomStayQualifier=2e0e&seekSummaryRequired=false&viewType=LUXE&mtkeys=defaultMtkey
1462,Oceanic Retreat,3,Villa,Alibaug,"Pool, Lawn",Agoda,StayVista at Oceanic Retreat,https://www.agoda.com/stayvista-at-oceanic-retreat/hotel/alibaug-in.html
1462,Oceanic Retreat,3,Villa,Alibaug,"Pool, Lawn",Airbnb,StayVista Oceanic Retreat | Poolside Escape,https://www.airbnb.co.in/rooms/1537465899473785409
1462,Oceanic Retreat,3,Villa,Alibaug,"Pool, Lawn",Booking.com,"StayVista's Oceanic Retreat - Beach-View Villa with Outdoor Pool, Lawn & Indoor-Outdoor Activities",https://www.booking.com/hotel/in/stayvista-at-oceanic-retreat.html
1462,Oceanic Retreat,3,Villa,Alibaug,"Pool, Lawn",MakeMyTrip,StayVista at Oceanic Retreat,https://www.makemytrip.com/hotels/hotel-details/?hotelId=202403221230369467&_uCurrency=INR&checkin=11252025&checkout=11262025&city=CTAGR&country=IN&funnelType=getaway&lat=27.16779&lng=78.04893&locusId=ZNDEL67F7E280&locusType=zone&rank=1&roomStayQualifier=2e0e&seekSummaryRequired=false&viewType=LUXE&mtkeys=defaultMtkey
3506,Exotica Kabini,3,Villa,India,BBQ,Agoda,StayVista at Exotica Kabini - All Meals Included,https://www.agoda.com/en-in/stayvista-at-majestic-exotica-kabini-h86711591/hotel/kabini-in.html
3506,Exotica Kabini,3,Villa,India,BBQ,Airbnb,3BR Exotica Kabini All Meal Incl Riverbank Luxury,https://www.airbnb.co.in/rooms/1118543571528693229
3506,Exotica Kabini,3,Villa,India,BBQ,Booking.com,StayVista's Exotica Kabini - 3BHK Pet-Friendly Villa with BBQ,https://www.booking.com/hotel/in/stayvista-at-kabini-homestay.html
3506,Exotica Kabini,3,Villa,India,BBQ,MakeMyTrip,StayVista at Exotica Kabini,https://www.makemytrip.com/hotels/hotel-details/?hotelId=202403231549538181&_uCurrency=INR&checkin=11252025&checkout=11262025&city=CTAGR&country=IN&funnelType=getaway&lat=27.16779&lng=78.04893&locusId=ZNDEL67F7E280&locusType=zone&rank=1&roomStayQualifier=2e0e&seekSummaryRequired=false&viewType=LUXE&mtkeys=defaultMtkey
3300,Mangrove Forest,4,Villa,Goa,Private Pool,Agoda,StayVista at Mangrove Forest Villa,https://www.agoda.com/en-in/stayvista-at-mangrove-villa/hotel/goa-in.html
3300,Mangrove Forest,4,Villa,Goa,Private Pool,Airbnb,"StayVista at Mangrove Forest Villa, Candolim",https://www.airbnb.co.in/rooms/1120787844986164295
3300,Mangrove Forest,4,Villa,Goa,Private Pool,Booking.com,StayVista's Mangrove Forest Villa - Candolim - 4BHK with Bar & Alfresco Dining,https://www.booking.com/hotel/in/stayvista-at-mangrove-forest-villa.html
3300,Mangrove Forest,4,Villa,Goa,Private Pool,MakeMyTrip,StayVista at Mangrove Forest Villa,https://www.makemytrip.com/hotels/hotel-details/?hotelId=202403261203103605&_uCurrency=INR&checkin=11252025&checkout=11262025&city=CTAGR&country=IN&funnelType=getaway&lat=27.16779&lng=78.04893&locusId=ZNDEL67F7E280&locusType=zone&rank=1&roomStayQualifier=2e0e&seekSummaryRequired=false&viewType=LUXE&mtkeys=defaultMtkey
3473,The Black Box,2,Villa,India,Private Pool,Agoda,StayVista at The Black Box,https://www.agoda.com/en-in/the-black-box-pet-friendly-at-puducherry-by-stayvista/hotel/pondicherry-in.html
3473,The Black Box,2,Villa,India,Private Pool,Airbnb,2BR ElegantVilla w/Balcony+Scenic View @Puducherry,https://www.airbnb.co.in/rooms/1125950736558934673
3473,The Black Box,2,Villa,India,Private Pool,Booking.com,The Black Box - Auroville by StayVista - 2BHK Pet-Friendly Villa with Alfresco Dining,https://www.booking.com/hotel/in/stayvista-at-the-black-box.html
3473,The Black Box,2,Villa,India,Private Pool,MakeMyTrip,StayVista at The Black Box,https://www.makemytrip.com/hotels/hotel-details/?hotelId=202404021925497202&_uCurrency=INR&checkin=11252025&checkout=11262025&city=CTAGR&country=IN&funnelType=getaway&lat=27.16779&lng=78.04893&locusId=ZNDEL67F7E280&locusType=zone&rank=1&roomStayQualifier=2e0e&seekSummaryRequired=false&viewType=LUXE&mtkeys=defaultMtkey
3258,Esperanza,5,Villa,India,Pool,Agoda,StayVista at Esperanza,https://www.agoda.com/en-gb/stayvista-at-esperanza/hotel/pale-pawan-ma-in.html
3258,Esperanza,5,Villa,India,Pool,Airbnb,5BR Luxury Pool Villa w/ Turf | Esperanza,https://www.airbnb.co.in/rooms/1130065061615513083
3258,Esperanza,5,Villa,India,Pool,Booking.com,StayVista's Esperanza - 5BHK Pet-Friendly Villa with Bar,https://www.booking.com/hotel/in/stayvista-at-esperanza.html
3258,Esperanza,5,Villa,India,Pool,MakeMyTrip,StayVista at Esperanza,https://www.makemytrip.com/hotels/hotel-details/?hotelId=202404061540151341&_uCurrency=INR&checkin=11252025&checkout=11262025&city=CTAGR&country=IN&funnelType=getaway&lat=27.16779&lng=78.04893&locusId=ZNDEL67F7E280&locusType=zone&rank=1&roomStayQualifier=2e0e&seekSummaryRequired=false&viewType=LUXE&mtkeys=defaultMtkey
3526,Cerenity Castle,4,Villa,Nashik,"Private Pool, Lawn",Agoda,"StayVista at Cerenity Castle with Lawn, Balcony",https://www.agoda.com/search?text=StayVista%20Cerenity%20Castle%20Nashik
3526,Cerenity Castle,4,Villa,Nashik,"Private Pool, Lawn",Airbnb,4BR|GardenEscape |StayVista|Cerenity Castle@Nashik,https://www.airbnb.co.in/rooms/1557106957603987005
3526,Cerenity Castle,4,Villa,Nashik,"Private Pool, Lawn",Booking.com,StayVista's Cerenity Castle - 4BHK Villa with Private Pool & Lawn,https://www.booking.com/hotel/in/stayvista-at-cerenity-castle.html
3526,Cerenity Castle,4,Villa,Nashik,"Private Pool, Lawn",MakeMyTrip,StayVista at Cerenity Castle,https://www.makemytrip.com/hotels/hotel-details/?hotelId=202404061348429361&_uCurrency=INR&checkin=11252025&checkout=11262025&city=CTAGR&country=IN&funnelType=getaway&lat=27.16779&lng=78.04893&locusId=ZNDEL67F7E280&locusType=zone&rank=1&roomStayQualifier=2e0e&seekSummaryRequired=false&viewType=LUXE&mtkeys=defaultMtkey
3504,Casa Chalora,3,Villa,Goa,"Pool, BBQ",Agoda,StayVista at Casa Chalora,https://www.agoda.com/en-in/stayvista-at-casa-chalora/hotel/goa-in.html
3504,Casa Chalora,3,Villa,Goa,"Pool, BBQ",Airbnb,3bhk+Casa Chalora+Pvt Pool+Pool Table+BBQ@candolim,https://www.airbnb.co.in/rooms/1310632220933972687
3504,Casa Chalora,3,Villa,Goa,"Pool, BBQ",Booking.com,StayVista's Casa Chalora - Candolim - 3BHK Villa with Bar & Pet Friendly,https://www.booking.com/hotel/in/stayvista-at-casa-chalora.html
3504,Casa Chalora,3,Villa,Goa,"Pool, BBQ",MakeMyTrip,StayVista at Casa Chalora,https://www.makemytrip.com/hotels/hotel-details/?hotelId=202404111717023723&_uCurrency=INR&checkin=11252025&checkout=11262025&city=CTAGR&country=IN&funnelType=getaway&lat=27.16779&lng=78.04893&locusId=ZNDEL67F7E280&locusType=zone&rank=1&roomStayQualifier=2e0e&seekSummaryRequired=false&viewType=LUXE&mtkeys=defaultMtkey
3349,Ivycrest,4,Estate,Dehradun,"Private Pool, Mountain View",Agoda,StayVista at Ivycrest Estate,https://www.agoda.com/en-in/stayvista-at-ivycrest-estate/hotel/dehradun-in.html
3349,Ivycrest,4,Estate,Dehradun,"Private Pool, Mountain View",Airbnb,4BR Ivycrest Estate w/Views & Pvt Pool | Dehradun,https://www.airbnb.co.in/rooms/1134835528340401705
3349,Ivycrest,4,Estate,Dehradun,"Private Pool, Mountain View",Booking.com,StayVista's Ivycrest Estate - 4BHK with Mountain View & Private Pool,https://www.booking.com/hotel/in/stayvista-at-ivycrest-estate.html
3349,Ivycrest,4,Estate,Dehradun,"Private Pool, Mountain View",MakeMyTrip,StayVista at Ivycrest Estate,https://www.makemytrip.com/hotels/hotel-details/?hotelId=202404191217506819&_uCurrency=INR&checkin=11252025&checkout=11262025&city=CTAGR&country=IN&funnelType=getaway&lat=27.16779&lng=78.04893&locusId=ZNDEL67F7E280&locusType=zone&rank=1&roomStayQualifier=2e0e&seekSummaryRequired=false&viewType=LUXE&mtkeys=defaultMtkey
3461,Corbett Calling,6,Villa,India,Private Pool,Agoda,StayVista at Corbett Calling,https://www.agoda.com/en-gb/stayvista-at-corbett-calling/hotel/teda-in.html
3461,Corbett Calling,6,Villa,India,Private Pool,Airbnb,"6BR Corbett Calling w/Pool, AC & Wifi |Jim Corbett",https://www.airbnb.co.in/rooms/1135368292490280680
3461,Corbett Calling,6,Villa,India,Private Pool,Booking.com,StayVista's Corbett Calling - 6BHK Villa with Projector & Private Pool,https://www.booking.com/hotel/in/stayvista-at-corbett-calling.html
3461,Corbett Calling,6,Villa,India,Private Pool,MakeMyTrip,StayVista at Corbett Calling,https://www.makemytrip.com/hotels/hotel-details/?hotelId=202404121537071358&_uCurrency=INR&checkin=11252025&checkout=11262025&city=CTAGR&country=IN&funnelType=getaway&lat=27.16779&lng=78.04893&locusId=ZNDEL67F7E280&locusType=zone&rank=1&roomStayQualifier=2e0e&seekSummaryRequired=false&viewType=LUXE&mtkeys=defaultMtkey
3459,Ikebana,6,Villa,Udaipur,"Private Pool, Mountain View",Agoda,StayVista's Ikebana - Living By The Forest Edge,https://www.agoda.com/stayvista-at-ikebana-living-by-the-forest-edge/hotel/udaipur-in.html
3459,Ikebana,6,Villa,Udaipur,"Private Pool, Mountain View",Airbnb,Luxury 6BR Villa w/Pool & Mountain View @ Udaipur,https://www.airbnb.co.in/rooms/1137496515947401606
3459,Ikebana,6,Villa,Udaipur,"Private Pool, Mountain View",Booking.com,StayVista's Ikebana - Living by the Forest Edge - 6BHK Villa with Private Pool,https://www.booking.com/hotel/in/stayvista-at-ikebana-living-by-the-forest-edge.html
3459,Ikebana,6,Villa,Udaipur,"Private Pool, Mountain View",MakeMyTrip,StayVista at Ikebana - Living by the Forest Edge,https://www.makemytrip.com/hotels/hotel-details/?hotelId=202404191217543507&_uCurrency=INR&checkin=11252025&checkout=11262025&city=CTAGR&country=IN&funnelType=getaway&lat=27.16779&lng=78.04893&locusId=ZNDEL67F7E280&locusType=zone&rank=1&roomStayQualifier=2e0e&seekSummaryRequired=false&viewType=LUXE&mtkeys=defaultMtkey
3531,Nyra Farms,5,Villa,Wada,"Private Pool, Lawn, BBQ",Agoda,StayVista at Nyra Farms,https://www.agoda.com/stayvista-at-nyra-farms/hotel/manor-in.html
3531,Nyra Farms,5,Villa,Wada,"Private Pool, Lawn, BBQ",Airbnb,"StayVista at Nyra Farms | Pool, Lawn & BBQ",https://www.airbnb.co.in/rooms/1533940662037738181
3531,Nyra Farms,5,Villa,Wada,"Private Pool, Lawn, BBQ",Booking.com,StayVista's Nyra Farms - Wada - 5BHK Villa with Bar & Private Pool,https://www.booking.com/hotel/in/stayvista-at-nyra-farms.html
3531,Nyra Farms,5,Villa,Wada,"Private Pool, Lawn, BBQ",MakeMyTrip,StayVista at Nyra Farms,https://www.makemytrip.com/hotels/hotel-details/?hotelId=202404261745587017&_uCurrency=INR&checkin=11252025&checkout=11262025&city=CTAGR&country=IN&funnelType=getaway&lat=27.16779&lng=78.04893&locusId=ZNDEL67F7E280&locusType=zone&rank=1&roomStayQualifier=2e0e&seekSummaryRequired=false&viewType=LUXE&mtkeys=defaultMtkey
3636,Rio Vista,5,Villa,India,"Pool, Lawn",Agoda,"StayVista at Rio Vista with Pool, Lawn, Music Speaker & Game",https://www.agoda.com/en-gb/stayvista-at-rio-vista/hotel/done-in.html
3636,Rio Vista,5,Villa,India,"Pool, Lawn",Airbnb,5BR Lux Pool Villa w/ Panoramic View@ Rio Vista,https://www.airbnb.co.in/rooms/1144055028283486341
3636,Rio Vista,5,Villa,India,"Pool, Lawn",Booking.com,Rio Vista by StayVista - 5BHK Mountain-View Villa with Bar,https://www.booking.com/hotel/in/stayvista-at-rio-vista.html
3636,Rio Vista,5,Villa,India,"Pool, Lawn",MakeMyTrip,StayVista at Rio Vista,https://www.makemytrip.com/hotels/hotel-details/?hotelId=202404281537333378&_uCurrency=INR&checkin=11252025&checkout=11262025&city=CTAGR&country=IN&funnelType=getaway&lat=27.16779&lng=78.04893&locusId=ZNDEL67F7E280&locusType=zone&rank=1&roomStayQualifier=2e0e&seekSummaryRequired=false&viewType=LUXE&mtkeys=defaultMtkey
3656,Grace & Light,4,Villa,Mahabaleshwar,"Pool, Lawn",Agoda,StayVista at Grace & Light,https://www.agoda.com/en-gb/stayvista-at-grace-light/hotel/mahabaleshwar-in.html
3656,Grace & Light,4,Villa,Mahabaleshwar,"Pool, Lawn",Airbnb,StayVista at Grace & Light – Pool & Lawn Villa,https://www.airbnb.co.in/rooms/1147590445412604505
3656,Grace & Light,4,Villa,Mahabaleshwar,"Pool, Lawn",Booking.com,StayVista's Grace & Light - 4BHK Villa with Home Theatre & Bathtub,https://www.booking.com/hotel/in/stayvista-at-grace-amp-light.html
3656,Grace & Light,4,Villa,Mahabaleshwar,"Pool, Lawn",MakeMyTrip,StayVista at Grace & Light,https://www.makemytrip.com/hotels/hotel-details/?hotelId=202405021321269847&_uCurrency=INR&checkin=11252025&checkout=11262025&city=CTAGR&country=IN&funnelType=getaway&lat=27.16779&lng=78.04893&locusId=ZNDEL67F7E280&locusType=zone&rank=1&roomStayQualifier=2e0e&seekSummaryRequired=false&viewType=LUXE&mtkeys=defaultMtkey
3649,Majestic Whispers,5,Villa,Igatpuri,"Infinity Pool, Plunge Pool",Agoda,StayVista at Majestic Whispers,https://www.agoda.com/en-in/stayvista-at-majestic-whispers/hotel/igatpuri-in.html
3649,Majestic Whispers,5,Villa,Igatpuri,"Infinity Pool, Plunge Pool",Airbnb,5BR Villa /Infinity Pool – Majestic Whispers,https://www.airbnb.co.in/rooms/1155571123407353836
3649,Majestic Whispers,5,Villa,Igatpuri,"Infinity Pool, Plunge Pool",Booking.com,Majestic Whispers by StayVista - 5BHK Villa with Plunge Pool,https://www.booking.com/hotel/in/stayvista-at-majestic-whispers.html
3649,Majestic Whispers,5,Villa,Igatpuri,"Infinity Pool, Plunge Pool",MakeMyTrip,StayVista at Majestic Whispers,https://www.makemytrip.com/hotels/hotel-details/?hotelId=202405101448568422&_uCurrency=INR&checkin=11252025&checkout=11262025&city=CTAGR&country=IN&funnelType=getaway&lat=27.16779&lng=78.04893&locusId=ZNDEL67F7E280&locusType=zone&rank=1&roomStayQualifier=2e0e&seekSummaryRequired=false&viewType=LUXE&mtkeys=defaultMtkey
3571,The Amaryllis,3,Villa,Karjat,Private Pool,Agoda,StayVista at The Amaryllis,https://www.agoda.com/en-in/stayvista-at-the-amaryllis/hotel/karjat-in.html
3571,The Amaryllis,3,Villa,Karjat,Private Pool,Airbnb,The Amaryllis (Chef Inclusive),https://www.airbnb.co.in/rooms/1160779113969924180
3571,The Amaryllis,3,Villa,Karjat,Private Pool,Booking.com,StayVista at The Amaryllis with Cook Inclusive,https://www.booking.com/hotel/in/stayvista-at-the-amaryllis.html
3571,The Amaryllis,3,Villa,Karjat,Private Pool,MakeMyTrip,StayVista at The Amaryllis,https://www.makemytrip.com/hotels/hotel-details/?hotelId=202405211518281576&_uCurrency=INR&checkin=11252025&checkout=11262025&city=CTAGR&country=IN&funnelType=getaway&lat=27.16779&lng=78.04893&locusId=ZNDEL67F7E280&locusType=zone&rank=1&roomStayQualifier=2e0e&seekSummaryRequired=false&viewType=LUXE&mtkeys=defaultMtkey
3668,of Hive,5,House,Nainital,Lawn,Agoda,StayVista at House of Hive,https://www.agoda.com/stayvista-at-house-of-hive/hotel/nainital-in.html
3668,of Hive,5,House,Nainital,Lawn,Airbnb,"5BR House of Hive w/Views, Lawn & Wifi | Nainital",https://www.airbnb.co.in/rooms/1163553056987231933
3668,of Hive,5,House,Nainital,Lawn,Booking.com,"House of Hive by VEO, StayVista - 5BHK with Pet Friendly & Garden",https://www.booking.com/hotel/in/stayvista-at-house-of-hive.html
3668,of Hive,5,House,Nainital,Lawn,MakeMyTrip,StayVista at House of Hive,https://www.makemytrip.com/hotels/hotel-details/?hotelId=202405250525009594&_uCurrency=INR&checkin=11252025&checkout=11262025&city=CTAGR&country=IN&funnelType=getaway&lat=27.16779&lng=78.04893&locusId=ZNDEL67F7E280&locusType=zone&rank=1&roomStayQualifier=2e0e&seekSummaryRequired=false&viewType=LUXE&mtkeys=defaultMtkey
3627,Dreamsville Apartment,2,Villa,Alibaug,Private Pool,Agoda,StayVista at Dreamsville Apartment,https://www.agoda.com/en-gb/stayvista-at-dreamsville-apartment/hotel/zirad-in.html
3627,Dreamsville Apartment,2,Villa,Alibaug,Private Pool,Airbnb,2BR|BathTubStayVista|Dreamsville Apartment@Alibaug,https://www.airbnb.co.in/rooms/1165748672132430345
3627,Dreamsville Apartment,2,Villa,Alibaug,Private Pool,Booking.com,StayVista's Dreamsville Apartment - 2BHK with Bar & Bathtub near Saral Beach,https://www.booking.com/hotel/in/stayvista-at-dreamsville-apartment.html
3627,Dreamsville Apartment,2,Villa,Alibaug,Private Pool,MakeMyTrip,StayVista at Dreamsville Apartment,https://www.makemytrip.com/hotels/hotel-details/?hotelId=202405271429519162&_uCurrency=INR&checkin=11252025&checkout=11262025&city=CTAGR&country=IN&funnelType=getaway&lat=27.16779&lng=78.04893&locusId=ZNDEL67F7E280&locusType=zone&rank=1&roomStayQualifier=2e0e&seekSummaryRequired=false&viewType=LUXE&mtkeys=defaultMtkey
3678,Nova Nest,6,Villa,Lonavala,Private Pool,Agoda,StayVista at Nova Nest with Rooftop Pool,https://www.agoda.com/stayvista-at-nova-nest/hotel/lonavala-in.html
3678,Nova Nest,6,Villa,Lonavala,Private Pool,Airbnb,"StayVista at Nova Nest w/ AC, WiFi, Terrace",https://www.airbnb.co.in/rooms/1588400101344999374
3678,Nova Nest,6,Villa,Lonavala,Private Pool,Booking.com,"Nova Nest by VEO, StayVista - 6BHK Mountain-View Villa with Private Pool",https://www.booking.com/hotel/in/stayvista-at-nova-nest.html
3678,Nova Nest,6,Villa,Lonavala,Private Pool,MakeMyTrip,StayVista at Nova Nest,https://www.makemytrip.com/hotels/hotel-details/?hotelId=202405301444482211&_uCurrency=INR&checkin=11252025&checkout=11262025&city=CTAGR&country=IN&funnelType=getaway&lat=27.16779&lng=78.04893&locusId=ZNDEL67F7E280&locusType=zone&rank=1&roomStayQualifier=2e0e&seekSummaryRequired=false&viewType=LUXE&mtkeys=defaultMtkey
3647,Reflection by The Woods,4,Villa,Coorg,"Pool, Jacuzzi",Agoda,StayVista at Reflection by The Woods,https://www.agoda.com/en-gb/stayvista-at-reflection-by-the-woods/hotel/coorg-in.html
3647,Reflection by The Woods,4,Villa,Coorg,"Pool, Jacuzzi",Airbnb,4BR|Pool|StayVista| Reflection by the Woods@Kodagu,https://www.airbnb.co.in/rooms/1171423414740840540
3647,Reflection by The Woods,4,Villa,Coorg,"Pool, Jacuzzi",Booking.com,Reflection by The Woods by StayVista - 4BHK Pet-Friendly Villa with Jacuzzi,https://www.booking.com/hotel/in/stayvista-at-reflection-by-the-woods.html
3647,Reflection by The Woods,4,Villa,Coorg,"Pool, Jacuzzi",MakeMyTrip,StayVista at Reflection by The Woods,https://www.makemytrip.com/hotels/hotel-details/?hotelId=202406041109318885&_uCurrency=INR&checkin=11252025&checkout=11262025&city=CTAGR&country=IN&funnelType=getaway&lat=27.16779&lng=78.04893&locusId=ZNDEL67F7E280&locusType=zone&rank=1&roomStayQualifier=2e0e&seekSummaryRequired=false&viewType=LUXE&mtkeys=defaultMtkey
3746,Peak Paddle,1,Villa,Pune,Lake View,Agoda,StayVista at Peak & Paddle with Lake View,https://www.agoda.com/stayvista-at-peak-paddle/hotel/karandi-khurd-in.html
3746,Peak Paddle,1,Villa,Pune,Lake View,Airbnb,1BHK |Luxury Stay | StayVista | Peak & Paddle@Pune,https://www.airbnb.co.in/rooms/1172179232832867732
3746,Peak Paddle,1,Villa,Pune,Lake View,Booking.com,"Peak & Paddle by VEO, StayVista - 1BHK Lake-View Mountain-View Villa",https://www.booking.com/hotel/in/stayvista-at-peak-amp-paddle.html
3746,Peak Paddle,1,Villa,Pune,Lake View,MakeMyTrip,StayVista at Peak Paddle,https://www.makemytrip.com/hotels/hotel-details/?hotelId=202406051112371098&_uCurrency=INR&checkin=11252025&checkout=11262025&city=CTAGR&country=IN&funnelType=getaway&lat=27.16779&lng=78.04893&locusId=ZNDEL67F7E280&locusType=zone&rank=1&roomStayQualifier=2e0e&seekSummaryRequired=false&viewType=LUXE&mtkeys=defaultMtkey
3672,Bean & Blanc,5,Villa,Pune,"Pool, Lawn, BBQ",Agoda,StayVista at Bean & Blanc,https://www.agoda.com/en-gb/stayvista-at-bean-blanc/hotel/pune-in.html
3672,Bean & Blanc,5,Villa,Pune,"Pool, Lawn, BBQ",Airbnb,StayVista @ Bean & Blanc – Lawn & BBQ Stay,https://www.airbnb.co.in/rooms/1299787630277430268
3672,Bean & Blanc,5,Villa,Pune,"Pool, Lawn, BBQ",Booking.com,StayVista's Bean & Blanc - 5BHK Villa with Heated Pool & Alfresco Dining,https://www.booking.com/hotel/in/stayvista-at-bean-amp-blanc.html
3672,Bean & Blanc,5,Villa,Pune,"Pool, Lawn, BBQ",MakeMyTrip,StayVista at Bean & Blanc,https://www.makemytrip.com/hotels/hotel-details/?hotelId=202406010928528792&_uCurrency=INR&checkin=11252025&checkout=11262025&city=CTAGR&country=IN&funnelType=getaway&lat=27.16779&lng=78.04893&locusId=ZNDEL67F7E280&locusType=zone&rank=1&roomStayQualifier=2e0e&seekSummaryRequired=false&viewType=LUXE&mtkeys=defaultMtkey
3708,Evara,6,Villa,Lonavala,"Private Pool, Jacuzzi",Agoda,StayVista at Evara Villa,https://www.agoda.com/en-in/stayvista-at-evara-villa/hotel/lonavala-in.html
3708,Evara,6,Villa,Lonavala,"Private Pool, Jacuzzi",Airbnb,6BR |Lake+Jacuzzi|StayVista| Evara Villa @Lonavala,https://www.airbnb.co.in/rooms/1217019921607687717
3708,Evara,6,Villa,Lonavala,"Private Pool, Jacuzzi",Booking.com,StayVista's Evara Villa - Pawna - 6BHK with Jacuzzi & Private Pool,https://www.booking.com/hotel/in/stayvista-at-evara-villa.html
3708,Evara,6,Villa,Lonavala,"Private Pool, Jacuzzi",MakeMyTrip,StayVista at Evara Villa,https://www.makemytrip.com/hotels/hotel-details/?hotelId=202407311145162784&_uCurrency=INR&checkin=11252025&checkout=11262025&city=CTAGR&country=IN&funnelType=getaway&lat=27.16779&lng=78.04893&locusId=ZNDEL67F7E280&locusType=zone&rank=1&roomStayQualifier=2e0e&seekSummaryRequired=false&viewType=LUXE&mtkeys=defaultMtkey
3680,Skylark Peaks,3,Villa,India,"Jacuzzi, BBQ",Agoda,StayVista at Skylark Peaks with Outdoor Jacuzzi,https://www.agoda.com/en-in/stayvista-at-skylark-peaks/hotel/ramgarh-in.html
3680,Skylark Peaks,3,Villa,India,"Jacuzzi, BBQ",Airbnb,"3BR Skylark Peaks w/Jacuzzi, Wifi & BBQ | Ramgarh",https://www.airbnb.co.in/rooms/1181524595533432260
3680,Skylark Peaks,3,Villa,India,"Jacuzzi, BBQ",Booking.com,"Skylark Peaks by VEO, StayVista - 3BHK Mountain-View Villa with Jacuzzi",https://www.booking.com/hotel/in/stayvista-at-skylark-peaks.html
3680,Skylark Peaks,3,Villa,India,"Jacuzzi, BBQ",MakeMyTrip,StayVista at Skylark Peaks W/ Outdoor Jacuzzi,https://www.makemytrip.com/hotels/hotel-details/?hotelId=202406161140457459&_uCurrency=INR&checkin=11252025&checkout=11262025&city=CTAGR&country=IN&funnelType=getaway&lat=27.16779&lng=78.04893&locusId=ZNDEL67F7E280&locusType=zone&rank=1&roomStayQualifier=2e0e&seekSummaryRequired=false&viewType=LUXE&mtkeys=defaultMtkey
3780,Gangaâ€™s Jewel,4,Villa,Rishikesh,"Lawn, Bonfire, BBQ",Agoda,StayVista at Gangaâ€™s Jewel,https://www.agoda.com/en-in/stayvista-at-ganga-s-jewel/hotel/rishikesh-in.html
3780,Gangaâ€™s Jewel,4,Villa,Rishikesh,"Lawn, Bonfire, BBQ",Airbnb,"Rishikesh | 4BR Ganga's Jewel w/Lawn, A/C & Brkfst",https://www.airbnb.co.in/rooms/1541195900059892600
3780,Gangaâ€™s Jewel,4,Villa,Rishikesh,"Lawn, Bonfire, BBQ",Booking.com,StayVista's Ganga's Jewel - 4BHK Villa with Bonfire & BBQ,https://www.booking.com/hotel/in/stayvista-at-ganga.html
3780,Gangaâ€™s Jewel,4,Villa,Rishikesh,"Lawn, Bonfire, BBQ",MakeMyTrip,StayVista at Ganga's Jewel,https://www.makemytrip.com/hotels/hotel-details/?hotelId=202406181110258915&_uCurrency=INR&checkin=11252025&checkout=11262025&city=CTAGR&country=IN&funnelType=getaway&lat=27.16779&lng=78.04893&locusId=ZNDEL67F7E280&locusType=zone&rank=1&roomStayQualifier=2e0e&seekSummaryRequired=false&viewType=LUXE&mtkeys=defaultMtkey
3797,Suri Ville,3,Villa,Nainital,"Lawn, Bonfire",Agoda,StayVista at Suri Ville,https://www.agoda.com/stayvista-at-suri-ville/hotel/nainital-in.html
3797,Suri Ville,3,Villa,Nainital,"Lawn, Bonfire",Airbnb,"Cozy 3BR Suri Ville w/Lawn, View & Wifi | Bhimtal",https://www.airbnb.co.in/rooms/1537560173879570535
3797,Suri Ville,3,Villa,Nainital,"Lawn, Bonfire",Booking.com,StayVista's Suri Ville - 3BHK Mountain-View Villa with Pet Friendly & Bonfire,https://www.booking.com/hotel/in/stayvista-at-suri-ville.html
3797,Suri Ville,3,Villa,Nainital,"Lawn, Bonfire",MakeMyTrip,StayVista at Suri Ville,https://www.makemytrip.com/hotels/hotel-details/?hotelId=202406181628226179&_uCurrency=INR&checkin=11252025&checkout=11262025&city=CTAGR&country=IN&funnelType=getaway&lat=27.16779&lng=78.04893&locusId=ZNDEL67F7E280&locusType=zone&rank=1&roomStayQualifier=2e0e&seekSummaryRequired=false&viewType=LUXE&mtkeys=defaultMtkey
3624,Serenity By The Ganges,6,Villa,India,Private Pool,Agoda,StayVista at Serenity By The Ganges,https://www.agoda.com/en-in/stayvista-at-ivy-serenity-by-the-ganges/hotel/varanasi-in.html
3624,Serenity By The Ganges,6,Villa,India,Private Pool,Airbnb,6BR|Terrace|StayVista|Serenity by the Ganges@Rishi,https://www.airbnb.co.in/rooms/1589106898841425225
3624,Serenity By The Ganges,6,Villa,India,Private Pool,Booking.com,"Serenity by the Ganges by VEO, StayVista - 6BHK Pet-Friendly River-View Villa",https://www.booking.com/hotel/in/stayvista-at-serenity-by-the-ganges.html
3624,Serenity By The Ganges,6,Villa,India,Private Pool,MakeMyTrip,StayVista at Serenity By The Ganges,https://www.makemytrip.com/hotels/hotel-details/?hotelId=202406191330181022&_uCurrency=INR&checkin=11252025&checkout=11262025&city=CTAGR&country=IN&funnelType=getaway&lat=27.16779&lng=78.04893&locusId=ZNDEL67F7E280&locusType=zone&rank=1&roomStayQualifier=2e0e&seekSummaryRequired=false&viewType=LUXE&mtkeys=defaultMtkey
3514,Spice Notes,5,Villa,India,Bonfire,Agoda,StayVista at Spice Notes,https://www.agoda.com/en-in/stayvista-at-spice-notes/hotel/munnar-in.html
3514,Spice Notes,5,Villa,India,Bonfire,Airbnb,5BR|Scenic Views|StayVista| Spice Notes @Munnar,https://www.airbnb.co.in/rooms/1182367283517197482
3514,Spice Notes,5,Villa,India,Bonfire,Booking.com,"Spice Notes - Bison Valley by VEO, StayVista - 5BHK Mountain-View Villa with Bonfire",https://www.booking.com/hotel/in/stayvista-at-notes.html
3514,Spice Notes,5,Villa,India,Bonfire,MakeMyTrip,StayVista at Spice Notes,https://www.makemytrip.com/hotels/hotel-details/?hotelId=202406191201593233&_uCurrency=INR&checkin=11252025&checkout=11262025&city=CTAGR&country=IN&funnelType=getaway&lat=27.16779&lng=78.04893&locusId=ZNDEL67F7E280&locusType=zone&rank=1&roomStayQualifier=2e0e&seekSummaryRequired=false&viewType=LUXE&mtkeys=defaultMtkey
3249,Grey Hues,8,Villa,Karjat,"Private Pool, BBQ",Agoda,StayVista at Grey Hues,https://www.agoda.com/stayvista-at-grey-hues/hotel/karjat-in.html
3249,Grey Hues,8,Villa,Karjat,"Private Pool, BBQ",Airbnb,"@Grey Hues-8bhk-w/ Pool, BBQ and WiFi @Karjat",https://www.airbnb.co.in/rooms/1185429397894915914
3249,Grey Hues,8,Villa,Karjat,"Private Pool, BBQ",Booking.com,Grey Hues by StayVista - 8BHK Villa with Private Pool & BBQ,https://www.booking.com/hotel/in/stayvista-at-grey-hues.html
3249,Grey Hues,8,Villa,Karjat,"Private Pool, BBQ",MakeMyTrip,StayVista at Grey Hues,https://www.makemytrip.com/hotels/hotel-details/?hotelId=202406232017526747&_uCurrency=INR&checkin=11252025&checkout=11262025&city=CTAGR&country=IN&funnelType=getaway&lat=27.16779&lng=78.04893&locusId=ZNDEL67F7E280&locusType=zone&rank=1&roomStayQualifier=2e0e&seekSummaryRequired=false&viewType=LUXE&mtkeys=defaultMtkey
3762,La Rive,5,Villa,India,"Pool, Lake View",Agoda,StayVista at La Rive,https://www.agoda.com/en-gb/stayvista-at-la-rive/hotel/pale-pawan-ma-in.html
3762,La Rive,5,Villa,India,"Pool, Lake View",Airbnb,"StayVista @La Rive 5BR w/Pool + Lake View, Pawna",https://www.airbnb.co.in/rooms/1186715383807873266
3762,La Rive,5,Villa,India,"Pool, Lake View",Booking.com,StayVista's La Rive - 5BHK Lake-View Villa with Projector,https://www.booking.com/hotel/in/stayvista-at-la-rive.html
3762,La Rive,5,Villa,India,"Pool, Lake View",MakeMyTrip,StayVista at La Rive,https://www.makemytrip.com/hotels/hotel-details/?hotelId=202406251258592788&_uCurrency=INR&checkin=11252025&checkout=11262025&city=CTAGR&country=IN&funnelType=getaway&lat=27.16779&lng=78.04893&locusId=ZNDEL67F7E280&locusType=zone&rank=1&roomStayQualifier=2e0e&seekSummaryRequired=false&viewType=LUXE&mtkeys=defaultMtkey
3761,La Nirvana,6,Villa,India,Private Pool,Agoda,StayVista at La Nirvana,https://www.agoda.com/en-gb/stayvista-at-la-nirvana/hotel/pale-pawan-ma-in.html
3761,La Nirvana,6,Villa,India,Private Pool,Airbnb,6BR |Lake+Brkfst+Luxe|StayVista| La Nirvana @Pawna,https://www.airbnb.co.in/rooms/1187289959980422118
3761,La Nirvana,6,Villa,India,Private Pool,Booking.com,StayVista's La Nirvana - 6BHK Pet-Friendly Villa with Private Pool,https://www.booking.com/hotel/in/stayvista-at-la-nirvana.html
3761,La Nirvana,6,Villa,India,Private Pool,MakeMyTrip,StayVista at La Nirvana,https://www.makemytrip.com/hotels/hotel-details/?hotelId=202406241933168355&_uCurrency=INR&checkin=11252025&checkout=11262025&city=CTAGR&country=IN&funnelType=getaway&lat=27.16779&lng=78.04893&locusId=ZNDEL67F7E280&locusType=zone&rank=1&roomStayQualifier=2e0e&seekSummaryRequired=false&viewType=LUXE&mtkeys=defaultMtkey
3740,Forktail,5,Villa,India,"Private Pool, Valley View",Agoda,Forktail House with Swimming Pool at Kalimpong by StayVista,https://www.agoda.com/en-in/stayvista-at-forktail-house/hotel/lava-in.html
3740,Forktail,5,Villa,India,"Private Pool, Valley View",Airbnb,"StayVista at Forktail | 5BHK Pool Villa, Kalimpong",https://www.airbnb.co.in/rooms/1513490187879498677
3740,Forktail,5,Villa,India,"Private Pool, Valley View",Booking.com,StayVista's Forktail House - 5BHK with Valley View & Private Pool,https://www.booking.com/hotel/in/stayvista-at-forktail-house.html
3740,Forktail,5,Villa,India,"Private Pool, Valley View",MakeMyTrip,StayVista at Forktail House,https://www.makemytrip.com/hotels/hotel-details/?hotelId=202406262030523364&_uCurrency=INR&checkin=11252025&checkout=11262025&city=CTAGR&country=IN&funnelType=getaway&lat=27.16779&lng=78.04893&locusId=ZNDEL67F7E280&locusType=zone&rank=1&roomStayQualifier=2e0e&seekSummaryRequired=false&viewType=LUXE&mtkeys=defaultMtkey
3654,Casa Armeh,4,Villa,Goa,"Infinity Pool, Private Pool",Agoda,StayVista at Casa Armeh,https://www.agoda.com/en-gb/stayvista-at-casa-armeh/hotel/goa-in.html
3654,Casa Armeh,4,Villa,Goa,"Infinity Pool, Private Pool",Airbnb,4BHK Premium Villa W/Infinity Pool+Bathtub+Snooker,https://www.airbnb.co.in/rooms/1188859468770744332
3654,Casa Armeh,4,Villa,Goa,"Infinity Pool, Private Pool",Booking.com,StayVista's Casa Armeh Premium Villa - 4BHK with Private Pool & Bathtub,https://www.booking.com/hotel/in/stayvista-at-casa-armeh.html
3654,Casa Armeh,4,Villa,Goa,"Infinity Pool, Private Pool",MakeMyTrip,StayVista at Casa Armeh Premium Villa w/ Rooftop Pool,https://www.makemytrip.com/hotels/hotel-details/?hotelId=202406281342343691&_uCurrency=INR&checkin=11252025&checkout=11262025&city=CTAGR&country=IN&funnelType=getaway&lat=27.16779&lng=78.04893&locusId=ZNDEL67F7E280&locusType=zone&rank=1&roomStayQualifier=2e0e&seekSummaryRequired=false&viewType=LUXE&mtkeys=defaultMtkey
3729,Wellnest Natural Farms,4,Villa,India,"Private Pool, Gazebo",Agoda,StayVista at Wellnest Natural Farms -  Ecostay Retreat Near Tirupati,https://www.agoda.com/stayvista-at-wellnest-natural-farms/hotel/chittoor-in.html
3729,Wellnest Natural Farms,4,Villa,India,"Private Pool, Gazebo",Airbnb,4BR|Farm+Pool|StayVista|Wellnest Natural @Tirupati,https://www.airbnb.co.in/rooms/1191660100806021899
3729,Wellnest Natural Farms,4,Villa,India,"Private Pool, Gazebo",Booking.com,StayVista's Wellnest Natural Farms - 4BHK Villa with Private Pool & Gazebo,https://www.booking.com/hotel/in/stayvista-at-wellnest-natural-farms.html
3729,Wellnest Natural Farms,4,Villa,India,"Private Pool, Gazebo",MakeMyTrip,StayVista at Wellnest Natural Farms - Near Tirupati,https://www.makemytrip.com/hotels/hotel-details/?hotelId=202406281033564409&_uCurrency=INR&checkin=11252025&checkout=11262025&city=CTAGR&country=IN&funnelType=getaway&lat=27.16779&lng=78.04893&locusId=ZNDEL67F7E280&locusType=zone&rank=1&roomStayQualifier=2e0e&seekSummaryRequired=false&viewType=LUXE&mtkeys=defaultMtkey
3769,Three Shores,3,Villa,Pune,Private Pool,Agoda,StayVista at Three Shores,https://www.agoda.com/en-gb/stayvista-at-three-shores/hotel/kamshet-in.html
3769,Three Shores,3,Villa,Pune,Private Pool,Airbnb,3BR |Scenic Lake|StayVista| Three Shores@Pune Stay,https://www.airbnb.co.in/rooms/1191043023526122411
3769,Three Shores,3,Villa,Pune,Private Pool,Booking.com,StayVista's Three Shores - Kamshet - 3BHK Lake-View Villa with Alfresco Dining,https://www.booking.com/hotel/in/stayvista-at-three-shores.html
3769,Three Shores,3,Villa,Pune,Private Pool,MakeMyTrip,StayVista at Three Shores,https://www.makemytrip.com/hotels/hotel-details/?hotelId=202407011321132494&_uCurrency=INR&checkin=11252025&checkout=11262025&city=CTAGR&country=IN&funnelType=getaway&lat=27.16779&lng=78.04893&locusId=ZNDEL67F7E280&locusType=zone&rank=1&roomStayQualifier=2e0e&seekSummaryRequired=false&viewType=LUXE&mtkeys=defaultMtkey
3742,Waterfront,3,Villa,Pune,"Infinity Pool, Mountain View",Agoda,StayVista at Waterfront Villa,https://www.agoda.com/en-in/stayvista-at-waterfront-villa/hotel/pune-in.html
3742,Waterfront,3,Villa,Pune,"Infinity Pool, Mountain View",Airbnb,StayVista at Waterfront 3BR Villa nd Infinity Pool,https://www.airbnb.co.in/rooms/1578708302296592226
3742,Waterfront,3,Villa,Pune,"Infinity Pool, Mountain View",Booking.com,StayVista's Waterfront Villa - 3BHK with Mountain View & Infinity Pool,https://www.booking.com/hotel/in/stayvista-at-waterfront-villa.html
3742,Waterfront,3,Villa,Pune,"Infinity Pool, Mountain View",MakeMyTrip,StayVista at Waterfront Villa,https://www.makemytrip.com/hotels/hotel-details/?hotelId=202406291831584465&_uCurrency=INR&checkin=11252025&checkout=11262025&city=CTAGR&country=IN&funnelType=getaway&lat=27.16779&lng=78.04893&locusId=ZNDEL67F7E280&locusType=zone&rank=1&roomStayQualifier=2e0e&seekSummaryRequired=false&viewType=LUXE&mtkeys=defaultMtkey
3706,M,5,Villa,India,Private Pool,Agoda,StayVista at M Villa,https://www.agoda.com/en-in/stayvista-at-m-villa/hotel/bangalore-in.html
3706,M,5,Villa,India,Private Pool,Airbnb,Stayvista Luxe 5BR M Villa w/ Pool @ Bangalore,https://www.airbnb.co.in/rooms/1191208738318951101
3706,M,5,Villa,India,Private Pool,Booking.com,StayVista's M Villa - 5BHK with Pet Friendly & Private Pool,https://www.booking.com/hotel/in/stayvista-at-m-villa.html
3706,M,5,Villa,India,Private Pool,MakeMyTrip,StayVista at M Villa,https://www.makemytrip.com/hotels/hotel-details/?hotelId=202407011811271658&_uCurrency=INR&checkin=11252025&checkout=11262025&city=CTAGR&country=IN&funnelType=getaway&lat=27.16779&lng=78.04893&locusId=ZNDEL67F7E280&locusType=zone&rank=1&roomStayQualifier=2e0e&seekSummaryRequired=false&viewType=LUXE&mtkeys=defaultMtkey
3741,Elegant Escapes,5,Villa,Mahabaleshwar,"Pool, Bonfire",Agoda,StayVista at Elegant Escapes,https://www.agoda.com/en-gb/stayvista-at-elegant-escapes/hotel/mahabaleshwar-in.html
3741,Elegant Escapes,5,Villa,Mahabaleshwar,"Pool, Bonfire",Airbnb,"5BHK- StayVista @ Elegant Escapes w/ Pool, Bonfire",https://www.airbnb.co.in/rooms/1191777696922202036
3741,Elegant Escapes,5,Villa,Mahabaleshwar,"Pool, Bonfire",Booking.com,Elegant Escapes by StayVista - 5BHK Pet-Friendly Villa with Gym,https://www.booking.com/hotel/in/stayvista-at-elegant-escapes.html
3741,Elegant Escapes,5,Villa,Mahabaleshwar,"Pool, Bonfire",MakeMyTrip,StayVista at Elegant Escapes,https://www.makemytrip.com/hotels/hotel-details/?hotelId=202407021309374130&_uCurrency=INR&checkin=11252025&checkout=11262025&city=CTAGR&country=IN&funnelType=getaway&lat=27.16779&lng=78.04893&locusId=ZNDEL67F7E280&locusType=zone&rank=1&roomStayQualifier=2e0e&seekSummaryRequired=false&viewType=LUXE&mtkeys=defaultMtkey
3839,Amber & Mist,5,Villa,Nashik,"Pool, Orchard",Agoda,StayVista at Amber & Mist,https://www.agoda.com/stayvista-at-amber-mist/hotel/nashik-in.html
3839,Amber & Mist,5,Villa,Nashik,"Pool, Orchard",Airbnb,5BR Scenic Pool | StayVista | Amber & Mist@ Nashik,https://www.airbnb.co.in/rooms/1192453893398788929
3839,Amber & Mist,5,Villa,Nashik,"Pool, Orchard",Booking.com,StayVista's Amber & Mist - 5BHK Mountain-View Villa with Orchard,https://www.booking.com/hotel/in/stayvista-at-amber-amp-mist.html
3839,Amber & Mist,5,Villa,Nashik,"Pool, Orchard",MakeMyTrip,StayVista at Amber & Mist,https://www.makemytrip.com/hotels/hotel-details/?hotelId=202407021249336696&_uCurrency=INR&checkin=11252025&checkout=11262025&city=CTAGR&country=IN&funnelType=getaway&lat=27.16779&lng=78.04893&locusId=ZNDEL67F7E280&locusType=zone&rank=1&roomStayQualifier=2e0e&seekSummaryRequired=false&viewType=LUXE&mtkeys=defaultMtkey
3389,Shwaas,4,Villa,India,"Private Pool, Lawn",Agoda,StayVista at Shwaas - Mysore,https://www.agoda.com/stayvista-at-shwaas/hotel/srirangapatna-in.html
3389,Shwaas,4,Villa,India,"Private Pool, Lawn",Airbnb,4BR Lux Villa w/Pool & Lawn| Shwaas@ Mysore,https://www.airbnb.co.in/rooms/1192512770121181347
3389,Shwaas,4,Villa,India,"Private Pool, Lawn",Booking.com,Shwaas by StayVista - 4BHK Villa with Garden & Private Pool,https://www.booking.com/hotel/in/stayvista-at-shwaas.html
3389,Shwaas,4,Villa,India,"Private Pool, Lawn",MakeMyTrip,StayVista at Shwaas - Mysore,https://www.makemytrip.com/hotels/hotel-details/?hotelId=202407031310384332&_uCurrency=INR&checkin=11252025&checkout=11262025&city=CTAGR&country=IN&funnelType=getaway&lat=27.16779&lng=78.04893&locusId=ZNDEL67F7E280&locusType=zone&rank=1&roomStayQualifier=2e0e&seekSummaryRequired=false&viewType=LUXE&mtkeys=defaultMtkey
3638,Rustic Haven,3,Villa,Lonavala,"Pool, Mountain View, BBQ",Agoda,StayVista at Rustic Haven,https://www.agoda.com/en-in/stayvista-at-rustic-haven/hotel/lonavala-in.html
3638,Rustic Haven,3,Villa,Lonavala,"Pool, Mountain View, BBQ",Airbnb,"3BHK - StayVista @Rustic Haven w/Pool, Deck & BBQ",https://www.airbnb.co.in/rooms/1193293007804211853
3638,Rustic Haven,3,Villa,Lonavala,"Pool, Mountain View, BBQ",Booking.com,StayVista's Rustic Haven - 3BHK Villa with Viewing Deck & Mountain View,https://www.booking.com/hotel/in/stayvista-at-rustic-haven.html
3638,Rustic Haven,3,Villa,Lonavala,"Pool, Mountain View, BBQ",MakeMyTrip,StayVista at Rustic Haven,https://www.makemytrip.com/hotels/hotel-details/?hotelId=202407041523383088&_uCurrency=INR&checkin=11252025&checkout=11262025&city=CTAGR&country=IN&funnelType=getaway&lat=27.16779&lng=78.04893&locusId=ZNDEL67F7E280&locusType=zone&rank=1&roomStayQualifier=2e0e&seekSummaryRequired=false&viewType=LUXE&mtkeys=defaultMtkey
3781,The Rainfield,3,Villa,Nashik,"Private Pool, Lawn",Agoda,StayVista at The Rainfield Villa,https://www.agoda.com/en-in/stayvista-at-the-rainfield-villa/hotel/khambale-in.html
3781,The Rainfield,3,Villa,Nashik,"Private Pool, Lawn",Airbnb,3BR|Gazbo+Lawn|StayVista|TheRainfield Villa@Nashik,https://www.airbnb.co.in/rooms/1558555108704728925
3781,The Rainfield,3,Villa,Nashik,"Private Pool, Lawn",Booking.com,The Rainfield Villa by StayVista - 3BHK with Bar & Private Pool,https://www.booking.com/hotel/in/stayvista-at-the-rainfield-villa.html
3781,The Rainfield,3,Villa,Nashik,"Private Pool, Lawn",MakeMyTrip,StayVista at The Rainfield Villa,https://www.makemytrip.com/hotels/hotel-details/?hotelId=202407091041512644&_uCurrency=INR&checkin=11252025&checkout=11262025&city=CTAGR&country=IN&funnelType=getaway&lat=27.16779&lng=78.04893&locusId=ZNDEL67F7E280&locusType=zone&rank=1&roomStayQualifier=2e0e&seekSummaryRequired=false&viewType=LUXE&mtkeys=defaultMtkey
3849,Mountain Echoes,4,Villa,Mussoorie,Gazebo,Agoda,StayVista at Mountain Echoes,https://www.agoda.com/vista-valley-villa-by-roamhome-4bhk-in-barlowganj/hotel/mussoorie-in.html
3849,Mountain Echoes,4,Villa,Mussoorie,Gazebo,Airbnb,"Mussoorie| 4BR Mountain Echoes w/Views, Wifi",https://www.airbnb.co.in/rooms/1203210357137531219
3849,Mountain Echoes,4,Villa,Mussoorie,Gazebo,Booking.com,"Mountain Echoes by VEO, StayVista - 4BHK Valley-View Villa with Gazebo",https://www.booking.com/hotel/in/vista-valley-villa-by-roamhome-4bhk-in-barlowganj.html
3849,Mountain Echoes,4,Villa,Mussoorie,Gazebo,MakeMyTrip,StayVista at Mountain Echoes,https://www.makemytrip.com/hotels/hotel-details/?hotelId=202407161246532925&_uCurrency=INR&checkin=11252025&checkout=11262025&city=CTAGR&country=IN&funnelType=getaway&lat=27.16779&lng=78.04893&locusId=ZNDEL67F7E280&locusType=zone&rank=1&roomStayQualifier=2e0e&seekSummaryRequired=false&viewType=LUXE&mtkeys=defaultMtkey
3850,Mountain Whispers,3,Villa,Mussoorie,Lawn,Agoda,StayVista at Mountain Whispers,https://www.agoda.com/en-in/3bhk-villa-w-vast-valley-view-l-hillside-hideaway-by-roamhome/hotel/mussoorie-in.html
3850,Mountain Whispers,3,Villa,Mussoorie,Lawn,Airbnb,3BR |Hill Escape|StayVista| Mountain Whispers @UK,https://www.airbnb.co.in/rooms/1532317768565942106
3850,Mountain Whispers,3,Villa,Mussoorie,Lawn,Booking.com,"Mountain Whispers by VEO, StayVista - 3BHK Valley-View Villa with Lawn",https://www.booking.com/hotel/in/3bhk-w-vast-valley-view-l-hillside-hideaway-by-roamhome.html
3850,Mountain Whispers,3,Villa,Mussoorie,Lawn,MakeMyTrip,StayVista at Mountain Whispers,https://www.makemytrip.com/hotels/hotel-details/?hotelId=202407171626257659&_uCurrency=INR&checkin=11252025&checkout=11262025&city=CTAGR&country=IN&funnelType=getaway&lat=27.16779&lng=78.04893&locusId=ZNDEL67F7E280&locusType=zone&rank=1&roomStayQualifier=2e0e&seekSummaryRequired=false&viewType=LUXE&mtkeys=defaultMtkey
3445,Talin Farms,2,Villa,Jaipur,"Private Pool, Lawn",Agoda,StayVista at Talin Farms,https://www.agoda.com/en-in/stayvista-at-talin-farms/hotel/jaipur-in.html
3445,Talin Farms,2,Villa,Jaipur,"Private Pool, Lawn",Airbnb,Luxury 2BR Villa w/Pool & Lawn @ Kukas Road Jaipur,https://www.airbnb.co.in/rooms/1203429489428120239
3445,Talin Farms,2,Villa,Jaipur,"Private Pool, Lawn",Booking.com,Talin Farms by StayVista - 2BHK Pet-Friendly Villa with Private Pool,https://www.booking.com/hotel/in/stayvista-at-talin-farms.html
3445,Talin Farms,2,Villa,Jaipur,"Private Pool, Lawn",MakeMyTrip,StayVista at Talin Farms,https://www.makemytrip.com/hotels/hotel-details/?hotelId=202407201026186651&_uCurrency=INR&checkin=11252025&checkout=11262025&city=CTAGR&country=IN&funnelType=getaway&lat=27.16779&lng=78.04893&locusId=ZNDEL67F7E280&locusType=zone&rank=1&roomStayQualifier=2e0e&seekSummaryRequired=false&viewType=LUXE&mtkeys=defaultMtkey
3816,Seraphine,6,Villa,Lonavala,"Pool, Jacuzzi",Agoda,StayVista at Seraphine,https://www.agoda.com/en-gb/stayvista-at-seraphine/hotel/lonavala-in.html
3816,Seraphine,6,Villa,Lonavala,"Pool, Jacuzzi",Airbnb,6BR |Pool+Jacuzzi|StayVista| Seraphine @Lonavala,https://www.airbnb.co.in/rooms/1203402037013716368
3816,Seraphine,6,Villa,Lonavala,"Pool, Jacuzzi",Booking.com,StayVista's Seraphine - 6BHK Villa with Home Theatre & Jacuzzi,https://www.booking.com/hotel/in/stayvista-at-seraphine.html
3816,Seraphine,6,Villa,Lonavala,"Pool, Jacuzzi",MakeMyTrip,StayVista at Seraphine,https://www.makemytrip.com/hotels/hotel-details/?hotelId=202407171501254637&_uCurrency=INR&checkin=11252025&checkout=11262025&city=CTAGR&country=IN&funnelType=getaway&lat=27.16779&lng=78.04893&locusId=ZNDEL67F7E280&locusType=zone&rank=1&roomStayQualifier=2e0e&seekSummaryRequired=false&viewType=LUXE&mtkeys=defaultMtkey
3811,The SoraGlen,5,Villa,Lonavala,"Private Pool, Lawn",Agoda,StayVista at  The SoraGlen,https://www.agoda.com/en-in/stayvista-at-dharohar-estate/hotel/lonavala-in.html
3811,The SoraGlen,5,Villa,Lonavala,"Private Pool, Lawn",Airbnb,5BHK Pvt Pool & Lawn | SoraGlen @Lonavala,https://www.airbnb.co.in/rooms/1213619483166762535
3811,The SoraGlen,5,Villa,Lonavala,"Private Pool, Lawn",Booking.com,"The SoraGlen by VEO, StayVista - 5BHK Villa with Bar & Private Pool",https://www.booking.com/hotel/in/stayvista-at-dharohar-estate-lonavala.html
3811,The SoraGlen,5,Villa,Lonavala,"Private Pool, Lawn",MakeMyTrip,StayVista at The SoraGlen,https://www.makemytrip.com/hotels/hotel-details/?hotelId=202408011510278035&_uCurrency=INR&checkin=11252025&checkout=11262025&city=CTAGR&country=IN&funnelType=getaway&lat=27.16779&lng=78.04893&locusId=ZNDEL67F7E280&locusType=zone&rank=1&roomStayQualifier=2e0e&seekSummaryRequired=false&viewType=LUXE&mtkeys=defaultMtkey
3874,Artful Escape,3,Villa,Alibaug,"Pool, Lawn",Agoda,StayVista at Artful Escape,https://www.agoda.com/en-gb/stayvista-at-artful-escape/hotel/alibaug-in.html
3874,Artful Escape,3,Villa,Alibaug,"Pool, Lawn",Airbnb,"3BR Artful Escape, Alibaug, pool club getaway stay",https://www.airbnb.co.in/rooms/1214150921270087976
3874,Artful Escape,3,Villa,Alibaug,"Pool, Lawn",Booking.com,StayVista's Artful Escape - 3BHK Villa with Lawn,https://www.booking.com/hotel/in/stayvista-at-artful-escape.html
3874,Artful Escape,3,Villa,Alibaug,"Pool, Lawn",MakeMyTrip,StayVista at Artful Escape,https://www.makemytrip.com/hotels/hotel-details/?hotelId=202408011425474621&_uCurrency=INR&checkin=11252025&checkout=11262025&city=CTAGR&country=IN&funnelType=getaway&lat=27.16779&lng=78.04893&locusId=ZNDEL67F7E280&locusType=zone&rank=1&roomStayQualifier=2e0e&seekSummaryRequired=false&viewType=LUXE&mtkeys=defaultMtkey
3847,Terracotta Skies,2,Villa,India,Private Pool,Agoda,StayVista at Terracotta Skies,https://www.agoda.com/en-in/stayvista-at-terracotta-skies/hotel/trimbak-in.html
3847,Terracotta Skies,2,Villa,India,Private Pool,Airbnb,2BR|Pool+View |StayVista| Terracotta Skies@Trimbak,https://www.airbnb.co.in/rooms/1300451675317350949
3847,Terracotta Skies,2,Villa,India,Private Pool,Booking.com,Terracotta Skies by StayVista - 2BHK Villa with Private Pool & Bathtub,https://www.booking.com/hotel/in/stayvista-at-terracotta-skies-nashik1.html
3847,Terracotta Skies,2,Villa,India,Private Pool,MakeMyTrip,StayVista at Terracotta Skies,https://www.makemytrip.com/hotels/hotel-details/?hotelId=202408011747337803&_uCurrency=INR&checkin=11252025&checkout=11262025&city=CTAGR&country=IN&funnelType=getaway&lat=27.16779&lng=78.04893&locusId=ZNDEL67F7E280&locusType=zone&rank=1&roomStayQualifier=2e0e&seekSummaryRequired=false&viewType=LUXE&mtkeys=defaultMtkey
3821,Stonescape,4,Villa,Nashik,"Private Pool, Gazebo",Agoda,StayVista at Stonescape Villa,https://www.agoda.com/en-gb/stayvista-at-stonescape-villa/hotel/khambale-in.html
3821,Stonescape,4,Villa,Nashik,"Private Pool, Gazebo",Airbnb,4BR|Pvt Pool | Stonescape@Nashik Retreat,https://www.airbnb.co.in/rooms/1214353039427419645
3821,Stonescape,4,Villa,Nashik,"Private Pool, Gazebo",Booking.com,StayVista's Stonescape Villa - 4BHK with Private Pool & Gazebo,https://www.booking.com/hotel/in/stayvista-at-stonescape-villa.html
3821,Stonescape,4,Villa,Nashik,"Private Pool, Gazebo",MakeMyTrip,StayVista at Stonescape Villa,https://www.makemytrip.com/hotels/hotel-details/?hotelId=202408021637136902&_uCurrency=INR&checkin=11252025&checkout=11262025&city=CTAGR&country=IN&funnelType=getaway&lat=27.16779&lng=78.04893&locusId=ZNDEL67F7E280&locusType=zone&rank=1&roomStayQualifier=2e0e&seekSummaryRequired=false&viewType=LUXE&mtkeys=defaultMtkey
3875,Whispering Meadows,8,Villa,Igatpuri,Plunge Pool,Agoda,StayVista at Whispering Meadows,https://www.agoda.com/en-in/stayvista-at-whispering-meadows/hotel/nandgaon-bk-in.html
3875,Whispering Meadows,8,Villa,Igatpuri,Plunge Pool,Airbnb,8BHK Elegant Pool Villa| Whispering Meadows,https://www.airbnb.co.in/rooms/1214176244248481781
3875,Whispering Meadows,8,Villa,Igatpuri,Plunge Pool,Booking.com,StayVista's Whispering Meadows - Igatpuri - 8BHK Mountain-View Villa with Plunge Pool,https://www.booking.com/hotel/in/stayvista-at-whispering-meadows.html
3875,Whispering Meadows,8,Villa,Igatpuri,Plunge Pool,MakeMyTrip,StayVista at Whispering Meadows,https://www.makemytrip.com/hotels/hotel-details/?hotelId=202408021210327202&_uCurrency=INR&checkin=11252025&checkout=11262025&city=CTAGR&country=IN&funnelType=getaway&lat=27.16779&lng=78.04893&locusId=ZNDEL67F7E280&locusType=zone&rank=1&roomStayQualifier=2e0e&seekSummaryRequired=false&viewType=LUXE&mtkeys=defaultMtkey
3581,Nilaya By The Lake,5,Villa,India,Infinity Pool,Agoda,StayVista at Nilaya By The Lake,https://www.agoda.com/stayvista-at-beyond-the-blue/hotel/padghawali-in.html
3581,Nilaya By The Lake,5,Villa,India,Infinity Pool,Airbnb,StayVista at Nilaya | Pool Villa by the Lake,https://www.airbnb.co.in/rooms/1216282398302454014
3581,Nilaya By The Lake,5,Villa,India,Infinity Pool,Booking.com,StayVista's Nilaya By The Lake - 5BHK Lake-View Villa with Infinity Pool,https://www.booking.com/hotel/in/stayvista-at-beyond-the-blue.html
3581,Nilaya By The Lake,5,Villa,India,Infinity Pool,MakeMyTrip,StayVista at Nilaya By The Lake,https://www.makemytrip.com/hotels/hotel-details/?hotelId=202408051013119450&_uCurrency=INR&checkin=11252025&checkout=11262025&city=CTAGR&country=IN&funnelType=getaway&lat=27.16779&lng=78.04893&locusId=ZNDEL67F7E280&locusType=zone&rank=1&roomStayQualifier=2e0e&seekSummaryRequired=false&viewType=LUXE&mtkeys=defaultMtkey
3904,Bayside Oasis,4,Villa,Alibaug,Private Pool,Agoda,StayVista at Bayside Oasis,https://www.agoda.com/en-in/stayvista-at-bayside-oasis/hotel/alibaug-in.html
3904,Bayside Oasis,4,Villa,Alibaug,Private Pool,Airbnb,"StayVista at Bayside Oasis | Beach Villa, Mandwa",https://www.airbnb.co.in/rooms/1559215012434011141
3904,Bayside Oasis,4,Villa,Alibaug,Private Pool,Booking.com,Bayside Oasis by StayVista - 4BHK Villa Near Sasawane Beach with Bar,https://www.booking.com/hotel/in/stayvista-at-bayside-oasis.html
3904,Bayside Oasis,4,Villa,Alibaug,Private Pool,MakeMyTrip,StayVista at Bayside Oasis,https://www.makemytrip.com/hotels/hotel-details/?hotelId=202408071219137294&_uCurrency=INR&checkin=11252025&checkout=11262025&city=CTAGR&country=IN&funnelType=getaway&lat=27.16779&lng=78.04893&locusId=ZNDEL67F7E280&locusType=zone&rank=1&roomStayQualifier=2e0e&seekSummaryRequired=false&viewType=LUXE&mtkeys=defaultMtkey
3922,Aaram Gah,2,Villa,Srinagar,Private Pool,Agoda,StayVista at Aaram Gah,https://www.agoda.com/stayvista-at-aaram-gah/hotel/srinagar-in.html
3922,Aaram Gah,2,Villa,Srinagar,Private Pool,Airbnb,2BR |Mtn View Cozy |StayVista| Aaram Gah @Shringar,https://www.airbnb.co.in/rooms/1225176060759996296
3922,Aaram Gah,2,Villa,Srinagar,Private Pool,Booking.com,StayVista's Aaram Gah - 2BHK Villa with Alfresco Dining & Bathtub,https://www.booking.com/hotel/in/stayvista-at-aaram-gah.html
3922,Aaram Gah,2,Villa,Srinagar,Private Pool,MakeMyTrip,StayVista at Aaram Gah,https://www.makemytrip.com/hotels/hotel-details/?hotelId=202408181111104748&_uCurrency=INR&checkin=11252025&checkout=11262025&city=CTAGR&country=IN&funnelType=getaway&lat=27.16779&lng=78.04893&locusId=ZNDEL67F7E280&locusType=zone&rank=1&roomStayQualifier=2e0e&seekSummaryRequired=false&viewType=LUXE&mtkeys=defaultMtkey
3897,Wellbeing,5,Villa,Wayanad,Mountain View,Agoda,StayVista at Wellbeing Villa,https://www.agoda.com/en-in/stayvista-at-wellbeing-villa/hotel/wayanad-in.html
3897,Wellbeing,5,Villa,Wayanad,Mountain View,Airbnb,5BR|Forest+Bonfir|StayVista|Wellbeing Villa@Kerala,https://www.airbnb.co.in/rooms/1262098702112637455
3897,Wellbeing,5,Villa,Wayanad,Mountain View,Booking.com,"Wellbeing Villa by VEO, StayVista - 5BHK with Mountain View & Spa",https://www.booking.com/hotel/in/well-being-villa.html
3897,Wellbeing,5,Villa,Wayanad,Mountain View,MakeMyTrip,StayVista at Wellbeing Villa,https://www.makemytrip.com/hotels/hotel-details/?hotelId=202408190930205670&_uCurrency=INR&checkin=11252025&checkout=11262025&city=CTAGR&country=IN&funnelType=getaway&lat=27.16779&lng=78.04893&locusId=ZNDEL67F7E280&locusType=zone&rank=1&roomStayQualifier=2e0e&seekSummaryRequired=false&viewType=LUXE&mtkeys=defaultMtkey
3763,La Sierra,5,Villa,Lonavala,Lake View,Agoda,StayVista at La Sierra,https://www.agoda.com/en-in/stayvista-at-la-sierra/hotel/lonavala-in.html
3763,La Sierra,5,Villa,Lonavala,Lake View,Airbnb,"StayVista at La Sierra w/ Pawna Lake View, WiFi",https://www.airbnb.co.in/rooms/1531120564300842993
3763,La Sierra,5,Villa,Lonavala,Lake View,Booking.com,StayVista's La Sierra - 5BHK Pet-Friendly Lake-View Villa,https://www.booking.com/hotel/in/stayvista-at-la-sierra-lonavala1.html
3763,La Sierra,5,Villa,Lonavala,Lake View,MakeMyTrip,StayVista at La Sierra,https://www.makemytrip.com/hotels/hotel-details/?hotelId=202408121721418200&_uCurrency=INR&checkin=11252025&checkout=11262025&city=CTAGR&country=IN&funnelType=getaway&lat=27.16779&lng=78.04893&locusId=ZNDEL67F7E280&locusType=zone&rank=1&roomStayQualifier=2e0e&seekSummaryRequired=false&viewType=LUXE&mtkeys=defaultMtkey
3906,Offgrid Ginai,2,Villa,India,Lawn,Agoda,StayVista at Offgrid Ginai,https://www.agoda.com/en-gb/stayvista-at-offgrid-ginai/hote
3906,Offgrid Ginai,2,Villa,India,Lawn,Airbnb,2BR Offgrid Ginai w/Serene Views & Lawn | Ranikhet,https://www.airbnb.co.in/rooms/1227450452527243658
3906,Offgrid Ginai,2,Villa,India,Lawn,Booking.com,"Offgrid Ginai - Ranikhet by VEO, StayVista - 2BHK Pet-Friendly Mountain-View Villa",https://www.booking.com/hotel/in/stayvista-at-offgrid-ginai.html
3906,Offgrid Ginai,2,Villa,India,Lawn,MakeMyTrip,StayVista at Offgrid Ginai,https://www.makemytrip.com/hotels/hotel-details/?hotelId=202408211356208576&_uCurrency=INR&checkin=11252025&checkout=11262025&city=CTAGR&country=IN&funnelType=getaway&lat=27.16779&lng=78.04893&locusId=ZNDEL67F7E280&locusType=zone&rank=1&roomStayQualifier=2e0e&seekSummaryRequired=false&viewType=LUXE&mtkeys=defaultMtkey
218,Verde,4,Villa,Lonavala,"Private Pool, Jacuzzi",Agoda,"StayVista's Verde Villa with Private Pool, Games Room & Terrace",https://www.agoda.com/en-in/verde-by-vista-rooms/hotel/lonavala-in.html
218,Verde,4,Villa,Lonavala,"Private Pool, Jacuzzi",Airbnb,4R-PureVeg+Pvt Pool-StayVista Villa Verde@Lonavala,https://www.airbnb.co.in/rooms/1212767102458561677
218,Verde,4,Villa,Lonavala,"Private Pool, Jacuzzi",Booking.com,"Verde Villa by VEO, StayVista - 4BHK with Pool Table & Jacuzzi",https://www.booking.com/hotel/in/verde-by-vista.html
218,Verde,4,Villa,Lonavala,"Private Pool, Jacuzzi",MakeMyTrip,StayVista at Verde,https://www.makemytrip.com/hotels/hotel-details/?hotelId=201909121209511824&_uCurrency=INR&checkin=11252025&checkout=11262025&city=CTAGR&country=IN&funnelType=getaway&lat=27.16779&lng=78.04893&locusId=ZNDEL67F7E280&locusType=zone&rank=1&roomStayQualifier=2e0e&seekSummaryRequired=false&viewType=LUXE&mtkeys=defaultMtkey
1559,Paashaan,4,Villa,Lonavala,Pool,Agoda,StayVista at Paashaan,https://www.agoda.com/en-in/paashaan-villa/hotel/lonavala-in.html
1559,Paashaan,4,Villa,Lonavala,Pool,Airbnb,4BR|Heated Pool@StayVista Paashaan Villa|Serenity!,https://www.airbnb.co.in/rooms/878979032154606394
1559,Paashaan,4,Villa,Lonavala,Pool,Booking.com,StayVista's Paashaan - Khopoli - 4BHK Mountain-View Villa with Heated Pool,https://www.booking.com/hotel/in/vista-paashaan.html
1559,Paashaan,4,Villa,Lonavala,Pool,MakeMyTrip,StayVista at Paashaan,https://www.makemytrip.com/hotels/hotel-details/?hotelId=202412231753363646&_uCurrency=INR&checkin=11252025&checkout=11262025&city=CTAGR&country=IN&funnelType=getaway&lat=27.16779&lng=78.04893&locusId=ZNDEL67F7E280&locusType=zone&rank=1&roomStayQualifier=2e0e&seekSummaryRequired=false&viewType=LUXE&mtkeys=defaultMtkey
305,Magnolia  by Vieda,5,Villa,India,Private Pool,Agoda,Magnolia Villa by Vieda - part of StayVista,https://www.agoda.com/en-in/magnolia-villa-by-vieda-part-of-stayvista/hotel/zirad-in.html
305,Magnolia  by Vieda,5,Villa,India,Private Pool,Airbnb,Magnolia Luxe by StayVista – Vieda Collection,https://www.airbnb.co.in/rooms/658589546838278356
305,Magnolia  by Vieda,5,Villa,India,Private Pool,Booking.com,"Magnolia Villa by VIEDA, StayVista - 5BHK with Alfresco Dining & Private Pool",https://www.booking.com/hotel/in/stayvista-at-the-magnolia-villa.html
305,Magnolia  by Vieda,5,Villa,India,Private Pool,MakeMyTrip,Magnolia Villa by Vieda (part of StayVista),https://www.makemytrip.com/hotels/hotel-details/?hotelId=202210281048464131&_uCurrency=INR&checkin=11252025&checkout=11262025&city=CTAGR&country=IN&funnelType=getaway&lat=27.16779&lng=78.04893&locusId=ZNDEL67F7E280&locusType=zone&rank=1&roomStayQualifier=2e0e&seekSummaryRequired=false&viewType=LUXE&mtkeys=defaultMtkey
3891,Zen Haven,5,Villa,Igatpuri,Private Pool,Agoda,StayVista at Zen Haven,https://www.agoda.com/en-in/stayvista-at-zen-haven/hotel/igatpuri-in.html
3891,Zen Haven,5,Villa,Igatpuri,Private Pool,Airbnb,5BR|Pool+Bathtub|StayVista| zen Haven @Tringalwadi,https://www.airbnb.co.in/rooms/1234579447063692885
3891,Zen Haven,5,Villa,Igatpuri,Private Pool,Booking.com,StayVista's Zen Haven - Igatpuri - 5BHK Villa with Private Pool & Bathtub,https://www.booking.com/hotel/in/stayvista-at-zen-haven.html
3891,Zen Haven,5,Villa,Igatpuri,Private Pool,MakeMyTrip,StayVista at Zen Haven,https://www.makemytrip.com/hotels/hotel-details/?hotelId=202408081207192643&_uCurrency=INR&checkin=11252025&checkout=11262025&city=CTAGR&country=IN&funnelType=getaway&lat=27.16779&lng=78.04893&locusId=ZNDEL67F7E280&locusType=zone&rank=1&roomStayQualifier=2e0e&seekSummaryRequired=false&viewType=LUXE&mtkeys=defaultMtkey
3900,Aravali,2,Villa,Udaipur,"Private Pool, Mountain View",Agoda,StayVista at Aravali Villa,https://www.agoda.com/en-in/stayvista-at-jag-aravali/hotel/udaipur-in.html
3900,Aravali,2,Villa,Udaipur,"Private Pool, Mountain View",Airbnb,2BR |Luxe Pool | StayVista| Aravali Villa @Udaipur,https://www.airbnb.co.in/rooms/1236626473933739875
3900,Aravali,2,Villa,Udaipur,"Private Pool, Mountain View",Booking.com,"Aravali Villa by VEO, StayVista - 2BHK with Private Pool & Mountain View",https://www.booking.com/hotel/in/stayvista-at-aravali-villa.html
3900,Aravali,2,Villa,Udaipur,"Private Pool, Mountain View",MakeMyTrip,StayVista at Aravali villa,https://www.makemytrip.com/hotels/hotel-details/?hotelId=202408281037262121&_uCurrency=INR&checkin=11252025&checkout=11262025&city=CTAGR&country=IN&funnelType=getaway&lat=27.16779&lng=78.04893&locusId=ZNDEL67F7E280&locusType=zone&rank=1&roomStayQualifier=2e0e&seekSummaryRequired=false&viewType=LUXE&mtkeys=defaultMtkey
3787,Le Mistral,4,Villa,Kodaikanal,Gazebo,Agoda,StayVista at Le Mistral,https://www.agoda.com/en-in/le-mistral-kodai-luxury-villa/hotel/kodaikanal-in.html
3787,Le Mistral,4,Villa,Kodaikanal,Gazebo,Airbnb,4BR|Nature Retreat-Le Mistral@Kodaikanal,https://www.airbnb.co.in/rooms/1236758298882788036
3787,Le Mistral,4,Villa,Kodaikanal,Gazebo,Booking.com,StayVista's Le Mistral - 4BHK Hill-View Villa with Gazebo,https://www.booking.com/hotel/in/le-mistral-kodai-luxury-villa.html
3787,Le Mistral,4,Villa,Kodaikanal,Gazebo,MakeMyTrip,StayVista at Le Mistral,https://www.makemytrip.com/hotels/hotel-details/?hotelId=202408081042226889&_uCurrency=INR&checkin=11252025&checkout=11262025&city=CTAGR&country=IN&funnelType=getaway&lat=27.16779&lng=78.04893&locusId=ZNDEL67F7E280&locusType=zone&rank=1&roomStayQualifier=2e0e&seekSummaryRequired=false&viewType=LUXE&mtkeys=defaultMtkey
3845,Middle Earth,8,Villa,Karjat,Infinity Pool,Agoda,Middle Earth by Vieda - Part of StayVista,https://www.agoda.com/en-in/middle-earth-by-vieda-part-of-stayvista-with-pool/hotel/karjat-in.html
3845,Middle Earth,8,Villa,Karjat,Infinity Pool,Airbnb,StayVista at Middle Earth | 8BHK Pool & Theatre,https://www.airbnb.co.in/rooms/1237353211807905856
3845,Middle Earth,8,Villa,Karjat,Infinity Pool,Booking.com,"Middle Earth by VIEDA, StayVista - 8BHK Villa with Infinity Pool & Home Theatre",https://www.booking.com/hotel/in/stayvista-at-middle-earth.html
3845,Middle Earth,8,Villa,Karjat,Infinity Pool,MakeMyTrip,Middle Earth by Vieda (Part of StayVista),https://www.makemytrip.com/hotels/hotel-details/?hotelId=202409021621155203&_uCurrency=INR&checkin=11252025&checkout=11262025&city=CTAGR&country=IN&funnelType=getaway&lat=27.16779&lng=78.04893&locusId=ZNDEL67F7E280&locusType=zone&rank=1&roomStayQualifier=2e0e&seekSummaryRequired=false&viewType=LUXE&mtkeys=defaultMtkey
3869,Gulposh Retreat,3,Villa,India,"Private Pool, Gazebo",Agoda,StayVista at Gulposh Retreat,https://www.agoda.com/en-in/stayvista-at-gulposh-retreat/hotel/jambrung-in.html
3869,Gulposh Retreat,3,Villa,India,"Private Pool, Gazebo",Airbnb,StayVista @Gulposh Retreat w/ PrivatePool & Gazebo,https://www.airbnb.co.in/rooms/1237403854939190253
3869,Gulposh Retreat,3,Villa,India,"Private Pool, Gazebo",Booking.com,StayVista's Gulposh Retreat - 3BHK Villa with Viewing Deck & Private Pool,https://www.booking.com/hotel/in/stayvista-at-gulposh-retreat.html
3869,Gulposh Retreat,3,Villa,India,"Private Pool, Gazebo",MakeMyTrip,StayVista at Gulposh Retreat,https://www.makemytrip.com/hotels/hotel-details/?hotelId=202408011115213929&_uCurrency=INR&checkin=11252025&checkout=11262025&city=CTAGR&country=IN&funnelType=getaway&lat=27.16779&lng=78.04893&locusId=ZNDEL67F7E280&locusType=zone&rank=1&roomStayQualifier=2e0e&seekSummaryRequired=false&viewType=LUXE&mtkeys=defaultMtkey
3861,Griha Sankalpa,5,Villa,India,Private Pool,Agoda,StayVista at Griha Sankalpa,https://www.agoda.com/en-in/stayvista-at-griha-sankalpa/hotel/makkiyad-in.html
3861,Griha Sankalpa,5,Villa,India,Private Pool,Airbnb,5BR|Scenic Views|StayVista| Griha Sankalpa @Kerala,https://www.airbnb.co.in/rooms/1238199051492331719
3861,Griha Sankalpa,5,Villa,India,Private Pool,Booking.com,"Griha Sankalpa by VEO, StayVista - 5BHK Mountain-View Villa with Garden",https://www.booking.com/hotel/in/griha-sankalpa-a-farmstay.html
3861,Griha Sankalpa,5,Villa,India,Private Pool,MakeMyTrip,StayVista at Griha Sankalpa,https://www.makemytrip.com/hotels/hotel-details/?hotelId=202409041341421777&_uCurrency=INR&checkin=11252025&checkout=11262025&city=CTAGR&country=IN&funnelType=getaway&lat=27.16779&lng=78.04893&locusId=ZNDEL67F7E280&locusType=zone&rank=1&roomStayQualifier=2e0e&seekSummaryRequired=false&viewType=LUXE&mtkeys=defaultMtkey
3427,Dusk by the hills,4,Villa,Lonavala,Pool,Agoda,StayVista at Dusk by the hills,https://www.agoda.com/stayvista-at-dusk-by-the-hills/hotel/malavli-in.html
3427,Dusk by the hills,4,Villa,Lonavala,Pool,Airbnb,"StayVista at Dusk by the Hills w/ Pool, Lonavala",https://www.airbnb.co.in/rooms/1241719799257765115
3427,Dusk by the hills,4,Villa,Lonavala,Pool,Booking.com,Dusk by the hills by StayVista - 4BHK Villa with Heated Pool & Bathtub,https://www.booking.com/hotel/in/stayvista-at-dusk-by-the-hills.html
3427,Dusk by the hills,4,Villa,Lonavala,Pool,MakeMyTrip,StayVista at Dusk by the hills,https://www.makemytrip.com/hotels/hotel-details/?hotelId=202409051647254350&_uCurrency=INR&checkin=11252025&checkout=11262025&city=CTAGR&country=IN&funnelType=getaway&lat=27.16779&lng=78.04893&locusId=ZNDEL67F7E280&locusType=zone&rank=1&roomStayQualifier=2e0e&seekSummaryRequired=false&viewType=LUXE&mtkeys=defaultMtkey
2327,Grande Prima,5,Villa,Panchgani,Jacuzzi,Agoda,StayVista at Grande Prima,https://www.agoda.com/en-gb/stayvista-at-grande-prima/hotel/panchgani-in.html
2327,Grande Prima,5,Villa,Panchgani,Jacuzzi,Airbnb,Grande Prima Lux – Jacuzzi & Entertainment,https://www.airbnb.co.in/rooms/1241648306537759448
2327,Grande Prima,5,Villa,Panchgani,Jacuzzi,Booking.com,StayVista's Grande Prima - 5BHK Villa with Jacuzzi & Home Theatre,https://www.booking.com/hotel/in/prima-by-vista-grande.html
2327,Grande Prima,5,Villa,Panchgani,Jacuzzi,MakeMyTrip,StayVista at Grande Prima,https://www.makemytrip.com/hotels/hotel-details/?hotelId=202409061444177941&_uCurrency=INR&checkin=11252025&checkout=11262025&city=CTAGR&country=IN&funnelType=getaway&lat=27.16779&lng=78.04893&locusId=ZNDEL67F7E280&locusType=zone&rank=1&roomStayQualifier=2e0e&seekSummaryRequired=false&viewType=LUXE&mtkeys=defaultMtkey
3955,Summer Days,5,Villa,India,Pool,Agoda,StayVista at Summer Days,https://www.agoda.com/en-in/stayvista-at-summer-days/hotel/saligao-in.html
3955,Summer Days,5,Villa,India,Pool,Airbnb,5BHK |Pool Retreat | StayVista| Summer Days@Nagoa,https://www.airbnb.co.in/rooms/1243884080825394823
3955,Summer Days,5,Villa,India,Pool,Booking.com,StayVista's Summer Days - Saligao - 5BHK Pet-Friendly Villa with Bar,https://www.booking.com/hotel/in/stayvista-at-summer-days.html
3955,Summer Days,5,Villa,India,Pool,MakeMyTrip,StayVista at Summer Days,https://www.makemytrip.com/hotels/hotel-details/?hotelId=202409111721069250&_uCurrency=INR&checkin=11252025&checkout=11262025&city=CTAGR&country=IN&funnelType=getaway&lat=27.16779&lng=78.04893&locusId=ZNDEL67F7E280&locusType=zone&rank=1&roomStayQualifier=2e0e&seekSummaryRequired=false&viewType=LUXE&mtkeys=defaultMtkey
3244,The Rasa Bungalow,5,Villa,Bhimtal,Lake View,Agoda,StayVista at The Rasa Bungalow,https://www.agoda.com/en-in/stayvista-at-the-rasa-bungalow-with-lake-view-wi-fi/hotel/bhimtal-in.html
3244,The Rasa Bungalow,5,Villa,Bhimtal,Lake View,Airbnb,5BR The Rasa Bungalow w/Lakeview & Wifi,https://www.airbnb.co.in/rooms/1255453844548187902
3244,The Rasa Bungalow,5,Villa,Bhimtal,Lake View,Booking.com,The Rasa Bungalow by StayVista - 5BHK Pet-Friendly Villa Near Bhimtal Lake,https://www.booking.com/hotel/in/stayvista-at-the-rasa-bungalow.html
3244,The Rasa Bungalow,5,Villa,Bhimtal,Lake View,MakeMyTrip,StayVista at The Rasa Bungalow,https://www.makemytrip.com/hotels/hotel-details/?hotelId=202406261511202569&_uCurrency=INR&checkin=11252025&checkout=11262025&city=CTAGR&country=IN&funnelType=getaway&lat=27.16779&lng=78.04893&locusId=ZNDEL67F7E280&locusType=zone&rank=1&roomStayQualifier=2e0e&seekSummaryRequired=false&viewType=LUXE&mtkeys=defaultMtkey
3974,Ravendell,3,Villa,India,"Infinity Pool, Gazebo",Agoda,StayVista at Ravendell,https://www.agoda.com/stayvista-at-ravendell/hotel/padghawali-in.html
3974,Ravendell,3,Villa,India,"Infinity Pool, Gazebo",Airbnb,Ravendell Villa 3bhk w/ Infinity Pool & Gazebo,https://www.airbnb.co.in/rooms/1249893303429078942
3974,Ravendell,3,Villa,India,"Infinity Pool, Gazebo",Booking.com,StayVista's Ravendell - Khopoli - 3BHK Pet-Friendly Villa with Infinity Pool,https://www.booking.com/hotel/in/stayvista-at-ravendell.html
3974,Ravendell,3,Villa,India,"Infinity Pool, Gazebo",MakeMyTrip,StayVista at Ravendell,https://www.makemytrip.com/hotels/hotel-details/?hotelId=202409171422272388&_uCurrency=INR&checkin=11252025&checkout=11262025&city=CTAGR&country=IN&funnelType=getaway&lat=27.16779&lng=78.04893&locusId=ZNDEL67F7E280&locusType=zone&rank=1&roomStayQualifier=2e0e&seekSummaryRequired=false&viewType=LUXE&mtkeys=defaultMtkey
4037,Airhill,4,Villa,Lonavala,"Pool, Bonfire",Agoda,StayVista at Airhill,https://www.agoda.com/en-in/stayvista-at-airhill/hotel/lonavala-in.html
4037,Airhill,4,Villa,Lonavala,"Pool, Bonfire",Airbnb,"StayVista @Airhill 4BR villa w/Pool+View, Lonavala",https://www.airbnb.co.in/rooms/1263599046877951445
4037,Airhill,4,Villa,Lonavala,"Pool, Bonfire",Booking.com,StayVista's Airhill - 4BHK Villa with Bar & Alfresco Dining,https://www.booking.com/hotel/in/stayvista-at-airhill-with-pool-bonfire-wifi.html
4037,Airhill,4,Villa,Lonavala,"Pool, Bonfire",MakeMyTrip,StayVista at Airhill,https://www.makemytrip.com/hotels/hotel-details/?hotelId=202410011711311347&_uCurrency=INR&checkin=11252025&checkout=11262025&city=CTAGR&country=IN&funnelType=getaway&lat=27.16779&lng=78.04893&locusId=ZNDEL67F7E280&locusType=zone&rank=1&roomStayQualifier=2e0e&seekSummaryRequired=false&viewType=LUXE&mtkeys=defaultMtkey
3846,Ohana 36,2,Villa,India,Gazebo,Agoda,StayVista at Ohana 36,https://www.agoda.com/stayvista-at-ohana-36/hotel/guwahati-in.html
3846,Ohana 36,2,Villa,India,Gazebo,Airbnb,2BHK Nature Escape w/Gazebo + Views near Guwahati,https://www.airbnb.co.in/rooms/1530816514501409952
3846,Ohana 36,2,Villa,India,Gazebo,Booking.com,StayVista's Ohana 36 - 2BHK Pet-Friendly Villa with Karaoke,https://www.booking.com/hotel/in/stayvista-at-ohana-36.html
3846,Ohana 36,2,Villa,India,Gazebo,MakeMyTrip,StayVista at Ohana 36,https://www.makemytrip.com/hotels/hotel-details/?hotelId=202410020552359148&_uCurrency=INR&checkin=11252025&checkout=11262025&city=CTAGR&country=IN&funnelType=getaway&lat=27.16779&lng=78.04893&locusId=ZNDEL67F7E280&locusType=zone&rank=1&roomStayQualifier=2e0e&seekSummaryRequired=false&viewType=LUXE&mtkeys=defaultMtkey
3914,The Glen,12,Villa,India,"Pool, Bonfire, BBQ",Agoda,StayVista at The Glen,https://www.agoda.com/en-in/stayvista-at-the-glen/hotel/pale-pawan-ma-in.html
3914,The Glen,12,Villa,India,"Pool, Bonfire, BBQ",Airbnb,"StayVista at The Glen w/ Pool, BBQ, Bonfire",https://www.airbnb.co.in/rooms/1259817596878344847
3914,The Glen,12,Villa,India,"Pool, Bonfire, BBQ",Booking.com,The Glen by StayVista - 12BHK Pet-Friendly Villa with Home Theatre,https://www.booking.com/hotel/in/stayvista-at-the-glen.html
3914,The Glen,12,Villa,India,"Pool, Bonfire, BBQ",MakeMyTrip,StayVista at The Glen,https://www.makemytrip.com/hotels/hotel-details/?hotelId=202410031425277650&_uCurrency=INR&checkin=11252025&checkout=11262025&city=CTAGR&country=IN&funnelType=getaway&lat=27.16779&lng=78.04893&locusId=ZNDEL67F7E280&locusType=zone&rank=1&roomStayQualifier=2e0e&seekSummaryRequired=false&viewType=LUXE&mtkeys=defaultMtkey
4019,Casa Canto,4,Villa,Goa,Infinity Pool,Agoda,StayVista at Casa Canto,https://www.agoda.com/en-in/stayvista-at-tellado-canto/hotel/goa-in.html
4019,Casa Canto,4,Villa,Goa,Infinity Pool,Airbnb,4BHK Rooftop Pool Villa| SV at Casa Canto@Siolim,https://www.airbnb.co.in/rooms/1262695155307517512
4019,Casa Canto,4,Villa,Goa,Infinity Pool,Booking.com,StayVista's Casa Canto - Siolim - 4BHK Pet-Friendly Villa with Infinity Pool,https://www.booking.com/hotel/in/stayvista-at-tellado-canto.html
4019,Casa Canto,4,Villa,Goa,Infinity Pool,MakeMyTrip,StayVista at Casa Canto,https://www.makemytrip.com/hotels/hotel-details/?hotelId=202410051531492289&_uCurrency=INR&checkin=11252025&checkout=11262025&city=CTAGR&country=IN&funnelType=getaway&lat=27.16779&lng=78.04893&locusId=ZNDEL67F7E280&locusType=zone&rank=1&roomStayQualifier=2e0e&seekSummaryRequired=false&viewType=LUXE&mtkeys=defaultMtkey
4004,A Portuguese Tale,7,Villa,Goa,"Private Pool, Lawn, BBQ",Agoda,StayVista at A Portuguese Tale,https://www.agoda.com/en-in/stayvista-at-a-portuguese-tale-pool-bar-bbq/hotel/goa-in.html
4004,A Portuguese Tale,7,Villa,Goa,"Private Pool, Lawn, BBQ",Airbnb,7BHK+ Portuguese Tale+Pvt Pool+Lawn@ Assagao,https://www.airbnb.co.in/rooms/1262850385711330265
4004,A Portuguese Tale,7,Villa,Goa,"Private Pool, Lawn, BBQ",Booking.com,StayVista's A Portuguese Tale - Assagao - 7BHK Villa with Bar & Private Pool,https://www.booking.com/hotel/in/a-portuguese-tale-assagao.html
4004,A Portuguese Tale,7,Villa,Goa,"Private Pool, Lawn, BBQ",MakeMyTrip,StayVista at A Portuguese Tale,https://www.makemytrip.com/hotels/hotel-details/?hotelId=202410071032302898&_uCurrency=INR&checkin=11252025&checkout=11262025&city=CTAGR&country=IN&funnelType=getaway&lat=27.16779&lng=78.04893&locusId=ZNDEL67F7E280&locusType=zone&rank=1&roomStayQualifier=2e0e&seekSummaryRequired=false&viewType=LUXE&mtkeys=defaultMtkey
4035,Crystalline by VEO,3,Villa,Alibaug,Jacuzzi,Agoda,Crystalline by VEO - Part of StayVista,https://www.agoda.com/en-in/stayvista-at-crystalline-w-kid-s-room/hotel/alibaug-in.html
4035,Crystalline by VEO,3,Villa,Alibaug,Jacuzzi,Airbnb,3BR |Family Stay|StayVista| Crystalline @Alibaug,https://www.airbnb.co.in/rooms/1262170134036574538
4035,Crystalline by VEO,3,Villa,Alibaug,Jacuzzi,Booking.com,"Crystalline w Kid's Room by VEO, StayVista - 3BHK with Home Theatre & Jacuzzi",https://www.booking.com/hotel/in/stayvista-at-crystalline-with-kids-room.html
4035,Crystalline by VEO,3,Villa,Alibaug,Jacuzzi,MakeMyTrip,Crystalline by VEO - Part of StayVista w/ Kid's Room,https://www.makemytrip.com/hotels/hotel-details/?hotelId=202410071446485542&_uCurrency=INR&checkin=11252025&checkout=11262025&city=CTAGR&country=IN&funnelType=getaway&lat=27.16779&lng=78.04893&locusId=ZNDEL67F7E280&locusType=zone&rank=1&roomStayQualifier=2e0e&seekSummaryRequired=false&viewType=LUXE&mtkeys=defaultMtkey
3987,Dolce Montagna,7,Villa,Lonavala,Pool,Agoda,StayVista at Dolce Montagna,https://www.agoda.com/stayvista-at-dolce-montagna/hotel/lonavala-in.html
3987,Dolce Montagna,7,Villa,Lonavala,Pool,Airbnb,7BR|Mountain+Pool|StayVista| Dolce Montagna@Lonvla,https://www.airbnb.co.in/rooms/1262933164228113606
3987,Dolce Montagna,7,Villa,Lonavala,Pool,Booking.com,StayVista's Dolce Montagna - 7BHK Lake-View Villa with Sports Turf,https://www.booking.com/hotel/in/stayvista-at-dolce-montagna.html
3987,Dolce Montagna,7,Villa,Lonavala,Pool,MakeMyTrip,StayVista at Dolce Montagna,https://www.makemytrip.com/hotels/hotel-details/?hotelId=202410081601013748&_uCurrency=INR&checkin=11252025&checkout=11262025&city=CTAGR&country=IN&funnelType=getaway&lat=27.16779&lng=78.04893&locusId=ZNDEL67F7E280&locusType=zone&rank=1&roomStayQualifier=2e0e&seekSummaryRequired=false&viewType=LUXE&mtkeys=defaultMtkey
1739,Casa Enchante,4,Villa,Lonavala,"Private Pool, Lawn",Agoda,StayVista at Casa Enchante,https://www.agoda.com/en-in/casa-enchante-by-vista-rooms/hotel/lonavala-in.html
1739,Casa Enchante,4,Villa,Lonavala,"Private Pool, Lawn",Airbnb,"4BHK Pool Lawn | Casa Enchante, Lonavala",https://www.airbnb.co.in/rooms/1262914549234467676
1739,Casa Enchante,4,Villa,Lonavala,"Private Pool, Lawn",Booking.com,StayVista's Casa Enchante - 4BHK Pet-Friendly Villa with Private Pool,https://www.booking.com/hotel/in/casa-enchante-by-vista-rooms.html
1739,Casa Enchante,4,Villa,Lonavala,"Private Pool, Lawn",MakeMyTrip,StayVista at Casa Enchante,https://www.makemytrip.com/hotels/hotel-details/?hotelId=202410041011273061&_uCurrency=INR&checkin=11252025&checkout=11262025&city=CTAGR&country=IN&funnelType=getaway&lat=27.16779&lng=78.04893&locusId=ZNDEL67F7E280&locusType=zone&rank=1&roomStayQualifier=2e0e&seekSummaryRequired=false&viewType=LUXE&mtkeys=defaultMtkey
3935,Vatika Nature Nest,4,Cottage,India,Lawn,Agoda,StayVista at Vatika Nature Nest,https://www.agoda.com/stayvista-at-vatika-nature-nest/hotel/hubbangeri-in.html
3935,Vatika Nature Nest,4,Cottage,India,Lawn,Airbnb,4BR|Pvt Lawn|StayVista| Vatika Nature Nest@Gokarna,https://www.airbnb.co.in/rooms/1264246357675219819
3935,Vatika Nature Nest,4,Cottage,India,Lawn,Booking.com,StayVista's Vatika Nature Nest - Mirjan - 4BHK Pet-Friendly Cottage,https://www.booking.com/hotel/in/stayvista-at-vatika-nature-nest-gokarna.html
3935,Vatika Nature Nest,4,Cottage,India,Lawn,MakeMyTrip,StayVista at Vatika Nature Nest,https://www.makemytrip.com/hotels/hotel-details/?hotelId=202410071516364963&_uCurrency=INR&checkin=11252025&checkout=11262025&city=CTAGR&country=IN&funnelType=getaway&lat=27.16779&lng=78.04893&locusId=ZNDEL67F7E280&locusType=zone&rank=1&roomStayQualifier=2e0e&seekSummaryRequired=false&viewType=LUXE&mtkeys=defaultMtkey
3937,The Grand Crest,9,Villa,India,Private Pool,Agoda,StayVista at The Grand Crest w/ Presidential Suite,https://www.agoda.com/en-in/stayvista-at-the-grand-crest/hotel/jambrung-in.html
3937,The Grand Crest,9,Villa,India,Private Pool,Airbnb,StayVista at The Grand Crest | Presidential Suite,https://www.airbnb.co.in/rooms/1316464427309451542
3937,The Grand Crest,9,Villa,India,Private Pool,Booking.com,The Grand Crest w Presidential Suite by StayVista - 9BHK with Sports Turf & Sauna,https://www.booking.com/hotel/in/stayvista-at-the-grand-crest.html
3937,The Grand Crest,9,Villa,India,Private Pool,MakeMyTrip,The Grand Crest w/ Presidential Suite,https://www.makemytrip.com/hotels/hotel-details/?hotelId=202410151238214074&_uCurrency=INR&checkin=11252025&checkout=11262025&city=CTAGR&country=IN&funnelType=getaway&lat=27.16779&lng=78.04893&locusId=ZNDEL67F7E280&locusType=zone&rank=1&roomStayQualifier=2e0e&seekSummaryRequired=false&viewType=LUXE&mtkeys=defaultMtkey
4071,Twilight Perch,6,Villa,Mussoorie,"Bonfire, BBQ",Agoda,StayVista at Twilight Perch,https://www.agoda.com/stayvista-at-twilight-perch/hotel/mussoorie-in.html
4071,Twilight Perch,6,Villa,Mussoorie,"Bonfire, BBQ",Airbnb,Luxe 6BR Twilight Perch w/Serene Views & Wifi,https://www.airbnb.co.in/rooms/1272239431146837127
4071,Twilight Perch,6,Villa,Mussoorie,"Bonfire, BBQ",Booking.com,StayVista's Twilight Perch - 6BHK Villa with BBQ & Bonfire,https://www.booking.com/hotel/in/stayvista-at-twilight-perch.html
4071,Twilight Perch,6,Villa,Mussoorie,"Bonfire, BBQ",MakeMyTrip,StayVista at Twilight Perch,https://www.makemytrip.com/hotels/hotel-details/?hotelId=202410181521297503&_uCurrency=INR&checkin=11252025&checkout=11262025&city=CTAGR&country=IN&funnelType=getaway&lat=27.16779&lng=78.04893&locusId=ZNDEL67F7E280&locusType=zone&rank=1&roomStayQualifier=2e0e&seekSummaryRequired=false&viewType=LUXE&mtkeys=defaultMtkey
3970,Whispering Arc,4,Villa,India,"Pool, Jacuzzi",Agoda,StayVista at Whispering Arc,https://www.agoda.com/stayvista-at-whispering-arc/hotel/jim-corbett-in.html
3970,Whispering Arc,4,Villa,India,"Pool, Jacuzzi",Airbnb,Luxe 4BR Whispering Arc w/Pool & Wifi | Ramnagar,https://www.airbnb.co.in/rooms/1272186220705290979
3970,Whispering Arc,4,Villa,India,"Pool, Jacuzzi",Booking.com,StayVista's Whispering Arc - 4BHK Pet-Friendly Villa with Jacuzzi,https://www.booking.com/hotel/in/stayvista-at-whispering-arc.html
3970,Whispering Arc,4,Villa,India,"Pool, Jacuzzi",MakeMyTrip,StayVista at Whispering Arc,https://www.makemytrip.com/hotels/hotel-details/?hotelId=202410181639274367&_uCurrency=INR&checkin=11252025&checkout=11262025&city=CTAGR&country=IN&funnelType=getaway&lat=27.16779&lng=78.04893&locusId=ZNDEL67F7E280&locusType=zone&rank=1&roomStayQualifier=2e0e&seekSummaryRequired=false&viewType=LUXE&mtkeys=defaultMtkey
4067,Nayak,4,House,India,Lawn,Agoda,StayVista at Nayak House,https://www.agoda.com/en-in/stayvista-at-nayak-house/hotel/kolkata-in.html
4067,Nayak,4,House,India,Lawn,Airbnb,4BR| Luxe Stay |StayVista| Nayak House @Kolkata,https://www.airbnb.co.in/rooms/1275193109224250019
4067,Nayak,4,House,India,Lawn,Booking.com,StayVista's Nayak House - 4BHK with Pet Friendly & Terrace,https://www.booking.com/hotel/in/stayvista-at-nayak-house.html
4067,Nayak,4,House,India,Lawn,MakeMyTrip,StayVista at Nayak House,https://www.makemytrip.com/hotels/hotel-details/?hotelId=202410241039319476&_uCurrency=INR&checkin=11252025&checkout=11262025&city=CTAGR&country=IN&funnelType=getaway&lat=27.16779&lng=78.04893&locusId=ZNDEL67F7E280&locusType=zone&rank=1&roomStayQualifier=2e0e&seekSummaryRequired=false&viewType=LUXE&mtkeys=defaultMtkey
4095,Ember,5,Villa,Lonavala,"Pool, Jacuzzi, Lawn",Agoda,StayVista at Ember Villa,https://www.agoda.com/en-in/stayvista-at-casa-ember/hotel/lonavala-in.html
4095,Ember,5,Villa,Lonavala,"Pool, Jacuzzi, Lawn",Airbnb,"Ember Villa StayVista w/ Pool, Lawn & Indoor Games",https://www.airbnb.co.in/rooms/1280115632858760599
4095,Ember,5,Villa,Lonavala,"Pool, Jacuzzi, Lawn",Booking.com,StayVista's Ember Villa - 5BHK Near Kihim Beach with Jacuzzi,https://www.booking.com/hotel/in/stayvista-at-ember-villa.html
4095,Ember,5,Villa,Lonavala,"Pool, Jacuzzi, Lawn",MakeMyTrip,StayVista at Ember Villa,https://www.makemytrip.com/hotels/hotel-details/?hotelId=202410301459006020&_uCurrency=INR&checkin=11252025&checkout=11262025&city=CTAGR&country=IN&funnelType=getaway&lat=27.16779&lng=78.04893&locusId=ZNDEL67F7E280&locusType=zone&rank=1&roomStayQualifier=2e0e&seekSummaryRequired=false&viewType=LUXE&mtkeys=defaultMtkey
4097,Sage,5,Villa,Alibaug,"Pool, Jacuzzi",Agoda,StayVista at Sage Villa,https://www.agoda.com/en-in/stayvista-at-sage-villa/hotel/alibaug-in.html
4097,Sage,5,Villa,Alibaug,"Pool, Jacuzzi",Airbnb,5BR|Pool+IndoorGames|StayVista| Sage Villa@Alibaug,https://www.airbnb.co.in/rooms/1280226703768999599
4097,Sage,5,Villa,Alibaug,"Pool, Jacuzzi",Booking.com,StayVista's Sage Villa - 5BHK Near Kihim Beach with Jacuzzi,https://www.booking.com/hotel/in/stayvista-at-sage-villa.html
4097,Sage,5,Villa,Alibaug,"Pool, Jacuzzi",MakeMyTrip,StayVista at Sage Villa,https://www.makemytrip.com/hotels/hotel-details/?hotelId=202411011242469525&_uCurrency=INR&checkin=11252025&checkout=11262025&city=CTAGR&country=IN&funnelType=getaway&lat=27.16779&lng=78.04893&locusId=ZNDEL67F7E280&locusType=zone&rank=1&roomStayQualifier=2e0e&seekSummaryRequired=false&viewType=LUXE&mtkeys=defaultMtkey
4096,Starlit Manor,3,Villa,Jaipur,"Private Pool, BBQ",Agoda,StayVista at Starlit Manor,https://www.agoda.com/stayvista-at-starlit-manor/hotel/jaipur-in.html
4096,Starlit Manor,3,Villa,Jaipur,"Private Pool, BBQ",Airbnb,3BR|Luxury Pool|StayVista| Starlit Manor@Jagatpura,https://www.airbnb.co.in/rooms/1282336331218799848
4096,Starlit Manor,3,Villa,Jaipur,"Private Pool, BBQ",Booking.com,StayVista's Starlit Manor - 3BHK Villa with Private Pool & BBQ,https://www.booking.com/hotel/in/stayvista-at-starlit-manor.html
4096,Starlit Manor,3,Villa,Jaipur,"Private Pool, BBQ",MakeMyTrip,StayVista at Starlit Manor,https://www.makemytrip.com/hotels/hotel-details/?hotelId=202410301638598655&_uCurrency=INR&checkin=11252025&checkout=11262025&city=CTAGR&country=IN&funnelType=getaway&lat=27.16779&lng=78.04893&locusId=ZNDEL67F7E280&locusType=zone&rank=1&roomStayQualifier=2e0e&seekSummaryRequired=false&viewType=LUXE&mtkeys=defaultMtkey
4087,Mimani Retreat,3,Homestay,India,Lawn,Agoda,StayVista at Mimani Retreat,https://www.agoda.com/stayvista-at-mimani-retreat/hotel/gangtok-in.html
4087,Mimani Retreat,3,Homestay,India,Lawn,Airbnb,3BR |Hill Escape|StayVista| Mimani Retreat@Gangtok,https://www.airbnb.co.in/rooms/1283086897028904426
4087,Mimani Retreat,3,Homestay,India,Lawn,Booking.com,"Mimani Retreat by VEO, StayVista - 3BHK Pet-Friendly Homestay with Step-Free Access",https://www.booking.com/hotel/in/stayvista-at-mimani-retreat.html
4087,Mimani Retreat,3,Homestay,India,Lawn,MakeMyTrip,StayVista at Mimani Retreat,https://www.makemytrip.com/hotels/hotel-details/?hotelId=202411041244053681&_uCurrency=INR&checkin=11252025&checkout=11262025&city=CTAGR&country=IN&funnelType=getaway&lat=27.16779&lng=78.04893&locusId=ZNDEL67F7E280&locusType=zone&rank=1&roomStayQualifier=2e0e&seekSummaryRequired=false&viewType=LUXE&mtkeys=defaultMtkey
3966,The Lakeshore,3,Villa,India,Private Pool,Agoda,StayVista at The Lakeshore,https://www.agoda.com/en-in/stayvista-at-the-lakeshore/hotel/bangalore-in.html
3966,The Lakeshore,3,Villa,India,Private Pool,Airbnb,3BR|Waterfront|StayVista|The Lakeshore@Bangalore,https://www.airbnb.co.in/rooms/1283030087239307927
3966,The Lakeshore,3,Villa,India,Private Pool,Booking.com,The Lakeshore by StayVista - 3BHK Lake-View Villa with Garden,https://www.booking.com/hotel/in/stayvista-at-the-lakeshore.html
3966,The Lakeshore,3,Villa,India,Private Pool,MakeMyTrip,StayVista at The Lakeshore,https://www.makemytrip.com/hotels/hotel-details/?hotelId=202411011546428797&_uCurrency=INR&checkin=11252025&checkout=11262025&city=CTAGR&country=IN&funnelType=getaway&lat=27.16779&lng=78.04893&locusId=ZNDEL67F7E280&locusType=zone&rank=1&roomStayQualifier=2e0e&seekSummaryRequired=false&viewType=LUXE&mtkeys=defaultMtkey
4023,Banyan Nirvana,3,Villa,India,"Infinity Pool, Private Pool, Bonfire",Agoda,StayVista at Banyan Nirvana Villa,https://www.agoda.com/en-gb/stayvista-at-banyan-bliss/hotel/trimbak-in.html
4023,Banyan Nirvana,3,Villa,India,"Infinity Pool, Private Pool, Bonfire",Airbnb,"StayVista@Banyan Nirvana villa 3BR-w/pool, bonfire",https://www.airbnb.co.in/rooms/1283832539156946040
4023,Banyan Nirvana,3,Villa,India,"Infinity Pool, Private Pool, Bonfire",Booking.com,"Banyan Nirvana Villa by VEO, StayVista - 3BHK with Infinity Pool & Private Pool",https://www.booking.com/hotel/in/stayvista-at-banyan-bliss.html
4023,Banyan Nirvana,3,Villa,India,"Infinity Pool, Private Pool, Bonfire",MakeMyTrip,StayVista at Banyan Nirvana Villa,https://www.makemytrip.com/hotels/hotel-details/?hotelId=202411061452244484&_uCurrency=INR&checkin=11252025&checkout=11262025&city=CTAGR&country=IN&funnelType=getaway&lat=27.16779&lng=78.04893&locusId=ZNDEL67F7E280&locusType=zone&rank=1&roomStayQualifier=2e0e&seekSummaryRequired=false&viewType=LUXE&mtkeys=defaultMtkey
4022,De Suku,3,Villa,Igatpuri,"Pool, Mountain View, Lawn",Agoda,StayVista at Villa De Suku,https://www.agoda.com/en-in/stayvista-at-villa-de-suku/hotel/igatpuri-in.html
4022,De Suku,3,Villa,Igatpuri,"Pool, Mountain View, Lawn",Airbnb,3BR Pvt Pool+Lawn | StayVista |Villa De Suku @Nsk,https://www.airbnb.co.in/rooms/1322884950267516197
4022,De Suku,3,Villa,Igatpuri,"Pool, Mountain View, Lawn",Booking.com,"Villa De Suku by VEO, StayVista - 3BHK with Mountain View & Garden",https://www.booking.com/hotel/in/stayvista-at-villa-de-suku-with-pool-balcony.html
4022,De Suku,3,Villa,Igatpuri,"Pool, Mountain View, Lawn",MakeMyTrip,StayVista at Villa De Suku,https://www.makemytrip.com/hotels/hotel-details/?hotelId=202411081820541921&_uCurrency=INR&checkin=11252025&checkout=11262025&city=CTAGR&country=IN&funnelType=getaway&lat=27.16779&lng=78.04893&locusId=ZNDEL67F7E280&locusType=zone&rank=1&roomStayQualifier=2e0e&seekSummaryRequired=false&viewType=LUXE&mtkeys=defaultMtkey
4032,Lotus by the lake,3,Villa,India,Private Pool,Agoda,StayVista at Lotus by the lake,https://www.agoda.com/en-in/stayvista-at-lotus-by-the-lake/hotel/indore-in.html
4032,Lotus by the lake,3,Villa,India,Private Pool,Airbnb,StayVista at Lotus by the Lake w/ Pvt Pool,https://www.airbnb.co.in/rooms/1565732273267159948
4032,Lotus by the lake,3,Villa,India,Private Pool,Booking.com,StayVista's Lotus by the lake - 3BHK Villa with Bar & Private Pool,https://www.booking.com/hotel/in/stayvista-at-lotus-by-the-lake.html
4032,Lotus by the lake,3,Villa,India,Private Pool,MakeMyTrip,StayVista at Lotus by the lake,https://www.makemytrip.com/hotels/hotel-details/?hotelId=202411111003393800&_uCurrency=INR&checkin=11252025&checkout=11262025&city=CTAGR&country=IN&funnelType=getaway&lat=27.16779&lng=78.04893&locusId=ZNDEL67F7E280&locusType=zone&rank=1&roomStayQualifier=2e0e&seekSummaryRequired=false&viewType=LUXE&mtkeys=defaultMtkey
4085,Crystal Creek,2,Cottage,India,Lawn,Agoda,StayVista at Crystal Creek,https://www.agoda.com/en-in/stayvista-at-crystal-creek/hotel/gulmarg-in.html
4085,Crystal Creek,2,Cottage,India,Lawn,Airbnb,StayVista at Crystal Creek | Gulmarg Retreat,https://www.airbnb.co.in/rooms/1293146668766566220
4085,Crystal Creek,2,Cottage,India,Lawn,Booking.com,"Crystal Creek by VEO, StayVista - 2BHK Forest-View Cottage with Alfresco Dining",https://www.booking.com/hotel/in/stayvista-at-crystal-creek.html
4085,Crystal Creek,2,Cottage,India,Lawn,MakeMyTrip,StayVista at Crystal Creek,https://www.makemytrip.com/hotels/hotel-details/?hotelId=202411131426547731&_uCurrency=INR&checkin=11252025&checkout=11262025&city=CTAGR&country=IN&funnelType=getaway&lat=27.16779&lng=78.04893&locusId=ZNDEL67F7E280&locusType=zone&rank=1&roomStayQualifier=2e0e&seekSummaryRequired=false&viewType=LUXE&mtkeys=defaultMtkey
4091,The Anchorage,2,Villa,Kasauli,Private Pool,Agoda,StayVista at The Anchorage,https://www.agoda.com/en-in/stayvista-at-the-anchorage/hotel/kasauli-in.html
4091,The Anchorage,2,Villa,Kasauli,Private Pool,Airbnb,2BR| AC+Heater |StayVista| The Anchorage @Katal,https://www.airbnb.co.in/rooms/1731083912057462156
4091,The Anchorage,2,Villa,Kasauli,Private Pool,Booking.com,The Anchorage by StayVista - 2BHK Pet-Friendly Villa with Alfresco Dining,https://www.booking.com/hotel/in/stayvista-at-the-anchorage.html
4091,The Anchorage,2,Villa,Kasauli,Private Pool,MakeMyTrip,StayVista at The Anchorage,https://www.makemytrip.com/hotels/hotel-details/?hotelId=202411191626222999&_uCurrency=INR&checkin=11252025&checkout=11262025&city=CTAGR&country=IN&funnelType=getaway&lat=27.16779&lng=78.04893&locusId=ZNDEL67F7E280&locusType=zone&rank=1&roomStayQualifier=2e0e&seekSummaryRequired=false&viewType=LUXE&mtkeys=defaultMtkey
3990,Solaris,6,Villa,Alibaug,"Pool, Jacuzzi, Lawn",Agoda,StayVista at Solaris,https://www.agoda.com/stayvista-at-solaris/hotel/alibaug-in.html
3990,Solaris,6,Villa,Alibaug,"Pool, Jacuzzi, Lawn",Airbnb,"StayVista Solaris w/ Pool, Lawn, Jacuzzi & games",https://www.airbnb.co.in/rooms/1293214234958693452
3990,Solaris,6,Villa,Alibaug,"Pool, Jacuzzi, Lawn",Booking.com,Solaris by StayVista - 6BHK Villa with Jacuzzi & Bar,https://www.booking.com/hotel/in/stayvista-at-solaris.html
3990,Solaris,6,Villa,Alibaug,"Pool, Jacuzzi, Lawn",MakeMyTrip,StayVista at Solaris,https://www.makemytrip.com/hotels/hotel-details/?hotelId=202411181756451508&_uCurrency=INR&checkin=11252025&checkout=11262025&city=CTAGR&country=IN&funnelType=getaway&lat=27.16779&lng=78.04893&locusId=ZNDEL67F7E280&locusType=zone&rank=1&roomStayQualifier=2e0e&seekSummaryRequired=false&viewType=LUXE&mtkeys=defaultMtkey
4123,Parkville Apartment,3,Villa,India,Jacuzzi,Agoda,StayVista at Parkville Apartment,https://www.agoda.com/stayvista-at-parkville-apartment/hotel/zirad-in.html
4123,Parkville Apartment,3,Villa,India,Jacuzzi,Airbnb,Parkville Apartment by StayVista 3bhk Villa,https://www.airbnb.co.in/rooms/1294622672162672287
4123,Parkville Apartment,3,Villa,India,Jacuzzi,Booking.com,StayVista's Parkville Apartment - 3BHK with Jacuzzi & Bar near Saral Beach,https://www.booking.com/hotel/in/stayvista-at-parkville-apartment.html
4123,Parkville Apartment,3,Villa,India,Jacuzzi,MakeMyTrip,StayVista at Parkville Apartment,https://www.makemytrip.com/hotels/hotel-details/?hotelId=202411191041565329&_uCurrency=INR&checkin=11252025&checkout=11262025&city=CTAGR&country=IN&funnelType=getaway&lat=27.16779&lng=78.04893&locusId=ZNDEL67F7E280&locusType=zone&rank=1&roomStayQualifier=2e0e&seekSummaryRequired=false&viewType=LUXE&mtkeys=defaultMtkey
4030,Elm at Elysium,2,Estate,India,"Lawn, Bonfire, BBQ",Agoda,StayVista at Elm @ Elysium Estate,https://www.agoda.com/en-in/stayvista-at-vivaan-elm-with-complimentary-hi-tea-hill-view-lawn-bbq/hotel/naldhera-in.html
4030,Elm at Elysium,2,Estate,India,"Lawn, Bonfire, BBQ",Airbnb,2BR |Hill Escape|StayVista| Vivaan Elm @Himachal,https://www.airbnb.co.in/rooms/1294579556673784307
4030,Elm at Elysium,2,Estate,India,"Lawn, Bonfire, BBQ",Booking.com,StayVista's Elm at Elysium Estate - 2BHK with Hill View & Bonfire,https://www.booking.com/hotel/in/stayvista-at-vivaan-elm.html
4030,Elm at Elysium,2,Estate,India,"Lawn, Bonfire, BBQ",MakeMyTrip,StayVista at Elm @ Elysium Estate,https://www.makemytrip.com/hotels/hotel-details/?hotelId=202411141028414514&_uCurrency=INR&checkin=11252025&checkout=11262025&city=CTAGR&country=IN&funnelType=getaway&lat=27.16779&lng=78.04893&locusId=ZNDEL67F7E280&locusType=zone&rank=1&roomStayQualifier=2e0e&seekSummaryRequired=false&viewType=LUXE&mtkeys=defaultMtkey
4056,Cheerio,2,Estate,Shimla,Orchard,Agoda,StayVista at Cheerio @ Elysium Estate,https://www.agoda.com/en-gb/stayvista-at-vivaan-cheerio/hotel/shimla-in.html
4056,Cheerio,2,Estate,Shimla,Orchard,Airbnb,2BR|Luxury Stay+Bonfir|StayVista|Vivaan Cheerio@HP,https://www.airbnb.co.in/rooms/1295374809200604850
4056,Cheerio,2,Estate,Shimla,Orchard,Booking.com,StayVista's Cheerio at Elysium Estate - 2BHK with Hill View & Orchard,https://www.booking.com/hotel/in/stayvista-at-vivaan-cheerio.html
4056,Cheerio,2,Estate,Shimla,Orchard,MakeMyTrip,StayVista at Cheerio @ Elysium Estate,https://www.makemytrip.com/hotels/hotel-details/?hotelId=202411211119241424&_uCurrency=INR&checkin=11252025&checkout=11262025&city=CTAGR&country=IN&funnelType=getaway&lat=27.16779&lng=78.04893&locusId=ZNDEL67F7E280&locusType=zone&rank=1&roomStayQualifier=2e0e&seekSummaryRequired=false&viewType=LUXE&mtkeys=defaultMtkey
4029,Orchards,2,Estate,Shimla,"Bonfire, Orchard",Agoda,StayVista at Orchards @ Elysium Estate,https://www.agoda.com/stayvista-at-vivaan-orchards/hotel/shimla-in.html?hotel_id=63271269&_ga=2.56433326.469095680.1731907203-265344572.1724309051&ds=cGmUIcY%2BJczf57j6
4029,Orchards,2,Estate,Shimla,"Bonfire, Orchard",Airbnb,Orchards @ Elysium Estate | Hillview | Mashobra,https://www.airbnb.co.in/rooms/1295377142680269910
4029,Orchards,2,Estate,Shimla,"Bonfire, Orchard",Booking.com,StayVista's Orchards at Elysium Estate - 2BHK with Hill View & Bonfire,https://www.booking.com/hotel/in/stayvista-at-vivaan-orchards.html
4029,Orchards,2,Estate,Shimla,"Bonfire, Orchard",MakeMyTrip,StayVista at Orchards @ Elysium Estate,https://www.makemytrip.com/hotels/hotel-details/?hotelId=202411221123143572&_uCurrency=INR&checkin=11252025&checkout=11262025&city=CTAGR&country=IN&funnelType=getaway&lat=27.16779&lng=78.04893&locusId=ZNDEL67F7E280&locusType=zone&rank=1&roomStayQualifier=2e0e&seekSummaryRequired=false&viewType=LUXE&mtkeys=defaultMtkey
4054,Nook,2,Estate,Shimla,Bonfire,Agoda,StayVista at Nook @ Elysium Estate,https://www.agoda.com/stayvista-at-vivaan-nook/hotel/shimla-in.html?hotel_id=63271355
4054,Nook,2,Estate,Shimla,Bonfire,Airbnb,2BR Nook @ Elysium Estate | Luxury Hilltop Suite,https://www.airbnb.co.in/rooms/1294638214195440092
4054,Nook,2,Estate,Shimla,Bonfire,Booking.com,StayVista's Nook at Elysium Estate - 2BHK with Hill View & Bonfire,https://www.booking.com/hotel/in/stayvista-at-vivaan-nook.html
4054,Nook,2,Estate,Shimla,Bonfire,MakeMyTrip,StayVista at Nook @ Elysium Estate,https://www.makemytrip.com/hotels/hotel-details/?hotelId=202411211535351903&_uCurrency=INR&checkin=11252025&checkout=11262025&city=CTAGR&country=IN&funnelType=getaway&lat=27.16779&lng=78.04893&locusId=ZNDEL67F7E280&locusType=zone&rank=1&roomStayQualifier=2e0e&seekSummaryRequired=false&viewType=LUXE&mtkeys=defaultMtkey
4027,Grove,2,Estate,Shimla,"Valley View, Lawn, Bonfire, BBQ",Agoda,StayVista at Grove @ Elysium Estate,https://www.agoda.com/en-in/stayvista-at-vivaan-grove/hotel/shimla-in.html
4027,Grove,2,Estate,Shimla,"Valley View, Lawn, Bonfire, BBQ",Airbnb,2BR Grove- Elysium Estate W/ValleyView@Mashobra,https://www.airbnb.co.in/rooms/1297505748840803561
4027,Grove,2,Estate,Shimla,"Valley View, Lawn, Bonfire, BBQ",Booking.com,StayVista's Grove at Elysium Estate - 2BHK with Hill View & Bonfire,https://www.booking.com/hotel/in/stayvista-at-elysium-grove-with-hill-view-lawn-bbq.html
4027,Grove,2,Estate,Shimla,"Valley View, Lawn, Bonfire, BBQ",MakeMyTrip,StayVista at Grove @ Elysium Estate,https://www.makemytrip.com/hotels/hotel-details/?hotelId=202411251030066183&_uCurrency=INR&checkin=11252025&checkout=11262025&city=CTAGR&country=IN&funnelType=getaway&lat=27.16779&lng=78.04893&locusId=ZNDEL67F7E280&locusType=zone&rank=1&roomStayQualifier=2e0e&seekSummaryRequired=false&viewType=LUXE&mtkeys=defaultMtkey
4040,Advay,3,Villa,Nashik,Private Pool,Agoda,StayVista at Advay Villa,https://www.agoda.com/stayvista-at-advay-villa/hotel/girnare-in.html?hotel_id=63363307&ds=EnG4c54ZwlIS331v
4040,Advay,3,Villa,Nashik,Private Pool,Airbnb,3BR |Poolside&Turf |StayVista| Advay Villa @Nashik,https://www.airbnb.co.in/rooms/1299688608096483049
4040,Advay,3,Villa,Nashik,Private Pool,Booking.com,StayVista's Advay Villa - 3BHK with Sports Turf & Private Pool,https://www.booking.com/hotel/in/stayvista-at-advay-villa.html
4040,Advay,3,Villa,Nashik,Private Pool,MakeMyTrip,StayVista at Advay Villa,https://www.makemytrip.com/hotels/hotel-details/?hotelId=202411281508012821&_uCurrency=INR&checkin=11252025&checkout=11262025&city=CTAGR&country=IN&funnelType=getaway&lat=27.16779&lng=78.04893&locusId=ZNDEL67F7E280&locusType=zone&rank=1&roomStayQualifier=2e0e&seekSummaryRequired=false&viewType=LUXE&mtkeys=defaultMtkey
4156,Holiva,10,Villa,India,"Pool, Lawn",Agoda,StayVista at Villa Holiva,https://www.agoda.com/en-in/stayvista-at-villa-holiva-with-pool-beach-view/hotel/bambolim-in.html
4156,Holiva,10,Villa,India,"Pool, Lawn",Airbnb,10BHK |Luxe Pool+Lawn |StayVista| Seaview @Siridao,https://www.airbnb.co.in/rooms/1303501130252305439
4156,Holiva,10,Villa,India,"Pool, Lawn",Booking.com,StayVista's Villa Holiva - Siridao - 10BHK Near Siridao Beach with Home Theatre,https://www.booking.com/hotel/in/stayvista-at-villa-holiva-with-pool-beach-view.html
4156,Holiva,10,Villa,India,"Pool, Lawn",MakeMyTrip,StayVista at Villa Holiva,https://www.makemytrip.com/hotels/hotel-details/?hotelId=202412031305221878&_uCurrency=INR&checkin=11252025&checkout=11262025&city=CTAGR&country=IN&funnelType=getaway&lat=27.16779&lng=78.04893&locusId=ZNDEL67F7E280&locusType=zone&rank=1&roomStayQualifier=2e0e&seekSummaryRequired=false&viewType=LUXE&mtkeys=defaultMtkey
4025,Casa Frangipani,6,Villa,Alibaug,Private Pool,Agoda,StayVista at Casa Frangipani,https://www.agoda.com/stayvista-at-casa-frangipani/hotel/alibaug-in.html
4025,Casa Frangipani,6,Villa,Alibaug,Private Pool,Airbnb,6BR|Pool+Games|StayVista| Casa Frangipani @Alibaug,https://www.airbnb.co.in/rooms/1304151522057468015
4025,Casa Frangipani,6,Villa,Alibaug,Private Pool,Booking.com,StayVista's Casa Frangipani - 6BHK Villa with Private Pool & Terrace,https://www.booking.com/hotel/in/stayvista-at-casa-frangipani.html
4025,Casa Frangipani,6,Villa,Alibaug,Private Pool,MakeMyTrip,StayVista at Casa Frangipani,https://www.makemytrip.com/hotels/hotel-details/?hotelId=202412041850036382&_uCurrency=INR&checkin=11252025&checkout=11262025&city=CTAGR&country=IN&funnelType=getaway&lat=27.16779&lng=78.04893&locusId=ZNDEL67F7E280&locusType=zone&rank=1&roomStayQualifier=2e0e&seekSummaryRequired=false&viewType=LUXE&mtkeys=defaultMtkey
4111,NeerVana,4,Villa,India,"Private Pool, Lawn",Agoda,StayVista at NeerVana,https://www.agoda.com/en-gb/stayvista-at-neervana/hotel/kanpur-in.html
4111,NeerVana,4,Villa,India,"Private Pool, Lawn",Airbnb,"4BR NeerVana w/Pvt Pool, Wifi & Lawn",https://www.airbnb.co.in/rooms/1307941753166035154
4111,NeerVana,4,Villa,India,"Private Pool, Lawn",Booking.com,StayVista's NeerVana - 4BHK Villa with Alfresco Dining & Private Pool,https://www.booking.com/hotel/in/stayvista-at-neervana.html
4111,NeerVana,4,Villa,India,"Private Pool, Lawn",MakeMyTrip,StayVista at NeerVana,https://www.makemytrip.com/hotels/hotel-details/?hotelId=202412061600007234&_uCurrency=INR&checkin=11252025&checkout=11262025&city=CTAGR&country=IN&funnelType=getaway&lat=27.16779&lng=78.04893&locusId=ZNDEL67F7E280&locusType=zone&rank=1&roomStayQualifier=2e0e&seekSummaryRequired=false&viewType=LUXE&mtkeys=defaultMtkey
4174,Gassa Home,2,Villa,India,"Bonfire, BBQ",Agoda,StayVista at Gassa Home,https://www.agoda.com/en-in/stayvista-at-gassa-home/hotel/gangtok-in.html
4174,Gassa Home,2,Villa,India,"Bonfire, BBQ",Airbnb,2BHK | ScenicLawn | StayVista | Gassa Home@Gangtok,https://www.airbnb.co.in/rooms/1304935248813539682
4174,Gassa Home,2,Villa,India,"Bonfire, BBQ",Booking.com,"Gassa Home by VEO, StayVista - 2BHK Mountain-View Villa with Bonfire",https://www.booking.com/hotel/in/stayvista-at-gassa-home-with-mountain-view-bbq.html
4174,Gassa Home,2,Villa,India,"Bonfire, BBQ",MakeMyTrip,StayVista at Gassa Home,https://www.makemytrip.com/hotels/hotel-details/?hotelId=202412040908409639&_uCurrency=INR&checkin=11252025&checkout=11262025&city=CTAGR&country=IN&funnelType=getaway&lat=27.16779&lng=78.04893&locusId=ZNDEL67F7E280&locusType=zone&rank=1&roomStayQualifier=2e0e&seekSummaryRequired=false&viewType=LUXE&mtkeys=defaultMtkey
4082,Cashew Creek by VEO,3,Villa,Alibaug,Private Pool,Agoda,Cashew Creek by VEO - Part of StayVista,https://www.agoda.com/stayvista-at-cashew-creek/hotel/alibaug-in.html
4082,Cashew Creek by VEO,3,Villa,Alibaug,Private Pool,Airbnb,3B Luxury Pool + Cashew Creek @Nagaon,https://www.airbnb.co.in/rooms/1305546599246963180
4082,Cashew Creek by VEO,3,Villa,Alibaug,Private Pool,Booking.com,"Cashew Creek by VEO, StayVista - 3BHK Pet-Friendly Villa with Private Pool",https://www.booking.com/hotel/in/stayvista-at-cashew-creek.html
4082,Cashew Creek by VEO,3,Villa,Alibaug,Private Pool,MakeMyTrip,Cashew Creek by VEO - Part of StayVista,https://www.makemytrip.com/hotels/hotel-details/?hotelId=202412051330017827&_uCurrency=INR&checkin=11252025&checkout=11262025&city=CTAGR&country=IN&funnelType=getaway&lat=27.16779&lng=78.04893&locusId=ZNDEL67F7E280&locusType=zone&rank=1&roomStayQualifier=2e0e&seekSummaryRequired=false&viewType=LUXE&mtkeys=defaultMtkey
4066,Tesoro,6,Villa,Lonavala,Pool,Agoda,StayVista at Villa Tesoro,https://www.agoda.com/stayvista-at-villa-tesoro/hotel/lonavala-in.html
4066,Tesoro,6,Villa,Lonavala,Pool,Airbnb,@Lonavala Tesoro Villa 6bhk-Outdoor Pool + WiFi,https://www.airbnb.co.in/rooms/1309550469383418575
4066,Tesoro,6,Villa,Lonavala,Pool,Booking.com,StayVista's Villa Tesoro - 6BHK with Pet Friendly & Home Theatre,https://www.booking.com/hotel/in/stayvista-at-villa-tesoro-with-outdoor-pool-wifi.html
4066,Tesoro,6,Villa,Lonavala,Pool,MakeMyTrip,StayVista at Villa Tesoro,https://www.makemytrip.com/hotels/hotel-details/?hotelId=202412122202035561&_uCurrency=INR&checkin=11252025&checkout=11262025&city=CTAGR&country=IN&funnelType=getaway&lat=27.16779&lng=78.04893&locusId=ZNDEL67F7E280&locusType=zone&rank=1&roomStayQualifier=2e0e&seekSummaryRequired=false&viewType=LUXE&mtkeys=defaultMtkey
4130,Pinecrest Manor,4,Villa,India,Jacuzzi,Agoda,StayVista at Pinecrest Manor - Outdoor Jacuzzi,https://www.agoda.com/en-gb/stayvista-at-pinecrest-manor/hotel/dharampur-in.html
4130,Pinecrest Manor,4,Villa,India,Jacuzzi,Airbnb,Pinecrest Manor 4BR Villa w/Outdoor Jacuzzi,https://www.airbnb.co.in/rooms/1310514564518731606
4130,Pinecrest Manor,4,Villa,India,Jacuzzi,Booking.com,StayVista's Pinecrest Manor - 4BHK Valley-View Villa with Jacuzzi,https://www.booking.com/hotel/in/stayvista-at-pinecrest-manor.html
4130,Pinecrest Manor,4,Villa,India,Jacuzzi,MakeMyTrip,StayVista at Pinecrest Manor - Outdoor Jacuzzi,https://www.makemytrip.com/hotels/hotel-details/?hotelId=202412122202041609&_uCurrency=INR&checkin=11252025&checkout=11262025&city=CTAGR&country=IN&funnelType=getaway&lat=27.16779&lng=78.04893&locusId=ZNDEL67F7E280&locusType=zone&rank=1&roomStayQualifier=2e0e&seekSummaryRequired=false&viewType=LUXE&mtkeys=defaultMtkey
4117,Serene Garden,3,Villa,Lonavala,"Pool, Gazebo",Agoda,Serene Garden by VEO - Part of StayVista,https://www.agoda.com/stayvista-at-serene-garden/hotel/malavli-in.html
4117,Serene Garden,3,Villa,Lonavala,"Pool, Gazebo",Airbnb,3BR |Pool+Gazebo|StayVista| Serene Garden@Lonavala,https://www.airbnb.co.in/rooms/1311442941833413315
4117,Serene Garden,3,Villa,Lonavala,"Pool, Gazebo",Booking.com,StayVista's Serene Garden - 3BHK Villa Near Lonavala Railway Station,https://www.booking.com/hotel/in/stayvista-at-serene-garden.html
4117,Serene Garden,3,Villa,Lonavala,"Pool, Gazebo",MakeMyTrip,Serene Garden by VEO - Part of StayVista,https://www.makemytrip.com/hotels/hotel-details/?hotelId=202412131215217643&_uCurrency=INR&checkin=11252025&checkout=11262025&city=CTAGR&country=IN&funnelType=getaway&lat=27.16779&lng=78.04893&locusId=ZNDEL67F7E280&locusType=zone&rank=1&roomStayQualifier=2e0e&seekSummaryRequired=false&viewType=LUXE&mtkeys=defaultMtkey
4064,ILIKA,8,Villa,Kasauli,"Infinity Pool, Jacuzzi",Agoda,StayVista at ILIKA W/ Heated Infinity Pool&Jacuzzi,https://www.agoda.com/en-in/stayvista-at-ilika-heated-infinity-pool-and-jacuzzi/hotel/pachhad-in.html
4064,ILIKA,8,Villa,Kasauli,"Infinity Pool, Jacuzzi",Airbnb,8BR |Heated Infinity Pool|StayVist Ilika @Kasauli,https://www.airbnb.co.in/rooms/1315780779020935893
4064,ILIKA,8,Villa,Kasauli,"Infinity Pool, Jacuzzi",Booking.com,StayVista's ILIKA W Heated Infinity Pool and Jacuzzi - 8BHK Mountain-View Villa,https://www.booking.com/hotel/in/stayvista-at-ilika.html
4064,ILIKA,8,Villa,Kasauli,"Infinity Pool, Jacuzzi",MakeMyTrip,StayVista at Ilika,https://www.makemytrip.com/hotels/hotel-details/?hotelId=202412141021455957&_uCurrency=INR&checkin=11252025&checkout=11262025&city=CTAGR&country=IN&funnelType=getaway&lat=27.16779&lng=78.04893&locusId=ZNDEL67F7E280&locusType=zone&rank=1&roomStayQualifier=2e0e&seekSummaryRequired=false&viewType=LUXE&mtkeys=defaultMtkey
4158,Ekan By The Sea,4,Villa,Alibaug,"Private Pool, Gazebo",Agoda,StayVista at Ekan By The Sea,https://www.agoda.com/stayvista-at-ekan/hotel/alibaug-in.html
4158,Ekan By The Sea,4,Villa,Alibaug,"Private Pool, Gazebo",Airbnb,Ekan by the Sea W/ Pool & WiFi and games,https://www.airbnb.co.in/rooms/1314229620499847888
4158,Ekan By The Sea,4,Villa,Alibaug,"Private Pool, Gazebo",Booking.com,StayVista's Ekan By The Sea - 4BHK Villa with Private Pool & Gazebo,https://www.booking.com/hotel/in/stayvista-at-ekan-with-sea-views-pool-wifi.html
4158,Ekan By The Sea,4,Villa,Alibaug,"Private Pool, Gazebo",MakeMyTrip,StayVista at Ekan By The Sea,https://www.makemytrip.com/hotels/hotel-details/?hotelId=202412141314015161&_uCurrency=INR&checkin=11252025&checkout=11262025&city=CTAGR&country=IN&funnelType=getaway&lat=27.16779&lng=78.04893&locusId=ZNDEL67F7E280&locusType=zone&rank=1&roomStayQualifier=2e0e&seekSummaryRequired=false&viewType=LUXE&mtkeys=defaultMtkey
4107,The Redstone,4,Villa,India,Private Pool,Agoda,StayVista at The Redstone Villa,https://www.agoda.com/en-in/stayvista-at-the-redstone-villa/hotel/panhala-in.html
4107,The Redstone,4,Villa,India,Private Pool,Airbnb,"4BHK-The Redstone Villa-w/Bar, Pool- Kolhapur",https://www.airbnb.co.in/rooms/1344677166714163901
4107,The Redstone,4,Villa,India,Private Pool,Booking.com,The Redstone Villa by StayVista - 4BHK with Bar & Private Pool,https://www.booking.com/hotel/in/stayvista-at-the-redstone-villa.html
4107,The Redstone,4,Villa,India,Private Pool,MakeMyTrip,StayVista at The Redstone Villa,https://www.makemytrip.com/hotels/hotel-details/?hotelId=202412161650221297&_uCurrency=INR&checkin=11252025&checkout=11262025&city=CTAGR&country=IN&funnelType=getaway&lat=27.16779&lng=78.04893&locusId=ZNDEL67F7E280&locusType=zone&rank=1&roomStayQualifier=2e0e&seekSummaryRequired=false&viewType=LUXE&mtkeys=defaultMtkey
4008,The Manvi,10,Estate,India,Private Pool,Agoda,Stayvista at The Manvi Estate,https://www.agoda.com/en-in/stayvista-at-the-manvi-estate/hotel/new-delhi-and-ncr-in.html
4008,The Manvi,10,Estate,India,Private Pool,Airbnb,StayVista at The Manvi Estate - Gurugram With Pool,https://www.airbnb.co.in/rooms/1313623259497252606
4008,The Manvi,10,Estate,India,Private Pool,Booking.com,The Manvi Estate - Gurugram by StayVista - 10BHK with Pet Friendly & Private Pool,https://www.booking.com/hotel/in/stayvista-at-the-manvi-estate.html
4008,The Manvi,10,Estate,India,Private Pool,MakeMyTrip,StayVista at The Manvi Estate - Gurugram with Pool,https://www.makemytrip.com/hotels/hotel-details/?hotelId=202412161704543730&_uCurrency=INR&checkin=11252025&checkout=11262025&city=CTAGR&country=IN&funnelType=getaway&lat=27.16779&lng=78.04893&locusId=ZNDEL67F7E280&locusType=zone&rank=1&roomStayQualifier=2e0e&seekSummaryRequired=false&viewType=LUXE&mtkeys=defaultMtkey
4195,Sunset Springs,3,Villa,Nainital,Pool,Agoda,StayVista at Sunset Springs w/Heated Swimming Pool,https://www.agoda.com/en-in/stayvista-at-sunset-springs/hotel/nainital-in.html
4195,Sunset Springs,3,Villa,Nainital,Pool,Airbnb,"3BR Sunset Springs w/Pvt Pool, View & Wifi",https://www.airbnb.co.in/rooms/1515637753113677722
4195,Sunset Springs,3,Villa,Nainital,Pool,Booking.com,"Sunset Springs by VEO, StayVista - 3BHK Mountain-View Villa with Bar",https://www.booking.com/hotel/in/stayvista-at-sunset-springs.html
4195,Sunset Springs,3,Villa,Nainital,Pool,MakeMyTrip,StayVista at Sunset Springs w/ Heated Swimming Pool,https://www.makemytrip.com/hotels/hotel-details/?hotelId=202412201437101793&_uCurrency=INR&checkin=11252025&checkout=11262025&city=CTAGR&country=IN&funnelType=getaway&lat=27.16779&lng=78.04893&locusId=ZNDEL67F7E280&locusType=zone&rank=1&roomStayQualifier=2e0e&seekSummaryRequired=false&viewType=LUXE&mtkeys=defaultMtkey
4226,Casa PuMa,3,Villa,Goa,Pool,Agoda,StayVista at Casa PuMa,https://www.agoda.com/en-in/stayvista-at-casa-puma/hotel/goa-in.html
4226,Casa PuMa,3,Villa,Goa,Pool,Airbnb,3BR |Pool+Garden|StayVista| Casa Puma @North Goa,https://www.airbnb.co.in/rooms/1315663691684855538
4226,Casa PuMa,3,Villa,Goa,Pool,Booking.com,StayVista's Casa PuMa - Camurlim - 3BHK Pet-Friendly Villa with Alfresco Dining,https://www.booking.com/hotel/in/stayvista-at-casa-puma-with-pool-amp-wifi.html
4226,Casa PuMa,3,Villa,Goa,Pool,MakeMyTrip,StayVista at Casa PuMa,https://www.makemytrip.com/hotels/hotel-details/?hotelId=202412201437109420&_uCurrency=INR&checkin=11252025&checkout=11262025&city=CTAGR&country=IN&funnelType=getaway&lat=27.16779&lng=78.04893&locusId=ZNDEL67F7E280&locusType=zone&rank=1&roomStayQualifier=2e0e&seekSummaryRequired=false&viewType=LUXE&mtkeys=defaultMtkey
4172,Serai Sukoon,1,Villa,Pune,Jacuzzi,Agoda,Serai Sukoon by VEO - Part of StayVista,https://www.agoda.com/stayvista-at-serai-sukoon/hotel/khed-in.html
4172,Serai Sukoon,1,Villa,Pune,Jacuzzi,Airbnb,1BR |Lake&Jacuzzi | StayVista | Serai Sukoon @Pune,https://www.airbnb.co.in/rooms/1344807091450773207
4172,Serai Sukoon,1,Villa,Pune,Jacuzzi,Booking.com,"Serai Sukoon - Talegaon by VEO, StayVista - 1BHK Villa with Jacuzzi & Alfresco Dining",https://www.booking.com/hotel/in/stayvista-at-serai-sukoon.html
4172,Serai Sukoon,1,Villa,Pune,Jacuzzi,MakeMyTrip,Serai Sukoon by VEO - Part of StayVista,https://www.makemytrip.com/hotels/hotel-details/?hotelId=202412261151439502&_uCurrency=INR&checkin=11252025&checkout=11262025&city=CTAGR&country=IN&funnelType=getaway&lat=27.16779&lng=78.04893&locusId=ZNDEL67F7E280&locusType=zone&rank=1&roomStayQualifier=2e0e&seekSummaryRequired=false&viewType=LUXE&mtkeys=defaultMtkey
4173,Areca Breeze by VEO,5,Villa,Alibaug,Private Pool,Agoda,Areca Breeze by VEO - Part of StayVista,https://www.agoda.com/stayvista-at-areca-breeze-by-veo-part-of-stayvista/hotel/alibaug-in.html
4173,Areca Breeze by VEO,5,Villa,Alibaug,Private Pool,Airbnb,5BR |Luxury Pool|StayVista| Areca Breeze @Alibaug,https://www.airbnb.co.in/rooms/1322946216236648463
4173,Areca Breeze by VEO,5,Villa,Alibaug,Private Pool,Booking.com,"Areca Breeze by VEO, StayVista - 5BHK Forest-View Villa with Private Pool",https://www.booking.com/hotel/in/stayvista-at-areca-breeze-by-veo-part-of-stayvista.html
4173,Areca Breeze by VEO,5,Villa,Alibaug,Private Pool,MakeMyTrip,Areca Breeze by VEO - Part of StayVista,https://www.makemytrip.com/hotels/hotel-details/?hotelId=202412271128175049&_uCurrency=INR&checkin=11252025&checkout=11262025&city=CTAGR&country=IN&funnelType=getaway&lat=27.16779&lng=78.04893&locusId=ZNDEL67F7E280&locusType=zone&rank=1&roomStayQualifier=2e0e&seekSummaryRequired=false&viewType=LUXE&mtkeys=defaultMtkey
4137,Ikigai,2,Villa,Udaipur,"Private Pool, Bonfire",Agoda,StayVista at Ikigai,https://www.agoda.com/en-in/stayvista-at-ikigai/hotel/udaipur-in.html
4137,Ikigai,2,Villa,Udaipur,"Private Pool, Bonfire",Airbnb,2BR Bonfire|Pool Escape |StayVista| Ikigai@Udaipur,https://www.airbnb.co.in/rooms/1323611742793514419
4137,Ikigai,2,Villa,Udaipur,"Private Pool, Bonfire",Booking.com,"Ikigai by VEO, StayVista - 2BHK Villa with Private Pool & EV Station",https://www.booking.com/hotel/in/stayvista-at-ikigai.html
4137,Ikigai,2,Villa,Udaipur,"Private Pool, Bonfire",MakeMyTrip,StayVista at Ikigai,https://www.makemytrip.com/hotels/hotel-details/?hotelId=202412301202385063&_uCurrency=INR&checkin=11252025&checkout=11262025&city=CTAGR&country=IN&funnelType=getaway&lat=27.16779&lng=78.04893&locusId=ZNDEL67F7E280&locusType=zone&rank=1&roomStayQualifier=2e0e&seekSummaryRequired=false&viewType=LUXE&mtkeys=defaultMtkey
4208,Meadow Muse,3,Villa,India,"Private Pool, Bonfire",Agoda,StayVista at Meadow Muse w/ Outdoor Pool-Manesar,https://www.agoda.com/en-gb/stayvista-at-barton-estate/hotel/kasan-in.html
4208,Meadow Muse,3,Villa,India,"Private Pool, Bonfire",Airbnb,3 BR w/Pool & Bonfire- Meadow Muse -Gurgaon,https://www.airbnb.co.in/rooms/1323628103556409357
4208,Meadow Muse,3,Villa,India,"Private Pool, Bonfire",Booking.com,StayVista's Meadow Muse - 3BHK Pet-Friendly Villa with Private Pool,https://www.booking.com/hotel/in/stayvista-at-barton-estate-with-outdoor-pool-pataudi.html
4208,Meadow Muse,3,Villa,India,"Private Pool, Bonfire",MakeMyTrip,StayVista at Meadow Muse W/ Outdoor Pool - Manesar,https://www.makemytrip.com/hotels/hotel-details/?hotelId=202412281329467265&_uCurrency=INR&checkin=11252025&checkout=11262025&city=CTAGR&country=IN&funnelType=getaway&lat=27.16779&lng=78.04893&locusId=ZNDEL67F7E280&locusType=zone&rank=1&roomStayQualifier=2e0e&seekSummaryRequired=false&viewType=LUXE&mtkeys=defaultMtkey
4250,Priana,6,Villa,Jaipur,"Private Pool, BBQ",Agoda,StayVista at Priana,https://www.agoda.com/stayvista-at-priana/hotel/jaipur-in.html
4250,Priana,6,Villa,Jaipur,"Private Pool, BBQ",Airbnb,"Priana 6BHK Villa w/Pool, GYM & Bathtub in Jaipur",https://www.airbnb.co.in/rooms/1324721204506292146
4250,Priana,6,Villa,Jaipur,"Private Pool, BBQ",Booking.com,StayVista's Priana - 6BHK Villa with Bathtub & Private Pool,https://www.booking.com/hotel/in/stayvista-at-priana-with-ac-wifi-bbq.html
4250,Priana,6,Villa,Jaipur,"Private Pool, BBQ",MakeMyTrip,StayVista at Priana,https://www.makemytrip.com/hotels/hotel-details/?hotelId=202412301719206798&_uCurrency=INR&checkin=11252025&checkout=11262025&city=CTAGR&country=IN&funnelType=getaway&lat=27.16779&lng=78.04893&locusId=ZNDEL67F7E280&locusType=zone&rank=1&roomStayQualifier=2e0e&seekSummaryRequired=false&viewType=LUXE&mtkeys=defaultMtkey
4129,Solace,3,Villa,India,Pool,Agoda,StayVista at Villa Solace,https://www.agoda.com/en-gb/stayvista-at-villa-solace/hotel/palanpur-in.html
4129,Solace,3,Villa,India,Pool,Airbnb,3BR Pool Haven | StayVista | Villa Solace @Punjab,https://www.airbnb.co.in/rooms/1330075139450245361
4129,Solace,3,Villa,India,Pool,Booking.com,StayVista's Villa Solace - 3BHK with Pet Friendly & Bar,https://www.booking.com/hotel/in/stayvista-at-villa-solace-with-pool.html
4129,Solace,3,Villa,India,Pool,MakeMyTrip,StayVista at Villa Solace,https://www.makemytrip.com/hotels/hotel-details/?hotelId=202501021251531305&_uCurrency=INR&checkin=11252025&checkout=11262025&city=CTAGR&country=IN&funnelType=getaway&lat=27.16779&lng=78.04893&locusId=ZNDEL67F7E280&locusType=zone&rank=1&roomStayQualifier=2e0e&seekSummaryRequired=false&viewType=LUXE&mtkeys=defaultMtkey
3967,Bahava,4,Villa,Igatpuri,"Private Pool, Bonfire",Agoda,StayVista at Bahava,https://www.agoda.com/en-in/stayvista-at-bahava/hotel/nandgaon-bk-in.html
3967,Bahava,4,Villa,Igatpuri,"Private Pool, Bonfire",Airbnb,4BR|Lux Pool+Balcony|StayVista| Bahava @Igatpuri,https://www.airbnb.co.in/rooms/1328125629373683970
3967,Bahava,4,Villa,Igatpuri,"Private Pool, Bonfire",Booking.com,StayVista's Bahava - 4BHK Villa with Private Pool & Bonfire,https://www.booking.com/hotel/in/stayvista-at-bahava.html
3967,Bahava,4,Villa,Igatpuri,"Private Pool, Bonfire",MakeMyTrip,StayVista at Bahava,https://www.makemytrip.com/hotels/hotel-details/?hotelId=202501061559404280&_uCurrency=INR&checkin=11252025&checkout=11262025&city=CTAGR&country=IN&funnelType=getaway&lat=27.16779&lng=78.04893&locusId=ZNDEL67F7E280&locusType=zone&rank=1&roomStayQualifier=2e0e&seekSummaryRequired=false&viewType=LUXE&mtkeys=defaultMtkey
4198,Daffodil  by VEO,4,Villa,Karjat,Mountain View,Agoda,Daffodil Villa by VEO - Part of StayVista,https://www.agoda.com/en-in/stayvista-at-daffodil-villa/hotel/karjat-in.html
4198,Daffodil  by VEO,4,Villa,Karjat,Mountain View,Airbnb,4BHK Luxury-Picturesque View Daffodil Villa@Karjat,https://www.airbnb.co.in/rooms/1328731394087707350
4198,Daffodil  by VEO,4,Villa,Karjat,Mountain View,Booking.com,"Daffodil Villa by VEO, StayVista - 4BHK with Pet Friendly & Mountain View",https://www.booking.com/hotel/in/stayvista-at-daffodil-villa.html
4198,Daffodil  by VEO,4,Villa,Karjat,Mountain View,MakeMyTrip,Daffodil Villa by VEO - Part of StayVista,https://www.makemytrip.com/hotels/hotel-details/?hotelId=202501071000579553&_uCurrency=INR&checkin=11252025&checkout=11262025&city=CTAGR&country=IN&funnelType=getaway&lat=27.16779&lng=78.04893&locusId=ZNDEL67F7E280&locusType=zone&rank=1&roomStayQualifier=2e0e&seekSummaryRequired=false&viewType=LUXE&mtkeys=defaultMtkey
4239,Seraphim Peak,4,Villa,Lonavala,Private Pool,Agoda,StayVista at Seraphim Peak,https://www.agoda.com/en-in/stayvista-at-seraphim-peak/hotel/lonavala-in.html
4239,Seraphim Peak,4,Villa,Lonavala,Private Pool,Airbnb,4BHK Hill View Pool Villa | Seraphim Peak@Lonavala,https://www.airbnb.co.in/rooms/1329428434661159530
4239,Seraphim Peak,4,Villa,Lonavala,Private Pool,Booking.com,"Seraphim Peak by VEO, StayVista - 4BHK Valley-View Villa with Private Pool",https://www.booking.com/hotel/in/stayvista-at-seraphim-peak.html
4239,Seraphim Peak,4,Villa,Lonavala,Private Pool,MakeMyTrip,StayVista at Seraphim Peak,https://www.makemytrip.com/hotels/hotel-details/?hotelId=202501081040392154&_uCurrency=INR&checkin=11252025&checkout=11262025&city=CTAGR&country=IN&funnelType=getaway&lat=27.16779&lng=78.04893&locusId=ZNDEL67F7E280&locusType=zone&rank=1&roomStayQualifier=2e0e&seekSummaryRequired=false&viewType=LUXE&mtkeys=defaultMtkey
4233,LettGo,3,Villa,Chandigarh,Private Pool,Agoda,StayVista at LettGo,https://www.agoda.com/en-in/stayvista-at-lettgo/hotel/chandigarh-in.html
4233,LettGo,3,Villa,Chandigarh,Private Pool,Airbnb,3BR |Garden Escape |StayVista| Lettgo @Chandigarh,https://www.airbnb.co.in/rooms/1341711434191239636
4233,LettGo,3,Villa,Chandigarh,Private Pool,Booking.com,StayVista's LettGo - 3BHK Pet-Friendly Villa with Terrace,https://www.booking.com/hotel/in/stayvista-at-lettgo.html
4233,LettGo,3,Villa,Chandigarh,Private Pool,MakeMyTrip,StayVista at LettGo,https://www.makemytrip.com/hotels/hotel-details/?hotelId=202501201608268131&_uCurrency=INR&checkin=11252025&checkout=11262025&city=CTAGR&country=IN&funnelType=getaway&lat=27.16779&lng=78.04893&locusId=ZNDEL67F7E280&locusType=zone&rank=1&roomStayQualifier=2e0e&seekSummaryRequired=false&viewType=LUXE&mtkeys=defaultMtkey
4068,Casa Elyra,4,Villa,Lonavala,"Private Pool, Jacuzzi",Agoda,StayVista at Casa Elyra,https://www.agoda.com/en-in/stayvista-at-casa-elyra/hotel/lonavala-in.html
4068,Casa Elyra,4,Villa,Lonavala,"Private Pool, Jacuzzi",Airbnb,4BR|PvtPool |StayVista|Casa Elyra Villa @Lonavala,https://www.airbnb.co.in/rooms/1346798288903510878
4068,Casa Elyra,4,Villa,Lonavala,"Private Pool, Jacuzzi",Booking.com,"Casa Elyra by VEO, StayVista - 4BHK Villa with Jacuzzi & Private Pool",https://www.booking.com/hotel/in/stayvista-at-casa-elyra.html
4068,Casa Elyra,4,Villa,Lonavala,"Private Pool, Jacuzzi",MakeMyTrip,StayVista at Casa Elyra,https://www.makemytrip.com/hotels/hotel-details/?hotelId=202501281808506681&_uCurrency=INR&checkin=11252025&checkout=11262025&city=CTAGR&country=IN&funnelType=getaway&lat=27.16779&lng=78.04893&locusId=ZNDEL67F7E280&locusType=zone&rank=1&roomStayQualifier=2e0e&seekSummaryRequired=false&viewType=LUXE&mtkeys=defaultMtkey
4288,The Stargazer,1,Cottage,India,Lawn,Agoda,StayVista at The Stargazer,https://www.agoda.com/en-gb/stayvista-at-the-stargazer/hotel/pelling-in.html
4288,The Stargazer,1,Cottage,India,Lawn,Airbnb,1BR ValleyLawn|Lux|StayVista|The Stargazer@Pelling,https://www.airbnb.co.in/rooms/1348314541212872915
4288,The Stargazer,1,Cottage,India,Lawn,Booking.com,The Stargazer by StayVista - 1BHK Mountain-View Cottage with Garden,https://www.booking.com/hotel/in/stayvista-at-the-stargazer.html
4288,The Stargazer,1,Cottage,India,Lawn,MakeMyTrip,StayVista at The Stargazer,https://www.makemytrip.com/hotels/hotel-details/?hotelId=202501301155012161&_uCurrency=INR&checkin=11252025&checkout=11262025&city=CTAGR&country=IN&funnelType=getaway&lat=27.16779&lng=78.04893&locusId=ZNDEL67F7E280&locusType=zone&rank=1&roomStayQualifier=2e0e&seekSummaryRequired=false&viewType=LUXE&mtkeys=defaultMtkey
4302,Sasha Farms,4,Villa,India,Private Pool,Agoda,StayVista at Sasha Farms - Roha,https://www.agoda.com/en-in/stayvista-at-sasha-farms-in-roha-with-pool-wifi/hotel/tambadi-in.html
4302,Sasha Farms,4,Villa,India,Private Pool,Airbnb,StayVista at Sasha Farms - Roha w/Pickleball Court,https://www.airbnb.co.in/rooms/1348373395154446212
4302,Sasha Farms,4,Villa,India,Private Pool,Booking.com,StayVista's Sasha Farms - Roha - 4BHK Villa with Sports Turf & Private Pool,https://www.booking.com/hotel/in/stayvista-at-sasha-farms.html
4302,Sasha Farms,4,Villa,India,Private Pool,MakeMyTrip,StayVista at Sasha Farms - Roha,https://www.makemytrip.com/hotels/hotel-details/?hotelId=202502011610448258&_uCurrency=INR&checkin=11252025&checkout=11262025&city=CTAGR&country=IN&funnelType=getaway&lat=27.16779&lng=78.04893&locusId=ZNDEL67F7E280&locusType=zone&rank=1&roomStayQualifier=2e0e&seekSummaryRequired=false&viewType=LUXE&mtkeys=defaultMtkey
4280,Amulyam,4,Villa,Nainital,Private Pool,Agoda,StayVista at Amulyam villa,https://www.agoda.com/en-in/stayvista-at-amulyam-villa/hotel/nainital-in.html
4280,Amulyam,4,Villa,Nainital,Private Pool,Airbnb,4BR Amulyam Villa w/Scenic Views & AC | Mukteshwar,https://www.airbnb.co.in/rooms/1349075584029368275
4280,Amulyam,4,Villa,Nainital,Private Pool,Booking.com,"Amulyam Villa - Mukteshwar by VEO, StayVista - 4BHK with Alfresco Dining & Terrace",https://www.booking.com/hotel/in/stayvista-at-amulyam-villa.html
4280,Amulyam,4,Villa,Nainital,Private Pool,MakeMyTrip,StayVista at Amulyam villa,https://www.makemytrip.com/hotels/hotel-details/?hotelId=202502031107012943&_uCurrency=INR&checkin=11252025&checkout=11262025&city=CTAGR&country=IN&funnelType=getaway&lat=27.16779&lng=78.04893&locusId=ZNDEL67F7E280&locusType=zone&rank=1&roomStayQualifier=2e0e&seekSummaryRequired=false&viewType=LUXE&mtkeys=defaultMtkey
4335,Serenity Meadows,3,Villa,Nashik,Private Pool,Agoda,Serenity Meadows by VEO - Part of StayVista,https://www.agoda.com/en-in/stayvista-at-serenity-meadows/hotel/nashik-in.html
4335,Serenity Meadows,3,Villa,Nashik,Private Pool,Airbnb,3BHK|Pool Luxe|StayVista| Serenity Meadows @Nashik,https://www.airbnb.co.in/rooms/1349026542422229813
4335,Serenity Meadows,3,Villa,Nashik,Private Pool,Booking.com,"Serenity Meadows by VEO, StayVista - 3BHK Villa with Private Pool & EV Station",https://www.booking.com/hotel/in/stayvista-at-serenity-meadows.html
4335,Serenity Meadows,3,Villa,Nashik,Private Pool,MakeMyTrip,StayVista at Serenity Meadows,https://www.makemytrip.com/hotels/hotel-details/?hotelId=202502041202206433&_uCurrency=INR&checkin=11252025&checkout=11262025&city=CTAGR&country=IN&funnelType=getaway&lat=27.16779&lng=78.04893&locusId=ZNDEL67F7E280&locusType=zone&rank=1&roomStayQualifier=2e0e&seekSummaryRequired=false&viewType=LUXE&mtkeys=defaultMtkey
4290,Eden Springs by VEO,3,Villa,Lonavala,Plunge Pool,Agoda,Eden Springs by VEO - Part of StayVista,https://www.agoda.com/en-in/stayvista-at-eden-springs/hotel/jambrung-in.html
4290,Eden Springs by VEO,3,Villa,Lonavala,Plunge Pool,Airbnb,3BR|Peaceful Stay|StayVista| Eden Springs@Lonavala,https://www.airbnb.co.in/rooms/1349791225930252032
4290,Eden Springs by VEO,3,Villa,Lonavala,Plunge Pool,Booking.com,"Eden Springs by VEO, StayVista - 3BHK Villa with Plunge Pool & Bathtub",https://www.booking.com/hotel/in/stayvista-at-eden-springs-with-pool-bathtub-wifi.html
4290,Eden Springs by VEO,3,Villa,Lonavala,Plunge Pool,MakeMyTrip,Eden Springs by VEO - Part of StayVista,https://www.makemytrip.com/hotels/hotel-details/?hotelId=202502041212252599&_uCurrency=INR&checkin=11252025&checkout=11262025&city=CTAGR&country=IN&funnelType=getaway&lat=27.16779&lng=78.04893&locusId=ZNDEL67F7E280&locusType=zone&rank=1&roomStayQualifier=2e0e&seekSummaryRequired=false&viewType=LUXE&mtkeys=defaultMtkey
4271,Blisswood,6,Cottage,Nashik,Private Pool,Agoda,StayVista at Blisswood Cottage,https://www.agoda.com/en-in/stayvista-at-blisswood-cottage/hotel/nashik-in.html
4271,Blisswood,6,Cottage,Nashik,Private Pool,Airbnb,6BR- The Glassview- w/pool- Nashik,https://www.airbnb.co.in/rooms/996859749277951221
4271,Blisswood,6,Cottage,Nashik,Private Pool,Booking.com,StayVista's Blisswood Cottage - 5BHK with Bar & Private Pool,https://www.booking.com/hotel/in/stayvista-at-blisswood-cottage-with-pool-amp-bar.html
4271,Blisswood,6,Cottage,Nashik,Private Pool,MakeMyTrip,StayVista at Blisswood Cottage,https://www.makemytrip.com/hotels/hotel-details/?hotelId=202502041335158061&_uCurrency=INR&checkin=11252025&checkout=11262025&city=CTAGR&country=IN&funnelType=getaway&lat=27.16779&lng=78.04893&locusId=ZNDEL67F7E280&locusType=zone&rank=1&roomStayQualifier=2e0e&seekSummaryRequired=false&viewType=LUXE&mtkeys=defaultMtkey
4298,Sunrise Apartment,3,Villa,India,Private Pool,Agoda,StayVista at Sunrise Apartment,https://www.agoda.com/stayvista-at-sunrise-apartment/hotel/varanasi-in.html
4298,Sunrise Apartment,3,Villa,India,Private Pool,Airbnb,Varanasi | Cozy 3BR Sunrise Apt w/Parking & Wifi,https://www.airbnb.co.in/rooms/1350533534103663387
4298,Sunrise Apartment,3,Villa,India,Private Pool,Booking.com,StayVista's Sunrise Apartment - 3BHK,https://www.booking.com/hotel/in/stayvista-at-sunrise-apartment-with-heater-wifi.html
4298,Sunrise Apartment,3,Villa,India,Private Pool,MakeMyTrip,StayVista at Sunrise Apartment,https://www.makemytrip.com/hotels/hotel-details/?hotelId=202502041454561691&_uCurrency=INR&checkin=11252025&checkout=11262025&city=CTAGR&country=IN&funnelType=getaway&lat=27.16779&lng=78.04893&locusId=ZNDEL67F7E280&locusType=zone&rank=1&roomStayQualifier=2e0e&seekSummaryRequired=false&viewType=LUXE&mtkeys=defaultMtkey
4334,Serenity Skies Apartment,5,Villa,Nashik,Private Pool,Agoda,Serenity Skies Apartment by VEO-Part of StayVista,https://www.agoda.com/en-in/stayvista-at-serenity-skies-apartment-with-pool/hotel/nashik-in.html
4334,Serenity Skies Apartment,5,Villa,Nashik,Private Pool,Airbnb,5BHK |Luxury| StayVista| Serenity Skies Apt@Nashik,https://www.airbnb.co.in/rooms/1349701524209432738
4334,Serenity Skies Apartment,5,Villa,Nashik,Private Pool,Booking.com,"Serenity Skies Apartment by VEO, StayVista - 5BHK with Garden & Private Pool",https://www.booking.com/hotel/in/stayvista-at-serenity-skies-apartment.html
4334,Serenity Skies Apartment,5,Villa,Nashik,Private Pool,MakeMyTrip,StayVista at Serenity Skies Apartment,https://www.makemytrip.com/hotels/hotel-details/?hotelId=202502051316447061&_uCurrency=INR&checkin=11252025&checkout=11262025&city=CTAGR&country=IN&funnelType=getaway&lat=27.16779&lng=78.04893&locusId=ZNDEL67F7E280&locusType=zone&rank=1&roomStayQualifier=2e0e&seekSummaryRequired=false&viewType=LUXE&mtkeys=defaultMtkey
4307,Sundale Apartment,3,Villa,India,BBQ,Agoda,StayVista at Sundale Apartment,https://www.agoda.com/stayvista-at-sundale-apartment/hotel/varanasi-in.html?hotel_id=65663267&_ga=2.112532420.1590591938.1738564881-265344572.1724309051&ds=gz3GDa80v2x%2FeYwq
4307,Sundale Apartment,3,Villa,India,BBQ,Airbnb,"Varanasi | 3BR Sundale Apt w/BBQ, Staff & Parking",https://www.airbnb.co.in/rooms/1350422789176566950
4307,Sundale Apartment,3,Villa,India,BBQ,Booking.com,StayVista's Sundale Apartment - 3BHK,https://www.booking.com/hotel/in/stayvista-at-sundale-apartment.html
4307,Sundale Apartment,3,Villa,India,BBQ,MakeMyTrip,StayVista at Sundale Apartment,https://www.makemytrip.com/hotels/hotel-details/?hotelId=202502051834243328&_uCurrency=INR&checkin=11252025&checkout=11262025&city=CTAGR&country=IN&funnelType=getaway&lat=27.16779&lng=78.04893&locusId=ZNDEL67F7E280&locusType=zone&rank=1&roomStayQualifier=2e0e&seekSummaryRequired=false&viewType=LUXE&mtkeys=defaultMtkey
4159,Serenity Shores,3,Villa,Alibaug,"Private Pool, Bonfire",Agoda,StayVista at Serenity Shores,https://www.agoda.com/en-in/stayvista-at-serenity-shores/hotel/alibaug-in.html
4159,Serenity Shores,3,Villa,Alibaug,"Private Pool, Bonfire",Airbnb,Serenity Shores - 3 BHK w/Pool - Alibaug,https://www.airbnb.co.in/rooms/1551347057595578043
4159,Serenity Shores,3,Villa,Alibaug,"Private Pool, Bonfire",Booking.com,"Serenity Shores by VEO, StayVista - 3BHK Villa with Private Pool & Bonfire",https://www.booking.com/hotel/in/stayvista-at-serenity-shores.html
4159,Serenity Shores,3,Villa,Alibaug,"Private Pool, Bonfire",MakeMyTrip,StayVista at Serenity Shores,https://www.makemytrip.com/hotels/hotel-details/?hotelId=202502071133127777&_uCurrency=INR&checkin=11252025&checkout=11262025&city=CTAGR&country=IN&funnelType=getaway&lat=27.16779&lng=78.04893&locusId=ZNDEL67F7E280&locusType=zone&rank=1&roomStayQualifier=2e0e&seekSummaryRequired=false&viewType=LUXE&mtkeys=defaultMtkey
4254,Beyond Infinity,5,Villa,Pune,"Infinity Pool, Gazebo",Agoda,StayVista at Beyond Infinity,https://www.agoda.com/en-in/stayvista-at-beyond-infinity/hotel/pune-in.html
4254,Beyond Infinity,5,Villa,Pune,"Infinity Pool, Gazebo",Airbnb,5BR |Pool+Views|StayVista Beyond Infinity @Lonavla,https://www.airbnb.co.in/rooms/1567954339880235137
4254,Beyond Infinity,5,Villa,Pune,"Infinity Pool, Gazebo",Booking.com,StayVista's Beyond Infinity - Pawna - 5BHK Villa with Infinity Pool & Gazebo,https://www.booking.com/hotel/in/stayvista-at-beyond-infinity.html
4254,Beyond Infinity,5,Villa,Pune,"Infinity Pool, Gazebo",MakeMyTrip,StayVista at Beyond Infinity,https://www.makemytrip.com/hotels/hotel-details/?hotelId=202502071910551073&_uCurrency=INR&checkin=11252025&checkout=11262025&city=CTAGR&country=IN&funnelType=getaway&lat=27.16779&lng=78.04893&locusId=ZNDEL67F7E280&locusType=zone&rank=1&roomStayQualifier=2e0e&seekSummaryRequired=false&viewType=LUXE&mtkeys=defaultMtkey
4360,Grey Sky,3,Villa,Udaipur,Private Pool,Agoda,StayVista at Grey Sky,https://www.agoda.com/en-in/stayvista-at-grey-sky/hotel/udaipur-in.html
4360,Grey Sky,3,Villa,Udaipur,Private Pool,Airbnb,3BHK| Luxe Pool |StayVista| Grey Sky @Rajasthan,https://www.airbnb.co.in/rooms/1354700965675185911
4360,Grey Sky,3,Villa,Udaipur,Private Pool,Booking.com,"Grey Sky by VEO, StayVista - 3BHK Pet-Friendly Villa with Private Pool",https://www.booking.com/hotel/in/stayvista-at-grey-sky.html
4360,Grey Sky,3,Villa,Udaipur,Private Pool,MakeMyTrip,StayVista at Grey Sky,https://www.makemytrip.com/hotels/hotel-details/?hotelId=202502111244129405&_uCurrency=INR&checkin=11252025&checkout=11262025&city=CTAGR&country=IN&funnelType=getaway&lat=27.16779&lng=78.04893&locusId=ZNDEL67F7E280&locusType=zone&rank=1&roomStayQualifier=2e0e&seekSummaryRequired=false&viewType=LUXE&mtkeys=defaultMtkey
3667,Willow Cove,4,Villa,Karjat,Private Pool,Agoda,StayVista at Willow Cove,https://www.agoda.com/en-in/stayvista-at-willow-cove/hotel/wafeghar-in.html
3667,Willow Cove,4,Villa,Karjat,Private Pool,Airbnb,4BR|Private Pool|StayVista|Willow Cove @Karjat Gem,https://www.airbnb.co.in/rooms/1361236159846618157
3667,Willow Cove,4,Villa,Karjat,Private Pool,Booking.com,StayVista's Willow Cove - 4BHK Pet-Friendly Villa with Bar,https://www.booking.com/hotel/in/stayvista-at-willow-cove-with-ac-wifi.html
3667,Willow Cove,4,Villa,Karjat,Private Pool,MakeMyTrip,StayVista at Willow Cove,https://www.makemytrip.com/hotels/hotel-details/?hotelId=202502111751575148&_uCurrency=INR&checkin=11252025&checkout=11262025&city=CTAGR&country=IN&funnelType=getaway&lat=27.16779&lng=78.04893&locusId=ZNDEL67F7E280&locusType=zone&rank=1&roomStayQualifier=2e0e&seekSummaryRequired=false&viewType=LUXE&mtkeys=defaultMtkey
4321,Cloudview,6,Villa,Mussoorie,"Valley View, Lawn, Bonfire, BBQ",Agoda,StayVista at Cloudview Villa,https://www.agoda.com/stayvista-at-cloudview-villa/hotel/mussoorie-in.html
4321,Cloudview,6,Villa,Mussoorie,"Valley View, Lawn, Bonfire, BBQ",Airbnb,6BR Cloudview Villa w/Serene View & Comp Breakfast,https://www.airbnb.co.in/rooms/1354949433946176741
4321,Cloudview,6,Villa,Mussoorie,"Valley View, Lawn, Bonfire, BBQ",Booking.com,"Cloudview Villa by VEO, StayVista - 6BHK with Valley View & Bonfire",https://www.booking.com/hotel/in/stayvista-at-cloudview-villa-with-wifi-lawn-bbq.html
4321,Cloudview,6,Villa,Mussoorie,"Valley View, Lawn, Bonfire, BBQ",MakeMyTrip,StayVista at Cloudview Villa,https://www.makemytrip.com/hotels/hotel-details/?hotelId=202502121311305807&_uCurrency=INR&checkin=11252025&checkout=11262025&city=CTAGR&country=IN&funnelType=getaway&lat=27.16779&lng=78.04893&locusId=ZNDEL67F7E280&locusType=zone&rank=1&roomStayQualifier=2e0e&seekSummaryRequired=false&viewType=LUXE&mtkeys=defaultMtkey
1569,Green Pastures,3,Villa,Coorg,"Bonfire, BBQ",Agoda,StayVista at Green Pastures,https://www.agoda.com/en-in/stayvista-at-green-pastures/hotel/biligeri-in.html
1569,Green Pastures,3,Villa,Coorg,"Bonfire, BBQ",Airbnb,"3BR Green Pastures W/TBBQ, Breakfast, Bonfire.",https://www.airbnb.co.in/rooms/1356155162205625644
1569,Green Pastures,3,Villa,Coorg,"Bonfire, BBQ",Booking.com,"Green Pastures by VEO, StayVista - 3BHK Pet-Friendly Villa with BBQ",https://www.booking.com/hotel/in/green-pastures-coorg.html
1569,Green Pastures,3,Villa,Coorg,"Bonfire, BBQ",MakeMyTrip,StayVista at Green Pastures - 3BR w/ Bonfire and Views,https://www.makemytrip.com/hotels/hotel-details/?hotelId=202502060914398576&_uCurrency=INR&checkin=11252025&checkout=11262025&city=CTAGR&country=IN&funnelType=getaway&lat=27.16779&lng=78.04893&locusId=ZNDEL67F7E280&locusType=zone&rank=1&roomStayQualifier=2e0e&seekSummaryRequired=false&viewType=LUXE&mtkeys=defaultMtkey
4283,Casa V2,4,Villa,Jaipur,Pool,Agoda,StayVista at Casa V2,https://www.agoda.com/en-in/stayvista-at-casa-v2-with-pool-wifi-ac/hotel/jaipur-in.html
4283,Casa V2,4,Villa,Jaipur,Pool,Airbnb,4BR|BaliThemed Villa+Pool|StayVista|Casa V2@Jaipur,https://www.airbnb.co.in/rooms/1356220012876295395
4283,Casa V2,4,Villa,Jaipur,Pool,Booking.com,StayVista's Casa V2 - 4BHK Pet-Friendly Villa with Bar,https://www.booking.com/hotel/in/stayvista-at-casa-v2-with-pool-wifi-ac.html
4283,Casa V2,4,Villa,Jaipur,Pool,MakeMyTrip,StayVista at Casa V2,https://www.makemytrip.com/hotels/hotel-details/?hotelId=202502141730458548&_uCurrency=INR&checkin=11252025&checkout=11262025&city=CTAGR&country=IN&funnelType=getaway&lat=27.16779&lng=78.04893&locusId=ZNDEL67F7E280&locusType=zone&rank=1&roomStayQualifier=2e0e&seekSummaryRequired=false&viewType=LUXE&mtkeys=defaultMtkey
4098,La Belle Vue,3,Villa,Karjat,Lawn,Agoda,StayVista at La Belle Vue,https://www.agoda.com/stayvista-at-la-belle-vue/hotel/karjat-in.html
4098,La Belle Vue,3,Villa,Karjat,Lawn,Airbnb,La Belle Vue – Poolside Luxury with Lawn & Bar,https://www.airbnb.co.in/rooms/1361387879445350346
4098,La Belle Vue,3,Villa,Karjat,Lawn,Booking.com,"La Belle Vue by VEO, StayVista - 3BHK Mountain-View Villa with Bar",https://www.booking.com/hotel/in/stayvista-at-la-belle-vue.html
4098,La Belle Vue,3,Villa,Karjat,Lawn,MakeMyTrip,StayVista at La Belle Vue,https://www.makemytrip.com/hotels/hotel-details/?hotelId=202502201731027854&_uCurrency=INR&checkin=11252025&checkout=11262025&city=CTAGR&country=IN&funnelType=getaway&lat=27.16779&lng=78.04893&locusId=ZNDEL67F7E280&locusType=zone&rank=1&roomStayQualifier=2e0e&seekSummaryRequired=false&viewType=LUXE&mtkeys=defaultMtkey
4231,Three Rivers by VEO,4,Villa,Coorg,Bonfire,Agoda,Three Rivers by VEO - Part of StayVista,https://www.agoda.com/stayvista-at-three-rivers/hotel/biligeri-in.html
4231,Three Rivers by VEO,4,Villa,Coorg,Bonfire,Airbnb,4BR |Pet Friendly|StayVista| Three Rivers @Madapur,https://www.airbnb.co.in/rooms/1364921048180205167
4231,Three Rivers by VEO,4,Villa,Coorg,Bonfire,Booking.com,"Three Rivers - Coorg by VEO, StayVista - 4BHK Pet-Friendly Villa with Bonfire",https://www.booking.com/hotel/in/stayvista-at-three-rivers.html
4231,Three Rivers by VEO,4,Villa,Coorg,Bonfire,MakeMyTrip,Three Rivers by VEO - Part of StayVista,https://www.makemytrip.com/hotels/hotel-details/?hotelId=202502251219232542&_uCurrency=INR&checkin=11252025&checkout=11262025&city=CTAGR&country=IN&funnelType=getaway&lat=27.16779&lng=78.04893&locusId=ZNDEL67F7E280&locusType=zone&rank=1&roomStayQualifier=2e0e&seekSummaryRequired=false&viewType=LUXE&mtkeys=defaultMtkey
4462,The Cloudscape,2,Cottage,Pune,Lake View,Agoda,StayVista at The Cloudscape,https://www.agoda.com/stayvista-at-the-cloudscape/hotel/pasure-in.html
4462,The Cloudscape,2,Cottage,Pune,Lake View,Airbnb,2BR|LakeView&Bathtub|StayVista|The Cloudscape@Pune,https://www.airbnb.co.in/rooms/1365597474572162893
4462,The Cloudscape,2,Cottage,Pune,Lake View,Booking.com,"The Cloudscape by VEO, StayVista - 2BHK Cottage with Alfresco Dining & Bathtub",https://www.booking.com/hotel/in/stayvista-at-the-cloudscape.html
4462,The Cloudscape,2,Cottage,Pune,Lake View,MakeMyTrip,StayVista at The Cloudscape,https://www.makemytrip.com/hotels/hotel-details/?hotelId=202502261424401914&_uCurrency=INR&checkin=11252025&checkout=11262025&city=CTAGR&country=IN&funnelType=getaway&lat=27.16779&lng=78.04893&locusId=ZNDEL67F7E280&locusType=zone&rank=1&roomStayQualifier=2e0e&seekSummaryRequired=false&viewType=LUXE&mtkeys=defaultMtkey
4392,Nakeshatra,3,Villa,Udaipur,"Private Pool, BBQ",Agoda,Nakeshatra Villa by VEO - Part of StayVista,https://www.agoda.com/stayvista-at-nakeshatra-villa/hotel/udaipur-in.html
4392,Nakeshatra,3,Villa,Udaipur,"Private Pool, BBQ",Airbnb,3BR Luxury Villa w/Pvt Pool in City Centre Udaipur,https://www.airbnb.co.in/rooms/1366406687110337255
4392,Nakeshatra,3,Villa,Udaipur,"Private Pool, BBQ",Booking.com,"Nakeshatra Villa by VEO, StayVista - 3BHK with Private Pool & BBQ",https://www.booking.com/hotel/in/stayvista-at-nakeshatra-villa.html
4392,Nakeshatra,3,Villa,Udaipur,"Private Pool, BBQ",MakeMyTrip,StayVista at Nakeshatra Villa,https://www.makemytrip.com/hotels/hotel-details/?hotelId=202502281102372145&_uCurrency=INR&checkin=11252025&checkout=11262025&city=CTAGR&country=IN&funnelType=getaway&lat=27.16779&lng=78.04893&locusId=ZNDEL67F7E280&locusType=zone&rank=1&roomStayQualifier=2e0e&seekSummaryRequired=false&viewType=LUXE&mtkeys=defaultMtkey
1694,Woodhaus,5,Villa,Lonavala,"Pool, Jacuzzi, Gazebo",Agoda,StayVista at Woodhaus,https://www.agoda.com/mantra-by-vista-rooms/hotel/lonavala-in.html
1694,Woodhaus,5,Villa,Lonavala,"Pool, Jacuzzi, Gazebo",Airbnb,5BR Pool Villa w/Gazebo & WiFi | Woodhaus Lonavala,https://www.airbnb.co.in/rooms/1366429186751929806
1694,Woodhaus,5,Villa,Lonavala,"Pool, Jacuzzi, Gazebo",Booking.com,Woodhaus by StayVista - 5BHK Mountain-View Villa with Jacuzzi & Pet Friendly,https://www.booking.com/hotel/in/mantra-by-vista-rooms.html
1694,Woodhaus,5,Villa,Lonavala,"Pool, Jacuzzi, Gazebo",MakeMyTrip,StayVista at Woodhaus,https://www.makemytrip.com/hotels/hotel-details/?hotelId=202502281307026508&_uCurrency=INR&checkin=11252025&checkout=11262025&city=CTAGR&country=IN&funnelType=getaway&lat=27.16779&lng=78.04893&locusId=ZNDEL67F7E280&locusType=zone&rank=1&roomStayQualifier=2e0e&seekSummaryRequired=false&viewType=LUXE&mtkeys=defaultMtkey
4412,Tarang,3,Villa,Coorg,Private Pool,Agoda,StayVista at Tarang - The Nest,https://www.agoda.com/en-gb/stayvista-at-tarang-the-nest/hotel/biligeri-in.html
4412,Tarang,3,Villa,Coorg,Private Pool,Airbnb,3BR Tarang - The Nest -Comp BF Private Pool- Coorg,https://www.airbnb.co.in/rooms/1366565075801962920
4412,Tarang,3,Villa,Coorg,Private Pool,Booking.com,StayVista's Tarang - The Nest - 3BHK Villa with Alfresco Dining & Private Pool,https://www.booking.com/hotel/in/stayvista-at-tarang-the-nest.html
4412,Tarang,3,Villa,Coorg,Private Pool,MakeMyTrip,StayVista at Tarang - The Nest,https://www.makemytrip.com/hotels/hotel-details/?hotelId=202502281552232795&_uCurrency=INR&checkin=11252025&checkout=11262025&city=CTAGR&country=IN&funnelType=getaway&lat=27.16779&lng=78.04893&locusId=ZNDEL67F7E280&locusType=zone&rank=1&roomStayQualifier=2e0e&seekSummaryRequired=false&viewType=LUXE&mtkeys=defaultMtkey
4337,Aaranya,3,Villa,India,Pool,Agoda,StayVista at Aaranya Villa,https://www.agoda.com/stayvista-at-aaranya-villa/hotel/vikarabad-in.html
4337,Aaranya,3,Villa,India,Pool,Airbnb,3BR |Pool+View|StayVista| Aaranya Villa @Telangana,https://www.airbnb.co.in/rooms/1367080432113579342
4337,Aaranya,3,Villa,India,Pool,Booking.com,StayVista's Aaranya Villa - 3BHK with Pet Friendly & Bar,https://www.booking.com/hotel/in/stayvista-at-aaranya-villa.html
4337,Aaranya,3,Villa,India,Pool,MakeMyTrip,StayVista at Aaranya Villa,https://www.makemytrip.com/hotels/hotel-details/?hotelId=202502281300584388&_uCurrency=INR&checkin=11252025&checkout=11262025&city=CTAGR&country=IN&funnelType=getaway&lat=27.16779&lng=78.04893&locusId=ZNDEL67F7E280&locusType=zone&rank=1&roomStayQualifier=2e0e&seekSummaryRequired=false&viewType=LUXE&mtkeys=defaultMtkey
4170,Woodhouse Story,3,Villa,Goa,"Pool, Lawn",Agoda,StayVista at Woodhouse Story,https://www.agoda.com/en-in/stayvista-at-woodhouse-story/hotel/goa-in.html
4170,Woodhouse Story,3,Villa,Goa,"Pool, Lawn",Airbnb,StayVista at Woodhouse | Pool Lawn 3BR Morjim,https://www.airbnb.co.in/rooms/1367108242492769972
4170,Woodhouse Story,3,Villa,Goa,"Pool, Lawn",Booking.com,"Woodhouse Story - Morjim by VEO, StayVista - Shared Pool",https://www.booking.com/hotel/in/stayvista-at-woodhouse-story.html
4170,Woodhouse Story,3,Villa,Goa,"Pool, Lawn",MakeMyTrip,StayVista at Woodhouse Story,https://www.makemytrip.com/hotels/hotel-details/?hotelId=202503011440393824&_uCurrency=INR&checkin=11252025&checkout=11262025&city=CTAGR&country=IN&funnelType=getaway&lat=27.16779&lng=78.04893&locusId=ZNDEL67F7E280&locusType=zone&rank=1&roomStayQualifier=2e0e&seekSummaryRequired=false&viewType=LUXE&mtkeys=defaultMtkey
4464,Horizon,5,Villa,Karjat,"Pool, Mountain View, BBQ",Agoda,StayVista at Horizon Villa,https://www.agoda.com/en-in/stayvista-at-villa-horizon/hotel/karjat-in.html
4464,Horizon,5,Villa,Karjat,"Pool, Mountain View, BBQ",Airbnb,5BR|BBQ Retrt+Pool|StayVista|Horizon Villa@Lonavla,https://www.airbnb.co.in/rooms/1549080337594543705
4464,Horizon,5,Villa,Karjat,"Pool, Mountain View, BBQ",Booking.com,"Horizon Villa by VEO, StayVista - 5BHK with Mountain View & Bar",https://www.booking.com/hotel/in/stayvista-at-villa-horizon.html
4464,Horizon,5,Villa,Karjat,"Pool, Mountain View, BBQ",MakeMyTrip,StayVista at Horizon Villa,https://www.makemytrip.com/hotels/hotel-details/?hotelId=202503031204307918&_uCurrency=INR&checkin=11252025&checkout=11262025&city=CTAGR&country=IN&funnelType=getaway&lat=27.16779&lng=78.04893&locusId=ZNDEL67F7E280&locusType=zone&rank=1&roomStayQualifier=2e0e&seekSummaryRequired=false&viewType=LUXE&mtkeys=defaultMtkey
4459,Lagoons,4,Villa,India,"Pool, River View",Agoda,StayVista at Lagoons Villa,https://www.agoda.com/stayvista-at-lagoons-villa/hotel/kuttiady-in.html?hotel_id=67127097&_ga=2.37082784.1232718635.1740976283-265344572.1724309051&ds=ovCOeXCWscBC4KkD
4459,Lagoons,4,Villa,India,"Pool, River View",Airbnb,4BR|Pool RiverView|StayVista| Lagoon Villa @Kerala,https://www.airbnb.co.in/rooms/1368739913954793316
4459,Lagoons,4,Villa,India,"Pool, River View",Booking.com,StayVista's Lagoons Villa - Peruvannamuzhi - 4BHK with Pet Friendly & Sports Turf,https://www.booking.com/hotel/in/lagoons-holidays-villa.html
4459,Lagoons,4,Villa,India,"Pool, River View",MakeMyTrip,StayVista at Lagoons Villa,https://www.makemytrip.com/hotels/hotel-details/?hotelId=202503031651046729&_uCurrency=INR&checkin=11252025&checkout=11262025&city=CTAGR&country=IN&funnelType=getaway&lat=27.16779&lng=78.04893&locusId=ZNDEL67F7E280&locusType=zone&rank=1&roomStayQualifier=2e0e&seekSummaryRequired=false&viewType=LUXE&mtkeys=defaultMtkey
4471,Vanya Veda,4,Cottage,Udaipur,Private Pool,Agoda,StayVista at Vanya Veda,https://www.agoda.com/en-in/stayvista-at-vanya-veda/hotel/udaipur-in.html
4471,Vanya Veda,4,Cottage,Udaipur,Private Pool,Airbnb,4BR|Pool+Bthtub+View|StayVista| Vanya Veda@Udaipur,https://www.airbnb.co.in/rooms/1373728003372417994
4471,Vanya Veda,4,Cottage,Udaipur,Private Pool,Booking.com,StayVista's Vanya Veda - 4BHK Cottage with Bathtub & Private Pool,https://www.booking.com/hotel/in/stayvista-at-vanya-veda.html
4471,Vanya Veda,4,Cottage,Udaipur,Private Pool,MakeMyTrip,StayVista at Vanya Veda,https://www.makemytrip.com/hotels/hotel-details/?hotelId=202503071419095621&_uCurrency=INR&checkin=11252025&checkout=11262025&city=CTAGR&country=IN&funnelType=getaway&lat=27.16779&lng=78.04893&locusId=ZNDEL67F7E280&locusType=zone&rank=1&roomStayQualifier=2e0e&seekSummaryRequired=false&viewType=LUXE&mtkeys=defaultMtkey
4478,Vaana,3,Villa,Pune,"Infinity Pool, Jacuzzi",Agoda,StayVista at Vaana,https://www.agoda.com/en-in/stayvista-at-vaana/hotel/pune-in.html
4478,Vaana,3,Villa,Pune,"Infinity Pool, Jacuzzi",Airbnb,"Vaana -Jacuzzi, Pool, Glamping Tents @Kamshet,Pune",https://www.airbnb.co.in/rooms/1374466281910927985
4478,Vaana,3,Villa,Pune,"Infinity Pool, Jacuzzi",Booking.com,StayVista's Vaana - Infinity Pool & Jacuzzi,https://www.booking.com/hotel/in/stayvista-at-vaana-gevhande-khadak.html
4478,Vaana,3,Villa,Pune,"Infinity Pool, Jacuzzi",MakeMyTrip,StayVista at Vaana,https://www.makemytrip.com/hotels/hotel-details/?hotelId=202504241711026771&_uCurrency=INR&checkin=11252025&checkout=11262025&city=CTAGR&country=IN&funnelType=getaway&lat=27.16779&lng=78.04893&locusId=ZNDEL67F7E280&locusType=zone&rank=1&roomStayQualifier=2e0e&seekSummaryRequired=false&viewType=LUXE&mtkeys=defaultMtkey
4473,Frozen Fall,4,Villa,India,"Mountain View, Jacuzzi",Agoda,StayVista at Frozen Fall @ Frostflare Cottages,https://www.agoda.com/en-in/stayvista-at-frozen-fall-frostflare-cottages/hotel/gulmarg-in.html
4473,Frozen Fall,4,Villa,India,"Mountain View, Jacuzzi",Airbnb,StayVista Frozen Fall | Frostflare Cottages 4BR,https://www.airbnb.co.in/rooms/1377339056162450203
4473,Frozen Fall,4,Villa,India,"Mountain View, Jacuzzi",Booking.com,Frozen Fall at Frostflare Cottages by StayVista - Mountain View & Jacuzzi,https://www.booking.com/hotel/in/stayvista-at-frozen-fall-at-frostflare-cottages.html
4473,Frozen Fall,4,Villa,India,"Mountain View, Jacuzzi",MakeMyTrip,StayVista at Frozen Fall @ Frostflare Cottages,https://www.makemytrip.com/hotels/hotel-details/?hotelId=202503151310194298&_uCurrency=INR&checkin=11252025&checkout=11262025&city=CTAGR&country=IN&funnelType=getaway&lat=27.16779&lng=78.04893&locusId=ZNDEL67F7E280&locusType=zone&rank=1&roomStayQualifier=2e0e&seekSummaryRequired=false&viewType=LUXE&mtkeys=defaultMtkey
4055,Aspen,2,Estate,Shimla,"Bonfire, BBQ",Agoda,StayVista at Aspen @ Elysium Estate,https://www.agoda.com/en-in/stayvista-at-aspen-elysium-estate/hotel/shimla-in.html
4055,Aspen,2,Estate,Shimla,"Bonfire, BBQ",Airbnb,2BR|Hilltop Stay|StayVista|Aspen@Elysium Estate@HP,https://www.airbnb.co.in/rooms/1379532757554340272
4055,Aspen,2,Estate,Shimla,"Bonfire, BBQ",Booking.com,StayVista's Aspen at Elysium Estate - 2BHK with Hill View & Bonfire,https://www.booking.com/hotel/in/stayvista-at-aspen-at-elysium-estate-with-wifi-bbq-bonfire.html
4055,Aspen,2,Estate,Shimla,"Bonfire, BBQ",MakeMyTrip,StayVista at Aspen @ Elysium Estate,https://www.makemytrip.com/hotels/hotel-details/?hotelId=202503171623058014&_uCurrency=INR&checkin=11252025&checkout=11262025&city=CTAGR&country=IN&funnelType=getaway&lat=27.16779&lng=78.04893&locusId=ZNDEL67F7E280&locusType=zone&rank=1&roomStayQualifier=2e0e&seekSummaryRequired=false&viewType=LUXE&mtkeys=defaultMtkey
4093,Hampton Grove,5,Villa,Srinagar,"Jacuzzi, Bonfire",Agoda,StayVista at Hampton Grove,https://www.agoda.com/en-in/stayvista-at-hampton-grove-bonfire-jacuzzi/hotel/srinagar-in.html
4093,Hampton Grove,5,Villa,Srinagar,"Jacuzzi, Bonfire",Airbnb,5BR|Jacuzzi+Bonfire|StayVista|Hampton Grove@Himach,https://www.airbnb.co.in/rooms/1563651807696850635
4093,Hampton Grove,5,Villa,Srinagar,"Jacuzzi, Bonfire",Booking.com,StayVista's Hampton Grove - 5BHK Villa with Jacuzzi & Garden,https://www.booking.com/hotel/in/stayvista-at-hampton-grove-bonfire-jacuzzi.html
4093,Hampton Grove,5,Villa,Srinagar,"Jacuzzi, Bonfire",MakeMyTrip,StayVista at Hampton Grove,https://www.makemytrip.com/hotels/hotel-details/?hotelId=202503191124563206&_uCurrency=INR&checkin=11252025&checkout=11262025&city=CTAGR&country=IN&funnelType=getaway&lat=27.16779&lng=78.04893&locusId=ZNDEL67F7E280&locusType=zone&rank=1&roomStayQualifier=2e0e&seekSummaryRequired=false&viewType=LUXE&mtkeys=defaultMtkey
4356,The,4,Villa,Coorg,Private Pool,Agoda,StayVista at The Estate Villa,https://www.agoda.com/en-in/stayvista-at-the-estate-villa-h71734955/hotel/coorg-in.html
4356,The,4,Villa,Coorg,Private Pool,Airbnb,4BR|HeatedPool+Bonfir|StayVista|Estate Villa@Coorg,https://www.airbnb.co.in/rooms/1385878696671256408
4356,The,4,Villa,Coorg,Private Pool,Booking.com,The Estate Villa by StayVista - 4BHK with Pet Friendly & EV Station,https://www.booking.com/hotel/in/stayvista-at-the-estate-cottage.html
4356,The,4,Villa,Coorg,Private Pool,MakeMyTrip,StayVista at The Estate Villa,https://www.makemytrip.com/hotels/hotel-details/?hotelId=202503261219399012&_uCurrency=INR&checkin=11252025&checkout=11262025&city=CTAGR&country=IN&funnelType=getaway&lat=27.16779&lng=78.04893&locusId=ZNDEL67F7E280&locusType=zone&rank=1&roomStayQualifier=2e0e&seekSummaryRequired=false&viewType=LUXE&mtkeys=defaultMtkey
4418,Casa Ti Amo,4,Villa,Goa,"Pool, Lawn",Agoda,StayVista at Casa Ti Amo,https://www.agoda.com/stayvista-at-casa-ti-amo/hotel/goa-in.html
4418,Casa Ti Amo,4,Villa,Goa,"Pool, Lawn",Airbnb,4BR |Pvt Pool+Lawn|StayVista| Casa Ti Amo @Siolim,https://www.airbnb.co.in/rooms/1386115307256861298
4418,Casa Ti Amo,4,Villa,Goa,"Pool, Lawn",Booking.com,StayVista's Casa Ti Amo - Siolim - 4BHK Villa with Bar & Pet Friendly,https://www.booking.com/hotel/in/stayvista-at-casa-ti-amo.html
4418,Casa Ti Amo,4,Villa,Goa,"Pool, Lawn",MakeMyTrip,StayVista at Casa Ti Amo,https://www.makemytrip.com/hotels/hotel-details/?hotelId=202503271255018356&_uCurrency=INR&checkin=11252025&checkout=11262025&city=CTAGR&country=IN&funnelType=getaway&lat=27.16779&lng=78.04893&locusId=ZNDEL67F7E280&locusType=zone&rank=1&roomStayQualifier=2e0e&seekSummaryRequired=false&viewType=LUXE&mtkeys=defaultMtkey
4466,Valley Whispers,2,Cottage,Ooty,Lawn,Agoda,StayVista at Valley Whispers,https://www.agoda.com/en-in/stayvista-at-valley-whispers/hotel/ooty-in.html
4466,Valley Whispers,2,Cottage,Ooty,Lawn,Airbnb,2BR|Pet Friendly|StayVista| Valley Whispers @Ketty,https://www.airbnb.co.in/rooms/1387500192087116790
4466,Valley Whispers,2,Cottage,Ooty,Lawn,Booking.com,Valley Whispers by StayVista - 2BHK Pet-Friendly Cottage with Alfresco Dining,https://www.booking.com/hotel/in/stayvista-at-valley-whispers.html
4466,Valley Whispers,2,Cottage,Ooty,Lawn,MakeMyTrip,StayVista at Valley Whispers,https://www.makemytrip.com/hotels/hotel-details/?hotelId=202504010623511511&_uCurrency=INR&checkin=11252025&checkout=11262025&city=CTAGR&country=IN&funnelType=getaway&lat=27.16779&lng=78.04893&locusId=ZNDEL67F7E280&locusType=zone&rank=1&roomStayQualifier=2e0e&seekSummaryRequired=false&viewType=LUXE&mtkeys=defaultMtkey
4539,Thelma,3,Cottage,Kasauli,Jacuzzi,Agoda,StayVista at Thelma Cottage,https://www.agoda.com/en-gb/stayvista-at-thelma-cottage/hotel/kasauli-in.html
4539,Thelma,3,Cottage,Kasauli,Jacuzzi,Airbnb,3BR|Scenic Stay|StayVista| Thelma Cottage @Kasauli,https://www.airbnb.co.in/rooms/1387518885273549820
4539,Thelma,3,Cottage,Kasauli,Jacuzzi,Booking.com,StayVista's Thelma Cottage - 3BHK with Jacuzzi & Alfresco Dining,https://www.booking.com/hotel/in/stayvista-at-thelma-cottage.html
4539,Thelma,3,Cottage,Kasauli,Jacuzzi,MakeMyTrip,StayVista at Thelma Cottage,https://www.makemytrip.com/hotels/hotel-details/?hotelId=202504010155397921&_uCurrency=INR&checkin=11252025&checkout=11262025&city=CTAGR&country=IN&funnelType=getaway&lat=27.16779&lng=78.04893&locusId=ZNDEL67F7E280&locusType=zone&rank=1&roomStayQualifier=2e0e&seekSummaryRequired=false&viewType=LUXE&mtkeys=defaultMtkey
4377,Under The Stars,3,Cottage,Ooty,Lawn,Agoda,StayVista at Under The Stars,https://www.agoda.com/en-in/stayvista-at-under-the-stars/hotel/ooty-in.html
4377,Under The Stars,3,Cottage,Ooty,Lawn,Airbnb,3BR |Nature Escape|StayVista|Under the Stars @Ooty,https://www.airbnb.co.in/rooms/1387503413238385309
4377,Under The Stars,3,Cottage,Ooty,Lawn,Booking.com,Under The Stars by StayVista - 3BHK Mountain-View Cottage with Bar,https://www.booking.com/hotel/in/stayvista-at-under-the-stars-with-views-glasshouse.html
4377,Under The Stars,3,Cottage,Ooty,Lawn,MakeMyTrip,StayVista at Under The Stars,https://www.makemytrip.com/hotels/hotel-details/?hotelId=202504010404559527&_uCurrency=INR&checkin=11252025&checkout=11262025&city=CTAGR&country=IN&funnelType=getaway&lat=27.16779&lng=78.04893&locusId=ZNDEL67F7E280&locusType=zone&rank=1&roomStayQualifier=2e0e&seekSummaryRequired=false&viewType=LUXE&mtkeys=defaultMtkey
4561,Palm Tree Breeze,3,Villa,Jaipur,"Private Pool, Lawn",Agoda,StayVista at Palm Tree Breeze,https://www.agoda.com/en-in/stayvista-at-palm-tree-breeze/hotel/jaipur-in.html
4561,Palm Tree Breeze,3,Villa,Jaipur,"Private Pool, Lawn",Airbnb,"Luxury 3BR Villa, Pool & Lawn Malviya NagarJaipur",https://www.airbnb.co.in/rooms/1389009652460406873
4561,Palm Tree Breeze,3,Villa,Jaipur,"Private Pool, Lawn",Booking.com,StayVista's Palm Tree Breeze - 3BHK Villa Near Jaipur Airport with Private Pool,https://www.booking.com/hotel/in/stayvista-at-palm-tree-breeze.html
4561,Palm Tree Breeze,3,Villa,Jaipur,"Private Pool, Lawn",MakeMyTrip,StayVista at Palm Tree Breeze,https://www.makemytrip.com/hotels/hotel-details/?hotelId=202504060826295639&_uCurrency=INR&checkin=11252025&checkout=11262025&city=CTAGR&country=IN&funnelType=getaway&lat=27.16779&lng=78.04893&locusId=ZNDEL67F7E280&locusType=zone&rank=1&roomStayQualifier=2e0e&seekSummaryRequired=false&viewType=LUXE&mtkeys=defaultMtkey
4472,Frozen Fall,2,Villa,India,"Bonfire, BBQ, Gazebo",Agoda,StayVista at Frozen Fall @ Dewdrop Cottages,https://www.agoda.com/en-in/stayvista-at-frozen-fall-at-dewdrop-cottages-with-bbq-bonfire/hotel/gulmarg-in.html
4472,Frozen Fall,2,Villa,India,"Bonfire, BBQ, Gazebo",Airbnb,Dewdrop Cottages | Frozen Fall Stay by StayVista,https://www.airbnb.co.in/rooms/1521419501669541551
4472,Frozen Fall,2,Villa,India,"Bonfire, BBQ, Gazebo",Booking.com,Frozen Fall at Dewdrop Cottages by StayVista - 2BHK with Sports Turf & Gazebo,https://www.booking.com/hotel/in/stayvista-at-frozen-fall-at-dewdrop-cottages-with-bbq-amp-bonfire.html
4472,Frozen Fall,2,Villa,India,"Bonfire, BBQ, Gazebo",MakeMyTrip,StayVista at Frozen Fall @ Dewdrop Cottages,https://www.makemytrip.com/hotels/hotel-details/?hotelId=202504090518243347&_uCurrency=INR&checkin=11252025&checkout=11262025&city=CTAGR&country=IN&funnelType=getaway&lat=27.16779&lng=78.04893&locusId=ZNDEL67F7E280&locusType=zone&rank=1&roomStayQualifier=2e0e&seekSummaryRequired=false&viewType=LUXE&mtkeys=defaultMtkey
4580,Amalfi,6,Villa,Lonavala,"Pool, Jacuzzi",Agoda,StayVista at Amalfi,https://www.agoda.com/en-in/stayvista-at-la-palm-amalfi/hotel/lonavala-in.html
4580,Amalfi,6,Villa,Lonavala,"Pool, Jacuzzi",Airbnb,"Amalfi – Luxe Stay W/ Pool, Wi-Fi & Games Turf",https://www.airbnb.co.in/rooms/1391823852880499846
4580,Amalfi,6,Villa,Lonavala,"Pool, Jacuzzi",Booking.com,StayVista's Amalfi - 6BHK Villa with Gym & Jacuzzi,https://www.booking.com/hotel/in/stayvista-at-la-palm-amalfi.html
4580,Amalfi,6,Villa,Lonavala,"Pool, Jacuzzi",MakeMyTrip,"StayVista at Amalfi - Pool, Wi-Fi, Jacuzzi",https://www.makemytrip.com/hotels/hotel-details/?hotelId=202504120700412177&_uCurrency=INR&checkin=11252025&checkout=11262025&city=CTAGR&country=IN&funnelType=getaway&lat=27.16779&lng=78.04893&locusId=ZNDEL67F7E280&locusType=zone&rank=1&roomStayQualifier=2e0e&seekSummaryRequired=false&viewType=LUXE&mtkeys=defaultMtkey
4499,Sundrift,3,Villa,India,"Private Pool, BBQ",Agoda,StayVista at Sundrift Villa,https://www.agoda.com/stayvista-at-stay-ish-villa/hotel/heir-in.html
4499,Sundrift,3,Villa,India,"Private Pool, BBQ",Airbnb,3BR|Lux Pool+BBQ|StayVista| Sundrift Villa @Plam,https://www.airbnb.co.in/rooms/1404158593464923020
4499,Sundrift,3,Villa,India,"Private Pool, BBQ",Booking.com,StayVista's Sundrift Villa - 3BHK with Projector & Private Pool,https://www.booking.com/hotel/in/stayvista-at-stay-ish-villa-with-pool-wi-fi-bbq.html
4499,Sundrift,3,Villa,India,"Private Pool, BBQ",MakeMyTrip,StayVista at Sundrift Villa,https://www.makemytrip.com/hotels/hotel-details/?hotelId=202504132046337448&_uCurrency=INR&checkin=11252025&checkout=11262025&city=CTAGR&country=IN&funnelType=getaway&lat=27.16779&lng=78.04893&locusId=ZNDEL67F7E280&locusType=zone&rank=1&roomStayQualifier=2e0e&seekSummaryRequired=false&viewType=LUXE&mtkeys=defaultMtkey
4221,The Grand Ten,10,Cottage,Karjat,Pool,Agoda,StayVista at The Grand Ten,https://www.agoda.com/en-in/stayvista-at-the-grand-ten/hotel/karjat-in.html
4221,The Grand Ten,10,Cottage,Karjat,Pool,Airbnb,The Grand Ten – Pool & Turf Retreat in Karjat,https://www.airbnb.co.in/rooms/1392464926431108323
4221,The Grand Ten,10,Cottage,Karjat,Pool,Booking.com,The Grand Ten by StayVista - 10BHK Pet-Friendly Cottage with Projector,https://www.booking.com/hotel/in/stayvista-at-the-grand-ten.html
4221,The Grand Ten,10,Cottage,Karjat,Pool,MakeMyTrip,StayVista at The Grand Ten,https://www.makemytrip.com/hotels/hotel-details/?hotelId=202504121815502718&_uCurrency=INR&checkin=11252025&checkout=11262025&city=CTAGR&country=IN&funnelType=getaway&lat=27.16779&lng=78.04893&locusId=ZNDEL67F7E280&locusType=zone&rank=1&roomStayQualifier=2e0e&seekSummaryRequired=false&viewType=LUXE&mtkeys=defaultMtkey
4505,The Windchime,4,Villa,Mahabaleshwar,"Pool, Jacuzzi, Lawn",Agoda,StayVista at The Windchime,https://www.agoda.com/en-in/stayvista-at-the-windchime/hotel/mahabaleshwar-in.html
4505,The Windchime,4,Villa,Mahabaleshwar,"Pool, Jacuzzi, Lawn",Airbnb,"Windchime 4BR Pool, Lawn & View Villa",https://www.airbnb.co.in/rooms/1393939763644808626
4505,The Windchime,4,Villa,Mahabaleshwar,"Pool, Jacuzzi, Lawn",Booking.com,The Windchime by StayVista - 4BHK Pet-Friendly Villa with Jacuzzi,https://www.booking.com/hotel/in/stayvista-at-the-windchime.html
4505,The Windchime,4,Villa,Mahabaleshwar,"Pool, Jacuzzi, Lawn",MakeMyTrip,StayVista at The Windchime,https://www.makemytrip.com/hotels/hotel-details/?hotelId=202504130809027027&_uCurrency=INR&checkin=11252025&checkout=11262025&city=CTAGR&country=IN&funnelType=getaway&lat=27.16779&lng=78.04893&locusId=ZNDEL67F7E280&locusType=zone&rank=1&roomStayQualifier=2e0e&seekSummaryRequired=false&viewType=LUXE&mtkeys=defaultMtkey
4598,27 Flora,5,Villa,Goa,"Private Pool, Lawn, Bonfire",Agoda,StayVista at 27 Flora,https://www.agoda.com/en-in/stayvista-at-27-flora/hotel/alibaug-in.html
4598,27 Flora,5,Villa,Goa,"Private Pool, Lawn, Bonfire",Airbnb,5BR Pool Lawn Villa | StayVista | 27 Flora @Goa,https://www.airbnb.co.in/rooms/1393949250141522041
4598,27 Flora,5,Villa,Goa,"Private Pool, Lawn, Bonfire",Booking.com,StayVista's 27 Flora - 5BHK Villa with Private Pool & Bonfire near Nagaon Beach,https://www.booking.com/hotel/in/stayvista-at-27-flora-with-lawn-pool-wifi.html
4598,27 Flora,5,Villa,Goa,"Private Pool, Lawn, Bonfire",MakeMyTrip,StayVista at 27 Flora,https://www.makemytrip.com/hotels/hotel-details/?hotelId=202504131823502971&_uCurrency=INR&checkin=11252025&checkout=11262025&city=CTAGR&country=IN&funnelType=getaway&lat=27.16779&lng=78.04893&locusId=ZNDEL67F7E280&locusType=zone&rank=1&roomStayQualifier=2e0e&seekSummaryRequired=false&viewType=LUXE&mtkeys=defaultMtkey
3945,Chestnut Manor,6,Villa,Kasauli,"Jacuzzi, Lawn, Bonfire, BBQ",Agoda,StayVista at Chestnut Manor-Sky Jacuzzi&Steam Room,https://www.agoda.com/en-in/stayvista-at-chestnut-manor/hotel/kasauli-in.html
3945,Chestnut Manor,6,Villa,Kasauli,"Jacuzzi, Lawn, Bonfire, BBQ",Airbnb,Chestnut Manor w/Sky Jacuzzi & Steam Room,https://www.airbnb.co.in/rooms/1396141684141219544
3945,Chestnut Manor,6,Villa,Kasauli,"Jacuzzi, Lawn, Bonfire, BBQ",Booking.com,StayVista's Chestnut Manor - 6BHK Mountain-View Villa with Sauna,https://www.booking.com/hotel/in/stayvista-at-chestnut-manor-with-lawn-bbq-bonfire.html
3945,Chestnut Manor,6,Villa,Kasauli,"Jacuzzi, Lawn, Bonfire, BBQ",MakeMyTrip,StayVista at Chestnut Manor w/ Sky Jacuzzi & Steam Room,https://www.makemytrip.com/hotels/hotel-details/?hotelId=202504132248446543&_uCurrency=INR&checkin=11252025&checkout=11262025&city=CTAGR&country=IN&funnelType=getaway&lat=27.16779&lng=78.04893&locusId=ZNDEL67F7E280&locusType=zone&rank=1&roomStayQualifier=2e0e&seekSummaryRequired=false&viewType=LUXE&mtkeys=defaultMtkey
4144,Grandeur Living,2,Villa,India,BBQ,Agoda,StayVista at Grandeur Living Villa,https://www.agoda.com/en-in/stayvista-at-grandeur-living/hotel/indore-in.html
4144,Grandeur Living,2,Villa,India,BBQ,Airbnb,Luxury & Spacious 2BHK Villa w/Garden in Indore,https://www.airbnb.co.in/rooms/1395371878264126035
4144,Grandeur Living,2,Villa,India,BBQ,Booking.com,StayVista's Grandeur Living Villa - 2BHK with BBQ,https://www.booking.com/hotel/in/stayvista-at-grandeur-living-villa-with-bbq-wi-fi.html
4144,Grandeur Living,2,Villa,India,BBQ,MakeMyTrip,StayVista at Grandeur Living Villa,https://www.makemytrip.com/hotels/hotel-details/?hotelId=202504140541159975&_uCurrency=INR&checkin=11252025&checkout=11262025&city=CTAGR&country=IN&funnelType=getaway&lat=27.16779&lng=78.04893&locusId=ZNDEL67F7E280&locusType=zone&rank=1&roomStayQualifier=2e0e&seekSummaryRequired=false&viewType=LUXE&mtkeys=defaultMtkey
4407,Selene,5,Villa,Goa,"Pool, Jacuzzi",Agoda,Villa Selene by Vieda - Part of StayVista,https://www.agoda.com/en-in/stayvista-at-villa-selene-dolly-j-homes/hotel/goa-in.html
4407,Selene,5,Villa,Goa,"Pool, Jacuzzi",Airbnb,5BR|Luxe Pool+Bathtub|StayVista| Villa Selene @Goa,https://www.airbnb.co.in/rooms/1399643083184544511
4407,Selene,5,Villa,Goa,"Pool, Jacuzzi",Booking.com,"Villa Selene - Dolly J Homes - Sangolda by VIEDA, StayVista - 5BHK with Jacuzzi & Bar",https://www.booking.com/hotel/in/villa-selene.html
4407,Selene,5,Villa,Goa,"Pool, Jacuzzi",MakeMyTrip,StayVista at Villa Selene - Dolly J Homes,https://www.makemytrip.com/hotels/hotel-details/?hotelId=202504141528181933&_uCurrency=INR&checkin=11252025&checkout=11262025&city=CTAGR&country=IN&funnelType=getaway&lat=27.16779&lng=78.04893&locusId=ZNDEL67F7E280&locusType=zone&rank=1&roomStayQualifier=2e0e&seekSummaryRequired=false&viewType=LUXE&mtkeys=defaultMtkey
4531,The Five Oaks,3,Villa,Karjat,"Private Pool, Mountain View",Agoda,StayVista at The Five Oaks,https://www.agoda.com/en-in/stayvista-at-the-five-oaks-private-pool-cottages/hotel/karjat-in.html
4531,The Five Oaks,3,Villa,Karjat,"Private Pool, Mountain View",Airbnb,The Five Oaks w/ Lux Private Pool Cottages @Karjat,https://www.airbnb.co.in/rooms/1412788511774030387
4531,The Five Oaks,3,Villa,Karjat,"Private Pool, Mountain View",Booking.com,The Five Oaks by StayVista - Mountain View & Private Pool,https://www.booking.com/hotel/in/the-five-oaks.html
4531,The Five Oaks,3,Villa,Karjat,"Private Pool, Mountain View",MakeMyTrip,StayVista at The Five Oaks - Private Pool Cottages,https://www.makemytrip.com/hotels/hotel-details/?hotelId=202505281432423966&_uCurrency=INR&checkin=11252025&checkout=11262025&city=CTAGR&country=IN&funnelType=getaway&lat=27.16779&lng=78.04893&locusId=ZNDEL67F7E280&locusType=zone&rank=1&roomStayQualifier=2e0e&seekSummaryRequired=false&viewType=LUXE&mtkeys=defaultMtkey
4600,The Binclave,3,Villa,Jaipur,"Pool, Jacuzzi",Agoda,StayVista at The Binclave with Bar and Pool,https://www.agoda.com/en-in/stayvista-at-the-binclave/hotel/jaipur-in.html
4600,The Binclave,3,Villa,Jaipur,"Pool, Jacuzzi",Airbnb,3BHK | Jacuzzi Pool | StayVista | Binclave @Jaipur,https://www.airbnb.co.in/rooms/1396882556708831111
4600,The Binclave,3,Villa,Jaipur,"Pool, Jacuzzi",Booking.com,The Binclave by StayVista - 3BHK Villa with Home Theatre & Jacuzzi,https://www.booking.com/hotel/in/stayvista-at-the-binclave.html
4600,The Binclave,3,Villa,Jaipur,"Pool, Jacuzzi",MakeMyTrip,StayVista at The Binclave,https://www.makemytrip.com/hotels/hotel-details/?hotelId=202504150250324949&_uCurrency=INR&checkin=11252025&checkout=11262025&city=CTAGR&country=IN&funnelType=getaway&lat=27.16779&lng=78.04893&locusId=ZNDEL67F7E280&locusType=zone&rank=1&roomStayQualifier=2e0e&seekSummaryRequired=false&viewType=LUXE&mtkeys=defaultMtkey
4500,Uno at The Himalayan Den,4,Villa,India,"Jacuzzi, Bonfire",Agoda,StayVista at Uno @ The Himalayan Den,https://www.agoda.com/en-in/stayvista-at-dos-the-himalayan-den/hotel/solan-in.html
4500,Uno at The Himalayan Den,4,Villa,India,"Jacuzzi, Bonfire",Airbnb,StayVista at Uno @ The Himalayan Den w/ Bonfire,https://www.airbnb.co.in/rooms/1738821433632600799
4500,Uno at The Himalayan Den,4,Villa,India,"Jacuzzi, Bonfire",Booking.com,StayVista's Uno at The Himalayan Den - 4BHK Mountain-View Villa with Sports Turf,https://www.booking.com/hotel/in/stayvista-at-uno-the-himalayan-den-with-jacuzzi.html
4500,Uno at The Himalayan Den,4,Villa,India,"Jacuzzi, Bonfire",MakeMyTrip,StayVista at Uno @ The Himalayan Den,https://www.makemytrip.com/hotels/hotel-details/?hotelId=202504151057361219&_uCurrency=INR&checkin=11252025&checkout=11262025&city=CTAGR&country=IN&funnelType=getaway&lat=27.16779&lng=78.04893&locusId=ZNDEL67F7E280&locusType=zone&rank=1&roomStayQualifier=2e0e&seekSummaryRequired=false&viewType=LUXE&mtkeys=defaultMtkey
4482,Azure Bliss,5,Villa,Alibaug,"Private Pool, BBQ",Agoda,StayVista at Azure Bliss,https://www.agoda.com/en-in/stayvista-at-azure-bliss-with-huge-pool-bbq-wi-fi/hotel/alibaug-in.html
4482,Azure Bliss,5,Villa,Alibaug,"Private Pool, BBQ",Airbnb,5BR|Luxe Pool+BBQ|StayVista| Azure Bliss @Alibaug,https://www.airbnb.co.in/rooms/1399062164970248262
4482,Azure Bliss,5,Villa,Alibaug,"Private Pool, BBQ",Booking.com,Azure Bliss by StayVista - 5BHK Villa with Bar & Private Pool,https://www.booking.com/hotel/in/stayvista-at-azure-bliss-with-huge-pool-bbq-wi-fi.html
4482,Azure Bliss,5,Villa,Alibaug,"Private Pool, BBQ",MakeMyTrip,StayVista at Azure Bliss,https://www.makemytrip.com/hotels/hotel-details/?hotelId=202504151952153863&_uCurrency=INR&checkin=11252025&checkout=11262025&city=CTAGR&country=IN&funnelType=getaway&lat=27.16779&lng=78.04893&locusId=ZNDEL67F7E280&locusType=zone&rank=1&roomStayQualifier=2e0e&seekSummaryRequired=false&viewType=LUXE&mtkeys=defaultMtkey
4465,Mud & Mirage,3,Villa,India,Private Pool,Agoda,StayVista at Mud & Mirage,https://www.agoda.com/stayvista-at-mud-mirage/hotel/pilibhit-in.html
4465,Mud & Mirage,3,Villa,India,Private Pool,Airbnb,"3BR Mud & Mirage w/AC, Garden & Wifi | Pilibhit",https://www.airbnb.co.in/rooms/1514352669074642242
4465,Mud & Mirage,3,Villa,India,Private Pool,Booking.com,StayVista's Mud & Mirage - Pet Friendly & Projector,https://www.booking.com/hotel/in/stayvista-at-mud-amp-mirage.html
4465,Mud & Mirage,3,Villa,India,Private Pool,MakeMyTrip,StayVista at Mud & Mirage,https://www.makemytrip.com/hotels/hotel-details/?hotelId=202504120314552452&_uCurrency=INR&checkin=11252025&checkout=11262025&city=CTAGR&country=IN&funnelType=getaway&lat=27.16779&lng=78.04893&locusId=ZNDEL67F7E280&locusType=zone&rank=1&roomStayQualifier=2e0e&seekSummaryRequired=false&viewType=LUXE&mtkeys=defaultMtkey
4581,Sicily,7,Villa,Lonavala,"Pool, Jacuzzi",Agoda,StayVista at Sicily,https://www.agoda.com/en-in/stayvista-at-la-palm-sisily/hotel/lonavala-in.html
4581,Sicily,7,Villa,Lonavala,"Pool, Jacuzzi",Airbnb,"Sicily – Luxe Stay W/ Pool, Wi-Fi & Games Turf",https://www.airbnb.co.in/rooms/1402066850842478837
4581,Sicily,7,Villa,Lonavala,"Pool, Jacuzzi",Booking.com,StayVista's Sicily - 7BHK Villa with Gym & Jacuzzi,https://www.booking.com/hotel/in/la-palm-sisily.html
4581,Sicily,7,Villa,Lonavala,"Pool, Jacuzzi",MakeMyTrip,StayVista at Sicily,https://www.makemytrip.com/hotels/hotel-details/?hotelId=202504181651475425&_uCurrency=INR&checkin=11252025&checkout=11262025&city=CTAGR&country=IN&funnelType=getaway&lat=27.16779&lng=78.04893&locusId=ZNDEL67F7E280&locusType=zone&rank=1&roomStayQualifier=2e0e&seekSummaryRequired=false&viewType=LUXE&mtkeys=defaultMtkey
4549,Aruvi,4,Villa,Ooty,"Bonfire, BBQ",Agoda,StayVista at Villa Aruvi,https://www.agoda.com/en-in/stayvista-at-villa-aruvi/hotel/ooty-in.html
4549,Aruvi,4,Villa,Ooty,"Bonfire, BBQ",Airbnb,4BHK Wifi+Bonfire |StayVista| Villa Aruvi @Ooty,https://www.airbnb.co.in/rooms/1409447071066439393
4549,Aruvi,4,Villa,Ooty,"Bonfire, BBQ",Booking.com,StayVista's Villa Aruvi - 5BHK with Bar & BBQ,https://www.booking.com/hotel/in/stayvista-at-villa-aruvi.html
4549,Aruvi,4,Villa,Ooty,"Bonfire, BBQ",MakeMyTrip,StayVista at Villa Aruvi,https://www.makemytrip.com/hotels/hotel-details/?hotelId=202504281430137944&_uCurrency=INR&checkin=11252025&checkout=11262025&city=CTAGR&country=IN&funnelType=getaway&lat=27.16779&lng=78.04893&locusId=ZNDEL67F7E280&locusType=zone&rank=1&roomStayQualifier=2e0e&seekSummaryRequired=false&viewType=LUXE&mtkeys=defaultMtkey
4458,Windy Ridge by VEO,4,Villa,Lonavala,"Private Pool, BBQ, Gazebo",Agoda,Windy Ridge by VEO - Part of StayVista,https://www.agoda.com/en-in/stayvista-at-windy-ridge/hotel/lonavala-in.html
4458,Windy Ridge by VEO,4,Villa,Lonavala,"Private Pool, BBQ, Gazebo",Airbnb,4BHK |Pool-Lux| StayVista| Windy Ridge@Lonavala,https://www.airbnb.co.in/rooms/1409866157674306005
4458,Windy Ridge by VEO,4,Villa,Lonavala,"Private Pool, BBQ, Gazebo",Booking.com,"Windy Ridge by VEO, StayVista - 4BHK Villa with Private Pool & Gazebo",https://www.booking.com/hotel/in/stayvista-at-windy-ridge-with-pool-and-bbq.html
4458,Windy Ridge by VEO,4,Villa,Lonavala,"Private Pool, BBQ, Gazebo",MakeMyTrip,Windy Ridge by VEO - Part of StayVista,https://www.makemytrip.com/hotels/hotel-details/?hotelId=202505071557177381&_uCurrency=INR&checkin=11252025&checkout=11262025&city=CTAGR&country=IN&funnelType=getaway&lat=27.16779&lng=78.04893&locusId=ZNDEL67F7E280&locusType=zone&rank=1&roomStayQualifier=2e0e&seekSummaryRequired=false&viewType=LUXE&mtkeys=defaultMtkey
4416,Aarna,4,Estate,India,"Private Pool, Lawn",Agoda,StayVista at Aarna Estate,https://www.agoda.com/en-gb/stayvista-at-aarna-estate/hotel/new-delhi-and-ncr-in.html
4416,Aarna,4,Estate,India,"Private Pool, Lawn",Airbnb,Aarna Estate w/ Private Pool & Pickleball Court,https://www.airbnb.co.in/rooms/1410513303075848763
4416,Aarna,4,Estate,India,"Private Pool, Lawn",Booking.com,StayVista's Aarna Estate - 4BHK with Bar & Alfresco Dining,https://www.booking.com/hotel/in/stayvista-at-aarna-estate-with-library-lawn.html
4416,Aarna,4,Estate,India,"Private Pool, Lawn",MakeMyTrip,StayVista at Aarna Estate - Pvt Pool & Pickleball Court,https://www.makemytrip.com/hotels/hotel-details/?hotelId=202504291144307601&_uCurrency=INR&checkin=11252025&checkout=11262025&city=CTAGR&country=IN&funnelType=getaway&lat=27.16779&lng=78.04893&locusId=ZNDEL67F7E280&locusType=zone&rank=1&roomStayQualifier=2e0e&seekSummaryRequired=false&viewType=LUXE&mtkeys=defaultMtkey
4230,Creative Castle,1,Villa,India,Private Pool,Agoda,StayVista at Creative Castle,https://www.agoda.com/en-in/stayvista-at-creative-castle/hotel/pondicherry-in.html
4230,Creative Castle,1,Villa,India,Private Pool,Airbnb,1R|PetReady|StayVista| Creative Castle@Pondicherry,https://www.airbnb.co.in/rooms/1409908929160649496
4230,Creative Castle,1,Villa,India,Private Pool,Booking.com,"Creative Castle by VEO, StayVista - 1BHK Pet-Friendly Villa Near Puducherry Airport",https://www.booking.com/hotel/in/stayvista-at-creative-castle.html
4230,Creative Castle,1,Villa,India,Private Pool,MakeMyTrip,StayVista at Creative Castle,https://www.makemytrip.com/hotels/hotel-details/?hotelId=202505021252378794&_uCurrency=INR&checkin=11252025&checkout=11262025&city=CTAGR&country=IN&funnelType=getaway&lat=27.16779&lng=78.04893&locusId=ZNDEL67F7E280&locusType=zone&rank=1&roomStayQualifier=2e0e&seekSummaryRequired=false&viewType=LUXE&mtkeys=defaultMtkey
4670,The White Canopy,4,Villa,Mahabaleshwar,"Lawn, BBQ, Gazebo",Agoda,StayVista at The White Canopy,https://www.agoda.com/en-in/stayvista-at-the-white-canopy/hotel/mahabaleshwar-in.html
4670,The White Canopy,4,Villa,Mahabaleshwar,"Lawn, BBQ, Gazebo",Airbnb,"4BR - The White Canopy @ StayVista, w/ BBQ& Lawn",https://www.airbnb.co.in/rooms/1412253920497945596
4670,The White Canopy,4,Villa,Mahabaleshwar,"Lawn, BBQ, Gazebo",Booking.com,The White Canopy by StayVista - 4BHK Villa with Karaoke & Gazebo,https://www.booking.com/hotel/in/stayvista-at-the-white-canopy-with-bbq-amp-lawn.html
4670,The White Canopy,4,Villa,Mahabaleshwar,"Lawn, BBQ, Gazebo",MakeMyTrip,StayVista at The White Canopy,https://www.makemytrip.com/hotels/hotel-details/?hotelId=202505021614208054&_uCurrency=INR&checkin=11252025&checkout=11262025&city=CTAGR&country=IN&funnelType=getaway&lat=27.16779&lng=78.04893&locusId=ZNDEL67F7E280&locusType=zone&rank=1&roomStayQualifier=2e0e&seekSummaryRequired=false&viewType=LUXE&mtkeys=defaultMtkey
4058,Manthan,6,Villa,Lonavala,"Pool, Jacuzzi, BBQ",Agoda,StayVista at Manthan,https://www.agoda.com/en-gb/stayvista-at-manthan/hotel/lonavala-in.html
4058,Manthan,6,Villa,Lonavala,"Pool, Jacuzzi, BBQ",Airbnb,6BR Pool Escape| StayVista|Manthan Villa @Lonavala,https://www.airbnb.co.in/rooms/1412097856046761270
4058,Manthan,6,Villa,Lonavala,"Pool, Jacuzzi, BBQ",Booking.com,StayVista's Manthan - 6BHK Pet-Friendly Villa with Karaoke,https://www.booking.com/hotel/in/stayvista-at-manthan-with-bbq-jacuzzi.html
4058,Manthan,6,Villa,Lonavala,"Pool, Jacuzzi, BBQ",MakeMyTrip,StayVista at Manthan,https://www.makemytrip.com/hotels/hotel-details/?hotelId=202505021638513257&_uCurrency=INR&checkin=11252025&checkout=11262025&city=CTAGR&country=IN&funnelType=getaway&lat=27.16779&lng=78.04893&locusId=ZNDEL67F7E280&locusType=zone&rank=1&roomStayQualifier=2e0e&seekSummaryRequired=false&viewType=LUXE&mtkeys=defaultMtkey
4393,Tatvam,3,Villa,India,"Mountain View, BBQ",Agoda,StayVista at Tatvam,https://www.agoda.com/en-in/stayvista-at-tatvam/hotel/lansdowne-in.html
4393,Tatvam,3,Villa,India,"Mountain View, BBQ",Airbnb,"StayVista at tatvam w/ Mountain views, AC",https://www.airbnb.co.in/rooms/1412063723860901268
4393,Tatvam,3,Villa,India,"Mountain View, BBQ",Booking.com,Tatvam by StayVista - Pet Friendly & BBQ,https://www.booking.com/hotel/in/tatvam-resort.html
4393,Tatvam,3,Villa,India,"Mountain View, BBQ",MakeMyTrip,StayVista at tatvam,https://www.makemytrip.com/hotels/hotel-details/?hotelId=202505021459003426&_uCurrency=INR&checkin=11252025&checkout=11262025&city=CTAGR&country=IN&funnelType=getaway&lat=27.16779&lng=78.04893&locusId=ZNDEL67F7E280&locusType=zone&rank=1&roomStayQualifier=2e0e&seekSummaryRequired=false&viewType=LUXE&mtkeys=defaultMtkey
4406,Bourbon Sky,3,Villa,Mussoorie,"Lawn, Bonfire, BBQ",Agoda,StayVista at Bourbon Sky,https://www.agoda.com/en-in/stayvista-at-bourbon-sky/hotel/mussoorie-in.html
4406,Bourbon Sky,3,Villa,Mussoorie,"Lawn, Bonfire, BBQ",Airbnb,3BR|Serene Views|StayVista| Bourbon Sky @Mussoorie,https://www.airbnb.co.in/rooms/1414896869176036110
4406,Bourbon Sky,3,Villa,Mussoorie,"Lawn, Bonfire, BBQ",Booking.com,StayVista's Bourbon Sky - 3BHK Mountain-View Villa with BBQ,https://www.booking.com/hotel/in/stayvista-at-bourbon-sky-with-bonfire-bbq-lawn.html
4406,Bourbon Sky,3,Villa,Mussoorie,"Lawn, Bonfire, BBQ",MakeMyTrip,StayVista at Bourbon Sky,https://www.makemytrip.com/hotels/hotel-details/?hotelId=202505051232364120&_uCurrency=INR&checkin=11252025&checkout=11262025&city=CTAGR&country=IN&funnelType=getaway&lat=27.16779&lng=78.04893&locusId=ZNDEL67F7E280&locusType=zone&rank=1&roomStayQualifier=2e0e&seekSummaryRequired=false&viewType=LUXE&mtkeys=defaultMtkey
4646,Of Palm,4,House,Jaipur,Plunge Pool,Agoda,StayVista at House Of Palm,https://www.agoda.com/stayvista-at-house-of-palm/hotel/jaipur-in.html?hotel_id=72083301&_ga=2.15442998.1469992622.1746428324-265344572.1724309051&ds=OvGRwL5Bh8XOZVMW
4646,Of Palm,4,House,Jaipur,Plunge Pool,Airbnb,4BR Pool+Min Theat|StayVista| House of Palm@Jaipur,https://www.airbnb.co.in/rooms/1414987451811051375
4646,Of Palm,4,House,Jaipur,Plunge Pool,Booking.com,StayVista's House of Palm - 4BHK with Plunge Pool & Pet Friendly,https://www.booking.com/hotel/in/stayvista-at-house-of-palm.html
4646,Of Palm,4,House,Jaipur,Plunge Pool,MakeMyTrip,StayVista at House Of Palm,https://www.makemytrip.com/hotels/hotel-details/?hotelId=202505051228279833&_uCurrency=INR&checkin=11252025&checkout=11262025&city=CTAGR&country=IN&funnelType=getaway&lat=27.16779&lng=78.04893&locusId=ZNDEL67F7E280&locusType=zone&rank=1&roomStayQualifier=2e0e&seekSummaryRequired=false&viewType=LUXE&mtkeys=defaultMtkey
4541,Eleve,5,Villa,Lonavala,"Pool, Bonfire, Gazebo",Agoda,StayVista at Villa Eleve,https://www.agoda.com/en-in/stayvista-at-villa-eleve/hotel/ambegaon-in.html
4541,Eleve,5,Villa,Lonavala,"Pool, Bonfire, Gazebo",Airbnb,5BR-Infi Pool+ View+ Gazebo-Eleve Villa-Lonavala,https://www.airbnb.co.in/rooms/1415615144935662350
4541,Eleve,5,Villa,Lonavala,"Pool, Bonfire, Gazebo",Booking.com,StayVista's Villa Eleve - 5BHK with Pet Friendly & Bar,https://www.booking.com/hotel/in/stayvista-at-villa-eleve-with-bonfire-pool.html
4541,Eleve,5,Villa,Lonavala,"Pool, Bonfire, Gazebo",MakeMyTrip,StayVista at Villa Eleve,https://www.makemytrip.com/hotels/hotel-details/?hotelId=202505051431118738&_uCurrency=INR&checkin=11252025&checkout=11262025&city=CTAGR&country=IN&funnelType=getaway&lat=27.16779&lng=78.04893&locusId=ZNDEL67F7E280&locusType=zone&rank=1&roomStayQualifier=2e0e&seekSummaryRequired=false&viewType=LUXE&mtkeys=defaultMtkey
4653,Tarikaâ€™s Goldshore by VEO,3,Villa,Goa,Pool,Agoda,Tarikaâ€™s Goldshore by VEO - Part of StayVista,https://www.agoda.com/stayvista-at-tarika-s-goldshore/hotel/goa-in.html
4653,Tarikaâ€™s Goldshore by VEO,3,Villa,Goa,Pool,Airbnb,3BR|Luxury Pool|StayVista| Tarika’s Goldshore @Goa,https://www.airbnb.co.in/rooms/1420104360206545654
4653,Tarikaâ€™s Goldshore by VEO,3,Villa,Goa,Pool,Booking.com,StayVista's Tarika's Goldshore - Varca - 3BHK Pet-Friendly Villa with Shared Pool,https://www.booking.com/hotel/in/stayvista-at-tarikas-goldshore.html
4653,Tarikaâ€™s Goldshore by VEO,3,Villa,Goa,Pool,MakeMyTrip,Tarika's Goldshore by VEO - Part of StayVista,https://www.makemytrip.com/hotels/hotel-details/?hotelId=202505161502166803&_uCurrency=INR&checkin=11252025&checkout=11262025&city=CTAGR&country=IN&funnelType=getaway&lat=27.16779&lng=78.04893&locusId=ZNDEL67F7E280&locusType=zone&rank=1&roomStayQualifier=2e0e&seekSummaryRequired=false&viewType=LUXE&mtkeys=defaultMtkey
4690,The Himalayan Echo,8,Villa,Mukteshwar,"Lawn, Bonfire",Agoda,StayVista at The Himalayan Echo,https://www.agoda.com/en-in/stayvista-at-the-himalayan-echo-with-lawn-bonfire/hotel/mukteshwar-in.html
4690,The Himalayan Echo,8,Villa,Mukteshwar,"Lawn, Bonfire",Airbnb,8BR|Hill Stay|StayVist| Himalayan Echo @Chaukhuta,https://www.airbnb.co.in/rooms/1420037749736276483
4690,The Himalayan Echo,8,Villa,Mukteshwar,"Lawn, Bonfire",Booking.com,The Himalayan Echo - Mukteshwar by StayVista - 8BHK Pet-Friendly Villa,https://www.booking.com/hotel/in/stayvista-at-the-himalayan-echo.html
4690,The Himalayan Echo,8,Villa,Mukteshwar,"Lawn, Bonfire",MakeMyTrip,StayVista at The Himalayan Echo,https://www.makemytrip.com/hotels/hotel-details/?hotelId=202505161141228262&_uCurrency=INR&checkin=11252025&checkout=11262025&city=CTAGR&country=IN&funnelType=getaway&lat=27.16779&lng=78.04893&locusId=ZNDEL67F7E280&locusType=zone&rank=1&roomStayQualifier=2e0e&seekSummaryRequired=false&viewType=LUXE&mtkeys=defaultMtkey
4711,Retreat Cottages,6,Cottage,Manali,"Lawn, Bonfire",Agoda,StayVista at Retreat Cottages,https://www.agoda.com/en-in/stayvista-at-retreat-cottages-with-lawn-bonfire/hotel/manali-in.html
4711,Retreat Cottages,6,Cottage,Manali,"Lawn, Bonfire",Airbnb,6BR Luxury Hill Cottage | Retreat Cottages @Manali,https://www.airbnb.co.in/rooms/1422256687923874991
4711,Retreat Cottages,6,Cottage,Manali,"Lawn, Bonfire",Booking.com,Retreat Cottages by StayVista - Alfresco Dining,https://www.booking.com/hotel/in/stayvista-at-retreat-cottages.html
4711,Retreat Cottages,6,Cottage,Manali,"Lawn, Bonfire",MakeMyTrip,StayVista at Retreat Cottages,https://www.makemytrip.com/hotels/hotel-details/?hotelId=202505180950142762&_uCurrency=INR&checkin=11252025&checkout=11262025&city=CTAGR&country=IN&funnelType=getaway&lat=27.16779&lng=78.04893&locusId=ZNDEL67F7E280&locusType=zone&rank=1&roomStayQualifier=2e0e&seekSummaryRequired=false&viewType=LUXE&mtkeys=defaultMtkey
4632,Echoes of Ease,4,Villa,Rishikesh,"Bonfire, BBQ",Agoda,StayVista at Echoes of Ease,https://www.agoda.com/en-in/stayvista-at-echoes-of-ease/hotel/narendra-nagar-in.html
4632,Echoes of Ease,4,Villa,Rishikesh,"Bonfire, BBQ",Airbnb,"Rishikesh | 4BR Echoes of Ease w/Views, Wifi & BBQ",https://www.airbnb.co.in/rooms/1424382354266503647
4632,Echoes of Ease,4,Villa,Rishikesh,"Bonfire, BBQ",Booking.com,"Echoes of Ease by VEO, StayVista - 4BHK Villa with BBQ & Bonfire",https://www.booking.com/hotel/in/stayvista-at-echoes-of-ease-with-bonfire-amp-wifi.html
4632,Echoes of Ease,4,Villa,Rishikesh,"Bonfire, BBQ",MakeMyTrip,StayVista at Echoes of Ease,https://www.makemytrip.com/hotels/hotel-details/?hotelId=202505191211283295&_uCurrency=INR&checkin=11252025&checkout=11262025&city=CTAGR&country=IN&funnelType=getaway&lat=27.16779&lng=78.04893&locusId=ZNDEL67F7E280&locusType=zone&rank=1&roomStayQualifier=2e0e&seekSummaryRequired=false&viewType=LUXE&mtkeys=defaultMtkey
4568,Anya Nirvana,4,Villa,Goa,"Private Pool, Jacuzzi",Agoda,StayVista at Anya Nirvana,https://www.agoda.com/en-gb/stayvista-at-anya-nirvana/hotel/goa-in.html
4568,Anya Nirvana,4,Villa,Goa,"Private Pool, Jacuzzi",Airbnb,4BR |Luxury Pool|StayVista| Anya Nirvana @Goa,https://www.airbnb.co.in/rooms/1426513325259296409
4568,Anya Nirvana,4,Villa,Goa,"Private Pool, Jacuzzi",Booking.com,StayVista's Anya Nirvana - Benaulim - 4BHK Villa with Jacuzzi & Private Pool,https://www.booking.com/hotel/in/stayvista-at-anya-nirvana.html
4568,Anya Nirvana,4,Villa,Goa,"Private Pool, Jacuzzi",MakeMyTrip,StayVista at Anya Nirvana,https://www.makemytrip.com/hotels/hotel-details/?hotelId=202504281552342891&_uCurrency=INR&checkin=11252025&checkout=11262025&city=CTAGR&country=IN&funnelType=getaway&lat=27.16779&lng=78.04893&locusId=ZNDEL67F7E280&locusType=zone&rank=1&roomStayQualifier=2e0e&seekSummaryRequired=false&viewType=LUXE&mtkeys=defaultMtkey
4661,Avyanna,6,Villa,Lonavala,Pool,Agoda,StayVista at Avyanna Villa,https://www.agoda.com/en-gb/stayvista-at-avyanna-villa/hotel/malavli-in.html
4661,Avyanna,6,Villa,Lonavala,Pool,Airbnb,"Avyanna Villa - 6 BHK - w/Pool, Veg - Lonavala",https://www.airbnb.co.in/rooms/1430098170842692767
4661,Avyanna,6,Villa,Lonavala,Pool,Booking.com,StayVista's Avyanna Villa - 6BHK with Pet Friendly & Bar,https://www.booking.com/hotel/in/stayvista-at-avyanna-villa.html
4661,Avyanna,6,Villa,Lonavala,Pool,MakeMyTrip,StayVista at Avyanna Villa,https://www.makemytrip.com/hotels/hotel-details/?hotelId=202506101259443283&_uCurrency=INR&checkin=11252025&checkout=11262025&city=CTAGR&country=IN&funnelType=getaway&lat=27.16779&lng=78.04893&locusId=ZNDEL67F7E280&locusType=zone&rank=1&roomStayQualifier=2e0e&seekSummaryRequired=false&viewType=LUXE&mtkeys=defaultMtkey
4154,Pranah,7,Villa,Lonavala,"Pool, Lawn, BBQ",Agoda,StayVista at Pranah,https://www.agoda.com/en-in/stayvista-at-pranah/hotel/matheran-in.html
4154,Pranah,7,Villa,Lonavala,"Pool, Lawn, BBQ",Airbnb,7BR|Architect Villa|StayVista| Pranah @Lonavala,https://www.airbnb.co.in/rooms/1431613588131013445
4154,Pranah,7,Villa,Lonavala,"Pool, Lawn, BBQ",Booking.com,StayVista's Pranah - 7BHK Pet-Friendly Villa with Bar,https://www.booking.com/hotel/in/stayvista-at-pranah-with-pool-bbq-lawn.html
4154,Pranah,7,Villa,Lonavala,"Pool, Lawn, BBQ",MakeMyTrip,StayVista at Pranah,https://www.makemytrip.com/hotels/hotel-details/?hotelId=202505291039208487&_uCurrency=INR&checkin=11252025&checkout=11262025&city=CTAGR&country=IN&funnelType=getaway&lat=27.16779&lng=78.04893&locusId=ZNDEL67F7E280&locusType=zone&rank=1&roomStayQualifier=2e0e&seekSummaryRequired=false&viewType=LUXE&mtkeys=defaultMtkey
4675,Kailaasa,2,Villa,Ooty,"Plunge Pool, Bonfire",Agoda,StayVista at Kailaasa,https://www.agoda.com/en-in/stayvista-at-kailaasa/hotel/coorg-in.html
4675,Kailaasa,2,Villa,Ooty,"Plunge Pool, Bonfire",Airbnb,2BR| River+Pool+Bonfire|StayVista| Kailaasa @Ooty,https://www.airbnb.co.in/rooms/1432495737163448040
4675,Kailaasa,2,Villa,Ooty,"Plunge Pool, Bonfire",Booking.com,StayVista's Kailaasa - 2BHK Pet-Friendly Villa with Plunge Pool,https://www.booking.com/hotel/in/stayvista-at-kailaasa.html
4675,Kailaasa,2,Villa,Ooty,"Plunge Pool, Bonfire",MakeMyTrip,StayVista at Kailaasa,https://www.makemytrip.com/hotels/hotel-details/?hotelId=202506150438296537&_uCurrency=INR&checkin=11252025&checkout=11262025&city=CTAGR&country=IN&funnelType=getaway&lat=27.16779&lng=78.04893&locusId=ZNDEL67F7E280&locusType=zone&rank=1&roomStayQualifier=2e0e&seekSummaryRequired=false&viewType=LUXE&mtkeys=defaultMtkey
4728,Belas Palmeiras by VEO,2,Villa,Alibaug,Private Pool,Agoda,Belas Palmeiras by VEO - Part of StayVista,https://www.agoda.com/en-in/stayvista-at-belas-palmeiras/hotel/alibaug-in.html
4728,Belas Palmeiras by VEO,2,Villa,Alibaug,Private Pool,Airbnb,Belas Palmeiras 2bhk villa with pool by StayVista,https://www.airbnb.co.in/rooms/1426638651244980431
4728,Belas Palmeiras by VEO,2,Villa,Alibaug,Private Pool,Booking.com,"Belas Palmeiras by VEO, StayVista - 2BHK Villa with Bar & Private Pool",https://www.booking.com/hotel/in/belas-palmeiras.html
4728,Belas Palmeiras by VEO,2,Villa,Alibaug,Private Pool,MakeMyTrip,Belas Palmeiras by VEO - Part of StayVista,https://www.makemytrip.com/hotels/hotel-details/?hotelId=202505311014366984&_uCurrency=INR&checkin=11252025&checkout=11262025&city=CTAGR&country=IN&funnelType=getaway&lat=27.16779&lng=78.04893&locusId=ZNDEL67F7E280&locusType=zone&rank=1&roomStayQualifier=2e0e&seekSummaryRequired=false&viewType=LUXE&mtkeys=defaultMtkey
4678,The Secret Glen by VEO,3,Villa,Ooty,"Mountain View, Bonfire, BBQ",Agoda,The Secret Glen by VEO - Part of StayVista,https://www.agoda.com/stayvista-at-the-secret-glen/hotel/ooty-in.html
4678,The Secret Glen by VEO,3,Villa,Ooty,"Mountain View, Bonfire, BBQ",Airbnb,3BHK | Mountain View + Breakfast | Ooty,https://www.airbnb.co.in/rooms/1430348017880606740
4678,The Secret Glen by VEO,3,Villa,Ooty,"Mountain View, Bonfire, BBQ",Booking.com,"The Secret Glen by VEO, StayVista - 3BHK Villa with BBQ & Bonfire",https://www.booking.com/hotel/in/stayvista-at-the-secret-glen.html
4678,The Secret Glen by VEO,3,Villa,Ooty,"Mountain View, Bonfire, BBQ",MakeMyTrip,The Secret Glen by VEO - Part of StayVista,https://www.makemytrip.com/hotels/hotel-details/?hotelId=202506021420253639&_uCurrency=INR&checkin=11252025&checkout=11262025&city=CTAGR&country=IN&funnelType=getaway&lat=27.16779&lng=78.04893&locusId=ZNDEL67F7E280&locusType=zone&rank=1&roomStayQualifier=2e0e&seekSummaryRequired=false&viewType=LUXE&mtkeys=defaultMtkey
4540,Bayleaf,3,Villa,Nashik,"Private Pool, Lawn",Agoda,StayVista at Bayleaf Villa,https://www.agoda.com/en-in/stayvista-at-bayleaf-villa/hotel/trimbak-in.html
4540,Bayleaf,3,Villa,Nashik,"Private Pool, Lawn",Airbnb,3BHK Pool Villa | StayVista | Bayleaf @Nashik,https://www.airbnb.co.in/rooms/1433130002534301445
4540,Bayleaf,3,Villa,Nashik,"Private Pool, Lawn",Booking.com,StayVista's Bayleaf Villa - 3BHK with Pool Table & Private Pool,https://www.booking.com/hotel/in/stayvista-at-bayleaf-villa-with-pool-lawn-wi-fi.html
4540,Bayleaf,3,Villa,Nashik,"Private Pool, Lawn",MakeMyTrip,StayVista at Bayleaf Villa,https://www.makemytrip.com/hotels/hotel-details/?hotelId=202505311217036900&_uCurrency=INR&checkin=11252025&checkout=11262025&city=CTAGR&country=IN&funnelType=getaway&lat=27.16779&lng=78.04893&locusId=ZNDEL67F7E280&locusType=zone&rank=1&roomStayQualifier=2e0e&seekSummaryRequired=false&viewType=LUXE&mtkeys=defaultMtkey
4774,The Emily Chalet,7,Chalet,Nainital,Lawn,Agoda,StayVista at The Emily Chalet,https://www.agoda.com/en-in/stayvista-at-the-emily-chalet/hotel/nainital-in.html
4774,The Emily Chalet,7,Chalet,Nainital,Lawn,Airbnb,7BR Heritage Emily Chalet Nr. Naini Lake,https://www.airbnb.co.in/rooms/1442667869172693669
4774,The Emily Chalet,7,Chalet,Nainital,Lawn,Booking.com,The Emily Chalet by StayVista - 7BHK with Pet Friendly & Alfresco Dining,https://www.booking.com/hotel/in/stayvista-at-the-emily-chalet.html
4774,The Emily Chalet,7,Chalet,Nainital,Lawn,MakeMyTrip,StayVista at The Emily Chalet,https://www.makemytrip.com/hotels/hotel-details/?hotelId=202506131658075474&_uCurrency=INR&checkin=11252025&checkout=11262025&city=CTAGR&country=IN&funnelType=getaway&lat=27.16779&lng=78.04893&locusId=ZNDEL67F7E280&locusType=zone&rank=1&roomStayQualifier=2e0e&seekSummaryRequired=false&viewType=LUXE&mtkeys=defaultMtkey
4647,Gardenea,7,Villa,Alibaug,"Pool, Lawn",Agoda,StayVista at GardenÃ©a,https://www.agoda.com/en-in/stayvista-at-gardenea/hotel/alibaug-in.html
4647,Gardenea,7,Villa,Alibaug,"Pool, Lawn",Airbnb,7BHK Lux Pool+Lawn Villa | StayVista at Gardenea,https://www.airbnb.co.in/rooms/1444595140036079160
4647,Gardenea,7,Villa,Alibaug,"Pool, Lawn",Booking.com,StayVista's Garden a - 7BHK Villa Near Kihim Beach with Pool Table,https://www.booking.com/hotel/in/gardenea.html
4647,Gardenea,7,Villa,Alibaug,"Pool, Lawn",MakeMyTrip,StayVista at Gardenea,https://www.makemytrip.com/hotels/hotel-details/?hotelId=202506121148503040&_uCurrency=INR&checkin=11252025&checkout=11262025&city=CTAGR&country=IN&funnelType=getaway&lat=27.16779&lng=78.04893&locusId=ZNDEL67F7E280&locusType=zone&rank=1&roomStayQualifier=2e0e&seekSummaryRequired=false&viewType=LUXE&mtkeys=defaultMtkey
4520,Ashbourne,7,Estate,Wada,"Pool, Jacuzzi",Agoda,StayVista at Ashbourne Estate,https://www.agoda.com/en-gb/stayvista-at-ashbourne-estate/hotel/boisar-in.html
4520,Ashbourne,7,Estate,Wada,"Pool, Jacuzzi",Airbnb,"Ashbourne Estate - W/ Luxe/ Pool, Turf & Ent. Room",https://www.airbnb.co.in/rooms/1431751333826957553
4520,Ashbourne,7,Estate,Wada,"Pool, Jacuzzi",Booking.com,StayVista's Ashbourne Estate - Wada - 7BHK with Home Theatre & Jacuzzi,https://www.booking.com/hotel/in/stayvista-at-ashbourne-estate.html
4520,Ashbourne,7,Estate,Wada,"Pool, Jacuzzi",MakeMyTrip,StayVista at Ashbourne Estate,https://www.makemytrip.com/hotels/hotel-details/?hotelId=202506141328434717&_uCurrency=INR&checkin=11252025&checkout=11262025&city=CTAGR&country=IN&funnelType=getaway&lat=27.16779&lng=78.04893&locusId=ZNDEL67F7E280&locusType=zone&rank=1&roomStayQualifier=2e0e&seekSummaryRequired=false&viewType=LUXE&mtkeys=defaultMtkey
4764,Dream Haus,7,Villa,Kasauli,"Jacuzzi, Lawn, BBQ",Agoda,StayVista at Dream Haus,https://www.agoda.com/en-in/stayvista-at-dream-haus/hotel/kasauli-in.html
4764,Dream Haus,7,Villa,Kasauli,"Jacuzzi, Lawn, BBQ",Airbnb,7BR|Lux Jacuzzi+BBQ|StayVista| Dream Haus @Kasauli,https://www.airbnb.co.in/rooms/1442632079958468206
4764,Dream Haus,7,Villa,Kasauli,"Jacuzzi, Lawn, BBQ",Booking.com,Dream Haus by StayVista - 7BHK Mountain-View Apartment with Jacuzzi,https://www.booking.com/hotel/in/stayvista-at-dream-haus-with-lawn-jacuzzi-wifi.html
4764,Dream Haus,7,Villa,Kasauli,"Jacuzzi, Lawn, BBQ",MakeMyTrip,StayVista at Dream Haus,https://www.makemytrip.com/hotels/hotel-details/?hotelId=202506161909105041&_uCurrency=INR&checkin=11252025&checkout=11262025&city=CTAGR&country=IN&funnelType=getaway&lat=27.16779&lng=78.04893&locusId=ZNDEL67F7E280&locusType=zone&rank=1&roomStayQualifier=2e0e&seekSummaryRequired=false&viewType=LUXE&mtkeys=defaultMtkey
4637,Cujo's Haus W/ Heated Floor,5,Cottage,Mukteshwar,BBQ,Agoda,StayVista at Cujo's Haus W/ Heated Floor,https://www.agoda.com/stayvista-at-cujo-s-haus/hotel/mukteshwar-in.html
4637,Cujo's Haus W/ Heated Floor,5,Cottage,Mukteshwar,BBQ,Airbnb,Mukteshwar | 5BR Cujo's Haus w/Heated Floor & Wifi,https://www.airbnb.co.in/rooms/1447446038592274070
4637,Cujo's Haus W/ Heated Floor,5,Cottage,Mukteshwar,BBQ,Booking.com,"Cujo's Haus w Heated Floor by VEO, StayVista - 5BHK Forest-View Cottage with BBQ",https://www.booking.com/hotel/in/cujos-haus.html
4637,Cujo's Haus W/ Heated Floor,5,Cottage,Mukteshwar,BBQ,MakeMyTrip,StayVista at Cujo's Haus W/ Heated Floor,https://www.makemytrip.com/hotels/hotel-details/?hotelId=202506141027125574&_uCurrency=INR&checkin=11252025&checkout=11262025&city=CTAGR&country=IN&funnelType=getaway&lat=27.16779&lng=78.04893&locusId=ZNDEL67F7E280&locusType=zone&rank=1&roomStayQualifier=2e0e&seekSummaryRequired=false&viewType=LUXE&mtkeys=defaultMtkey
4785,Euphoria's Edge,4,Villa,India,BBQ,Agoda,StayVista at Euphoria's Edge,https://www.agoda.com/en-in/stayvista-at-euphoria-s-edge/hotel/almora-in.html
4785,Euphoria's Edge,4,Villa,India,BBQ,Airbnb,4BR|Views+BBQ|StayVista| Euphoria’s Edge @Majkhali,https://www.airbnb.co.in/rooms/1442728334615727226
4785,Euphoria's Edge,4,Villa,India,BBQ,Booking.com,"Euphoria's Edge by VEO, StayVista - 4BHK Villa with BBQ",https://www.booking.com/hotel/in/stayvista-at-euphorias-edge.html
4785,Euphoria's Edge,4,Villa,India,BBQ,MakeMyTrip,StayVista at Euphoria's Edge,https://www.makemytrip.com/hotels/hotel-details/?hotelId=202506142009089490&_uCurrency=INR&checkin=11252025&checkout=11262025&city=CTAGR&country=IN&funnelType=getaway&lat=27.16779&lng=78.04893&locusId=ZNDEL67F7E280&locusType=zone&rank=1&roomStayQualifier=2e0e&seekSummaryRequired=false&viewType=LUXE&mtkeys=defaultMtkey
4713,Mayflower Aramgarh,4,Villa,Manali,"BBQ, Orchard",Agoda,StayVista at Mayflower Aramgarh,https://www.agoda.com/en-in/stayvista-at-mayflower-aramgarh/hotel/manali-in.html
4713,Mayflower Aramgarh,4,Villa,Manali,"BBQ, Orchard",Airbnb,4BR Mayflower Aramgarh BBQ & Orchard Nr Beas River,https://www.airbnb.co.in/rooms/1531022311280367803
4713,Mayflower Aramgarh,4,Villa,Manali,"BBQ, Orchard",Booking.com,StayVista's Mayflower Aramgarh - Raison - 4BHK Mountain-View Villa with Bar,https://www.booking.com/hotel/in/stayvista-at-mayflower-aramgarh.html
4713,Mayflower Aramgarh,4,Villa,Manali,"BBQ, Orchard",MakeMyTrip,StayVista at Mayflower Aramgarh,https://www.makemytrip.com/hotels/hotel-details/?hotelId=202506161823558164&_uCurrency=INR&checkin=11252025&checkout=11262025&city=CTAGR&country=IN&funnelType=getaway&lat=27.16779&lng=78.04893&locusId=ZNDEL67F7E280&locusType=zone&rank=1&roomStayQualifier=2e0e&seekSummaryRequired=false&viewType=LUXE&mtkeys=defaultMtkey
4419,Cliffbourne,5,Villa,Mussoorie,"Bonfire, BBQ",Agoda,StayVista at Cliffbourne,https://www.agoda.com/stayvista-at-glass-forest/hotel/mussoorie-in.html
4419,Cliffbourne,5,Villa,Mussoorie,"Bonfire, BBQ",Airbnb,Mussoorie | 5BR Cliffbourne w/View & Luxe interior,https://www.airbnb.co.in/rooms/1444776259565475486
4419,Cliffbourne,5,Villa,Mussoorie,"Bonfire, BBQ",Booking.com,StayVista's Cliffbourne - 5BHK Villa with BBQ & Bonfire,https://www.booking.com/hotel/in/stayvista-at-glass-forest-with-bonfire-bbq.html
4419,Cliffbourne,5,Villa,Mussoorie,"Bonfire, BBQ",MakeMyTrip,StayVista at Cliffbourne,https://www.makemytrip.com/hotels/hotel-details/?hotelId=202506141352145549&_uCurrency=INR&checkin=11252025&checkout=11262025&city=CTAGR&country=IN&funnelType=getaway&lat=27.16779&lng=78.04893&locusId=ZNDEL67F7E280&locusType=zone&rank=1&roomStayQualifier=2e0e&seekSummaryRequired=false&viewType=LUXE&mtkeys=defaultMtkey
4729,Mirador,4,Villa,Rishikesh,"Bonfire, BBQ",Agoda,StayVista at Villa Mirador,https://www.agoda.com/en-in/stayvista-at-villa-mirador-with-bbq-bonfire-wifi/hotel/narendra-nagar-in.html
4729,Mirador,4,Villa,Rishikesh,"Bonfire, BBQ",Airbnb,"4BR Villa Mirador w/Views, AC & Wifi | Rishikesh",https://www.airbnb.co.in/rooms/1441839470734741000
4729,Mirador,4,Villa,Rishikesh,"Bonfire, BBQ",Booking.com,StayVista's Villa Mirador - 4BHK with Bar & BBQ,https://www.booking.com/hotel/in/stayvista-at-villa-mirador.html
4729,Mirador,4,Villa,Rishikesh,"Bonfire, BBQ",MakeMyTrip,StayVista at Villa Mirador,https://www.makemytrip.com/hotels/hotel-details/?hotelId=202506131146337097&_uCurrency=INR&checkin=11252025&checkout=11262025&city=CTAGR&country=IN&funnelType=getaway&lat=27.16779&lng=78.04893&locusId=ZNDEL67F7E280&locusType=zone&rank=1&roomStayQualifier=2e0e&seekSummaryRequired=false&viewType=LUXE&mtkeys=defaultMtkey
4804,The Ever,12,Villa,Kasauli,"Pool, Jacuzzi",Agoda,StayVista at The Ever House,https://www.agoda.com/en-in/stayvista-at-the-ever-house/hotel/kasauli-in.html
4804,The Ever,12,Villa,Kasauli,"Pool, Jacuzzi",Airbnb,12BR Villa The Ever House W/Outdoor Heated Pool,https://www.airbnb.co.in/rooms/1446122171148974339
4804,The Ever,12,Villa,Kasauli,"Pool, Jacuzzi",Booking.com,The Ever House by StayVista - 12BHK with Pet Friendly & Jacuzzi,https://www.booking.com/hotel/in/stayvista-at-the-ever-house.html
4804,The Ever,12,Villa,Kasauli,"Pool, Jacuzzi",MakeMyTrip,StayVista at The Ever House,https://www.makemytrip.com/hotels/hotel-details/?hotelId=202506181937292439&_uCurrency=INR&checkin=11252025&checkout=11262025&city=CTAGR&country=IN&funnelType=getaway&lat=27.16779&lng=78.04893&locusId=ZNDEL67F7E280&locusType=zone&rank=1&roomStayQualifier=2e0e&seekSummaryRequired=false&viewType=LUXE&mtkeys=defaultMtkey
4542,Veya by VEO,5,Villa,India,River View,Agoda,Villa Veya by VEO - Part of StayVista,https://www.agoda.com/stayvista-at-villa-veya/hotel/gajawadi-in.html
4542,Veya by VEO,5,Villa,India,River View,Airbnb,"5BR -StayVista@Villa Veya, VEO - Part Of StayVista",https://www.airbnb.co.in/rooms/1541724021454438309
4542,Veya by VEO,5,Villa,India,River View,Booking.com,"Villa Veya by VEO, StayVista - 5BHK with River View & Terrace",https://www.booking.com/hotel/in/stayvista-at-villa-veya.html
4542,Veya by VEO,5,Villa,India,River View,MakeMyTrip,Villa Veya By VEO - Part Of StayVista,https://www.makemytrip.com/hotels/hotel-details/?hotelId=202506231437106855&_uCurrency=INR&checkin=11252025&checkout=11262025&city=CTAGR&country=IN&funnelType=getaway&lat=27.16779&lng=78.04893&locusId=ZNDEL67F7E280&locusType=zone&rank=1&roomStayQualifier=2e0e&seekSummaryRequired=false&viewType=LUXE&mtkeys=defaultMtkey
4780,Ro e Home,10,Villa,India,"Private Pool, BBQ",Agoda,StayVista at RoÅºe Home,https://www.agoda.com/en-in/stayvista-at-roze-home/hotel/saligao-in.html
4780,Ro e Home,10,Villa,India,"Private Pool, BBQ",Airbnb,10BR|Pool+BBQ+WIFI|StayVista| Roźe Home @Calangute,https://www.airbnb.co.in/rooms/1441812430834161114
4780,Ro e Home,10,Villa,India,"Private Pool, BBQ",Booking.com,StayVista's Ro e Home - Calangute - 10BHK Pet-Friendly Villa with Private Pool,https://www.booking.com/hotel/in/stayvista-at-roze-home.html
4780,Ro e Home,10,Villa,India,"Private Pool, BBQ",MakeMyTrip,"StayVista at Roze Home w/ Open Terrace, Pool & Pet Friendly",https://www.makemytrip.com/hotels/hotel-details/?hotelId=202506261426401152&_uCurrency=INR&checkin=11252025&checkout=11262025&city=CTAGR&country=IN&funnelType=getaway&lat=27.16779&lng=78.04893&locusId=ZNDEL67F7E280&locusType=zone&rank=1&roomStayQualifier=2e0e&seekSummaryRequired=false&viewType=LUXE&mtkeys=defaultMtkey
4322,The SolitaireHome,5,Villa,Karjat,"Jacuzzi, Lawn, BBQ",Agoda,StayVista at The Solitaire Home (Horizon),https://www.agoda.com/en-in/stayvista-at-the-solitaire-home-horizon/hotel/karjat-in.html
4322,The SolitaireHome,5,Villa,Karjat,"Jacuzzi, Lawn, BBQ",Airbnb,"StayVista at The SolitaireHome w/BBQ, Lawn, Karjat",https://www.airbnb.co.in/rooms/1588325300842425138
4322,The SolitaireHome,5,Villa,Karjat,"Jacuzzi, Lawn, BBQ",Booking.com,The Solitaire Home Horizon by StayVista - 5BHK Villa with Bar & Jacuzzi,https://www.booking.com/hotel/in/stayvista-at-the-solitaire-home-horizon.html
4322,The SolitaireHome,5,Villa,Karjat,"Jacuzzi, Lawn, BBQ",MakeMyTrip,StayVista at The Solitaire Home (Horizon),https://www.makemytrip.com/hotels/hotel-details/?hotelId=202506261746376477&_uCurrency=INR&checkin=11252025&checkout=11262025&city=CTAGR&country=IN&funnelType=getaway&lat=27.16779&lng=78.04893&locusId=ZNDEL67F7E280&locusType=zone&rank=1&roomStayQualifier=2e0e&seekSummaryRequired=false&viewType=LUXE&mtkeys=defaultMtkey
4722,Serenova,4,Villa,Coorg,"Pool, Lawn, BBQ",Agoda,StayVista at Serenova,https://www.agoda.com/en-in/stayvista-at-serenova/hotel/coorg-in.html
4722,Serenova,4,Villa,Coorg,"Pool, Lawn, BBQ",Airbnb,4BR |PvtPool+Lawn|StayVista| Serenova @Karnataka,https://www.airbnb.co.in/rooms/1430201160178120551
4722,Serenova,4,Villa,Coorg,"Pool, Lawn, BBQ",Booking.com,StayVista's Serenova - 4BHK Villa with Bar & BBQ,https://www.booking.com/hotel/in/stayvista-at-serenova-with-pool-bar.html
4722,Serenova,4,Villa,Coorg,"Pool, Lawn, BBQ",MakeMyTrip,StayVista at Serenova,https://www.makemytrip.com/hotels/hotel-details/?hotelId=202506281040359069&_uCurrency=INR&checkin=11252025&checkout=11262025&city=CTAGR&country=IN&funnelType=getaway&lat=27.16779&lng=78.04893&locusId=ZNDEL67F7E280&locusType=zone&rank=1&roomStayQualifier=2e0e&seekSummaryRequired=false&viewType=LUXE&mtkeys=defaultMtkey
3061,Riverside Symphony,5,Villa,Manali,River View,Agoda,StayVista at Riverside Symphony,https://www.agoda.com/en-in/stayvista-at-riverside-symphony/hotel/manali-in.html
3061,Riverside Symphony,5,Villa,Manali,River View,Airbnb,5BR Luxe stay Riverside Symphony @Manali,https://www.airbnb.co.in/rooms/1213596126512636125
3061,Riverside Symphony,5,Villa,Manali,River View,Booking.com,StayVista's Riverside Symphony - 5BHK Mountain-View Villa with Bathtub,https://www.booking.com/hotel/in/stayvista-at-riverside-symphony.html
3061,Riverside Symphony,5,Villa,Manali,River View,MakeMyTrip,StayVista at Riverside Symphony,https://www.makemytrip.com/hotels/hotel-details/?hotelId=202504281712409285&_uCurrency=INR&checkin=11252025&checkout=11262025&city=CTAGR&country=IN&funnelType=getaway&lat=27.16779&lng=78.04893&locusId=ZNDEL67F7E280&locusType=zone&rank=1&roomStayQualifier=2e0e&seekSummaryRequired=false&viewType=LUXE&mtkeys=defaultMtkey
4801,Monte Blu,7,Villa,Lonavala,Pool,Agoda,StayVista at Monte Blu,https://www.agoda.com/en-in/stayvista-at-monte-blu/hotel/lonavala-in.html
4801,Monte Blu,7,Villa,Lonavala,Pool,Airbnb,"Monte Blu 7BHK Villa w/ Pool + View, Lonavala",https://www.airbnb.co.in/rooms/1454796717822946646
4801,Monte Blu,7,Villa,Lonavala,Pool,Booking.com,StayVista's Monte Blu - 7BHK Mountain-View Villa with Bar,https://www.booking.com/hotel/in/stayvista-at-monte-blu-with-views-pool-terrace.html
4801,Monte Blu,7,Villa,Lonavala,Pool,MakeMyTrip,StayVista at Monte Blu,https://www.makemytrip.com/hotels/hotel-details/?hotelId=202507011447098199&_uCurrency=INR&checkin=11252025&checkout=11262025&city=CTAGR&country=IN&funnelType=getaway&lat=27.16779&lng=78.04893&locusId=ZNDEL67F7E280&locusType=zone&rank=1&roomStayQualifier=2e0e&seekSummaryRequired=false&viewType=LUXE&mtkeys=defaultMtkey
4715,Alora,5,Villa,Lonavala,"Private Pool, Jacuzzi",Agoda,StayVista at Villa Alora,https://www.agoda.com/en-in/stayvista-at-villa-alora/hotel/lonavala-in.html
4715,Alora,5,Villa,Lonavala,"Private Pool, Jacuzzi",Airbnb,5BR|Pool+Jacuzzi|StayVista| Villa Alora @Lonavala,https://www.airbnb.co.in/rooms/1429633537006060110
4715,Alora,5,Villa,Lonavala,"Private Pool, Jacuzzi",Booking.com,StayVista's Villa Alora - 5BHK with Jacuzzi & Private Pool,https://www.booking.com/hotel/in/stayvista-at-villa-alora-with-jacuzzi.html
4715,Alora,5,Villa,Lonavala,"Private Pool, Jacuzzi",MakeMyTrip,StayVista at Villa Alora,https://www.makemytrip.com/hotels/hotel-details/?hotelId=202507021158265297&_uCurrency=INR&checkin=11252025&checkout=11262025&city=CTAGR&country=IN&funnelType=getaway&lat=27.16779&lng=78.04893&locusId=ZNDEL67F7E280&locusType=zone&rank=1&roomStayQualifier=2e0e&seekSummaryRequired=false&viewType=LUXE&mtkeys=defaultMtkey
4817,Bael Leaf,4,Villa,India,Infinity Pool,Agoda,StayVista at Bael Leaf,https://www.agoda.com/en-in/stayvista-at-bael-leaf/hotel/trimbak-in.html
4817,Bael Leaf,4,Villa,India,Infinity Pool,Airbnb,4BR Bael Leaf Villa – W/ Infinity Pool & Theatre,https://www.airbnb.co.in/rooms/1452774222241930140
4817,Bael Leaf,4,Villa,India,Infinity Pool,Booking.com,StayVista's Bael Leaf - 4BHK Villa with Infinity Pool & Home Theatre,https://www.booking.com/hotel/in/stayvista-at-bael-leaf.html
4817,Bael Leaf,4,Villa,India,Infinity Pool,MakeMyTrip,StayVista at Bael Leaf,https://www.makemytrip.com/hotels/hotel-details/?hotelId=202506290002527554&_uCurrency=INR&checkin=11252025&checkout=11262025&city=CTAGR&country=IN&funnelType=getaway&lat=27.16779&lng=78.04893&locusId=ZNDEL67F7E280&locusType=zone&rank=1&roomStayQualifier=2e0e&seekSummaryRequired=false&viewType=LUXE&mtkeys=defaultMtkey
4839,Sarvam,4,Villa,India,"Infinity Pool, Lake View",Agoda,StayVista at Sarvam - Kamshet,https://www.agoda.com/en-in/stayvista-at-sarvam/hotel/kamshet-in.html
4839,Sarvam,4,Villa,India,"Infinity Pool, Lake View",Airbnb,Sarvam - 4 BHK Luxe Villa - W/ Pool & Lake View,https://www.airbnb.co.in/rooms/1456230218469915260
4839,Sarvam,4,Villa,India,"Infinity Pool, Lake View",Booking.com,StayVista's Sarvam - Kamshet - 4BHK Lake-View Villa with Infinity Pool,https://www.booking.com/hotel/in/stayvista-at-sarvam.html
4839,Sarvam,4,Villa,India,"Infinity Pool, Lake View",MakeMyTrip,StayVista at Sarvam - Kamshet,https://www.makemytrip.com/hotels/hotel-details/?hotelId=202506290057071032&_uCurrency=INR&checkin=11252025&checkout=11262025&city=CTAGR&country=IN&funnelType=getaway&lat=27.16779&lng=78.04893&locusId=ZNDEL67F7E280&locusType=zone&rank=1&roomStayQualifier=2e0e&seekSummaryRequired=false&viewType=LUXE&mtkeys=defaultMtkey
4719,Fig Blossom,4,Villa,Coorg,"Bonfire, Gazebo",Agoda,The Fig Tree Villa by VEO - Part of StayVista,https://www.agoda.com/en-in/the-fig-tree-villa-by-veo-part-of-stayvista/hotel/coorg-in.html
4719,Fig Blossom,4,Villa,Coorg,"Bonfire, Gazebo",Airbnb,StayVista at Fig Blossom,https://www.airbnb.co.in/rooms/1711343456665526414
4719,Fig Blossom,4,Villa,Coorg,"Bonfire, Gazebo",Booking.com,"The Fig Tree Villa by VEO, StayVista - 4BHK with Gazebo & Bonfire",https://www.booking.com/hotel/in/the-fig-tree-villa-by-veo-part-of-stayvista.html
4719,Fig Blossom,4,Villa,Coorg,"Bonfire, Gazebo",MakeMyTrip,The Fig Tree Villa by VEO - Part of StayVista,https://www.makemytrip.com/hotels/hotel-details/?hotelId=202507040518317442&_uCurrency=INR&checkin=11252025&checkout=11262025&city=CTAGR&country=IN&funnelType=getaway&lat=27.16779&lng=78.04893&locusId=ZNDEL67F7E280&locusType=zone&rank=1&roomStayQualifier=2e0e&seekSummaryRequired=false&viewType=LUXE&mtkeys=defaultMtkey
4706,Casa Joe,3,Villa,Goa,Pool,Agoda,StayVista at Casa Joe with Complementary E-Cycles,https://www.agoda.com/en-in/stayvista-at-casa-joe/hotel/goa-in.html
4706,Casa Joe,3,Villa,Goa,Pool,Airbnb,3BR |Pool+Bathtub+Ebike|StayVista| Casa Joe @Goa,https://www.airbnb.co.in/rooms/1450650135517899493
4706,Casa Joe,3,Villa,Goa,Pool,Booking.com,StayVista's Casa Joe - 3BHK Pet-Friendly Villa with Karaoke,https://www.booking.com/hotel/in/stayvista-at-casa-joe.html
4706,Casa Joe,3,Villa,Goa,Pool,MakeMyTrip,"StayVista at Casa Joe with Pool, Bathtub & Complimentary E-Bikes",https://www.makemytrip.com/hotels/hotel-details/?hotelId=202506241854149566&_uCurrency=INR&checkin=11252025&checkout=11262025&city=CTAGR&country=IN&funnelType=getaway&lat=27.16779&lng=78.04893&locusId=ZNDEL67F7E280&locusType=zone&rank=1&roomStayQualifier=2e0e&seekSummaryRequired=false&viewType=LUXE&mtkeys=defaultMtkey
4857,Ekanta,4,Villa,Alibaug,"Infinity Pool, Jacuzzi, BBQ",Agoda,StayVista at Villa Ekanta,https://www.agoda.com/en-gb/stayvista-at-villa-ekanta/hotel/alibaug-in.html
4857,Ekanta,4,Villa,Alibaug,"Infinity Pool, Jacuzzi, BBQ",Airbnb,StayVista @ Luxe Ekanta 4BHK W/ Infinity Pool,https://www.airbnb.co.in/rooms/1459989769737763499
4857,Ekanta,4,Villa,Alibaug,"Infinity Pool, Jacuzzi, BBQ",Booking.com,StayVista's Villa Ekanta - 4BHK with Infinity Pool & Jacuzzi,https://www.booking.com/hotel/in/stayvista-at-villa-ekanta-with-bbq.html
4857,Ekanta,4,Villa,Alibaug,"Infinity Pool, Jacuzzi, BBQ",MakeMyTrip,StayVista at Villa Ekanta,https://www.makemytrip.com/hotels/hotel-details/?hotelId=202507091507234992&_uCurrency=INR&checkin=11252025&checkout=11262025&city=CTAGR&country=IN&funnelType=getaway&lat=27.16779&lng=78.04893&locusId=ZNDEL67F7E280&locusType=zone&rank=1&roomStayQualifier=2e0e&seekSummaryRequired=false&viewType=LUXE&mtkeys=defaultMtkey
4757,Amaya,3,Villa,Kasauli,"Pool, BBQ",Agoda,StayVista at Amaya,https://www.agoda.com/stayvista-at-ilika-2/hotel/barog-in.html
4757,Amaya,3,Villa,Kasauli,"Pool, BBQ",Airbnb,Amaya A Luxury 3BR Villa W/Outdoor Pool in Kasauli,https://www.airbnb.co.in/rooms/1465056742815659619
4757,Amaya,3,Villa,Kasauli,"Pool, BBQ",Booking.com,StayVista's Amaya W Heated Outdoor Pool - 3BHK Villa with Heated Pool & Bar,https://www.booking.com/hotel/in/stayvista-at-amaya-with-pool-bbq.html
4757,Amaya,3,Villa,Kasauli,"Pool, BBQ",MakeMyTrip,StayVista at Amaya @ Illika,https://www.makemytrip.com/hotels/hotel-details/?hotelId=202507181455404046&_uCurrency=INR&checkin=11252025&checkout=11262025&city=CTAGR&country=IN&funnelType=getaway&lat=27.16779&lng=78.04893&locusId=ZNDEL67F7E280&locusType=zone&rank=1&roomStayQualifier=2e0e&seekSummaryRequired=false&viewType=LUXE&mtkeys=defaultMtkey
4550,Terra Hue,8,Villa,India,Private Pool,Agoda,StayVista at Terra Hue,https://www.agoda.com/en-gb/stayvista-at-terra-hue/hotel/varanasi-in.html
4550,Terra Hue,8,Villa,India,Private Pool,Airbnb,Varanasi | Luxe 8BR Apt @ Terra Hue w/AC & Wifi,https://www.airbnb.co.in/rooms/1465866676197024405
4550,Terra Hue,8,Villa,India,Private Pool,Booking.com,StayVista's Terra Hue - Workstation & Terrace,https://www.booking.com/hotel/in/terra-hue.html
4550,Terra Hue,8,Villa,India,Private Pool,MakeMyTrip,StayVista at Terra Hue,https://www.makemytrip.com/hotels/hotel-details/?hotelId=202507151029066650&_uCurrency=INR&checkin=11252025&checkout=11262025&city=CTAGR&country=IN&funnelType=getaway&lat=27.16779&lng=78.04893&locusId=ZNDEL67F7E280&locusType=zone&rank=1&roomStayQualifier=2e0e&seekSummaryRequired=false&viewType=LUXE&mtkeys=defaultMtkey
4853,Ellis Ville,3,Homestay,Kasauli,"Lawn, Bonfire",Agoda,StayVista at Ellis Ville,https://www.agoda.com/stayvista-at-ellis-ville/hotel/kasauli-in.html
4853,Ellis Ville,3,Homestay,Kasauli,"Lawn, Bonfire",Airbnb,3BR |Lawn+Bonfire|StayVista| Ellis Ville @Kasauli,https://www.airbnb.co.in/rooms/1466489884670762286
4853,Ellis Ville,3,Homestay,Kasauli,"Lawn, Bonfire",Booking.com,StayVista's Ellis Ville - 5BHK Homestay with Alfresco Dining & Bar,https://www.booking.com/hotel/in/stayvista-at-ellis-ville-with-bonfire-lawn.html
4853,Ellis Ville,3,Homestay,Kasauli,"Lawn, Bonfire",MakeMyTrip,StayVista at Ellis Ville,https://www.makemytrip.com/hotels/hotel-details/?hotelId=202507161113196647&_uCurrency=INR&checkin=11252025&checkout=11262025&city=CTAGR&country=IN&funnelType=getaway&lat=27.16779&lng=78.04893&locusId=ZNDEL67F7E280&locusType=zone&rank=1&roomStayQualifier=2e0e&seekSummaryRequired=false&viewType=LUXE&mtkeys=defaultMtkey
4808,The Poetry  by VEO,4,House,Karjat,"Private Pool, Bonfire, BBQ, Gazebo",Agoda,The Poetry House by VEO - Part of StayVista,https://www.agoda.com/en-in/stayvista-at-the-poetry-house-with-bonfire-and-pool/hotel/mankiwali-in.html
4808,The Poetry  by VEO,4,House,Karjat,"Private Pool, Bonfire, BBQ, Gazebo",Airbnb,4BHK - BBQ & Bonfire - The Poetry House @Karjat,https://www.airbnb.co.in/rooms/1471521780830046401
4808,The Poetry  by VEO,4,House,Karjat,"Private Pool, Bonfire, BBQ, Gazebo",Booking.com,The Poetry House by StayVista - 4BHK with Private Pool & Gazebo,https://www.booking.com/hotel/in/stayvista-at-the-poetry-house.html
4808,The Poetry  by VEO,4,House,Karjat,"Private Pool, Bonfire, BBQ, Gazebo",MakeMyTrip,The Poetry House by VEO - Part of StayVista,https://www.makemytrip.com/hotels/hotel-details/?hotelId=202507231435367497&_uCurrency=INR&checkin=11252025&checkout=11262025&city=CTAGR&country=IN&funnelType=getaway&lat=27.16779&lng=78.04893&locusId=ZNDEL67F7E280&locusType=zone&rank=1&roomStayQualifier=2e0e&seekSummaryRequired=false&viewType=LUXE&mtkeys=defaultMtkey
4907,Starlight Springs,3,Villa,Nashik,"Private Pool, Lawn, Gazebo",Agoda,StayVista at Starlight Springs,https://www.agoda.com/stayvista-at-bloomingdale/hotel/trimbak-in.html
4907,Starlight Springs,3,Villa,Nashik,"Private Pool, Lawn, Gazebo",Airbnb,3BR | Mtn+Pool|StayVista| Starlight Springs@Nashik,https://www.airbnb.co.in/rooms/1472203505879163360
4907,Starlight Springs,3,Villa,Nashik,"Private Pool, Lawn, Gazebo",Booking.com,"Starlight Springs by VEO, StayVista - 3BHK Villa with Private Pool & Gazebo",https://www.booking.com/hotel/in/stayvista-at-starlight-springs-with-pool-lawn.html
4907,Starlight Springs,3,Villa,Nashik,"Private Pool, Lawn, Gazebo",MakeMyTrip,StayVista at Starlight Springs,https://www.makemytrip.com/hotels/hotel-details/?hotelId=202509041151008646&_uCurrency=INR&checkin=11252025&checkout=11262025&city=CTAGR&country=IN&funnelType=getaway&lat=27.16779&lng=78.04893&locusId=ZNDEL67F7E280&locusType=zone&rank=1&roomStayQualifier=2e0e&seekSummaryRequired=false&viewType=LUXE&mtkeys=defaultMtkey
4736,Hillcrest Grove,3,Villa,Ooty,Bonfire,Agoda,StayVista at Hillcrest Grove,https://www.agoda.com/stayvista-at-farview-sande-s-villa/hotel/ooty-in.html
4736,Hillcrest Grove,3,Villa,Ooty,Bonfire,Airbnb,StayVista at Hillcrest Grove w/ Bonfire,https://www.airbnb.co.in/rooms/1472943160802448862
4736,Hillcrest Grove,3,Villa,Ooty,Bonfire,Booking.com,StayVista's Hillcrest Grove - Kotagiri - Valley-View Stay with Bonfire,https://www.booking.com/hotel/in/stayvista-at-farview-sandes-villa.html
4736,Hillcrest Grove,3,Villa,Ooty,Bonfire,MakeMyTrip,StayVista at Hillcrest Grove,https://www.makemytrip.com/hotels/hotel-details/?hotelId=202507251631533408&_uCurrency=INR&checkin=11252025&checkout=11262025&city=CTAGR&country=IN&funnelType=getaway&lat=27.16779&lng=78.04893&locusId=ZNDEL67F7E280&locusType=zone&rank=1&roomStayQualifier=2e0e&seekSummaryRequired=false&viewType=LUXE&mtkeys=defaultMtkey
4914,Beth Shalom,3,Villa,Lonavala,"Pool, Lawn",Agoda,StayVista at Beth Shalom,https://www.agoda.com/en-gb/stayvista-at-beth-shalom/hotel/malavli-in.html
4914,Beth Shalom,3,Villa,Lonavala,"Pool, Lawn",Airbnb,"3BHK Pvt Pool & Lawn Villa | Beth Shalom, Lonavala",https://www.airbnb.co.in/rooms/1471486996852825412
4914,Beth Shalom,3,Villa,Lonavala,"Pool, Lawn",Booking.com,StayVista's Beth Shalom - 3BHK Mountain-View Villa with Home Theatre,https://www.booking.com/hotel/in/stayvista-at-beth-shalom.html
4914,Beth Shalom,3,Villa,Lonavala,"Pool, Lawn",MakeMyTrip,StayVista at Beth Shalom,https://www.makemytrip.com/hotels/hotel-details/?hotelId=202507291028198165&_uCurrency=INR&checkin=11252025&checkout=11262025&city=CTAGR&country=IN&funnelType=getaway&lat=27.16779&lng=78.04893&locusId=ZNDEL67F7E280&locusType=zone&rank=1&roomStayQualifier=2e0e&seekSummaryRequired=false&viewType=LUXE&mtkeys=defaultMtkey
4807,The Clay Courtyard by VEO,2,Villa,India,BBQ,Agoda,The Clay Courtyard by VEO - Part of StayVista,https://www.agoda.com/en-in/m-a-mayamma/hotel/chikkaballapura-in.html
4807,The Clay Courtyard by VEO,2,Villa,India,BBQ,Airbnb,2BR|Heritage|StayVista|TheClay Courtyard@Bangalore,https://www.airbnb.co.in/rooms/1475240867734462975
4807,The Clay Courtyard by VEO,2,Villa,India,BBQ,Booking.com,The Clay Courtyard by StayVista - 2BHK Pet-Friendly Villa with Terrace,https://www.booking.com/hotel/in/stayvista-at-the-clay-courtyard-with-wi-fi-bbq.html
4807,The Clay Courtyard by VEO,2,Villa,India,BBQ,MakeMyTrip,The Clay Courtyard by VEO - Part of StayVista,https://www.makemytrip.com/hotels/hotel-details/?hotelId=202508041225316658&_uCurrency=INR&checkin=11252025&checkout=11262025&city=CTAGR&country=IN&funnelType=getaway&lat=27.16779&lng=78.04893&locusId=ZNDEL67F7E280&locusType=zone&rank=1&roomStayQualifier=2e0e&seekSummaryRequired=false&viewType=LUXE&mtkeys=defaultMtkey
4737,Hillcrest Serenity,2,Villa,Ooty,"Valley View, Lawn",Agoda,StayVista at Hillcrest Serenity,https://www.agoda.com/stayvista-at-farview-suite-serenity/hotel/ooty-in.html
4737,Hillcrest Serenity,2,Villa,Ooty,"Valley View, Lawn",Airbnb,Hillcrest Serenity-Scenic Valley View,https://www.airbnb.co.in/rooms/1476583588206819887
4737,Hillcrest Serenity,2,Villa,Ooty,"Valley View, Lawn",Booking.com,StayVista's Hillcrest Serenity - Kotagiri - 2BHK Villa with Bathtub,https://www.booking.com/hotel/in/stayvista-at-farview-suite-serenity-with-lawn.html
4737,Hillcrest Serenity,2,Villa,Ooty,"Valley View, Lawn",MakeMyTrip,StayVista at Hillcrest Serenity,https://www.makemytrip.com/hotels/hotel-details/?hotelId=202507291559114414&_uCurrency=INR&checkin=11252025&checkout=11262025&city=CTAGR&country=IN&funnelType=getaway&lat=27.16779&lng=78.04893&locusId=ZNDEL67F7E280&locusType=zone&rank=1&roomStayQualifier=2e0e&seekSummaryRequired=false&viewType=LUXE&mtkeys=defaultMtkey
4920,Waves By The Beach,3,Villa,Alibaug,"Pool, Lawn",Agoda,StayVista at Waves By The Beach,https://www.agoda.com/stayvista-at-waves/hotel/alibaug-in.html
4920,Waves By The Beach,3,Villa,Alibaug,"Pool, Lawn",Airbnb,Waves by the Beach @StayVista W/ beach access,https://www.airbnb.co.in/rooms/1475847580340669245
4920,Waves By The Beach,3,Villa,Alibaug,"Pool, Lawn",Booking.com,StayVista's Waves by the Beach - 3BHK Villa Near Raiwadi Beach with Bar,https://www.booking.com/hotel/in/stayvista-at-waves-with-beach-access-pool-lawn.html
4920,Waves By The Beach,3,Villa,Alibaug,"Pool, Lawn",MakeMyTrip,StayVista at Waves By The Beach,https://www.makemytrip.com/hotels/hotel-details/?hotelId=202508011607506377&_uCurrency=INR&checkin=11252025&checkout=11262025&city=CTAGR&country=IN&funnelType=getaway&lat=27.16779&lng=78.04893&locusId=ZNDEL67F7E280&locusType=zone&rank=1&roomStayQualifier=2e0e&seekSummaryRequired=false&viewType=LUXE&mtkeys=defaultMtkey
4810,Palais Vienna,5,Villa,Srinagar,"Lake View, BBQ",Agoda,StayVista at Palais Vienna,https://www.agoda.com/en-in/stayvista-at-palais-vienna/hotel/srinagar-in.html
4810,Palais Vienna,5,Villa,Srinagar,"Lake View, BBQ",Airbnb,5BR | Palais Vienna Luxury Palace W/ Dal Lake view,https://www.airbnb.co.in/rooms/1477481101207352114
4810,Palais Vienna,5,Villa,Srinagar,"Lake View, BBQ",Booking.com,StayVista's Palais Vienna - 5BHK Villa with BBQ,https://www.booking.com/hotel/in/palais-vienna.html
4810,Palais Vienna,5,Villa,Srinagar,"Lake View, BBQ",MakeMyTrip,StayVista at Palais Vienna,https://www.makemytrip.com/hotels/hotel-details/?hotelId=202508011453552604&_uCurrency=INR&checkin=11252025&checkout=11262025&city=CTAGR&country=IN&funnelType=getaway&lat=27.16779&lng=78.04893&locusId=ZNDEL67F7E280&locusType=zone&rank=1&roomStayQualifier=2e0e&seekSummaryRequired=false&viewType=LUXE&mtkeys=defaultMtkey
4854,Nava,5,Villa,Goa,Private Pool,Agoda,StayVista at Villa Nava,https://www.agoda.com/en-in/stayvista-at-villa-nava/hotel/goa-in.html
4854,Nava,5,Villa,Goa,Private Pool,Airbnb,Villa Nava – Luxury Escape w/Heated Pool & Bathtub,https://www.airbnb.co.in/rooms/1467108869068825135
4854,Nava,5,Villa,Goa,Private Pool,Booking.com,StayVista's Villa Nava - Luxury Escape - 5BHK with Private Pool & Bathtub,https://www.booking.com/hotel/in/stayvista-at-villa-nava.html
4854,Nava,5,Villa,Goa,Private Pool,MakeMyTrip,StayVista at Villa Nava - Premium Heated Pool Villa with Comp. Chef,https://www.makemytrip.com/hotels/hotel-details/?hotelId=202507171303171907&_uCurrency=INR&checkin=11252025&checkout=11262025&city=CTAGR&country=IN&funnelType=getaway&lat=27.16779&lng=78.04893&locusId=ZNDEL67F7E280&locusType=zone&rank=1&roomStayQualifier=2e0e&seekSummaryRequired=false&viewType=LUXE&mtkeys=defaultMtkey
4911,Harmony,4,Villa,Alibaug,"Private Pool, Bonfire",Agoda,StayVista at Villa Harmony,https://www.agoda.com/en-in/stayvista-at-villa-harmony/hotel/alibaug-in.html
4911,Harmony,4,Villa,Alibaug,"Private Pool, Bonfire",Airbnb,4BHK Harmony Retreat – Pool & Bonfire,https://www.airbnb.co.in/rooms/1473727433473813360
4911,Harmony,4,Villa,Alibaug,"Private Pool, Bonfire",Booking.com,StayVista's Villa Harmony - 4BHK with Alfresco Dining & Private Pool,https://www.booking.com/hotel/in/stayvista-at-villa-harmony.html
4911,Harmony,4,Villa,Alibaug,"Private Pool, Bonfire",MakeMyTrip,StayVista at Villa Harmony,https://www.makemytrip.com/hotels/hotel-details/?hotelId=202508090932502884&_uCurrency=INR&checkin=11252025&checkout=11262025&city=CTAGR&country=IN&funnelType=getaway&lat=27.16779&lng=78.04893&locusId=ZNDEL67F7E280&locusType=zone&rank=1&roomStayQualifier=2e0e&seekSummaryRequired=false&viewType=LUXE&mtkeys=defaultMtkey
4830,The Wildernest Tale,3,Villa,Nashik,"Jacuzzi, Bonfire, BBQ",Agoda,The Wildernest Tale by VEO - Part of StayVista,https://www.agoda.com/en-in/stayvista-at-the-wildernest-tale/hotel/bhandardara-in.html
4830,The Wildernest Tale,3,Villa,Nashik,"Jacuzzi, Bonfire, BBQ",Airbnb,3BR|Jacuzi+BBQ|StayVista|TheWildernest Tale@Nashik,https://www.airbnb.co.in/rooms/1454915023009411201
4830,The Wildernest Tale,3,Villa,Nashik,"Jacuzzi, Bonfire, BBQ",Booking.com,"The Wildernest Tale by VEO, StayVista - 3BHK Pet-Friendly Villa with Jacuzzi",https://www.booking.com/hotel/in/stayvista-at-the-wildernest-tale-with-bonfire-jacuzzi.html
4830,The Wildernest Tale,3,Villa,Nashik,"Jacuzzi, Bonfire, BBQ",MakeMyTrip,StayVista at The Wildernest Tale,https://www.makemytrip.com/hotels/hotel-details/?hotelId=202508121727034860&_uCurrency=INR&checkin=11252025&checkout=11262025&city=CTAGR&country=IN&funnelType=getaway&lat=27.16779&lng=78.04893&locusId=ZNDEL67F7E280&locusType=zone&rank=1&roomStayQualifier=2e0e&seekSummaryRequired=false&viewType=LUXE&mtkeys=defaultMtkey
4923,Arden Blu,3,Villa,Goa,"Private Pool, Lawn",Agoda,StayVista at Arden Blu,https://www.agoda.com/stayvista-at-acron-villa-19/hotel/goa-in.html
4923,Arden Blu,3,Villa,Goa,"Private Pool, Lawn",Airbnb,3BHK W/Pvt Pool+Bathtub+Lawn-Arden Blu@Arpora Baga,https://www.airbnb.co.in/rooms/1486818673914572805
4923,Arden Blu,3,Villa,Goa,"Private Pool, Lawn",Booking.com,StayVista's Arden Blu - Baga - 3BHK Villa with Home Theatre & Private Pool,https://www.booking.com/hotel/in/stayvista-at-arden-blu-with-pool-bar.html
4923,Arden Blu,3,Villa,Goa,"Private Pool, Lawn",MakeMyTrip,StayVista at Arden Blu,https://www.makemytrip.com/hotels/hotel-details/?hotelId=202508181500038295&_uCurrency=INR&checkin=11252025&checkout=11262025&city=CTAGR&country=IN&funnelType=getaway&lat=27.16779&lng=78.04893&locusId=ZNDEL67F7E280&locusType=zone&rank=1&roomStayQualifier=2e0e&seekSummaryRequired=false&viewType=LUXE&mtkeys=defaultMtkey
4856,Vaikunth  by VEO,5,Villa,India,Private Pool,Agoda,Vaikunth Villa by VEO - Part of StayVista,https://www.agoda.com/en-in/stayvista-at-vaikunth-villa/hotel/palampur-in.html
4856,Vaikunth  by VEO,5,Villa,India,Private Pool,Airbnb,5BR|Hikes&Views|StayVista| Vaikunth Villa@Himachal,https://www.airbnb.co.in/rooms/1486867671715442404
4856,Vaikunth  by VEO,5,Villa,India,Private Pool,Booking.com,"Vaikunth Villa by VEO, StayVista - 5BHK with Terrace & Bar",https://www.booking.com/hotel/in/stayvista-at-vaikunth-villa.html
4856,Vaikunth  by VEO,5,Villa,India,Private Pool,MakeMyTrip,Vaikunth Villa by VEO - Part of StayVista,https://www.makemytrip.com/hotels/hotel-details/?hotelId=202508201457245878&_uCurrency=INR&checkin=11252025&checkout=11262025&city=CTAGR&country=IN&funnelType=getaway&lat=27.16779&lng=78.04893&locusId=ZNDEL67F7E280&locusType=zone&rank=1&roomStayQualifier=2e0e&seekSummaryRequired=false&viewType=LUXE&mtkeys=defaultMtkey
4928,Rustling Pine,2,Cottage,Ooty,"Lawn, BBQ, Gazebo",Agoda,StayVista at Rustling Pine,https://www.agoda.com/stayvista-at-whispering-pines/hotel/ooty-in.html
4928,Rustling Pine,2,Cottage,Ooty,"Lawn, BBQ, Gazebo",Airbnb,2BR| Lawn+BBQ |StayVista| Rustling Pine@Tamil Nadu,https://www.airbnb.co.in/rooms/1492536740740092080
4928,Rustling Pine,2,Cottage,Ooty,"Lawn, BBQ, Gazebo",Booking.com,"Rustling Pine by VEO, StayVista - 2BHK Pet-Friendly Cottage with Gazebo",https://www.booking.com/hotel/in/stayvista-at-rustling-pine.html
4928,Rustling Pine,2,Cottage,Ooty,"Lawn, BBQ, Gazebo",MakeMyTrip,StayVista at Rustling Pine,https://www.makemytrip.com/hotels/hotel-details/?hotelId=202508291055572307&_uCurrency=INR&checkin=11252025&checkout=11262025&city=CTAGR&country=IN&funnelType=getaway&lat=27.16779&lng=78.04893&locusId=ZNDEL67F7E280&locusType=zone&rank=1&roomStayQualifier=2e0e&seekSummaryRequired=false&viewType=LUXE&mtkeys=defaultMtkey
4814,Apukaa,5,Villa,India,Pool,Agoda,StayVista at Apukaa - Amarja Hills,https://www.agoda.com/en-in/stayvista-at-apukaa-hills/hotel/ambegaon-in.html
4814,Apukaa,5,Villa,India,Pool,Airbnb,5BR |Pool Villa| StayVista| Apukaa Hills@Dhalewadi,https://www.airbnb.co.in/rooms/1485412373344498075
4814,Apukaa,5,Villa,India,Pool,Booking.com,StayVista's Apukaa - Pawna - 5BHK Pet-Friendly Villa with Karaoke,https://www.booking.com/hotel/in/stayvista-at-apukaa-hills.html
4814,Apukaa,5,Villa,India,Pool,MakeMyTrip,StayVista at Apukaa - Amarja Hills,https://www.makemytrip.com/hotels/hotel-details/?hotelId=202508230940263584&_uCurrency=INR&checkin=11252025&checkout=11262025&city=CTAGR&country=IN&funnelType=getaway&lat=27.16779&lng=78.04893&locusId=ZNDEL67F7E280&locusType=zone&rank=1&roomStayQualifier=2e0e&seekSummaryRequired=false&viewType=LUXE&mtkeys=defaultMtkey
4836,Rustic Roots,3,Villa,Jaipur,"Pool, Lawn, Bonfire",Agoda,StayVista at Rustic Roots,https://www.agoda.com/stayvista-at-rustic-roots/hotel/jaipur-in.html
4836,Rustic Roots,3,Villa,Jaipur,"Pool, Lawn, Bonfire",Airbnb,3BHK |Lawn+Pool |StayVista| Rustic Roots @Jaipur,https://www.airbnb.co.in/rooms/1495398172651500611
4836,Rustic Roots,3,Villa,Jaipur,"Pool, Lawn, Bonfire",Booking.com,Rustic Roots by StayVista - 3BHK Pet-Friendly Villa with Bar,https://www.booking.com/hotel/in/stayvista-at-rustic-roots-with-bonfire-lawn.html
4836,Rustic Roots,3,Villa,Jaipur,"Pool, Lawn, Bonfire",MakeMyTrip,StayVista at Rustic Roots,https://www.makemytrip.com/hotels/hotel-details/?hotelId=202508231750368442&_uCurrency=INR&checkin=11252025&checkout=11262025&city=CTAGR&country=IN&funnelType=getaway&lat=27.16779&lng=78.04893&locusId=ZNDEL67F7E280&locusType=zone&rank=1&roomStayQualifier=2e0e&seekSummaryRequired=false&viewType=LUXE&mtkeys=defaultMtkey
4806,The Floramer,4,Villa,Panchgani,"Lawn, Bonfire, BBQ",Agoda,StayVista at The Floramer,https://www.agoda.com/en-in/stayvista-at-the-floramer/hotel/panchgani-in.html
4806,The Floramer,4,Villa,Panchgani,"Lawn, Bonfire, BBQ",Airbnb,4BR | BBQ+Luxury|StayVista| The Floramer@Panchgani,https://www.airbnb.co.in/rooms/1483064524149589502
4806,The Floramer,4,Villa,Panchgani,"Lawn, Bonfire, BBQ",Booking.com,The Floramer by StayVista - 4BHK Villa with Alfresco Dining & Bathtub,https://www.booking.com/hotel/in/stayvista-at-the-floramer-with-bonfire-lawn.html
4806,The Floramer,4,Villa,Panchgani,"Lawn, Bonfire, BBQ",MakeMyTrip,StayVista at The Floramer,https://www.makemytrip.com/hotels/hotel-details/?hotelId=202508231830283209&_uCurrency=INR&checkin=11252025&checkout=11262025&city=CTAGR&country=IN&funnelType=getaway&lat=27.16779&lng=78.04893&locusId=ZNDEL67F7E280&locusType=zone&rank=1&roomStayQualifier=2e0e&seekSummaryRequired=false&viewType=LUXE&mtkeys=defaultMtkey
4949,Kankas,4,House,Jaipur,Private Pool,Agoda,StayVista at Kankas House,https://www.agoda.com/stayvista-at-kankas-house/hotel/jaipur-in.html
4949,Kankas,4,House,Jaipur,Private Pool,Airbnb,4BR|Pool+Hill Views|StayVista| Kankas House@Bagwra,https://www.airbnb.co.in/rooms/1492613314913436518
4949,Kankas,4,House,Jaipur,Private Pool,Booking.com,StayVista's Kankas House - 4BHK with Bathtub & Private Pool,https://www.booking.com/hotel/in/kankas-house-jaipur.html
4949,Kankas,4,House,Jaipur,Private Pool,MakeMyTrip,StayVista at Kankas House,https://www.makemytrip.com/hotels/hotel-details/?hotelId=202508291032099254&_uCurrency=INR&checkin=11252025&checkout=11262025&city=CTAGR&country=IN&funnelType=getaway&lat=27.16779&lng=78.04893&locusId=ZNDEL67F7E280&locusType=zone&rank=1&roomStayQualifier=2e0e&seekSummaryRequired=false&viewType=LUXE&mtkeys=defaultMtkey
4918,Vacanza,3,Villa,Jaipur,"Private Pool, Lawn",Agoda,StayVista at Vacanza Villa,https://www.agoda.com/stayvista-at-vacanza-villa/hotel/achrol-in.html
4918,Vacanza,3,Villa,Jaipur,"Private Pool, Lawn",Airbnb,Luxury 3BHK Villa w/Pool & Lawn in kukas Jaipur,https://www.airbnb.co.in/rooms/1492512406570400498
4918,Vacanza,3,Villa,Jaipur,"Private Pool, Lawn",Booking.com,StayVista's Vacanza Villa - 3BHK with Home Theatre & Private Pool,https://www.booking.com/hotel/in/vacanza-villa.html
4918,Vacanza,3,Villa,Jaipur,"Private Pool, Lawn",MakeMyTrip,StayVista at Vacanza Villa,https://www.makemytrip.com/hotels/hotel-details/?hotelId=202508311239183872&_uCurrency=INR&checkin=11252025&checkout=11262025&city=CTAGR&country=IN&funnelType=getaway&lat=27.16779&lng=78.04893&locusId=ZNDEL67F7E280&locusType=zone&rank=1&roomStayQualifier=2e0e&seekSummaryRequired=false&viewType=LUXE&mtkeys=defaultMtkey
4908,Lemonade,5,Villa,Alibaug,Pool,Agoda,StayVista at Villa Lemonade,https://www.agoda.com/en-in/stayvista-at-villa-lemonade/hotel/alibaug-in.html
4908,Lemonade,5,Villa,Alibaug,Pool,Airbnb,5BR |Pool+Games|StayVista| Villa Lemonade @Alibaug,https://www.airbnb.co.in/rooms/1509179876395918590
4908,Lemonade,5,Villa,Alibaug,Pool,Booking.com,StayVista's Villa Lemonade - 5BHK Near Kamath Beach with Pool Table,https://www.booking.com/hotel/in/villa-lemonade.html
4908,Lemonade,5,Villa,Alibaug,Pool,MakeMyTrip,StayVista at Villa Lemonade,https://www.makemytrip.com/hotels/hotel-details/?hotelId=202509010812072690&_uCurrency=INR&checkin=11252025&checkout=11262025&city=CTAGR&country=IN&funnelType=getaway&lat=27.16779&lng=78.04893&locusId=ZNDEL67F7E280&locusType=zone&rank=1&roomStayQualifier=2e0e&seekSummaryRequired=false&viewType=LUXE&mtkeys=defaultMtkey
4919,Evaarah,3,Villa,India,Private Pool,Agoda,StayVista at Evaarah,https://www.agoda.com/stayvista-at-evaarah/hotel/vikarabad-in.html
4919,Evaarah,3,Villa,India,Private Pool,Airbnb,3BR| Scenic Pool+Lux |StayVista| Evaarah@Hyderabad,https://www.airbnb.co.in/rooms/1492576420234125471
4919,Evaarah,3,Villa,India,Private Pool,Booking.com,StayVista's Evaarah - 3BHK Villa with Private Pool & Terrace,https://www.booking.com/hotel/in/stayvista-at-evaarah.html
4919,Evaarah,3,Villa,India,Private Pool,MakeMyTrip,StayVista at Evaarah,https://www.makemytrip.com/hotels/hotel-details/?hotelId=202509011040125341&_uCurrency=INR&checkin=11252025&checkout=11262025&city=CTAGR&country=IN&funnelType=getaway&lat=27.16779&lng=78.04893&locusId=ZNDEL67F7E280&locusType=zone&rank=1&roomStayQualifier=2e0e&seekSummaryRequired=false&viewType=LUXE&mtkeys=defaultMtkey
4933,Cielo,4,House,Alibaug,Private Pool,Agoda,StayVista at Cielo House,https://www.agoda.com/en-in/stayvista-at-cielo-house/hotel/zirad-in.html
4933,Cielo,4,House,Alibaug,Private Pool,Airbnb,4BR|Luxe Pool+Wifi |StayVista| Cielo House@Alibaug,https://www.airbnb.co.in/rooms/1500431086445995302
4933,Cielo,4,House,Alibaug,Private Pool,Booking.com,StayVista's Cielo House - 4BHK with Bar & Private Pool near Mandwa Beach,https://www.booking.com/hotel/in/stayvista-at-cielo-house.html
4933,Cielo,4,House,Alibaug,Private Pool,MakeMyTrip,StayVista at Cielo House,https://www.makemytrip.com/hotels/hotel-details/?hotelId=202509011750563902&_uCurrency=INR&checkin=11252025&checkout=11262025&city=CTAGR&country=IN&funnelType=getaway&lat=27.16779&lng=78.04893&locusId=ZNDEL67F7E280&locusType=zone&rank=1&roomStayQualifier=2e0e&seekSummaryRequired=false&viewType=LUXE&mtkeys=defaultMtkey
4944,Lazy Mango,2,Villa,India,"Plunge Pool, Bonfire",Agoda,StayVista at Lazy Mango,https://www.agoda.com/search?text=StayVista%20Lazy%20Mango%20India
4944,Lazy Mango,2,Villa,India,"Plunge Pool, Bonfire",Airbnb,2BR| Lux+Tub+Pool |StayVista| Lazy Mango@Telangana,https://www.airbnb.co.in/rooms/1500502109210895747
4944,Lazy Mango,2,Villa,India,"Plunge Pool, Bonfire",Booking.com,StayVista's Lazy Mango - 2BHK Villa with Plunge Pool & Bathtub,https://www.booking.com/hotel/in/stayvista-at-lazy-mango-with-bonfire-bathtub.html
4944,Lazy Mango,2,Villa,India,"Plunge Pool, Bonfire",MakeMyTrip,StayVista at Lazy Mango,https://www.makemytrip.com/hotels/hotel-details/?hotelId=202509031701234100&_uCurrency=INR&checkin=11252025&checkout=11262025&city=CTAGR&country=IN&funnelType=getaway&lat=27.16779&lng=78.04893&locusId=ZNDEL67F7E280&locusType=zone&rank=1&roomStayQualifier=2e0e&seekSummaryRequired=false&viewType=LUXE&mtkeys=defaultMtkey
4936,Oriana Palms,4,Villa,Igatpuri,"Private Pool, Gazebo",Agoda,StayVista at Oriana Palms,https://www.agoda.com/stayvista-at-oriana-palms/hotel/igatpuri-in.html?_ga=2.183008678.141737284.1756713528-265344572.1724309051&ds=HhW4z%2FNuwd2iPEzy
4936,Oriana Palms,4,Villa,Igatpuri,"Private Pool, Gazebo",Airbnb,4BR Oriana Palms Villa – Pool + WiFi,https://www.airbnb.co.in/rooms/1500533174484371355
4936,Oriana Palms,4,Villa,Igatpuri,"Private Pool, Gazebo",Booking.com,Oriana Palms by StayVista - 4BHK Villa with Private Pool & Gazebo,https://www.booking.com/hotel/in/stayvista-at-oriana-palms.html
4936,Oriana Palms,4,Villa,Igatpuri,"Private Pool, Gazebo",MakeMyTrip,StayVista at Oriana Palms,https://www.makemytrip.com/hotels/hotel-details/?hotelId=202509011429055062&_uCurrency=INR&checkin=11252025&checkout=11262025&city=CTAGR&country=IN&funnelType=getaway&lat=27.16779&lng=78.04893&locusId=ZNDEL67F7E280&locusType=zone&rank=1&roomStayQualifier=2e0e&seekSummaryRequired=false&viewType=LUXE&mtkeys=defaultMtkey
4934,Zenith Palms,5,Villa,Nashik,Private Pool,Agoda,StayVista at Zenith Palms,https://www.agoda.com/en-in/stayvista-at-zenith-palms/hotel/igatpuri-in.html
4934,Zenith Palms,5,Villa,Nashik,Private Pool,Airbnb,5BR| Luxe+PvtPool |StayVista| Zenith Palms @Nashik,https://www.airbnb.co.in/rooms/1492490138010501401
4934,Zenith Palms,5,Villa,Nashik,Private Pool,Booking.com,Zenith Palms by StayVista - 5BHK Mountain-View Villa with Private Pool,https://www.booking.com/hotel/in/stayvista-at-zenith-palms.html
4934,Zenith Palms,5,Villa,Nashik,Private Pool,MakeMyTrip,StayVista at Zenith Palms,https://www.makemytrip.com/hotels/hotel-details/?hotelId=202509031207259131&_uCurrency=INR&checkin=11252025&checkout=11262025&city=CTAGR&country=IN&funnelType=getaway&lat=27.16779&lng=78.04893&locusId=ZNDEL67F7E280&locusType=zone&rank=1&roomStayQualifier=2e0e&seekSummaryRequired=false&viewType=LUXE&mtkeys=defaultMtkey
4897,Casa Clarence,6,Villa,Goa,"Pool, Jacuzzi",Agoda,StayVista at Casa Clarence â€“ Pool & Jacuzzi Villa,https://www.agoda.com/en-in/stayvista-at-casa-swarg/hotel/goa-in.html
4897,Casa Clarence,6,Villa,Goa,"Pool, Jacuzzi",Airbnb,Casa Clarence+Pvt Pool+Jacuzzi+TV+Wifi@candolim,https://www.airbnb.co.in/rooms/1501180300240794915
4897,Casa Clarence,6,Villa,Goa,"Pool, Jacuzzi",Booking.com,StayVista's Casa Clarence - Pool & Jacuzzi Villa - 6BHK with Alfresco Dining,https://www.booking.com/hotel/in/stayvista-at-casa-swarg.html
4897,Casa Clarence,6,Villa,Goa,"Pool, Jacuzzi",MakeMyTrip,StayVista at Casa Clarence  Pool & Jacuzzi Villa,https://www.makemytrip.com/hotels/hotel-details/?hotelId=202509041158248351&_uCurrency=INR&checkin=11252025&checkout=11262025&city=CTAGR&country=IN&funnelType=getaway&lat=27.16779&lng=78.04893&locusId=ZNDEL67F7E280&locusType=zone&rank=1&roomStayQualifier=2e0e&seekSummaryRequired=false&viewType=LUXE&mtkeys=defaultMtkey
4922,Orchard by the River,5,Villa,Karjat,"Pool, BBQ, Orchard",Agoda,StayVista at Orchard by the River,https://www.agoda.com/en-in/stayvista-at-orchard-by-the-river/hotel/karjat-in.html
4922,Orchard by the River,5,Villa,Karjat,"Pool, BBQ, Orchard",Airbnb,5BR|Pool+BBQ|StayVista|Orchard by theRiver@Lonavla,https://www.airbnb.co.in/rooms/1501292975805690243
4922,Orchard by the River,5,Villa,Karjat,"Pool, BBQ, Orchard",Booking.com,StayVista's Orchard by the River - 5BHK Pet-Friendly Villa with Bar,https://www.booking.com/hotel/in/stayvista-at-orchard-by-the-river.html
4922,Orchard by the River,5,Villa,Karjat,"Pool, BBQ, Orchard",MakeMyTrip,StayVista at Orchard by the River,https://www.makemytrip.com/hotels/hotel-details/?hotelId=202509031112125408&_uCurrency=INR&checkin=11252025&checkout=11262025&city=CTAGR&country=IN&funnelType=getaway&lat=27.16779&lng=78.04893&locusId=ZNDEL67F7E280&locusType=zone&rank=1&roomStayQualifier=2e0e&seekSummaryRequired=false&viewType=LUXE&mtkeys=defaultMtkey
4861,Corville Apartments,4,Villa,Goa,"Pool, BBQ",Agoda,StayVista at Corville Apartments,https://www.agoda.com/stayvista-at-corville-ridge/hotel/goa-in.html
4861,Corville Apartments,4,Villa,Goa,"Pool, BBQ",Airbnb,"4BHK Corville Apts | Pool, Karaoke & BBQ, Goa",https://www.airbnb.co.in/rooms/1502754659971663582
4861,Corville Apartments,4,Villa,Goa,"Pool, BBQ",Booking.com,Corville Apartments by StayVista - 4BHK with Pet Friendly & Shared Pool,https://www.booking.com/hotel/in/stayvista-at-corville-apartments-with-bbq.html
4861,Corville Apartments,4,Villa,Goa,"Pool, BBQ",MakeMyTrip,StayVista at Corville Apartments,https://www.makemytrip.com/hotels/hotel-details/?hotelId=202509041650246938&_uCurrency=INR&checkin=11252025&checkout=11262025&city=CTAGR&country=IN&funnelType=getaway&lat=27.16779&lng=78.04893&locusId=ZNDEL67F7E280&locusType=zone&rank=1&roomStayQualifier=2e0e&seekSummaryRequired=false&viewType=LUXE&mtkeys=defaultMtkey
4803,Whispers of Green,3,Villa,India,"Private Pool, Lawn",Agoda,Whispers of Green by VEO - Part of StayVista,https://www.agoda.com/en-in/stayvista-at-whispers-of-green/hotel/trimbak-in.html
4803,Whispers of Green,3,Villa,India,"Private Pool, Lawn",Airbnb,3BHK Green Whispers – By VEO-Trimbakeshwar,https://www.airbnb.co.in/rooms/1485338393224427100
4803,Whispers of Green,3,Villa,India,"Private Pool, Lawn",Booking.com,StayVista's Whispers of Green - Trimbakeshwar - 3BHK Villa with Private Pool & Lawn,https://www.booking.com/hotel/in/stayvista-at-whispers-of-green-with-lawn-and-pool.html
4803,Whispers of Green,3,Villa,India,"Private Pool, Lawn",MakeMyTrip,Whispers of Green by VEO - Part of StayVista,https://www.makemytrip.com/hotels/hotel-details/?hotelId=202509051425067972&_uCurrency=INR&checkin=11252025&checkout=11262025&city=CTAGR&country=IN&funnelType=getaway&lat=27.16779&lng=78.04893&locusId=ZNDEL67F7E280&locusType=zone&rank=1&roomStayQualifier=2e0e&seekSummaryRequired=false&viewType=LUXE&mtkeys=defaultMtkey
4792,Casa Shwika,3,Villa,India,"Private Pool, Lawn",Agoda,StayVista at Casa Shwika,https://www.agoda.com/en-in/stayvista-at-casa-shwika/hotel/vikarabad-in.html
4792,Casa Shwika,3,Villa,India,"Private Pool, Lawn",Airbnb,3BHK |view+Pool |StayVista| Casa Shwika @Telangana,https://www.airbnb.co.in/rooms/1480324607099905318
4792,Casa Shwika,3,Villa,India,"Private Pool, Lawn",Booking.com,"Casa Shwika by VEO, StayVista - 3BHK Forest-View Villa with Private Pool",https://www.booking.com/hotel/in/stayvista-at-casa-shwika-with-pool-and-lawn.html
4792,Casa Shwika,3,Villa,India,"Private Pool, Lawn",MakeMyTrip,StayVista at Casa Shwika,https://www.makemytrip.com/hotels/hotel-details/?hotelId=202509041925471690&_uCurrency=INR&checkin=11252025&checkout=11262025&city=CTAGR&country=IN&funnelType=getaway&lat=27.16779&lng=78.04893&locusId=ZNDEL67F7E280&locusType=zone&rank=1&roomStayQualifier=2e0e&seekSummaryRequired=false&viewType=LUXE&mtkeys=defaultMtkey
4820,Raga Living,8,Villa,India,"Mountain View, Bonfire, BBQ",Agoda,StayVista at Raga Living,https://www.agoda.com/en-in/stayvista-at-chateau-du-raga-raga-living/hotel/parwanoo-in.html
4820,Raga Living,8,Villa,India,"Mountain View, Bonfire, BBQ",Airbnb,8BR | Luxe+ View |StayVista| Raga Living @Himachal,https://www.airbnb.co.in/rooms/1517105832272540551
4820,Raga Living,8,Villa,India,"Mountain View, Bonfire, BBQ",Booking.com,StayVista's Raga Living Luxury Apartment - Mountain View & BBQ,https://www.booking.com/hotel/in/stayvista-at-raga-living-mountain-views-bonfire.html
4820,Raga Living,8,Villa,India,"Mountain View, Bonfire, BBQ",MakeMyTrip,StayVista at Raga Living,https://www.makemytrip.com/hotels/hotel-details/?hotelId=202509161710334627&_uCurrency=INR&checkin=11252025&checkout=11262025&city=CTAGR&country=IN&funnelType=getaway&lat=27.16779&lng=78.04893&locusId=ZNDEL67F7E280&locusType=zone&rank=1&roomStayQualifier=2e0e&seekSummaryRequired=false&viewType=LUXE&mtkeys=defaultMtkey
4885,Moira by the River,3,Estate,Goa,Lawn,Agoda,StayVista at Moira by the River,https://www.agoda.com/stayvista-at-moira-by-the-river/hotel/goa-in.html
4885,Moira by the River,3,Estate,Goa,Lawn,Airbnb,Moira By The River | Exclusive Poolside Estate,https://www.airbnb.co.in/rooms/1518096046602123896
4885,Moira by the River,3,Estate,Goa,Lawn,Booking.com,StayVista's Moira By The River - Exclusive Poolside Estate,https://www.booking.com/hotel/in/stayvista-at-moira-by-the-river.html
4885,Moira by the River,3,Estate,Goa,Lawn,MakeMyTrip,StayVista at Moira by the River,https://www.makemytrip.com/hotels/hotel-details/?hotelId=202509261433118194&_uCurrency=INR&checkin=11252025&checkout=11262025&city=CTAGR&country=IN&funnelType=getaway&lat=27.16779&lng=78.04893&locusId=ZNDEL67F7E280&locusType=zone&rank=1&roomStayQualifier=2e0e&seekSummaryRequired=false&viewType=LUXE&mtkeys=defaultMtkey
4996,The Arks,3,Villa,Goa,"Infinity Pool, River View, Jacuzzi",Agoda,StayVista at The Arks Villa,https://www.agoda.com/stayvista-at-the-arks-villa/hotel/goa-in.html
4996,The Arks,3,Villa,Goa,"Infinity Pool, River View, Jacuzzi",Airbnb,3BR|Pool+River View|StayVista| The Arks Villa @Goa,https://www.airbnb.co.in/rooms/1519344612102864988
4996,The Arks,3,Villa,Goa,"Infinity Pool, River View, Jacuzzi",Booking.com,The Arks Villa by StayVista - 3BHK with River View & Infinity Pool,https://www.booking.com/hotel/in/stayvista-at-the-arks-villa-with-infinity-pool-jacuzzi.html
4996,The Arks,3,Villa,Goa,"Infinity Pool, River View, Jacuzzi",MakeMyTrip,"StayVista at The Arks Villa w/ Infinity Pool, Jacuzzi",https://www.makemytrip.com/hotels/hotel-details/?hotelId=202510041218132582&_uCurrency=INR&checkin=11252025&checkout=11262025&city=CTAGR&country=IN&funnelType=getaway&lat=27.16779&lng=78.04893&locusId=ZNDEL67F7E280&locusType=zone&rank=1&roomStayQualifier=2e0e&seekSummaryRequired=false&viewType=LUXE&mtkeys=defaultMtkey
4943,Zen Grove,3,Villa,India,Private Pool,Agoda,StayVista at Zen Grove,https://www.agoda.com/stayvista-at-zen-grove/hotel/vikarabad-in.html?ds=e2BJYeVrJqbtY8bf
4943,Zen Grove,3,Villa,India,Private Pool,Airbnb,"3BHK Zen Grove | Terrace & Hill Views, Hyderabad",https://www.airbnb.co.in/rooms/1520861267679162770
4943,Zen Grove,3,Villa,India,Private Pool,Booking.com,StayVista's Zen Grove - 3BHK Mountain-View Villa with Terrace,https://www.booking.com/hotel/in/stayvista-at-zen-grove.html
4943,Zen Grove,3,Villa,India,Private Pool,MakeMyTrip,StayVista at Zen Grove,https://www.makemytrip.com/hotels/hotel-details/?hotelId=202509301243082276&_uCurrency=INR&checkin=11252025&checkout=11262025&city=CTAGR&country=IN&funnelType=getaway&lat=27.16779&lng=78.04893&locusId=ZNDEL67F7E280&locusType=zone&rank=1&roomStayQualifier=2e0e&seekSummaryRequired=false&viewType=LUXE&mtkeys=defaultMtkey
5038,Springfield,4,Villa,Goa,Private Pool,Agoda,StayVista at Villa Springfield,https://www.agoda.com/stayvista-at-villa-springfield/hotel/goa-in.html
5038,Springfield,4,Villa,Goa,Private Pool,Airbnb,4BR|Pool+WiFi|StayVista|Villa Springfield@Sangolda,https://www.airbnb.co.in/rooms/1522197426402859395
5038,Springfield,4,Villa,Goa,Private Pool,Booking.com,StayVista's Villa Springfield - Sangolda - 4BHK with Pet Friendly & Private Pool,https://www.booking.com/hotel/in/stayvista-at-villa-springfield-with-pool-ac-wifi.html
5038,Springfield,4,Villa,Goa,Private Pool,MakeMyTrip,StayVista at Villa Springfield,https://www.makemytrip.com/hotels/hotel-details/?hotelId=202510011041203715&_uCurrency=INR&checkin=11252025&checkout=11262025&city=CTAGR&country=IN&funnelType=getaway&lat=27.16779&lng=78.04893&locusId=ZNDEL67F7E280&locusType=zone&rank=1&roomStayQualifier=2e0e&seekSummaryRequired=false&viewType=LUXE&mtkeys=defaultMtkey
4947,Mizu Retreat by VEO,3,Villa,Karjat,"Private Pool, Lawn",Agoda,Mizu Retreat by VEO - Part of StayVista,https://www.agoda.com/stayvista-at-mizu-retreat/hotel/mankiwali-in.html
4947,Mizu Retreat by VEO,3,Villa,Karjat,"Private Pool, Lawn",Airbnb,3BR|Cozy Pool+Lawn |StayVista| Mizu Retreat@Karjat,https://www.airbnb.co.in/rooms/1523564964212117975
4947,Mizu Retreat by VEO,3,Villa,Karjat,"Private Pool, Lawn",Booking.com,"Mizu Retreat by VEO, StayVista - 3BHK Pet-Friendly Villa with Private Pool",https://www.booking.com/hotel/in/mizu-retreat.html
4947,Mizu Retreat by VEO,3,Villa,Karjat,"Private Pool, Lawn",MakeMyTrip,Mizu Retreat by VEO - Part of StayVista,https://www.makemytrip.com/hotels/hotel-details/?hotelId=202510011146485771&_uCurrency=INR&checkin=11252025&checkout=11262025&city=CTAGR&country=IN&funnelType=getaway&lat=27.16779&lng=78.04893&locusId=ZNDEL67F7E280&locusType=zone&rank=1&roomStayQualifier=2e0e&seekSummaryRequired=false&viewType=LUXE&mtkeys=defaultMtkey
5021,Samar Fateh Garh,3,Villa,Udaipur,Private Pool,Agoda,StayVista at Samar Fateh Garh,https://www.agoda.com/en-in/stayvista-at-samar-fateh-garh/hotel/udaipur-in.html
5021,Samar Fateh Garh,3,Villa,Udaipur,Private Pool,Airbnb,3BR|Pool+Views|StayVista|Samar Fateh Garh @Udaipur,https://www.airbnb.co.in/rooms/1522316558908981036
5021,Samar Fateh Garh,3,Villa,Udaipur,Private Pool,Booking.com,StayVista's Samar Fateh Garh - 3BHK Villa with Private Pool & Workstation,https://www.booking.com/hotel/in/stayvista-at-samar-fateh-garh.html
5021,Samar Fateh Garh,3,Villa,Udaipur,Private Pool,MakeMyTrip,StayVista at Samar Fateh Garh,https://www.makemytrip.com/hotels/hotel-details/?hotelId=202510011243056118&_uCurrency=INR&checkin=11252025&checkout=11262025&city=CTAGR&country=IN&funnelType=getaway&lat=27.16779&lng=78.04893&locusId=ZNDEL67F7E280&locusType=zone&rank=1&roomStayQualifier=2e0e&seekSummaryRequired=false&viewType=LUXE&mtkeys=defaultMtkey
4900,Emaarat Chalet,10,Chalet,Srinagar,"BBQ, Gazebo",Agoda,StayVista at Emaarat Chalet,https://www.agoda.com/en-in/stayvista-at-emaarat-chalet/hotel/srinagar-in.html
4900,Emaarat Chalet,10,Chalet,Srinagar,"BBQ, Gazebo",Airbnb,10BR| Lake&Mtn |StayVista| Emaarat Chalet@Sirnagar,https://www.airbnb.co.in/rooms/1517973455174009367
4900,Emaarat Chalet,10,Chalet,Srinagar,"BBQ, Gazebo",Booking.com,Emaarat Chalet by StayVista - Gazebo & BBQ,https://www.booking.com/hotel/in/stayvista-at-emaarat-chalet.html
4900,Emaarat Chalet,10,Chalet,Srinagar,"BBQ, Gazebo",MakeMyTrip,StayVista at Emaarat Chalet,https://www.makemytrip.com/hotels/hotel-details/?hotelId=202509031725032016&_uCurrency=INR&checkin=11252025&checkout=11262025&city=CTAGR&country=IN&funnelType=getaway&lat=27.16779&lng=78.04893&locusId=ZNDEL67F7E280&locusType=zone&rank=1&roomStayQualifier=2e0e&seekSummaryRequired=false&viewType=LUXE&mtkeys=defaultMtkey
4915,Lakeside Panorama,3,Villa,Srinagar,"Mountain View, Lawn",Agoda,StayVista at Lakeside Panorama,https://www.agoda.com/stayvista-at-lakeside-panorama/hotel/srinagar-in.html
4915,Lakeside Panorama,3,Villa,Srinagar,"Mountain View, Lawn",Airbnb,Lakeside Panorama with huge lawn @ Srinagar,https://www.airbnb.co.in/rooms/1523876776711986696
4915,Lakeside Panorama,3,Villa,Srinagar,"Mountain View, Lawn",Booking.com,"Lakeside Panorama by VEO, StayVista - Mountain View & Lawn",https://www.booking.com/hotel/in/stayvista-at-lakeside-panorama.html
4915,Lakeside Panorama,3,Villa,Srinagar,"Mountain View, Lawn",MakeMyTrip,StayVista at Lakeside Panorama,https://www.makemytrip.com/hotels/hotel-details/?hotelId=202510101730327491&_uCurrency=INR&checkin=11252025&checkout=11262025&city=CTAGR&country=IN&funnelType=getaway&lat=27.16779&lng=78.04893&locusId=ZNDEL67F7E280&locusType=zone&rank=1&roomStayQualifier=2e0e&seekSummaryRequired=false&viewType=LUXE&mtkeys=defaultMtkey
5025,Belmonte,4,Villa,Karjat,"Jacuzzi, Bonfire",Agoda,StayVista at Belmonte,https://www.agoda.com/en-gb/stayvista-at-belmonte/hotel/karjat-in.html
5025,Belmonte,4,Villa,Karjat,"Jacuzzi, Bonfire",Airbnb,StayVista @ Belmonte w/ Jacuzzi,https://www.airbnb.co.in/rooms/1524464220749379212
5025,Belmonte,4,Villa,Karjat,"Jacuzzi, Bonfire",Booking.com,StayVista's Belmonte - 4BHK Villa with Jacuzzi & Bar,https://www.booking.com/hotel/in/stayvista-at-belmonte-with-bonfire-jacuzzi.html
5025,Belmonte,4,Villa,Karjat,"Jacuzzi, Bonfire",MakeMyTrip,StayVista at Belmonte,https://www.makemytrip.com/hotels/hotel-details/?hotelId=202510041318192832&_uCurrency=INR&checkin=11252025&checkout=11262025&city=CTAGR&country=IN&funnelType=getaway&lat=27.16779&lng=78.04893&locusId=ZNDEL67F7E280&locusType=zone&rank=1&roomStayQualifier=2e0e&seekSummaryRequired=false&viewType=LUXE&mtkeys=defaultMtkey
5032,Casa Dos Reis,9,Villa,Goa,"Pool, Jacuzzi, Lawn, BBQ",Agoda,StayVista at Casa Dos Reis,https://www.agoda.com/en-in/stayvista-at-casa-dos-reis/hotel/goa-in.html
5032,Casa Dos Reis,9,Villa,Goa,"Pool, Jacuzzi, Lawn, BBQ",Airbnb,Ultra Lux Casa Dos Reis+Lawn+Pool+BBQ+Cook@Vagator,https://www.airbnb.co.in/rooms/1524507910032118499
5032,Casa Dos Reis,9,Villa,Goa,"Pool, Jacuzzi, Lawn, BBQ",Booking.com,StayVista's Casa Dos Reis - Vagator - 9BHK Villa with Jacuzzi & Bar,https://www.booking.com/hotel/in/stayvista-at-casa-dos-reis-with-lawn-amp-pool.html
5032,Casa Dos Reis,9,Villa,Goa,"Pool, Jacuzzi, Lawn, BBQ",MakeMyTrip,StayVista at Casa Dos Reis,https://www.makemytrip.com/hotels/hotel-details/?hotelId=202510061251247775&_uCurrency=INR&checkin=11252025&checkout=11262025&city=CTAGR&country=IN&funnelType=getaway&lat=27.16779&lng=78.04893&locusId=ZNDEL67F7E280&locusType=zone&rank=1&roomStayQualifier=2e0e&seekSummaryRequired=false&viewType=LUXE&mtkeys=defaultMtkey
4822,The Harbhson,3,House,India,"Pool, Jacuzzi",Agoda,StayVista at The Harbhson House,https://www.agoda.com/stayvista-at-the-harbhson-house/hotel/haryana-in.html?ds=FO7hMCwA9ij3o0Jb
4822,The Harbhson,3,House,India,"Pool, Jacuzzi",Airbnb,The Harbhson House | Private Luxury Escape,https://www.airbnb.co.in/rooms/1532351978317881934
4822,The Harbhson,3,House,India,"Pool, Jacuzzi",Booking.com,"StayVista at The Harbhson House, Spa & Pool Retreat",https://www.booking.com/hotel/in/stayvista-at-the-harbhson-house-with-pool-amp-jacuzzi.html
4822,The Harbhson,3,House,India,"Pool, Jacuzzi",MakeMyTrip,StayVista at The Harbhson House,https://www.makemytrip.com/hotels/hotel-details/?hotelId=202510151930243930&_uCurrency=INR&checkin=11252025&checkout=11262025&city=CTAGR&country=IN&funnelType=getaway&lat=27.16779&lng=78.04893&locusId=ZNDEL67F7E280&locusType=zone&rank=1&roomStayQualifier=2e0e&seekSummaryRequired=false&viewType=LUXE&mtkeys=defaultMtkey
4989,Ivory Palms,3,Villa,Goa,Pool,Agoda,StayVista at Ivory Palms,https://www.agoda.com/en-in/stayvista-at-ivory-palms/hotel/goa-in.html
4989,Ivory Palms,3,Villa,Goa,Pool,Airbnb,3BR|Pool Retreat|StayVista| Ivory Palms-15 @Goa,https://www.airbnb.co.in/rooms/1525816175557379662
4989,Ivory Palms,3,Villa,Goa,Pool,Booking.com,StayVista's Ivory Palms - Moira - 3BHK Pet-Friendly Villa with Gym,https://www.booking.com/hotel/in/stayvista-at-ivory-palms-with-pool-ac-wifi.html
4989,Ivory Palms,3,Villa,Goa,Pool,MakeMyTrip,StayVista at Ivory Palms,https://www.makemytrip.com/hotels/hotel-details/?hotelId=202510060957478220&_uCurrency=INR&checkin=11252025&checkout=11262025&city=CTAGR&country=IN&funnelType=getaway&lat=27.16779&lng=78.04893&locusId=ZNDEL67F7E280&locusType=zone&rank=1&roomStayQualifier=2e0e&seekSummaryRequired=false&viewType=LUXE&mtkeys=defaultMtkey
5002,Vintage Varanasi by the Ganges,4,Villa,India,Private Pool,Agoda,StayVista at Vintage Varanasi by the Ganges,https://www.agoda.com/search?text=StayVista%20Vintage%20Varanasi%20by%20the%20Ganges%20India
5002,Vintage Varanasi by the Ganges,4,Villa,India,Private Pool,Airbnb,4BR Heritage Haveli| Vintage Varanasi bythe Ganges,https://www.airbnb.co.in/rooms/1526546309950936047
5002,Vintage Varanasi by the Ganges,4,Villa,India,Private Pool,Booking.com,"Vintage Varanasi by the Ganges by VEO, StayVista - 4BHK River-View Villa",https://www.booking.com/hotel/in/stayvista-at-vintage-varanasi-by-the-ganges-with-wi-fi-boards-games.html
5002,Vintage Varanasi by the Ganges,4,Villa,India,Private Pool,MakeMyTrip,StayVista at 4BHK Vintage Varanasi by the Ganges,https://www.makemytrip.com/hotels/hotel-details/?hotelId=202510051348458218&_uCurrency=INR&checkin=11252025&checkout=11262025&city=CTAGR&country=IN&funnelType=getaway&lat=27.16779&lng=78.04893&locusId=ZNDEL67F7E280&locusType=zone&rank=1&roomStayQualifier=2e0e&seekSummaryRequired=false&viewType=LUXE&mtkeys=defaultMtkey
5057,Di Mora by the Sea,4,Villa,India,Private Pool,Agoda,StayVista at Di Mora by the Sea,https://www.agoda.com/stayvista-at-di-mora/hotel/baga-in.html
5057,Di Mora by the Sea,4,Villa,India,Private Pool,Airbnb,4R Villa-Pool+Beachview |Di Mora By The Sea @Baga,https://www.airbnb.co.in/rooms/1538377972178382334
5057,Di Mora by the Sea,4,Villa,India,Private Pool,Booking.com,StayVista's Di Mora By The Sea - Baga - 4BHK Pet-Friendly Villa with Private Pool,https://www.booking.com/hotel/in/di-mora.html
5057,Di Mora by the Sea,4,Villa,India,Private Pool,MakeMyTrip,StayVista at Di Mora by the Sea,https://www.makemytrip.com/hotels/hotel-details/?hotelId=202510140832366905&_uCurrency=INR&checkin=11252025&checkout=11262025&city=CTAGR&country=IN&funnelType=getaway&lat=27.16779&lng=78.04893&locusId=ZNDEL67F7E280&locusType=zone&rank=1&roomStayQualifier=2e0e&seekSummaryRequired=false&viewType=LUXE&mtkeys=defaultMtkey
5023,Atharva,3,Villa,India,Private Pool,Agoda,StayVista at Villa Atharva - Anekal,https://www.agoda.com/stayvista-at-villa-atharva/hotel/anekal-in.html
5023,Atharva,3,Villa,India,Private Pool,Airbnb,3BR|Farm+Bonfir|StayVista| Villa Atharva@Bangalore,https://www.airbnb.co.in/rooms/1526817211087265746
5023,Atharva,3,Villa,India,Private Pool,Booking.com,StayVista's Villa Atharva - Anekal - 3BHK with Pet Friendly & Workstation,https://www.booking.com/hotel/in/stayvista-at-villa-atharva.html
5023,Atharva,3,Villa,India,Private Pool,MakeMyTrip,StayVista at Villa Atharva - Anekal,https://www.makemytrip.com/hotels/hotel-details/?hotelId=202510141321461514&_uCurrency=INR&checkin=11252025&checkout=11262025&city=CTAGR&country=IN&funnelType=getaway&lat=27.16779&lng=78.04893&locusId=ZNDEL67F7E280&locusType=zone&rank=1&roomStayQualifier=2e0e&seekSummaryRequired=false&viewType=LUXE&mtkeys=defaultMtkey
4979,Anandam Lake,3,Villa,Pune,"Pool, Lake View",Agoda,StayVista at Anandam Lake Villa - Khadakwasla,https://www.agoda.com/stayvista-at-anandam-lake-villa/hotel/gorhe-khurd-in.html?_ga=2.260286411.774389860.1760685587-959152476.1741075491
4979,Anandam Lake,3,Villa,Pune,"Pool, Lake View",Airbnb,"3BHK Anandam Lake Villa | Pool & Lake Views, Pune",https://www.airbnb.co.in/rooms/1531650394187596960
4979,Anandam Lake,3,Villa,Pune,"Pool, Lake View",Booking.com,StayVista's Anandam Lake Villa - Khadakwasla - 3BHK with Lake View & Home Theatre,https://www.booking.com/hotel/in/stayvista-at-anandam-lake-villa.html
4979,Anandam Lake,3,Villa,Pune,"Pool, Lake View",MakeMyTrip,StayVista at Anandam Lake Villa - Khadakwasla,https://www.makemytrip.com/hotels/hotel-details/?hotelId=202510141458563710&_uCurrency=INR&checkin=11252025&checkout=11262025&city=CTAGR&country=IN&funnelType=getaway&lat=27.16779&lng=78.04893&locusId=ZNDEL67F7E280&locusType=zone&rank=1&roomStayQualifier=2e0e&seekSummaryRequired=false&viewType=LUXE&mtkeys=defaultMtkey
5629,Ridge & Root,6,Villa,Karjat,"Infinity Pool, Jacuzzi, Bonfire",Agoda,StayVista at Ridge & Root,https://www.agoda.com/en-gb/stayvista-at-ridge-root/hotel/karjat-in.html
5629,Ridge & Root,6,Villa,Karjat,"Infinity Pool, Jacuzzi, Bonfire",Airbnb,"StayVista at Ridge & Root w/ Bonfire, Jacuzzi",https://www.airbnb.co.in/rooms/1533137400542357673
5629,Ridge & Root,6,Villa,Karjat,"Infinity Pool, Jacuzzi, Bonfire",Booking.com,StayVista's Ridge & Root - 6BHK Villa with Infinity Pool & Sports Turf,https://www.booking.com/hotel/in/stayvista-at-ridge-amp-root.html
5629,Ridge & Root,6,Villa,Karjat,"Infinity Pool, Jacuzzi, Bonfire",MakeMyTrip,StayVista at Ridge & Root,https://www.makemytrip.com/hotels/hotel-details/?hotelId=202510221755314484&_uCurrency=INR&checkin=11252025&checkout=11262025&city=CTAGR&country=IN&funnelType=getaway&lat=27.16779&lng=78.04893&locusId=ZNDEL67F7E280&locusType=zone&rank=1&roomStayQualifier=2e0e&seekSummaryRequired=false&viewType=LUXE&mtkeys=defaultMtkey
5056,Bella,6,Villa,Nashik,"Private Pool, River View",Agoda,StayVista at Bella Villa,https://www.agoda.com/stayvista-at-bella-villa/hotel/shahapur-in.html
5056,Bella,6,Villa,Nashik,"Private Pool, River View",Airbnb,6BR| Luxe Pool&Tub |StayVista| Bella Villa @Nashik,https://www.airbnb.co.in/rooms/1535979449186160576
5056,Bella,6,Villa,Nashik,"Private Pool, River View",Booking.com,"Bella Villa - Shahapur by VEO, StayVista - 6BHK with River View & Private Pool",https://www.booking.com/hotel/in/stayvista-at-bella-villa-with-bathtub-pool-wifi.html
5056,Bella,6,Villa,Nashik,"Private Pool, River View",MakeMyTrip,StayVista at Bella Villa,https://www.makemytrip.com/hotels/hotel-details/?hotelId=202510171241551922&_uCurrency=INR&checkin=11252025&checkout=11262025&city=CTAGR&country=IN&funnelType=getaway&lat=27.16779&lng=78.04893&locusId=ZNDEL67F7E280&locusType=zone&rank=1&roomStayQualifier=2e0e&seekSummaryRequired=false&viewType=LUXE&mtkeys=defaultMtkey
4942,PS Infinity Hideout,5,Villa,India,"Pool, Jacuzzi",Agoda,StayVista at PSâ€™ Infinity Hideout,https://www.agoda.com/en-gb/stayvista-at-ps-infinity-hideout/hotel/shirkoli-in.html
4942,PS Infinity Hideout,5,Villa,India,"Pool, Jacuzzi",Airbnb,"StayVista at PS’ Infinity Hideout w/ Pool, theatre",https://www.airbnb.co.in/rooms/1541052194640641265
4942,PS Infinity Hideout,5,Villa,India,"Pool, Jacuzzi",Booking.com,StayVista's PS' Infinity Hideout - 5BHK Villa with Home Theatre & Jacuzzi,https://www.booking.com/hotel/in/stayvista-at-ps-infinity-hideout-with-pool-theatre.html
4942,PS Infinity Hideout,5,Villa,India,"Pool, Jacuzzi",MakeMyTrip,StayVista at PS Infinity Hideout,https://www.makemytrip.com/hotels/hotel-details/?hotelId=202510251147291509&_uCurrency=INR&checkin=11252025&checkout=11262025&city=CTAGR&country=IN&funnelType=getaway&lat=27.16779&lng=78.04893&locusId=ZNDEL67F7E280&locusType=zone&rank=1&roomStayQualifier=2e0e&seekSummaryRequired=false&viewType=LUXE&mtkeys=defaultMtkey
5130,Risacca,12,Cottage,Jaipur,Bonfire,Agoda,StayVista at Risacca - Amer,https://www.agoda.com/en-in/stayvista-at-rissaca-crown/hotel/jaipur-in.html
5130,Risacca,12,Cottage,Jaipur,Bonfire,Airbnb,"StayVista at Hazel@RissacaCrown w/Bonfire, bathtub",https://www.airbnb.co.in/rooms/1546029619182068327
5130,Risacca,12,Cottage,Jaipur,Bonfire,Booking.com,Risacca - Amer by StayVista - 12BHK Cottage with Bathtub & Alfresco Dining,https://www.booking.com/hotel/in/rissaca-crown.html
5130,Risacca,12,Cottage,Jaipur,Bonfire,MakeMyTrip,StayVista at Risacca - Amer,https://www.makemytrip.com/hotels/hotel-details/?hotelId=202510011210252099&_uCurrency=INR&checkin=11252025&checkout=11262025&city=CTAGR&country=IN&funnelType=getaway&lat=27.16779&lng=78.04893&locusId=ZNDEL67F7E280&locusType=zone&rank=1&roomStayQualifier=2e0e&seekSummaryRequired=false&viewType=LUXE&mtkeys=defaultMtkey
5098,Moonstone,5,Villa,Goa,"Pool, Jacuzzi",Agoda,"StayVista at Moonstone Villa w/ Pool, Rftp Jacuzzi",https://www.agoda.com/en-gb/stayvista-at-moonstone-villa/hotel/goa-in.html
5098,Moonstone,5,Villa,Goa,"Pool, Jacuzzi",Airbnb,Pool+Jacuzzi|StayVista @ Moonstone Villa - Vagator,https://www.airbnb.co.in/rooms/1542427071575011451
5098,Moonstone,5,Villa,Goa,"Pool, Jacuzzi",Booking.com,StayVista's Moonstone Villa - Vagator 5BHK with Pool & Jacuzzi,https://www.booking.com/hotel/in/stayvista-at-moonstone-villa-with-pool-rftp-jacuzzi.html
5098,Moonstone,5,Villa,Goa,"Pool, Jacuzzi",MakeMyTrip,"StayVista at Moonstone Villa w/ Pool, Rftp Jacuzzi",https://www.makemytrip.com/hotels/hotel-details/?hotelId=202510291024325555&_uCurrency=INR&checkin=11252025&checkout=11262025&city=CTAGR&country=IN&funnelType=getaway&lat=27.16779&lng=78.04893&locusId=ZNDEL67F7E280&locusType=zone&rank=1&roomStayQualifier=2e0e&seekSummaryRequired=false&viewType=LUXE&mtkeys=defaultMtkey
5052,Prana Zen,5,House,Nashik,"Private Pool, BBQ",Agoda,StayVista at Prana Zen House,https://www.agoda.com/en-in/stayvista-at-prana-zen-house/hotel/nashik-in.html
5052,Prana Zen,5,House,Nashik,"Private Pool, BBQ",Airbnb,StayVista at Prana Zen House w/ Pool & BBQ,https://www.airbnb.co.in/rooms/1542497512438373315
5052,Prana Zen,5,House,Nashik,"Private Pool, BBQ",Booking.com,StayVista's Prana Zen House - 5BHK with Spa & Private Pool,https://www.booking.com/hotel/in/stayvista-at-prana-zen-house-with-pool-and-bbq.html
5052,Prana Zen,5,House,Nashik,"Private Pool, BBQ",MakeMyTrip,StayVista at Prana Zen House,https://www.makemytrip.com/hotels/hotel-details/?hotelId=202511181519393671&_uCurrency=INR&checkin=11252025&checkout=11262025&city=CTAGR&country=IN&funnelType=getaway&lat=27.16779&lng=78.04893&locusId=ZNDEL67F7E280&locusType=zone&rank=1&roomStayQualifier=2e0e&seekSummaryRequired=false&viewType=LUXE&mtkeys=defaultMtkey
4950,Ajuban,2,Villa,Pune,"Lawn, BBQ",Agoda,StayVista at Ajuban,https://www.agoda.com/en-in/abhaysinh/hotel/gaganbawda-in.html
4950,Ajuban,2,Villa,Pune,"Lawn, BBQ",Airbnb,2BR| Lawn&BBQ+Lake Side |StayVista| Ajuban @Pune,https://www.airbnb.co.in/rooms/1543222174883408342
4950,Ajuban,2,Villa,Pune,"Lawn, BBQ",Booking.com,"Ajuban by VEO, StayVista - 2BHK Pet-Friendly Lake-View Villa",https://www.booking.com/hotel/in/abhaysinh.html
4950,Ajuban,2,Villa,Pune,"Lawn, BBQ",MakeMyTrip,StayVista at Ajuban,https://www.makemytrip.com/hotels/hotel-details/?hotelId=202510301241587492&_uCurrency=INR&checkin=11252025&checkout=11262025&city=CTAGR&country=IN&funnelType=getaway&lat=27.16779&lng=78.04893&locusId=ZNDEL67F7E280&locusType=zone&rank=1&roomStayQualifier=2e0e&seekSummaryRequired=false&viewType=LUXE&mtkeys=defaultMtkey
5070,Tranquil Crest,3,Villa,Lonavala,"Plunge Pool, Lawn",Agoda,StayVista at Tranquil Crest,https://www.agoda.com/en-in/stayvista-at-tranquil-crest-with-pool-lawn/hotel/malavli-in.html
5070,Tranquil Crest,3,Villa,Lonavala,"Plunge Pool, Lawn",Airbnb,3BH |Pool&Lawn |Stay Vista|Tranquil Crest@Lonavala,https://www.airbnb.co.in/rooms/1541192466371837362
5070,Tranquil Crest,3,Villa,Lonavala,"Plunge Pool, Lawn",Booking.com,"Tranquil Crest by VEO, StayVista - 3BHK Pet-Friendly Villa with Plunge Pool",https://www.booking.com/hotel/in/stayvista-at-tranquil-crest.html
5070,Tranquil Crest,3,Villa,Lonavala,"Plunge Pool, Lawn",MakeMyTrip,StayVista at Tranquil Crest,https://www.makemytrip.com/hotels/hotel-details/?hotelId=202510301120498030&_uCurrency=INR&checkin=11252025&checkout=11262025&city=CTAGR&country=IN&funnelType=getaway&lat=27.16779&lng=78.04893&locusId=ZNDEL67F7E280&locusType=zone&rank=1&roomStayQualifier=2e0e&seekSummaryRequired=false&viewType=LUXE&mtkeys=defaultMtkey
3899,Avasa Stays,4,Villa,Nainital,"Jacuzzi, BBQ",Agoda,StayVista at Avasa Stays,https://www.agoda.com/en-gb/stayvista-at-avasa-stays/hotel/nainital-in.html
3899,Avasa Stays,4,Villa,Nainital,"Jacuzzi, BBQ",Airbnb,4BR Avasa Stays w/Comp Breakfast & Wifi | Nainital,https://www.airbnb.co.in/rooms/1543329619746342214
3899,Avasa Stays,4,Villa,Nainital,"Jacuzzi, BBQ",Booking.com,Avasa Stays by StayVista - 4BHK Villa with Jacuzzi & BBQ,https://www.booking.com/hotel/in/stayvista-at-avasa-stays-with-views-jacuzzi-meals.html
3899,Avasa Stays,4,Villa,Nainital,"Jacuzzi, BBQ",MakeMyTrip,StayVista at Avasa Stays,https://www.makemytrip.com/hotels/hotel-details/?hotelId=202511011057421683&_uCurrency=INR&checkin=11252025&checkout=11262025&city=CTAGR&country=IN&funnelType=getaway&lat=27.16779&lng=78.04893&locusId=ZNDEL67F7E280&locusType=zone&rank=1&roomStayQualifier=2e0e&seekSummaryRequired=false&viewType=LUXE&mtkeys=defaultMtkey
4929,The River Mist,4,Villa,Wayanad,Gazebo,Agoda,StayVista at The River Mist,https://www.agoda.com/stayvista-at-the-river-mist/hotel/wayanad-in.html
4929,The River Mist,4,Villa,Wayanad,Gazebo,Airbnb,4BR| Forest&River|StayVista| The River Mist@Kerala,https://www.airbnb.co.in/rooms/1542514186599776182
4929,The River Mist,4,Villa,Wayanad,Gazebo,Booking.com,"The River Mist by VEO, StayVista - 4BHK Pet-Friendly Villa with Gazebo",https://www.booking.com/hotel/in/stayvista-at-the-river-mist.html
4929,The River Mist,4,Villa,Wayanad,Gazebo,MakeMyTrip,StayVista at The River Mist,https://www.makemytrip.com/hotels/hotel-details/?hotelId=202510311500246315&_uCurrency=INR&checkin=11252025&checkout=11262025&city=CTAGR&country=IN&funnelType=getaway&lat=27.16779&lng=78.04893&locusId=ZNDEL67F7E280&locusType=zone&rank=1&roomStayQualifier=2e0e&seekSummaryRequired=false&viewType=LUXE&mtkeys=defaultMtkey
4841,Casa Roma,3,Villa,India,"Private Pool, Lawn, BBQ",Agoda,StayVista at Casa Roma,https://www.agoda.com/search?text=StayVista%20Casa%20Roma%20India
4841,Casa Roma,3,Villa,India,"Private Pool, Lawn, BBQ",Airbnb,"3BHK Pvt Pool WiFi BBQ Villa Casa Roma, Siolim",https://www.airbnb.co.in/rooms/1544853789307220892
4841,Casa Roma,3,Villa,India,"Private Pool, Lawn, BBQ",Booking.com,StayVista's Casa Roma - Siolim - 3BHK Villa with Private Pool & Lawn,https://www.booking.com/hotel/in/casa-roma-siolim.html
4841,Casa Roma,3,Villa,India,"Private Pool, Lawn, BBQ",MakeMyTrip,StayVista at Casa Roma,https://www.makemytrip.com/hotels/hotel-details/?hotelId=202511011823534845&_uCurrency=INR&checkin=11252025&checkout=11262025&city=CTAGR&country=IN&funnelType=getaway&lat=27.16779&lng=78.04893&locusId=ZNDEL67F7E280&locusType=zone&rank=1&roomStayQualifier=2e0e&seekSummaryRequired=false&viewType=LUXE&mtkeys=defaultMtkey
5013,La Feu,3,Villa,Goa,Private Pool,Agoda,StayVista at La Feu,https://www.agoda.com/stayvista-at-la-feu/hotel/goa-in.html
5013,La Feu,3,Villa,Goa,Private Pool,Airbnb,3BR Luxe Pool Villa | StayVista | La Feu @ Goa,https://www.airbnb.co.in/rooms/1544818283952705352
5013,La Feu,3,Villa,Goa,Private Pool,Booking.com,StayVista's La Feu - Moira - 3BHK Villa with Private Pool & Bathtub,https://www.booking.com/hotel/in/stayvista-at-la-feu-with-pool-wi-fi.html
5013,La Feu,3,Villa,Goa,Private Pool,MakeMyTrip,StayVista at La Feu,https://www.makemytrip.com/hotels/hotel-details/?hotelId=202511041136107473&_uCurrency=INR&checkin=11252025&checkout=11262025&city=CTAGR&country=IN&funnelType=getaway&lat=27.16779&lng=78.04893&locusId=ZNDEL67F7E280&locusType=zone&rank=1&roomStayQualifier=2e0e&seekSummaryRequired=false&viewType=LUXE&mtkeys=defaultMtkey
4634,The Edge of Sky,4,Villa,India,"Lawn, Bonfire",Agoda,StayVista at The Edge of Sky,https://www.agoda.com/stayvista-at-the-edge-of-sky/hotel/chakrata-in.html
4634,The Edge of Sky,4,Villa,India,"Lawn, Bonfire",Airbnb,"4BR The Edge of Sky w/Views, Lawn & Wifi |Chakrata",https://www.airbnb.co.in/rooms/1543344082874146932
4634,The Edge of Sky,4,Villa,India,"Lawn, Bonfire",Booking.com,The Edge of Sky - Chakrata by StayVista - 4BHK Valley-View Villa with Bonfire,https://www.booking.com/hotel/in/stayvista-at-the-edge-of-sky.html
4634,The Edge of Sky,4,Villa,India,"Lawn, Bonfire",MakeMyTrip,StayVista at The Edge of Sky,https://www.makemytrip.com/hotels/hotel-details/?hotelId=202511011725196734&_uCurrency=INR&checkin=11252025&checkout=11262025&city=CTAGR&country=IN&funnelType=getaway&lat=27.16779&lng=78.04893&locusId=ZNDEL67F7E280&locusType=zone&rank=1&roomStayQualifier=2e0e&seekSummaryRequired=false&viewType=LUXE&mtkeys=defaultMtkey
5064,Brickstone  by VEO,3,Villa,India,"Pool, Lake View, Lawn",Agoda,Brickstone Villa by VEO - Part of StayVista,https://www.agoda.com/stayvista-at-bloom-breeze-villa/hotel/bangalore-in.html
5064,Brickstone  by VEO,3,Villa,India,"Pool, Lake View, Lawn",Airbnb,3BR| Lawn |StayVista| Brickstone Villa @Bengaluru,https://www.airbnb.co.in/rooms/1557172779766808736
5064,Brickstone  by VEO,3,Villa,India,"Pool, Lake View, Lawn",Booking.com,"Brickstone Villa by VEO, StayVista - 3BHK with Lake View & Shared Pool",https://www.booking.com/hotel/in/stayvista-at-bloom-amp-breeze-villa-with-lake-view.html
5064,Brickstone  by VEO,3,Villa,India,"Pool, Lake View, Lawn",MakeMyTrip,Brickstone Villa by VEO - Part of StayVista,https://www.makemytrip.com/hotels/hotel-details/?hotelId=202511181531009107&_uCurrency=INR&checkin=11252025&checkout=11262025&city=CTAGR&country=IN&funnelType=getaway&lat=27.16779&lng=78.04893&locusId=ZNDEL67F7E280&locusType=zone&rank=1&roomStayQualifier=2e0e&seekSummaryRequired=false&viewType=LUXE&mtkeys=defaultMtkey
4503,Mikasa,4,Villa,Lonavala,Private Pool,Agoda,StayVista at Mikasa Villa W/ Multipurpose Court,https://www.agoda.com/stayvista-at-mikasa/hotel/lonavala-in.html
4503,Mikasa,4,Villa,Lonavala,Private Pool,Airbnb,4BHK Mikasa Villa w/ Multipurpose Court | Lonavala,https://www.airbnb.co.in/rooms/1558582695264231121
4503,Mikasa,4,Villa,Lonavala,Private Pool,Booking.com,StayVista's Mikasa Villa - 4BHK with Sports Turf & Private Pool near Kune Falls,https://www.booking.com/hotel/in/stayvista-at-mikasa.html
4503,Mikasa,4,Villa,Lonavala,Private Pool,MakeMyTrip,StayVista at Mikasa Villa W/ Multipurpose Court,https://www.makemytrip.com/hotels/hotel-details/?hotelId=202511201329253513&_uCurrency=INR&checkin=11252025&checkout=11262025&city=CTAGR&country=IN&funnelType=getaway&lat=27.16779&lng=78.04893&locusId=ZNDEL67F7E280&locusType=zone&rank=1&roomStayQualifier=2e0e&seekSummaryRequired=false&viewType=LUXE&mtkeys=defaultMtkey
5128,Pristine Peak @ Zenith  by VEO,4,Villa,Lonavala,"Pool, Lawn",Agoda,Pristine Peak @ Zenith Villa by VEO,https://www.agoda.com/search?text=StayVista%20Pristine%20Peak%20Zenith%20by%20VEO%20Lonavala
5128,Pristine Peak @ Zenith  by VEO,4,Villa,Lonavala,"Pool, Lawn",Airbnb,4BR |Games+Pool|StayVista| Pristine Peak @Lonavala,https://www.airbnb.co.in/rooms/1557167301220230852
5128,Pristine Peak @ Zenith  by VEO,4,Villa,Lonavala,"Pool, Lawn",Booking.com,Pristine Peak at Zenith Villa by VEO,https://www.booking.com/hotel/in/stayvista-at-pristine-peak-with-pool-lawn.html
5128,Pristine Peak @ Zenith  by VEO,4,Villa,Lonavala,"Pool, Lawn",MakeMyTrip,Pristine Peak by VEO - Part of StayVista,https://www.makemytrip.com/hotels/hotel-details/?hotelId=202511211519534616&_uCurrency=INR&checkin=11252025&checkout=11262025&city=CTAGR&country=IN&funnelType=getaway&lat=27.16779&lng=78.04893&locusId=ZNDEL67F7E280&locusType=zone&rank=1&roomStayQualifier=2e0e&seekSummaryRequired=false&viewType=LUXE&mtkeys=defaultMtkey
4921,Miraai Farm,5,Villa,Nashik,Infinity Pool,Agoda,StayVista at Miraai Farm,https://www.agoda.com/stayvista-at-miraai-farm/hotel/girnare-in.html
4921,Miraai Farm,5,Villa,Nashik,Infinity Pool,Airbnb,5BR |Infinity Pool|StayVista| Miraai Farm @Nashik,https://www.airbnb.co.in/rooms/1562183079401694038
4921,Miraai Farm,5,Villa,Nashik,Infinity Pool,Booking.com,StayVista's Miraai Farm - 5BHK Villa with Infinity Pool & Table Tennis,https://www.booking.com/hotel/in/stayvista-at-miraai-farm-with-infinity-pool-views.html
4921,Miraai Farm,5,Villa,Nashik,Infinity Pool,MakeMyTrip,StayVista at Miraai Farm,https://www.makemytrip.com/hotels/hotel-details/?hotelId=202511251756201371&_uCurrency=INR&checkin=11252025&checkout=11262025&city=CTAGR&country=IN&funnelType=getaway&lat=27.16779&lng=78.04893&locusId=ZNDEL67F7E280&locusType=zone&rank=1&roomStayQualifier=2e0e&seekSummaryRequired=false&viewType=LUXE&mtkeys=defaultMtkey
5127,Zenith,12,Villa,India,"Private Pool, Mountain View",Agoda,Chroma Crest@Zenith Villa by VEO Part of StayVista,https://www.agoda.com/stayvista-at-the-chroma-crest/hotel/lonavla-in.html
5127,Zenith,12,Villa,India,"Private Pool, Mountain View",Airbnb,Chroma Crest@Zenith Villa by VEO-Part of StayVista,https://www.airbnb.co.in/rooms/1735193962167042790
5127,Zenith,12,Villa,India,"Private Pool, Mountain View",Booking.com,StayVista's Zenith Villa - 12BHK with Mountain View & Private Pool,https://www.booking.com/hotel/in/stayvista-at-the-chroma-crest.html
5127,Zenith,12,Villa,India,"Private Pool, Mountain View",MakeMyTrip,The Chroma Crest by VEO - Part of StayVista,https://www.makemytrip.com/hotels/hotel-details/?hotelId=202511251344257025&_uCurrency=INR&checkin=11252025&checkout=11262025&city=CTAGR&country=IN&funnelType=getaway&lat=27.16779&lng=78.04893&locusId=ZNDEL67F7E280&locusType=zone&rank=1&roomStayQualifier=2e0e&seekSummaryRequired=false&viewType=LUXE&mtkeys=defaultMtkey
5082,Aria by the Hills,6,Villa,Nashik,Infinity Pool,Agoda,StayVista at Aria by the Hills,https://www.agoda.com/stayvista-at-aria-by-the-hills/hotel/shevgedang-in.html
5082,Aria by the Hills,6,Villa,Nashik,Infinity Pool,Airbnb,6BR| Inf Pool|StayVista| Aria by the Hills @Nashik,https://www.airbnb.co.in/rooms/1554264128276949039
5082,Aria by the Hills,6,Villa,Nashik,Infinity Pool,Booking.com,Aria by the Hills by StayVista - 6BHK Villa with Infinity Pool & Karaoke,https://www.booking.com/hotel/in/stayvista-at-aria-by-the-hills.html
5082,Aria by the Hills,6,Villa,Nashik,Infinity Pool,MakeMyTrip,StayVista at Aria by the Hills,https://www.makemytrip.com/hotels/hotel-details/?hotelId=202511261734084436&_uCurrency=INR&checkin=11252025&checkout=11262025&city=CTAGR&country=IN&funnelType=getaway&lat=27.16779&lng=78.04893&locusId=ZNDEL67F7E280&locusType=zone&rank=1&roomStayQualifier=2e0e&seekSummaryRequired=false&viewType=LUXE&mtkeys=defaultMtkey
4842,M3,4,Villa,Jaipur,"Private Pool, Lawn",Agoda,StayVista at Villa M3 - Farmstay,https://www.agoda.com/stayvista-at-shyam-aura/hotel/jaipur-in.html
4842,M3,4,Villa,Jaipur,"Private Pool, Lawn",Airbnb,4BHK Luxury Farmstay Villa w/Pool & Lawn in Jaipur,https://www.airbnb.co.in/rooms/1485275488232237697
4842,M3,4,Villa,Jaipur,"Private Pool, Lawn",Booking.com,StayVista's Villa M3 - Farmstay - 4BHK with Sports Turf & Private Pool,https://www.booking.com/hotel/in/stayvista-at-shyam-aura.html
4842,M3,4,Villa,Jaipur,"Private Pool, Lawn",MakeMyTrip,StayVista at Villa M3 - Farmstay,https://www.makemytrip.com/hotels/hotel-details/?hotelId=202511281136081607&_uCurrency=INR&checkin=11252025&checkout=11262025&city=CTAGR&country=IN&funnelType=getaway&lat=27.16779&lng=78.04893&locusId=ZNDEL67F7E280&locusType=zone&rank=1&roomStayQualifier=2e0e&seekSummaryRequired=false&viewType=LUXE&mtkeys=defaultMtkey
5087,Canton,3,Villa,Nashik,Private Pool,Agoda,StayVista at Canton Villa,https://www.agoda.com/en-in/stayvista-at-canton-villa/hotel/nashik-in.html
5087,Canton,3,Villa,Nashik,Private Pool,Airbnb,3BR|Pool+AC+WIFI|StayVista| Canton Villa @Nashik,https://www.airbnb.co.in/rooms/1563472056139992908
5087,Canton,3,Villa,Nashik,Private Pool,Booking.com,StayVista's Canton Villa - 3BHK with Private Pool & Bathtub,https://www.booking.com/hotel/in/stayvista-at-canton-villa-with-outdoor-pool-ac-wifi.html
5087,Canton,3,Villa,Nashik,Private Pool,MakeMyTrip,StayVista at Canton Villa,https://www.makemytrip.com/hotels/hotel-details/?hotelId=202512191431026017&_uCurrency=INR&checkin=11252025&checkout=11262025&city=CTAGR&country=IN&funnelType=getaway&lat=27.16779&lng=78.04893&locusId=ZNDEL67F7E280&locusType=zone&rank=1&roomStayQualifier=2e0e&seekSummaryRequired=false&viewType=LUXE&mtkeys=defaultMtkey
4467,Bluejay,3,Villa,India,"Pool, Bonfire",Agoda,StayVista at Villa Bluejay,https://www.agoda.com/stayvista-at-eira-villa/hotel/solan-in.html
4467,Bluejay,3,Villa,India,"Pool, Bonfire",Airbnb,"StayVista at Villa Bluejay w/Bonfire, Outdoor Pool",https://www.airbnb.co.in/rooms/1541708963897012985
4467,Bluejay,3,Villa,India,"Pool, Bonfire",Booking.com,"StayVista at Villa Bluejay with Bonfire, Outdoor Pool",https://www.booking.com/hotel/in/stayvista-at-eira-villa-with-bonfire-heated-pool.html
4467,Bluejay,3,Villa,India,"Pool, Bonfire",MakeMyTrip,StayVista at Villa Bluejay,https://www.makemytrip.com/hotels/hotel-details/?hotelId=202511280952495301&_uCurrency=INR&checkin=11252025&checkout=11262025&city=CTAGR&country=IN&funnelType=getaway&lat=27.16779&lng=78.04893&locusId=ZNDEL67F7E280&locusType=zone&rank=1&roomStayQualifier=2e0e&seekSummaryRequired=false&viewType=LUXE&mtkeys=defaultMtkey
4995,Evaara Woods,6,Homestay,Shimla,Lawn,Agoda,StayVista at Evaara Woods,https://www.agoda.com/stayvista-at-evaara-woods/hotel/shimla-in.html
4995,Evaara Woods,6,Homestay,Shimla,Lawn,Airbnb,6BR | Hill Escape |StayVista| Evaara Woods @Shimla,https://www.airbnb.co.in/rooms/1564439667584675858
4995,Evaara Woods,6,Homestay,Shimla,Lawn,Booking.com,Evaara Woods by StayVista - 6BHK Homestay Near Tara Devi Railway Station,https://www.booking.com/hotel/in/stayvista-at-evaara-woods.html
4995,Evaara Woods,6,Homestay,Shimla,Lawn,MakeMyTrip,StayVista at Evaara Woods,https://www.makemytrip.com/hotels/hotel-details/?hotelId=202512031204491335&_uCurrency=INR&checkin=11252025&checkout=11262025&city=CTAGR&country=IN&funnelType=getaway&lat=27.16779&lng=78.04893&locusId=ZNDEL67F7E280&locusType=zone&rank=1&roomStayQualifier=2e0e&seekSummaryRequired=false&viewType=LUXE&mtkeys=defaultMtkey
4825,Meadows Land,5,Villa,Lonavala,"Private Pool, Bonfire",Agoda,StayVista at Meadows Land,https://www.agoda.com/stayvista-at-meadows-land/hotel/lonavala-in.html
4825,Meadows Land,5,Villa,Lonavala,"Private Pool, Bonfire",Airbnb,StayVista at Meadows Land w/ Bonfire,https://www.airbnb.co.in/rooms/1515678426831263333
4825,Meadows Land,5,Villa,Lonavala,"Private Pool, Bonfire",Booking.com,StayVista's Meadows Land - 5BHK Villa with Home Theatre & Private Pool,https://www.booking.com/hotel/in/stayvista-at-meadows-land.html
4825,Meadows Land,5,Villa,Lonavala,"Private Pool, Bonfire",MakeMyTrip,StayVista at Meadows Land,https://www.makemytrip.com/hotels/hotel-details/?hotelId=202512081359283405&_uCurrency=INR&checkin=11252025&checkout=11262025&city=CTAGR&country=IN&funnelType=getaway&lat=27.16779&lng=78.04893&locusId=ZNDEL67F7E280&locusType=zone&rank=1&roomStayQualifier=2e0e&seekSummaryRequired=false&viewType=LUXE&mtkeys=defaultMtkey
4901,The Birdwood,6,Estate,India,Pool,Agoda,StayVista at The Birdwood Estate,https://www.agoda.com/stayvista-at-the-birdwood-estate/hotel/chhatarpur-in.html
4901,The Birdwood,6,Estate,India,Pool,Airbnb,6BR |Pool+Gym|StayVista| Birdwood Estate @Mehrauli,https://www.airbnb.co.in/rooms/1566542750012572580
4901,The Birdwood,6,Estate,India,Pool,Booking.com,The Birdwood Estate by StayVista - 6BHK with Gym & Sauna,https://www.booking.com/hotel/in/stayvista-at-the-birdwood-estate-with-gym-and-pool.html
4901,The Birdwood,6,Estate,India,Pool,MakeMyTrip,StayVista at The Birdwood Estate,https://www.makemytrip.com/hotels/hotel-details/?hotelId=202512131336579639&_uCurrency=INR&checkin=11252025&checkout=11262025&city=CTAGR&country=IN&funnelType=getaway&lat=27.16779&lng=78.04893&locusId=ZNDEL67F7E280&locusType=zone&rank=1&roomStayQualifier=2e0e&seekSummaryRequired=false&viewType=LUXE&mtkeys=defaultMtkey
5050,A Frame of Mind,4,Villa,India,"Private Pool, Jacuzzi, BBQ",Agoda,StayVista at A Frame of Mind - Denkanikottai,https://www.agoda.com/search?text=StayVista%20A%20Frame%20of%20Mind%20India
5050,A Frame of Mind,4,Villa,India,"Private Pool, Jacuzzi, BBQ",Airbnb,A Frame Of Mind|Scenic Escape W/Private Pool.,https://www.airbnb.co.in/rooms/1566458542028958440
5050,A Frame of Mind,4,Villa,India,"Private Pool, Jacuzzi, BBQ",Booking.com,StayVista's A frame of Mind - Denkanikottai - 4BHK Villa with Jacuzzi & Bar,https://www.booking.com/hotel/in/stayvista-at-a-frame-of-mind-with-pool-amp-bbq.html
5050,A Frame of Mind,4,Villa,India,"Private Pool, Jacuzzi, BBQ",MakeMyTrip,StayVista at A Frame of Mind,https://www.makemytrip.com/hotels/hotel-details/?hotelId=202511291953394679&_uCurrency=INR&checkin=11252025&checkout=11262025&city=CTAGR&country=IN&funnelType=getaway&lat=27.16779&lng=78.04893&locusId=ZNDEL67F7E280&locusType=zone&rank=1&roomStayQualifier=2e0e&seekSummaryRequired=false&viewType=LUXE&mtkeys=defaultMtkey
4625,Vrindara Niwas,4,Villa,India,Private Pool,Agoda,StayVista at Vrindara Niwas,https://www.agoda.com/stayvista-at-arches-and-aura/hotel/mathura-in.html
4625,Vrindara Niwas,4,Villa,India,Private Pool,Airbnb,Near Janam Bhoomi | 4BR Vrindara Niwas w/AC & Wifi,https://www.airbnb.co.in/rooms/1566536072641020552
4625,Vrindara Niwas,4,Villa,India,Private Pool,Booking.com,"Vrindara Niwas by VEO, StayVista - 4BHK Villa with Workstation & Terrace",https://www.booking.com/hotel/in/stayvista-at-arches-and-aura.html
4625,Vrindara Niwas,4,Villa,India,Private Pool,MakeMyTrip,StayVista at Vrindara Niwas,https://www.makemytrip.com/hotels/hotel-details/?hotelId=202512021640094250&_uCurrency=INR&checkin=11252025&checkout=11262025&city=CTAGR&country=IN&funnelType=getaway&lat=27.16779&lng=78.04893&locusId=ZNDEL67F7E280&locusType=zone&rank=1&roomStayQualifier=2e0e&seekSummaryRequired=false&viewType=LUXE&mtkeys=defaultMtkey
5086,Red Gable,7,Villa,Karjat,"Pool, Lawn",Agoda,StayVista at Red Gable,https://www.agoda.com/stayvista-at-red-gable/hotel/karjat-in.html
5086,Red Gable,7,Villa,Karjat,"Pool, Lawn",Airbnb,"StayVista at Red Gable w/ Pool, Lawn",https://www.airbnb.co.in/rooms/1567116378180832717
5086,Red Gable,7,Villa,Karjat,"Pool, Lawn",Booking.com,"Red Gable by VEO, StayVista - 7BHK Mountain-View Villa with Sports Turf",https://www.booking.com/hotel/in/stayvista-at-red-gable-with-pool-lawn.html
5086,Red Gable,7,Villa,Karjat,"Pool, Lawn",MakeMyTrip,StayVista at Red Gable,https://www.makemytrip.com/hotels/hotel-details/?hotelId=202512031338326481&_uCurrency=INR&checkin=11252025&checkout=11262025&city=CTAGR&country=IN&funnelType=getaway&lat=27.16779&lng=78.04893&locusId=ZNDEL67F7E280&locusType=zone&rank=1&roomStayQualifier=2e0e&seekSummaryRequired=false&viewType=LUXE&mtkeys=defaultMtkey
5175,The Ray,5,Villa,India,"Infinity Pool, Mountain View, BBQ",Agoda,StayVista at The Ray,https://www.agoda.com/stayvista-at-the-ray/hotel/zirad-in.html
5175,The Ray,5,Villa,India,"Infinity Pool, Mountain View, BBQ",Airbnb,"StayVista at The Ray w/ Mountain Views, BBQ, AC",https://www.airbnb.co.in/rooms/1568117026545149978
5175,The Ray,5,Villa,India,"Infinity Pool, Mountain View, BBQ",Booking.com,The Ray by StayVista - 5BHK Villa with Infinity Pool & Home Theatre,https://www.booking.com/hotel/in/stayvista-at-the-ray-with-mountain-views-bbq-ac.html
5175,The Ray,5,Villa,India,"Infinity Pool, Mountain View, BBQ",MakeMyTrip,StayVista at The Ray,https://www.makemytrip.com/hotels/hotel-details/?hotelId=202512011827589768&_uCurrency=INR&checkin=11252025&checkout=11262025&city=CTAGR&country=IN&funnelType=getaway&lat=27.16779&lng=78.04893&locusId=ZNDEL67F7E280&locusType=zone&rank=1&roomStayQualifier=2e0e&seekSummaryRequired=false&viewType=LUXE&mtkeys=defaultMtkey
5123,Vivaans by VEO,3,Villa,Lonavala,"Private Pool, BBQ",Agoda,Villa Vivaans by VEO - Part of StayVista,https://www.agoda.com/stayvista-at-villa-vivaans/hotel/lonavala-in.html
5123,Vivaans by VEO,3,Villa,Lonavala,"Private Pool, BBQ",Airbnb,3BR|Luxe Pool+BBQ|StayVista|Villa Vivaans@Lonavala,https://www.airbnb.co.in/rooms/1567098965013132434
5123,Vivaans by VEO,3,Villa,Lonavala,"Private Pool, BBQ",Booking.com,"Villa Vivaans by VEO, StayVista - 3BHK with Karaoke & Private Pool",https://www.booking.com/hotel/in/villa-vivaans.html
5123,Vivaans by VEO,3,Villa,Lonavala,"Private Pool, BBQ",MakeMyTrip,Villa Vivaans by VEO - Part of StayVista,https://www.makemytrip.com/hotels/hotel-details/?hotelId=202512031555556992&_uCurrency=INR&checkin=11252025&checkout=11262025&city=CTAGR&country=IN&funnelType=getaway&lat=27.16779&lng=78.04893&locusId=ZNDEL67F7E280&locusType=zone&rank=1&roomStayQualifier=2e0e&seekSummaryRequired=false&viewType=LUXE&mtkeys=defaultMtkey
5174,Acasa,5,Villa,Alibaug,Lawn,Agoda,StayVista at Acasa,https://www.agoda.com/en-gb/stayvista-at-acasa/hotel/alibaug-in.html
5174,Acasa,5,Villa,Alibaug,Lawn,Airbnb,StayVista at Acasa w/ Lawn,https://www.airbnb.co.in/rooms/1567363837286409223
5174,Acasa,5,Villa,Alibaug,Lawn,Booking.com,"Acasa by VIEDA, StayVista - 5BHK Villa with Home Theatre & Sauna",https://www.booking.com/hotel/in/acasa-alibaug.html
5174,Acasa,5,Villa,Alibaug,Lawn,MakeMyTrip,StayVista at Acasa,https://www.makemytrip.com/hotels/hotel-details/?hotelId=202601242137086006&_uCurrency=INR&checkin=11252025&checkout=11262025&city=CTAGR&country=IN&funnelType=getaway&lat=27.16779&lng=78.04893&locusId=ZNDEL67F7E280&locusType=zone&rank=1&roomStayQualifier=2e0e&seekSummaryRequired=false&viewType=LUXE&mtkeys=defaultMtkey
5115,Crescent Peak,3,Villa,Kasauli,"Heated Jacuzzi, Jacuzzi, Bonfire, Gazebo",Agoda,StayVista at Crescent Peak,https://www.agoda.com/stayvista-at-crescent-peak/hotel/barog-in.html
5115,Crescent Peak,3,Villa,Kasauli,"Heated Jacuzzi, Jacuzzi, Bonfire, Gazebo",Airbnb,Crescent Peak 3BR Villa W/Jacuzzi in Kasauli,https://www.airbnb.co.in/rooms/1563633142018414668
5115,Crescent Peak,3,Villa,Kasauli,"Heated Jacuzzi, Jacuzzi, Bonfire, Gazebo",Booking.com,StayVista's Crescent Peak - 3BHK Villa with Heated Jacuzzi & Gazebo near Monkey Point,https://www.booking.com/hotel/in/stayvista-at-crescent-peak-with-bonfire-amp-gazebo.html
5115,Crescent Peak,3,Villa,Kasauli,"Heated Jacuzzi, Jacuzzi, Bonfire, Gazebo",MakeMyTrip,StayVista at Crescent Peak,https://www.makemytrip.com/hotels/hotel-details/?hotelId=202512031321002830&_uCurrency=INR&checkin=11252025&checkout=11262025&city=CTAGR&country=IN&funnelType=getaway&lat=27.16779&lng=78.04893&locusId=ZNDEL67F7E280&locusType=zone&rank=1&roomStayQualifier=2e0e&seekSummaryRequired=false&viewType=LUXE&mtkeys=defaultMtkey
5019,HOB,7,House,Jaipur,Pool,Agoda,StayVista at HOB - House of Believer,https://www.agoda.com/stayvista-at-hob-house-of-believer/hotel/jaipur-in.html
5019,HOB,7,House,Jaipur,Pool,Airbnb,7BR|Pool+Games|StayVista|House of Believer @Jaipur,https://www.airbnb.co.in/rooms/1567289421318952517
5019,HOB,7,House,Jaipur,Pool,Booking.com,StayVista's HOB - House of Believer - 7BHK with Sauna & Pet Friendly,https://www.booking.com/hotel/in/stayvista-at-hob-house-of-believer.html
5019,HOB,7,House,Jaipur,Pool,MakeMyTrip,StayVista at HOB - House of Believer,https://www.makemytrip.com/hotels/hotel-details/?hotelId=202512031304266483&_uCurrency=INR&checkin=11252025&checkout=11262025&city=CTAGR&country=IN&funnelType=getaway&lat=27.16779&lng=78.04893&locusId=ZNDEL67F7E280&locusType=zone&rank=1&roomStayQualifier=2e0e&seekSummaryRequired=false&viewType=LUXE&mtkeys=defaultMtkey
5169,Golden Petal,4,Villa,Mahabaleshwar,"Private Pool, Bonfire, BBQ",Agoda,StayVista at Golden Petal,https://www.agoda.com/stayvista-at-golden-petal/hotel/mahabaleshwar-in.html?hotel_id=82209077&ds=n1K%2Fg1jlvGGNUgO4
5169,Golden Petal,4,Villa,Mahabaleshwar,"Private Pool, Bonfire, BBQ",Airbnb,StayVista at Golden Petal w/ BBQ & Bonfire,https://www.airbnb.co.in/rooms/1567211504946250165
5169,Golden Petal,4,Villa,Mahabaleshwar,"Private Pool, Bonfire, BBQ",Booking.com,"Golden Petal by VEO, StayVista - 4BHK Villa with BBQ & Private Pool",https://www.booking.com/hotel/in/stayvista-at-golden-petal.html
5169,Golden Petal,4,Villa,Mahabaleshwar,"Private Pool, Bonfire, BBQ",MakeMyTrip,StayVista at Golden Petal,https://www.makemytrip.com/hotels/hotel-details/?hotelId=202512031538428559&_uCurrency=INR&checkin=11252025&checkout=11262025&city=CTAGR&country=IN&funnelType=getaway&lat=27.16779&lng=78.04893&locusId=ZNDEL67F7E280&locusType=zone&rank=1&roomStayQualifier=2e0e&seekSummaryRequired=false&viewType=LUXE&mtkeys=defaultMtkey
5072,Hermitage,4,Villa,Ooty,Private Pool,Agoda,StayVista at Hermitage (Boutique Stay) - Irpu Falls,https://www.agoda.com/search?text=StayVista%20Hermitage%20Ooty
5072,Hermitage,4,Villa,Ooty,Private Pool,Airbnb,4BR|Forest Escape+Bonfir|StayVista| Hermitage@Ooty,https://www.airbnb.co.in/rooms/1569448256284410118
5072,Hermitage,4,Villa,Ooty,Private Pool,Booking.com,"Hermitage Boutique Stay by VEO, StayVista - 4BHK Villa with Alfresco Dining",https://www.booking.com/hotel/in/hermitage-boutique-stay.html
5072,Hermitage,4,Villa,Ooty,Private Pool,MakeMyTrip,StayVista at Hermitage - Boutique Stay,https://www.makemytrip.com/hotels/hotel-details/?hotelId=202512051738428383&_uCurrency=INR&checkin=11252025&checkout=11262025&city=CTAGR&country=IN&funnelType=getaway&lat=27.16779&lng=78.04893&locusId=ZNDEL67F7E280&locusType=zone&rank=1&roomStayQualifier=2e0e&seekSummaryRequired=false&viewType=LUXE&mtkeys=defaultMtkey
5103,Casa Doro,3,Villa,Goa,"Private Pool, BBQ",Agoda,StayVista at Casa Doro,https://www.agoda.com/stayvista-at-casa-doro-h82964995/hotel/goa-in.html
5103,Casa Doro,3,Villa,Goa,"Private Pool, BBQ",Airbnb,"StayVista at Casa Doro w/ BBQ, Pool",https://www.airbnb.co.in/rooms/1739123185946218820
5103,Casa Doro,3,Villa,Goa,"Private Pool, BBQ",Booking.com,StayVista's Casa Doro - Vagator - 3BHK Villa with Private Pool & Bathtub,https://www.booking.com/hotel/in/stayvista-at-casa-doro-with-bbq-pool.html
5103,Casa Doro,3,Villa,Goa,"Private Pool, BBQ",MakeMyTrip,StayVista at Casa Doro,https://www.makemytrip.com/hotels/hotel-details/?hotelId=202512091643046479&_uCurrency=INR&checkin=11252025&checkout=11262025&city=CTAGR&country=IN&funnelType=getaway&lat=27.16779&lng=78.04893&locusId=ZNDEL67F7E280&locusType=zone&rank=1&roomStayQualifier=2e0e&seekSummaryRequired=false&viewType=LUXE&mtkeys=defaultMtkey
5181,Miorah Chalet,2,Chalet,Jaipur,"Private Pool, Jacuzzi",Agoda,StayVista at Miorah Chalet,https://www.agoda.com/stayvista-at-miorah-chalet-h83018037/hotel/jaipur-in.html
5181,Miorah Chalet,2,Chalet,Jaipur,"Private Pool, Jacuzzi",Airbnb,Miorah Chalet : Luxury 2BHK w/Jacuzzi @Jaipur,https://www.airbnb.co.in/rooms/1572438489176573846
5181,Miorah Chalet,2,Chalet,Jaipur,"Private Pool, Jacuzzi",Booking.com,StayVista's Miorah Chalet - 2BHK with Private Pool & Workstation,https://www.booking.com/hotel/in/stayvista-at-miorah-chalet-with-wifi-pool-tv.html
5181,Miorah Chalet,2,Chalet,Jaipur,"Private Pool, Jacuzzi",MakeMyTrip,StayVista at Miorah Chalet,https://www.makemytrip.com/hotels/hotel-details/?hotelId=202512092023203577&_uCurrency=INR&checkin=11252025&checkout=11262025&city=CTAGR&country=IN&funnelType=getaway&lat=27.16779&lng=78.04893&locusId=ZNDEL67F7E280&locusType=zone&rank=1&roomStayQualifier=2e0e&seekSummaryRequired=false&viewType=LUXE&mtkeys=defaultMtkey
5152,Casa Ashar,3,Villa,Goa,Private Pool,Agoda,StayVista at Casa Ashar,https://www.agoda.com/stayvista-at-casa-ashar-h83163261/hotel/goa-in.html
5152,Casa Ashar,3,Villa,Goa,Private Pool,Airbnb,3BR| Pool+Tub+Wifi |StayVista| Casa Ashar@Siolim,https://www.airbnb.co.in/rooms/1562865764131469212
5152,Casa Ashar,3,Villa,Goa,Private Pool,Booking.com,StayVista's Casa Ashar - Siolim - 3BHK Villa with Private Pool & Bathtub,https://www.booking.com/hotel/in/stayvista-at-casa-ashar.html
5152,Casa Ashar,3,Villa,Goa,Private Pool,MakeMyTrip,StayVista at Casa Ashar,https://www.makemytrip.com/hotels/hotel-details/?hotelId=202512111500312383&_uCurrency=INR&checkin=11252025&checkout=11262025&city=CTAGR&country=IN&funnelType=getaway&lat=27.16779&lng=78.04893&locusId=ZNDEL67F7E280&locusType=zone&rank=1&roomStayQualifier=2e0e&seekSummaryRequired=false&viewType=LUXE&mtkeys=defaultMtkey
5119,Rayana,2,Villa,Udaipur,"Pool, Bonfire, BBQ",Agoda,StayVista at Rayana,https://www.agoda.com/en-in/stayvista-at-rayana-with-bbq-bonfire-pool/hotel/udaipur-in.html
5119,Rayana,2,Villa,Udaipur,"Pool, Bonfire, BBQ",Airbnb,2BR | Pool+BonFire+BBQ |StayVista| Rayana @Udaipur,https://www.airbnb.co.in/rooms/1576589424814309279
5119,Rayana,2,Villa,Udaipur,"Pool, Bonfire, BBQ",Booking.com,StayVista's Rayana - 2BHK Pet-Friendly Villa with Bathtub,https://www.booking.com/hotel/in/stayvista-at-rayana.html
5119,Rayana,2,Villa,Udaipur,"Pool, Bonfire, BBQ",MakeMyTrip,StayVista at Rayana,https://www.makemytrip.com/hotels/hotel-details/?hotelId=202512151607216166&_uCurrency=INR&checkin=11252025&checkout=11262025&city=CTAGR&country=IN&funnelType=getaway&lat=27.16779&lng=78.04893&locusId=ZNDEL67F7E280&locusType=zone&rank=1&roomStayQualifier=2e0e&seekSummaryRequired=false&viewType=LUXE&mtkeys=defaultMtkey
5195,La Beaumont,4,Villa,Alibaug,"Private Pool, Lawn, BBQ",Agoda,StayVista at La Beaumont,https://www.agoda.com/stayvista-at-la-beaumont/hotel/alibaug-in.html
5195,La Beaumont,4,Villa,Alibaug,"Private Pool, Lawn, BBQ",Airbnb,La Beaumont by StayVista with Pool & Lawn 4bhk,https://www.airbnb.co.in/rooms/1577316386523165697
5195,La Beaumont,4,Villa,Alibaug,"Private Pool, Lawn, BBQ",Booking.com,StayVista's La Beaumont - 4BHK Villa with Private Pool & BBQ,https://www.booking.com/hotel/in/stayvista-at-la-beaumont.html
5195,La Beaumont,4,Villa,Alibaug,"Private Pool, Lawn, BBQ",MakeMyTrip,StayVista at La Beaumont,https://www.makemytrip.com/hotels/hotel-details/?hotelId=202512301030152526&_uCurrency=INR&checkin=11252025&checkout=11262025&city=CTAGR&country=IN&funnelType=getaway&lat=27.16779&lng=78.04893&locusId=ZNDEL67F7E280&locusType=zone&rank=1&roomStayQualifier=2e0e&seekSummaryRequired=false&viewType=LUXE&mtkeys=defaultMtkey
5090,Casa Lucent,5,Villa,India,"Infinity Pool, Jacuzzi, Bonfire, BBQ",Agoda,StayVista at Casa Lucent,https://www.agoda.com/stayvista-at-casa-lucent/hotel/girnare-in.html
5090,Casa Lucent,5,Villa,India,"Infinity Pool, Jacuzzi, Bonfire, BBQ",Airbnb,5BR |BBQ+Pool|StayVista| Casa Lucent @Nagalwadi,https://www.airbnb.co.in/rooms/1577463708146293383
5090,Casa Lucent,5,Villa,India,"Infinity Pool, Jacuzzi, Bonfire, BBQ",Booking.com,StayVista's Casa Lucent - 5BHK Villa with Infinity Pool & Jacuzzi,https://www.booking.com/hotel/in/stayvista-at-casa-lucent-with-bbq-amp-bonfire.html
5090,Casa Lucent,5,Villa,India,"Infinity Pool, Jacuzzi, Bonfire, BBQ",MakeMyTrip,StayVista at Casa Lucent,https://www.makemytrip.com/hotels/hotel-details/?hotelId=202512230940333389&_uCurrency=INR&checkin=11252025&checkout=11262025&city=CTAGR&country=IN&funnelType=getaway&lat=27.16779&lng=78.04893&locusId=ZNDEL67F7E280&locusType=zone&rank=1&roomStayQualifier=2e0e&seekSummaryRequired=false&viewType=LUXE&mtkeys=defaultMtkey
5134,The Fig Tree Heritage,1,House,India,Lawn,Agoda,StayVista at The Fig Tree Heritage w/ Multipurpose Court,https://www.agoda.com/stayvista-at-the-fig-tree-heritage/hotel/pale-pawan-ma-in.html?adults=2&rooms=1&checkIn=2026-02-08&los=2
5134,The Fig Tree Heritage,1,House,India,Lawn,Airbnb,The Fig Tree Heritage w/ Multipurpose Court,https://www.airbnb.co.in/rooms/1563692654662642469
5134,The Fig Tree Heritage,1,House,India,Lawn,Booking.com,StayVista's Tree House at The Fig Tree Heritage - 1BHK with Pickle Ball & Bathtub,https://www.booking.com/hotel/in/stayvista-at-the-fig-tree-heritage.html
5134,The Fig Tree Heritage,1,House,India,Lawn,MakeMyTrip,The Fig Tree Heritage by VEO - Part of StayVista,https://www.makemytrip.com/hotels/hotel-details/?hotelId=202512191658179685&_uCurrency=INR&checkin=11252025&checkout=11262025&city=CTAGR&country=IN&funnelType=getaway&lat=27.16779&lng=78.04893&locusId=ZNDEL67F7E280&locusType=zone&rank=1&roomStayQualifier=2e0e&seekSummaryRequired=false&viewType=LUXE&mtkeys=defaultMtkey
5171,Matchbox,2,Villa,India,"Lawn, BBQ",Agoda,StayVista at Matchbox,https://www.agoda.com/en-gb/stayvista-at-matchbox/hotel/belathur-in.html
5171,Matchbox,2,Villa,India,"Lawn, BBQ",Airbnb,2BR |Pets+BBQ+Lawn|StayVista| Matchbox @TamilNadu,https://www.airbnb.co.in/rooms/1580343586583941670
5171,Matchbox,2,Villa,India,"Lawn, BBQ",Booking.com,StayVista's Matchbox - Hosur - 2BHK Pet-Friendly Villa with BBQ,https://www.booking.com/hotel/in/matchbox.html
5171,Matchbox,2,Villa,India,"Lawn, BBQ",MakeMyTrip,StayVista at Matchbox,https://www.makemytrip.com/hotels/hotel-details/?hotelId=202512211823581931&_uCurrency=INR&checkin=11252025&checkout=11262025&city=CTAGR&country=IN&funnelType=getaway&lat=27.16779&lng=78.04893&locusId=ZNDEL67F7E280&locusType=zone&rank=1&roomStayQualifier=2e0e&seekSummaryRequired=false&viewType=LUXE&mtkeys=defaultMtkey
5201,Rajmahal Bagh,4,Villa,India,"Private Pool, Plunge Pool",Agoda,StayVista at Rajmahal Bagh,https://www.agoda.com/stayvista-at-rajmahal-bagh/hotel/dahmi-in.html
5201,Rajmahal Bagh,4,Villa,India,"Private Pool, Plunge Pool",Airbnb,StayVista at Rajmahal Bagh w/ Plunge Pool+Heritage,https://www.airbnb.co.in/rooms/1581879615182122783
5201,Rajmahal Bagh,4,Villa,India,"Private Pool, Plunge Pool",Booking.com,StayVista's Rajmahal Bagh - 4BHK Villa with Bar & Private Pool,https://www.booking.com/hotel/in/stayvista-at-rajmahal-bagh-with-heater-ac-wifi.html
5201,Rajmahal Bagh,4,Villa,India,"Private Pool, Plunge Pool",MakeMyTrip,StayVista at Rajmahal Bagh,https://www.makemytrip.com/hotels/hotel-details/?hotelId=202512221913506495&_uCurrency=INR&checkin=11252025&checkout=11262025&city=CTAGR&country=IN&funnelType=getaway&lat=27.16779&lng=78.04893&locusId=ZNDEL67F7E280&locusType=zone&rank=1&roomStayQualifier=2e0e&seekSummaryRequired=false&viewType=LUXE&mtkeys=defaultMtkey
4884,Clairmont Arc,3,Cottage,Karjat,Gazebo,Agoda,StayVista at Clairmont Arc,https://www.agoda.com/stayvista-at-clairmont-arc/hotel/karjat-in.html
4884,Clairmont Arc,3,Cottage,Karjat,Gazebo,Airbnb,3BR| Tub+WiFi+View|StayVista| Clairmont Arc@Karjat,https://www.airbnb.co.in/rooms/1583997549764709911
4884,Clairmont Arc,3,Cottage,Karjat,Gazebo,Booking.com,"Clairmont Arc by VEO, StayVista - 3BHK Cottage with Gazebo",https://www.booking.com/hotel/in/stayvista-at-clairmont-arc.html
4884,Clairmont Arc,3,Cottage,Karjat,Gazebo,MakeMyTrip,StayVista at Clairmont Arc,https://www.makemytrip.com/hotels/hotel-details/?hotelId=202512261208107710&_uCurrency=INR&checkin=11252025&checkout=11262025&city=CTAGR&country=IN&funnelType=getaway&lat=27.16779&lng=78.04893&locusId=ZNDEL67F7E280&locusType=zone&rank=1&roomStayQualifier=2e0e&seekSummaryRequired=false&viewType=LUXE&mtkeys=defaultMtkey
4116,The Ark,5,Villa,Panchgani,"Bonfire, BBQ",Agoda,StayVista at The Ark,https://www.agoda.com/stayvista-at-the-ark/hotel/panchgani-in.html
4116,The Ark,5,Villa,Panchgani,"Bonfire, BBQ",Airbnb,StayVista at The Ark w/ BBQ & Bonfire,https://www.airbnb.co.in/rooms/1578801022849021760
4116,The Ark,5,Villa,Panchgani,"Bonfire, BBQ",Booking.com,The Ark by StayVista - 5BHK Villa with Bar & Bathtub near Sydney Point,https://www.booking.com/hotel/in/stayvista-at-the-ark-with-bbq-amp-bonfire.html
4116,The Ark,5,Villa,Panchgani,"Bonfire, BBQ",MakeMyTrip,StayVista at The Ark,https://www.makemytrip.com/hotels/hotel-details/?hotelId=202512271823326692&_uCurrency=INR&checkin=11252025&checkout=11262025&city=CTAGR&country=IN&funnelType=getaway&lat=27.16779&lng=78.04893&locusId=ZNDEL67F7E280&locusType=zone&rank=1&roomStayQualifier=2e0e&seekSummaryRequired=false&viewType=LUXE&mtkeys=defaultMtkey
5194,Maison Priv e,5,Villa,Goa,"Private Pool, BBQ",Agoda,StayVista at Maison PrivÃ©e,https://www.agoda.com/stayvista-at-maison-privee/hotel/goa-in.html
5194,Maison Priv e,5,Villa,Goa,"Private Pool, BBQ",Airbnb,5BR |Pool+BBQ|StayVista| Maison Privée @Siolim,https://www.airbnb.co.in/rooms/1578875562762067339
5194,Maison Priv e,5,Villa,Goa,"Private Pool, BBQ",Booking.com,StayVista's Maison Priv e - Siolim - 5BHK Villa with Alfresco Dining & Private Pool,https://www.booking.com/hotel/in/stayvista-at-maison-privee-with-pool-amp-bbq.html
5194,Maison Priv e,5,Villa,Goa,"Private Pool, BBQ",MakeMyTrip,StayVista at Maison Privee,https://www.makemytrip.com/hotels/hotel-details/?hotelId=202512241715297834&_uCurrency=INR&checkin=11252025&checkout=11262025&city=CTAGR&country=IN&funnelType=getaway&lat=27.16779&lng=78.04893&locusId=ZNDEL67F7E280&locusType=zone&rank=1&roomStayQualifier=2e0e&seekSummaryRequired=false&viewType=LUXE&mtkeys=defaultMtkey
5184,Terra Vista,3,Villa,Jaipur,"Private Pool, Gazebo",Agoda,StayVista at Terra Vista,https://www.agoda.com/en-gb/stayvista-at-terra-vista/hotel/jaipur-in.html
5184,Terra Vista,3,Villa,Jaipur,"Private Pool, Gazebo",Airbnb,"Luxury 3BHK Villa w/Pvt Pool in Jagatpura, Jaipur",https://www.airbnb.co.in/rooms/1577419370854763754
5184,Terra Vista,3,Villa,Jaipur,"Private Pool, Gazebo",Booking.com,Terra Vista by StayVista - 3BHK Villa with Private Pool & Gazebo,https://www.booking.com/hotel/in/stayvista-at-terra-vista.html
5184,Terra Vista,3,Villa,Jaipur,"Private Pool, Gazebo",MakeMyTrip,StayVista at Terra Vista,https://www.makemytrip.com/hotels/hotel-details/?hotelId=202512241203204981&_uCurrency=INR&checkin=11252025&checkout=11262025&city=CTAGR&country=IN&funnelType=getaway&lat=27.16779&lng=78.04893&locusId=ZNDEL67F7E280&locusType=zone&rank=1&roomStayQualifier=2e0e&seekSummaryRequired=false&viewType=LUXE&mtkeys=defaultMtkey
4725,Nayara Farmhouse,3,Farmhouse,India,Lawn,Agoda,StayVista at Nayara Farmhouse,https://www.agoda.com/en-gb/stayvista-at-nayara-farmhouse/hotel/thiruvananthapuram-in.html
4725,Nayara Farmhouse,3,Farmhouse,India,Lawn,Airbnb,"StayVista at Nayara Farmhouse w/ AC, WiFi",https://www.airbnb.co.in/rooms/1589644164478324010
4725,Nayara Farmhouse,3,Farmhouse,India,Lawn,Booking.com,"Nayara Farmhouse by VEO, StayVista - Step-Free Access",https://www.booking.com/hotel/in/stayvista-at-nayara-farmhouse-with-ac-wifi.html
4725,Nayara Farmhouse,3,Farmhouse,India,Lawn,MakeMyTrip,StayVista at Nayara Farmhouse,https://www.makemytrip.com/hotels/hotel-details/?hotelId=202601021209445837&_uCurrency=INR&checkin=11252025&checkout=11262025&city=CTAGR&country=IN&funnelType=getaway&lat=27.16779&lng=78.04893&locusId=ZNDEL67F7E280&locusType=zone&rank=1&roomStayQualifier=2e0e&seekSummaryRequired=false&viewType=LUXE&mtkeys=defaultMtkey
5157,Kraya,4,Villa,Udaipur,"Private Pool, Bonfire, BBQ",Agoda,StayVista at Kraya Villa,https://www.agoda.com/en-in/stayvista-at-kraya-villa/hotel/udaipur-in.html
5157,Kraya,4,Villa,Udaipur,"Private Pool, Bonfire, BBQ",Airbnb,Villa|BBQ+Pets+Pool|StayVista| Kraya Villa@Udaipur,https://www.airbnb.co.in/rooms/1588175109554810252
5157,Kraya,4,Villa,Udaipur,"Private Pool, Bonfire, BBQ",Booking.com,StayVista's Kraya Villa - 4BHK with Pet Friendly & Private Pool,https://www.booking.com/hotel/in/stayvista-at-kraya-villa-with-pool-bbq-bonfire.html
5157,Kraya,4,Villa,Udaipur,"Private Pool, Bonfire, BBQ",MakeMyTrip,StayVista at Kraya Villa,https://www.makemytrip.com/hotels/hotel-details/?hotelId=202601031426552374&_uCurrency=INR&checkin=11252025&checkout=11262025&city=CTAGR&country=IN&funnelType=getaway&lat=27.16779&lng=78.04893&locusId=ZNDEL67F7E280&locusType=zone&rank=1&roomStayQualifier=2e0e&seekSummaryRequired=false&viewType=LUXE&mtkeys=defaultMtkey
4735,Louise,3,Cottage,Kasauli,"Jacuzzi, BBQ",Agoda,StayVista at Louise Cottage,https://www.agoda.com/en-gb/stayvista-at-louise-cottage-h84035654/hotel/kasauli-in.html
4735,Louise,3,Cottage,Kasauli,"Jacuzzi, BBQ",Airbnb,"StayVista at Louise Cottage w/ Jacuzzi, Heater",https://www.airbnb.co.in/rooms/1581174931659995531
4735,Louise,3,Cottage,Kasauli,"Jacuzzi, BBQ",Booking.com,StayVista's Louise Cottage - 3BHK with Jacuzzi & BBQ,https://www.booking.com/hotel/in/louise-cottage.html
4735,Louise,3,Cottage,Kasauli,"Jacuzzi, BBQ",MakeMyTrip,StayVista at Louise Cottage,https://www.makemytrip.com/hotels/hotel-details/?hotelId=202512211940597586&_uCurrency=INR&checkin=11252025&checkout=11262025&city=CTAGR&country=IN&funnelType=getaway&lat=27.16779&lng=78.04893&locusId=ZNDEL67F7E280&locusType=zone&rank=1&roomStayQualifier=2e0e&seekSummaryRequired=false&viewType=LUXE&mtkeys=defaultMtkey
5107,Cerulean Frame,3,Villa,Goa,Private Pool,Agoda,Cerulean Frame by VEO - Part of StayVista,https://www.agoda.com/stayvista-at-cerulean-frame/hotel/saligao-in.html
5107,Cerulean Frame,3,Villa,Goa,Private Pool,Airbnb,3BR |Pvt Pool+Luxe|StayVista| Cerulean Frame @Goa,https://www.airbnb.co.in/rooms/1583129167616008504
5107,Cerulean Frame,3,Villa,Goa,Private Pool,Booking.com,StayVista's Cerulean Frame - Saligao - 3BHK Villa with Private Pool & Bathtub,https://www.booking.com/hotel/in/stayvista-at-cerulean-frame-with-pool-wifi.html
5107,Cerulean Frame,3,Villa,Goa,Private Pool,MakeMyTrip,Cerulean Frame by VEO - Part of StayVista,https://www.makemytrip.com/hotels/hotel-details/?hotelId=202512251141173255&_uCurrency=INR&checkin=11252025&checkout=11262025&city=CTAGR&country=IN&funnelType=getaway&lat=27.16779&lng=78.04893&locusId=ZNDEL67F7E280&locusType=zone&rank=1&roomStayQualifier=2e0e&seekSummaryRequired=false&viewType=LUXE&mtkeys=defaultMtkey
5158,Casa Palacio,3,Villa,India,"Private Pool, Lawn",Agoda,Casa Palacio by VEO - Part of StayVista,https://www.agoda.com/search?text=StayVista%20Casa%20Palacio%20India
5158,Casa Palacio,3,Villa,India,"Private Pool, Lawn",Airbnb,Casa Palacio by VEO - Part of StayVista,https://www.airbnb.co.in/rooms/1586693232249137505
5158,Casa Palacio,3,Villa,India,"Private Pool, Lawn",Booking.com,StayVista's Casa Palacio - Panaji - 3BHK Villa with Private Pool & Bathtub,https://www.booking.com/hotel/in/stayvista-at-casa-palacio-with-pool-lawn.html
5158,Casa Palacio,3,Villa,India,"Private Pool, Lawn",MakeMyTrip,Casa Palacio by VEO - Part of StayVista,https://www.makemytrip.com/hotels/hotel-details/?hotelId=202512291532148711&_uCurrency=INR&checkin=11252025&checkout=11262025&city=CTAGR&country=IN&funnelType=getaway&lat=27.16779&lng=78.04893&locusId=ZNDEL67F7E280&locusType=zone&rank=1&roomStayQualifier=2e0e&seekSummaryRequired=false&viewType=LUXE&mtkeys=defaultMtkey
5207,Solasta,5,Villa,Lonavala,"Private Pool, BBQ",Agoda,StayVista at Villa Solasta,https://www.agoda.com/search?text=StayVista%20Solasta%20Lonavala
5207,Solasta,5,Villa,Lonavala,"Private Pool, BBQ",Airbnb,StayVista @ Villa Solasta w/ BBQ & Swimming Pool,https://www.airbnb.co.in/rooms/1586856232560835548
5207,Solasta,5,Villa,Lonavala,"Private Pool, BBQ",Booking.com,StayVista's Villa Solasta - 5BHK with Private Pool & Bathtub,https://www.booking.com/hotel/in/stayvista-at-villa-solasta-with-bbq-and-swimming-pool-lonavala.html
5207,Solasta,5,Villa,Lonavala,"Private Pool, BBQ",MakeMyTrip,StayVista at Villa Solasta,https://www.makemytrip.com/hotels/hotel-details/?hotelId=202512291824456233&_uCurrency=INR&checkin=11252025&checkout=11262025&city=CTAGR&country=IN&funnelType=getaway&lat=27.16779&lng=78.04893&locusId=ZNDEL67F7E280&locusType=zone&rank=1&roomStayQualifier=2e0e&seekSummaryRequired=false&viewType=LUXE&mtkeys=defaultMtkey
5212,Olive fields,3,Villa,Rishikesh,"Pool, Lawn, BBQ",Agoda,StayVista at Olive fields,https://www.agoda.com/search?text=StayVista%20Olive%20fields%20Rishikesh
5212,Olive fields,3,Villa,Rishikesh,"Pool, Lawn, BBQ",Airbnb,"Cozy 3BR Olive Fields w/AC, Lawn & Wifi |Rishikesh",https://www.airbnb.co.in/rooms/1589033030170626981
5212,Olive fields,3,Villa,Rishikesh,"Pool, Lawn, BBQ",Booking.com,"Olive fields by VEO, StayVista - 3BHK Villa with BBQ & Shared Pool",https://www.booking.com/hotel/in/stayvista-at-olive-fields-with-shared-pool-bbq.html
5212,Olive fields,3,Villa,Rishikesh,"Pool, Lawn, BBQ",MakeMyTrip,StayVista at Olive fields,https://www.makemytrip.com/hotels/hotel-details/?hotelId=202601031433029208&_uCurrency=INR&checkin=11252025&checkout=11262025&city=CTAGR&country=IN&funnelType=getaway&lat=27.16779&lng=78.04893&locusId=ZNDEL67F7E280&locusType=zone&rank=1&roomStayQualifier=2e0e&seekSummaryRequired=false&viewType=LUXE&mtkeys=defaultMtkey
5177,Mai Ludvina,3,Villa,Goa,Pool,Agoda,StayVista at Mai Ludvina,https://www.agoda.com/stayvista-at-mai-ludvina/hotel/goa-in.html
5177,Mai Ludvina,3,Villa,Goa,Pool,Airbnb,StayVista at Mai Ludvina w/ Pool,https://www.airbnb.co.in/rooms/1585459505278859729
5177,Mai Ludvina,3,Villa,Goa,Pool,Booking.com,"Mai Ludvina - Assagao by VIEDA, StayVista - 3BHK Villa with Bar & Alfresco Dining",https://www.booking.com/hotel/in/stayvista-at-mai-ludivina.html
5177,Mai Ludvina,3,Villa,Goa,Pool,MakeMyTrip,StayVista at Mai Ludvina,https://www.makemytrip.com/hotels/hotel-details/?hotelId=202512271747183105&_uCurrency=INR&checkin=11252025&checkout=11262025&city=CTAGR&country=IN&funnelType=getaway&lat=27.16779&lng=78.04893&locusId=ZNDEL67F7E280&locusType=zone&rank=1&roomStayQualifier=2e0e&seekSummaryRequired=false&viewType=LUXE&mtkeys=defaultMtkey
5182,Canopy Cove,3,Villa,Pune,"Private Pool, Lawn",Agoda,StayVista at Canopy Cove,https://www.agoda.com/stayvista-at-canopy-cove/hotel/malkhed-in.html
5182,Canopy Cove,3,Villa,Pune,"Private Pool, Lawn",Airbnb,3BR |Luxury Lawn+Pool|StayVista| Canopy Cove @Pune,https://www.airbnb.co.in/rooms/1585461020777698004
5182,Canopy Cove,3,Villa,Pune,"Private Pool, Lawn",Booking.com,StayVista's Canopy Cove - 3BHK Villa with Karaoke & Private Pool,https://www.booking.com/hotel/in/stayvista-at-canopy-cove.html
5182,Canopy Cove,3,Villa,Pune,"Private Pool, Lawn",MakeMyTrip,StayVista at Canopy Cove,https://www.makemytrip.com/hotels/hotel-details/?hotelId=202512301613445024&_uCurrency=INR&checkin=11252025&checkout=11262025&city=CTAGR&country=IN&funnelType=getaway&lat=27.16779&lng=78.04893&locusId=ZNDEL67F7E280&locusType=zone&rank=1&roomStayQualifier=2e0e&seekSummaryRequired=false&viewType=LUXE&mtkeys=defaultMtkey
5188,Casa Solis,3,Villa,Goa,Private Pool,Agoda,StayVista at Casa Solis,https://www.agoda.com/stayvista-at-casa-solis/hotel/goa-in.html?adults=2&rooms=1&checkIn=2026-02-08&los=2
5188,Casa Solis,3,Villa,Goa,Private Pool,Airbnb,"StayVista at Casa Solis w/ Pool, WiFi",https://www.airbnb.co.in/rooms/1583046869626184218
5188,Casa Solis,3,Villa,Goa,Private Pool,Booking.com,StayVista's Casa Solis - Siolim - 3BHK Villa with Private Pool & Bathtub,https://www.booking.com/hotel/in/stayvista-at-casa-solis-with-pool-wifi.html
5188,Casa Solis,3,Villa,Goa,Private Pool,MakeMyTrip,StayVista at Casa Solis,https://www.makemytrip.com/hotels/hotel-details/?hotelId=202512241443315180&_uCurrency=INR&checkin=11252025&checkout=11262025&city=CTAGR&country=IN&funnelType=getaway&lat=27.16779&lng=78.04893&locusId=ZNDEL67F7E280&locusType=zone&rank=1&roomStayQualifier=2e0e&seekSummaryRequired=false&viewType=LUXE&mtkeys=defaultMtkey
5229,The Sattva Grove,2,Villa,Wayanad,Plunge Pool,Agoda,StayVista at The Sattva Grove,https://www.agoda.com/stayvista-at-sattva-grove/hotel/wayanad-in.html?adults=2&rooms=1&checkIn=2026-02-08&los=2
5229,The Sattva Grove,2,Villa,Wayanad,Plunge Pool,Airbnb,2BR|Scenic Pool|StayVista| The Sattva Grove@Kerala,https://www.airbnb.co.in/rooms/1585416120295881252
5229,The Sattva Grove,2,Villa,Wayanad,Plunge Pool,Booking.com,The Sattva Grove by StayVista - 2BHK Mountain-View Apartment with Plunge Pool,https://www.booking.com/hotel/in/stayvista-at-the-sattva-grove.html
5229,The Sattva Grove,2,Villa,Wayanad,Plunge Pool,MakeMyTrip,StayVista at The Sattva Grove,https://www.makemytrip.com/hotels/hotel-details/?hotelId=202512271905322942&_uCurrency=INR&checkin=11252025&checkout=11262025&city=CTAGR&country=IN&funnelType=getaway&lat=27.16779&lng=78.04893&locusId=ZNDEL67F7E280&locusType=zone&rank=1&roomStayQualifier=2e0e&seekSummaryRequired=false&viewType=LUXE&mtkeys=defaultMtkey
4697,Whispering Valley,6,Villa,India,"Bonfire, BBQ",Agoda,StayVista at Whispering Valley,https://www.agoda.com/stayvista-at-whispering-valley/hotel/ranikhet-in.html?adults=2&rooms=1&checkIn=2026-02-08&los=2
4697,Whispering Valley,6,Villa,India,"Bonfire, BBQ",Airbnb,6BR Whispering Valley w/Wifi & BBQ | Ranikhet,https://www.airbnb.co.in/rooms/1588238123528391691
4697,Whispering Valley,6,Villa,India,"Bonfire, BBQ",Booking.com,"Whispering Valley by VEO, StayVista - 6BHK Mountain-View Villa with Bonfire",https://www.booking.com/hotel/in/stayvista-at-whispering-valley.html
4697,Whispering Valley,6,Villa,India,"Bonfire, BBQ",MakeMyTrip,StayVista at Whispering Valley,https://www.makemytrip.com/hotels/hotel-details/?hotelId=202512311619465027&_uCurrency=INR&checkin=11252025&checkout=11262025&city=CTAGR&country=IN&funnelType=getaway&lat=27.16779&lng=78.04893&locusId=ZNDEL67F7E280&locusType=zone&rank=1&roomStayQualifier=2e0e&seekSummaryRequired=false&viewType=LUXE&mtkeys=defaultMtkey
5118,The Rising Sun,6,Villa,India,"Private Pool, BBQ",Agoda,StayVista at The Rising Sun - Mumbai,https://www.agoda.com/stayvista-at-the-rising-sun/hotel/ambernath-in.html
5118,The Rising Sun,6,Villa,India,"Private Pool, BBQ",Airbnb,6BR The Rising Sun w/ Pool & BBQ - Ambernath,https://www.airbnb.co.in/rooms/1593258744456719134
5118,The Rising Sun,6,Villa,India,"Private Pool, BBQ",Booking.com,The Rising Sun - Mumbai by StayVista - 6BHK Villa with Bar & Private Pool,https://www.booking.com/hotel/in/stayvista-at-the-rising-sun-with-pool-and-bbq.html
5118,The Rising Sun,6,Villa,India,"Private Pool, BBQ",MakeMyTrip,StayVista at The Rising Sun,https://www.makemytrip.com/hotels/hotel-details/?hotelId=202601091724008311&_uCurrency=INR&checkin=11252025&checkout=11262025&city=CTAGR&country=IN&funnelType=getaway&lat=27.16779&lng=78.04893&locusId=ZNDEL67F7E280&locusType=zone&rank=1&roomStayQualifier=2e0e&seekSummaryRequired=false&viewType=LUXE&mtkeys=defaultMtkey
4903,Treeansh,2,Villa,India,"Pool, Lawn, BBQ",Agoda,StayVista at Treeansh,https://www.agoda.com/stayvista-at-treeansh/hotel/palanpur-in.html
4903,Treeansh,2,Villa,India,"Pool, Lawn, BBQ",Airbnb,2BR |Pool+Lawn+BBQ|StayVista| Treeansh @Punjab,https://www.airbnb.co.in/rooms/1584482283138792342
4903,Treeansh,2,Villa,India,"Pool, Lawn, BBQ",Booking.com,StayVista's Treeansh - 2BHK Pet-Friendly Villa with Alfresco Dining,https://www.booking.com/hotel/in/treeansh.html
4903,Treeansh,2,Villa,India,"Pool, Lawn, BBQ",MakeMyTrip,StayVista at Treeansh,https://www.makemytrip.com/hotels/hotel-details/?hotelId=202512240939209990&_uCurrency=INR&checkin=11252025&checkout=11262025&city=CTAGR&country=IN&funnelType=getaway&lat=27.16779&lng=78.04893&locusId=ZNDEL67F7E280&locusType=zone&rank=1&roomStayQualifier=2e0e&seekSummaryRequired=false&viewType=LUXE&mtkeys=defaultMtkey
5135,Bagaan,4,Villa,India,"Pool, Lawn",Agoda,StayVista at Bagaan Villa,https://www.agoda.com/stayvista-at-bagaan-villa/hotel/new-delhi-and-ncr-in.html
5135,Bagaan,4,Villa,India,"Pool, Lawn",Airbnb,"Bagaan Farm Stay | Pool, Lawn & Pool Table",https://www.airbnb.co.in/rooms/1579600318590152079
5135,Bagaan,4,Villa,India,"Pool, Lawn",Booking.com,StayVista's Bagaan Farm Stay - 4BHK Pet-Friendly Villa with Home Theatre,https://www.booking.com/hotel/in/stayvista-at-bagaan-villa.html
5135,Bagaan,4,Villa,India,"Pool, Lawn",MakeMyTrip,StayVista at Bagaan Farm Stay,https://www.makemytrip.com/hotels/hotel-details/?hotelId=202512241715287609&_uCurrency=INR&checkin=11252025&checkout=11262025&city=CTAGR&country=IN&funnelType=getaway&lat=27.16779&lng=78.04893&locusId=ZNDEL67F7E280&locusType=zone&rank=1&roomStayQualifier=2e0e&seekSummaryRequired=false&viewType=LUXE&mtkeys=defaultMtkey
5254,Sneh Bliss,5,Villa,Mahabaleshwar,"Pool, Jacuzzi",Agoda,StayVista at Sneh Bliss Villa,https://www.agoda.com/stayvista-at-sneh-bliss/hotel/mahabaleshwar-in.html
5254,Sneh Bliss,5,Villa,Mahabaleshwar,"Pool, Jacuzzi",Airbnb,StayVista at Sneh Bliss Villa w/ Pool,https://www.airbnb.co.in/rooms/1596830957818652449
5254,Sneh Bliss,5,Villa,Mahabaleshwar,"Pool, Jacuzzi",Booking.com,StayVista's Sneh Bliss Villa - 5BHK with Jacuzzi & Alfresco Dining,https://www.booking.com/hotel/in/stayvista-at-sneh-bliss-villa-with-pool.html
5254,Sneh Bliss,5,Villa,Mahabaleshwar,"Pool, Jacuzzi",MakeMyTrip,StayVista at Sneh Bliss Villa,https://www.makemytrip.com/hotels/hotel-details/?hotelId=202601121120502626&_uCurrency=INR&checkin=11252025&checkout=11262025&city=CTAGR&country=IN&funnelType=getaway&lat=27.16779&lng=78.04893&locusId=ZNDEL67F7E280&locusType=zone&rank=1&roomStayQualifier=2e0e&seekSummaryRequired=false&viewType=LUXE&mtkeys=defaultMtkey
5215,Montara View,6,Villa,Igatpuri,Infinity Pool,Agoda,StayVista at Montara View,https://www.agoda.com/en-gb/stayvista-at-montara-view/hotel/shevgedang-in.html
5215,Montara View,6,Villa,Igatpuri,Infinity Pool,Airbnb,6BR|Infinity Pool|StayVista| Montara View@Igatpuri,https://www.airbnb.co.in/rooms/1594674206435465196
5215,Montara View,6,Villa,Igatpuri,Infinity Pool,Booking.com,StayVista's Montara View - 6BHK Villa with Infinity Pool & Alfresco Dining,https://www.booking.com/hotel/in/stayvista-at-montara-view.html
5215,Montara View,6,Villa,Igatpuri,Infinity Pool,MakeMyTrip,StayVista at Montara View,https://www.makemytrip.com/hotels/hotel-details/?hotelId=202601131034088667&_uCurrency=INR&checkin=11252025&checkout=11262025&city=CTAGR&country=IN&funnelType=getaway&lat=27.16779&lng=78.04893&locusId=ZNDEL67F7E280&locusType=zone&rank=1&roomStayQualifier=2e0e&seekSummaryRequired=false&viewType=LUXE&mtkeys=defaultMtkey
5247,SIHAYA,4,Villa,India,Private Pool,Agoda,StayVista at SIHAYA,https://www.agoda.com/stayvista-at-sihaya/hotel/melukote-in.html?adults=2&rooms=1&checkIn=2026-02-12&los=2
5247,SIHAYA,4,Villa,India,Private Pool,Airbnb,4BR|PoolViews|StayVista| Sihaya @Karnatka,https://www.airbnb.co.in/rooms/1597627900388427247
5247,SIHAYA,4,Villa,India,Private Pool,Booking.com,StayVista's SIHAYA - 4BHK Mountain-View Villa with Bathtub,https://www.booking.com/hotel/in/stayvista-at-sihaya.html
5247,SIHAYA,4,Villa,India,Private Pool,MakeMyTrip,StayVista at SIHAYA,https://www.makemytrip.com/hotels/hotel-details/?hotelId=202601141101226914&_uCurrency=INR&checkin=11252025&checkout=11262025&city=CTAGR&country=IN&funnelType=getaway&lat=27.16779&lng=78.04893&locusId=ZNDEL67F7E280&locusType=zone&rank=1&roomStayQualifier=2e0e&seekSummaryRequired=false&viewType=LUXE&mtkeys=defaultMtkey
5136,Visthaan,4,Villa,Alibaug,"Private Pool, Lawn, BBQ",Agoda,StayVista at Visthaan,https://www.agoda.com/stayvista-at-visthaan-with-pool-lawn-bbq/hotel/alibaug-in.html
5136,Visthaan,4,Villa,Alibaug,"Private Pool, Lawn, BBQ",Airbnb,Visthaan by StayVista w/ Pool & lawn,https://www.airbnb.co.in/rooms/1587429305168783350
5136,Visthaan,4,Villa,Alibaug,"Private Pool, Lawn, BBQ",Booking.com,StayVista's Visthaan - 4BHK Villa with Alfresco Dining & Private Pool,https://www.booking.com/hotel/in/stayvista-at-visthaan.html
5136,Visthaan,4,Villa,Alibaug,"Private Pool, Lawn, BBQ",MakeMyTrip,StayVista at Visthaan,https://www.makemytrip.com/hotels/hotel-details/?hotelId=202512301350415518&_uCurrency=INR&checkin=11252025&checkout=11262025&city=CTAGR&country=IN&funnelType=getaway&lat=27.16779&lng=78.04893&locusId=ZNDEL67F7E280&locusType=zone&rank=1&roomStayQualifier=2e0e&seekSummaryRequired=false&viewType=LUXE&mtkeys=defaultMtkey
5172,Wedgewood Blu,6,Villa,Ooty,"Lawn, BBQ, Gazebo",Agoda,StayVista at Wedgewood Blu,https://www.agoda.com/en-in/stayvista-at-wedgewood-blu-with-wifi-lawn-bbq/hotel/ooty-in.html
5172,Wedgewood Blu,6,Villa,Ooty,"Lawn, BBQ, Gazebo",Airbnb,6BR |Scenic Views|StayVista| Wedgewood Blu @Ooty,https://www.airbnb.co.in/rooms/1579503167135172438
5172,Wedgewood Blu,6,Villa,Ooty,"Lawn, BBQ, Gazebo",Booking.com,StayVista's Wedgewood Blu - 6BHK Pet-Friendly Villa with Gazebo,https://www.booking.com/hotel/in/stayvista-at-wedgewoods-blu.html
5172,Wedgewood Blu,6,Villa,Ooty,"Lawn, BBQ, Gazebo",MakeMyTrip,StayVista at Wedgewood Blu,https://www.makemytrip.com/hotels/hotel-details/?hotelId=202512251322304364&_uCurrency=INR&checkin=11252025&checkout=11262025&city=CTAGR&country=IN&funnelType=getaway&lat=27.16779&lng=78.04893&locusId=ZNDEL67F7E280&locusType=zone&rank=1&roomStayQualifier=2e0e&seekSummaryRequired=false&viewType=LUXE&mtkeys=defaultMtkey
5251,Blume,4,Villa,Jaipur,"Pool, Lawn, BBQ",Agoda,StayVista at Blume Villa,https://www.agoda.com/en-in/stayvista-at-blume-villa/hotel/jaipur-in.html
5251,Blume,4,Villa,Jaipur,"Pool, Lawn, BBQ",Airbnb,Luxury 4BHK w/Pool & Lawn near Chokhi Dhani Jaipur,https://www.airbnb.co.in/rooms/1599168932493333231
5251,Blume,4,Villa,Jaipur,"Pool, Lawn, BBQ",Booking.com,StayVista's Blume Villa - 4BHK with Bar & Alfresco Dining,https://www.booking.com/hotel/in/stayvista-at-blume-villa-with-pool-bbq.html
5251,Blume,4,Villa,Jaipur,"Pool, Lawn, BBQ",MakeMyTrip,StayVista at Blume Villa,https://www.makemytrip.com/hotels/hotel-details/?hotelId=202601171434514332&_uCurrency=INR&checkin=11252025&checkout=11262025&city=CTAGR&country=IN&funnelType=getaway&lat=27.16779&lng=78.04893&locusId=ZNDEL67F7E280&locusType=zone&rank=1&roomStayQualifier=2e0e&seekSummaryRequired=false&viewType=LUXE&mtkeys=defaultMtkey
5203,Saket Loak by the Lake,3,Villa,Udaipur,"Pool, Lake View",Agoda,StayVista at Saket Loak by the Lake,https://www.agoda.com/en-in/stayvista-at-saket-loak-by-the-lake/hotel/udaipur-in.html
5203,Saket Loak by the Lake,3,Villa,Udaipur,"Pool, Lake View",Airbnb,1 Elegant Room w/Lake View + Pool near Udaipur,https://www.airbnb.co.in/rooms/1584551873804332780
5203,Saket Loak by the Lake,3,Villa,Udaipur,"Pool, Lake View",Booking.com,StayVista's Saket Loak by the Lake - Bathtub & Shared Pool,https://www.booking.com/hotel/in/stayvista-at-saket-loak-by-the-lake.html
5203,Saket Loak by the Lake,3,Villa,Udaipur,"Pool, Lake View",MakeMyTrip,StayVista at Saket Loak by the Lake,https://www.makemytrip.com/hotels/hotel-details/?hotelId=202603120843464552&_uCurrency=INR&checkin=11252025&checkout=11262025&city=CTAGR&country=IN&funnelType=getaway&lat=27.16779&lng=78.04893&locusId=ZNDEL67F7E280&locusType=zone&rank=1&roomStayQualifier=2e0e&seekSummaryRequired=false&viewType=LUXE&mtkeys=defaultMtkey
5260,Maison Vera,3,Villa,India,Private Pool,Agoda,StayVista at Maison Vera - Vasai,https://www.agoda.com/stayvista-at-maison-vera/hotel/majivali-in.html?adults=2&rooms=1&checkIn=2026-03-05&los=2
5260,Maison Vera,3,Villa,India,Private Pool,Airbnb,3BR|Riverfront Stay|StayVista| Maison Vera@Lonavla,https://www.airbnb.co.in/rooms/1603371211301598547
5260,Maison Vera,3,Villa,India,Private Pool,Booking.com,StayVista's Maison Vera - Vasai - 3BHK River-View Villa with Private Pool,https://www.booking.com/hotel/in/stayvista-at-maison-vera.html
5260,Maison Vera,3,Villa,India,Private Pool,MakeMyTrip,StayVista at Maison Vera,https://www.makemytrip.com/hotels/hotel-details/?hotelId=202601211617226568&_uCurrency=INR&checkin=11252025&checkout=11262025&city=CTAGR&country=IN&funnelType=getaway&lat=27.16779&lng=78.04893&locusId=ZNDEL67F7E280&locusType=zone&rank=1&roomStayQualifier=2e0e&seekSummaryRequired=false&viewType=LUXE&mtkeys=defaultMtkey
5252,Mirabelle,3,Villa,Goa,"Private Pool, Lawn, BBQ",Agoda,StayVista at Mirabelle,https://www.agoda.com/stayvista-at-mirabelle/hotel/goa-in.html
5252,Mirabelle,3,Villa,Goa,"Private Pool, Lawn, BBQ",Airbnb,"3BR Mirabelle @StayVista with Pool, BBQ & lawn",https://www.airbnb.co.in/rooms/1603563018339765756
5252,Mirabelle,3,Villa,Goa,"Private Pool, Lawn, BBQ",Booking.com,StayVista's Mirabelle - Nerul - 3BHK Villa with Bar & Private Pool,https://www.booking.com/hotel/in/stayvista-at-mirabelle.html
5252,Mirabelle,3,Villa,Goa,"Private Pool, Lawn, BBQ",MakeMyTrip,StayVista at Mirabelle,https://www.makemytrip.com/hotels/hotel-details/?hotelId=202601220817279322&_uCurrency=INR&checkin=11252025&checkout=11262025&city=CTAGR&country=IN&funnelType=getaway&lat=27.16779&lng=78.04893&locusId=ZNDEL67F7E280&locusType=zone&rank=1&roomStayQualifier=2e0e&seekSummaryRequired=false&viewType=LUXE&mtkeys=defaultMtkey
5282,Azalea,5,Villa,India,"Private Pool, Lawn",Agoda,StayVista at Azalea,https://www.agoda.com/stayvista-at-azalea/hotel/zirad-in.html
5282,Azalea,5,Villa,India,"Private Pool, Lawn",Airbnb,"Azalea w/ Pool, Lawn by StayVista",https://www.airbnb.co.in/rooms/1604996960759604559
5282,Azalea,5,Villa,India,"Private Pool, Lawn",Booking.com,StayVista's Azalea - 5BHK Villa with Alfresco Dining & Private Pool,https://www.booking.com/hotel/in/stayvista-at-azalea.html
5282,Azalea,5,Villa,India,"Private Pool, Lawn",MakeMyTrip,StayVista at Azalea,https://www.makemytrip.com/hotels/hotel-details/?hotelId=202601231649213451&_uCurrency=INR&checkin=11252025&checkout=11262025&city=CTAGR&country=IN&funnelType=getaway&lat=27.16779&lng=78.04893&locusId=ZNDEL67F7E280&locusType=zone&rank=1&roomStayQualifier=2e0e&seekSummaryRequired=false&viewType=LUXE&mtkeys=defaultMtkey
1434,Cecil Cottages,6,Cottage,Shimla,Mountain View,Agoda,StayVista at Cecil Cottages,https://www.agoda.com/en-in/stayvista-at-cecil-cottages/hotel/shimla-in.html
1434,Cecil Cottages,6,Cottage,Shimla,Mountain View,Airbnb,6BR Hill View | StayVista | Cecil Cottage @Kasauli,https://www.airbnb.co.in/rooms/1214303576727097847
1434,Cecil Cottages,6,Cottage,Shimla,Mountain View,Booking.com,StayVista's Cecil Cottages - Barog - 6BHK with Pet Friendly & Mountain View,https://www.booking.com/hotel/in/aagman-2c-39-s-cottage-barog.html
1434,Cecil Cottages,6,Cottage,Shimla,Mountain View,MakeMyTrip,StayVista | Cecil Cottages,https://www.makemytrip.com/hotels/hotel-details/?hotelId=202010170831367135&_uCurrency=INR&checkin=11252025&checkout=11262025&city=CTAGR&country=IN&funnelType=getaway&lat=27.16779&lng=78.04893&locusId=ZNDEL67F7E280&locusType=zone&rank=1&roomStayQualifier=2e0e&seekSummaryRequired=false&viewType=LUXE&mtkeys=defaultMtkey
5280,Hindavi Green Escape  by VEO,5,Villa,India,"Private Pool, Gazebo",Agoda,Hindavi Green Escape  by VEO - Part of StayVista,https://www.agoda.com/stayvista-at-hindavi-green-escape/hotel/kolvan-in.html
5280,Hindavi Green Escape  by VEO,5,Villa,India,"Private Pool, Gazebo",Airbnb,5BR |Nature|StayVista| Hindavi Green Escape @Paud,https://www.airbnb.co.in/rooms/1598463004340126774
5280,Hindavi Green Escape  by VEO,5,Villa,India,"Private Pool, Gazebo",Booking.com,"Hindavi Green Escape by VEO, StayVista - 5BHK Villa with Private Pool & Gazebo",https://www.booking.com/hotel/in/hindavi-green-escape.html
5280,Hindavi Green Escape  by VEO,5,Villa,India,"Private Pool, Gazebo",MakeMyTrip,Hindavi Green Escape by VEO - Part of StayVista,https://www.makemytrip.com/hotels/hotel-details/?hotelId=202601271459086594&_uCurrency=INR&checkin=11252025&checkout=11262025&city=CTAGR&country=IN&funnelType=getaway&lat=27.16779&lng=78.04893&locusId=ZNDEL67F7E280&locusType=zone&rank=1&roomStayQualifier=2e0e&seekSummaryRequired=false&viewType=LUXE&mtkeys=defaultMtkey
5269,Eden Verde,3,Villa,Goa,"Private Pool, BBQ",Agoda,StayVista at Eden Verde,https://www.agoda.com/en-in/stayvista-at-eden-verde/hotel/goa-in.html
5269,Eden Verde,3,Villa,Goa,"Private Pool, BBQ",Airbnb,3BR |BBQ+Games+Pool|StayVista| Eden Verde @Madgaon,https://www.airbnb.co.in/rooms/1604194374234587968
5269,Eden Verde,3,Villa,Goa,"Private Pool, BBQ",Booking.com,StayVista's Eden Verde - Madgaon - 3BHK Villa with Private Pool & Terrace,https://www.booking.com/hotel/in/stayvista-at-eden-verde-with-bbq-and-pool.html
5269,Eden Verde,3,Villa,Goa,"Private Pool, BBQ",MakeMyTrip,StayVista at Eden Verde,https://www.makemytrip.com/hotels/hotel-details/?hotelId=202601271639267729&_uCurrency=INR&checkin=11252025&checkout=11262025&city=CTAGR&country=IN&funnelType=getaway&lat=27.16779&lng=78.04893&locusId=ZNDEL67F7E280&locusType=zone&rank=1&roomStayQualifier=2e0e&seekSummaryRequired=false&viewType=LUXE&mtkeys=defaultMtkey
5278,Casa Bliss,4,Villa,Goa,"Private Pool, BBQ",Agoda,StayVista at Casa Bliss,https://www.agoda.com/gostops-goa-panaji/hotel/goa-in.html
5278,Casa Bliss,4,Villa,Goa,"Private Pool, BBQ",Airbnb,4BR |Pool+Karaoke+BBQ |StayVista| Casa Bliss @Goa,https://www.airbnb.co.in/rooms/1610592093248358801
5278,Casa Bliss,4,Villa,Goa,"Private Pool, BBQ",Booking.com,StayVista's Casa Bliss - Siolim - 4BHK Villa with Private Pool & Terrace,https://www.booking.com/hotel/in/stayvista-at-casa-bliss-with-pool-bbq-and-karaoke.html
5278,Casa Bliss,4,Villa,Goa,"Private Pool, BBQ",MakeMyTrip,StayVista at Casa Bliss,https://www.makemytrip.com/hotels/hotel-details/?hotelId=202601311650409794&_uCurrency=INR&checkin=11252025&checkout=11262025&city=CTAGR&country=IN&funnelType=getaway&lat=27.16779&lng=78.04893&locusId=ZNDEL67F7E280&locusType=zone&rank=1&roomStayQualifier=2e0e&seekSummaryRequired=false&viewType=LUXE&mtkeys=defaultMtkey
5266,Eira  by VEO,1,Villa,India,"Pool, Bonfire",Agoda,Eira Villa by VEO - Part of StayVista,https://www.agoda.com/stayvista-at-eira-villa/hotel/tariyod-in.html
5266,Eira  by VEO,1,Villa,India,"Pool, Bonfire",Airbnb,StayVista at Comfort Room @ Eira w/ Bonfire,https://www.airbnb.co.in/rooms/1608509759845182813
5266,Eira  by VEO,1,Villa,India,"Pool, Bonfire",Booking.com,"Eira by VEO, StayVista - 1BHK Stay with Outdoor Pool & Karaoke",https://www.booking.com/hotel/in/stayvista-at-eira-villa-with-bonfire-pool-amp-board-games.html
5266,Eira  by VEO,1,Villa,India,"Pool, Bonfire",MakeMyTrip,Eira Villa by VEO - Part of StayVista,https://www.makemytrip.com/hotels/hotel-details/?hotelId=202601271938102761&_uCurrency=INR&checkin=11252025&checkout=11262025&city=CTAGR&country=IN&funnelType=getaway&lat=27.16779&lng=78.04893&locusId=ZNDEL67F7E280&locusType=zone&rank=1&roomStayQualifier=2e0e&seekSummaryRequired=false&viewType=LUXE&mtkeys=defaultMtkey
5255,Aradhya,3,Villa,Wayanad,"Infinity Pool, Valley View, Lawn",Agoda,StayVista at Aradhya Villa,https://www.agoda.com/en-gb/stayvista-at-aradhya-villa/hotel/wayanad-in.html
5255,Aradhya,3,Villa,Wayanad,"Infinity Pool, Valley View, Lawn",Airbnb,"StayVista at Aradhya Villa w/ Infinity Pool, Lawn",https://www.airbnb.co.in/rooms/1604937563436415785
5255,Aradhya,3,Villa,Wayanad,"Infinity Pool, Valley View, Lawn",Booking.com,StayVista's Aradhya Villa - 3BHK with Valley View & Infinity Pool,https://www.booking.com/hotel/in/the-aradhya-villa.html
5255,Aradhya,3,Villa,Wayanad,"Infinity Pool, Valley View, Lawn",MakeMyTrip,StayVista at Aradhya Villa,https://www.makemytrip.com/hotels/hotel-details/?hotelId=202601311434132345&_uCurrency=INR&checkin=11252025&checkout=11262025&city=CTAGR&country=IN&funnelType=getaway&lat=27.16779&lng=78.04893&locusId=ZNDEL67F7E280&locusType=zone&rank=1&roomStayQualifier=2e0e&seekSummaryRequired=false&viewType=LUXE&mtkeys=defaultMtkey
5325,Vafa Acres,4,Villa,India,"Jacuzzi, BBQ",Agoda,StayVista at Vafa Acres,https://www.agoda.com/stayvista-at-vafa-acres/hotel/byadarahalli-in.html
5325,Vafa Acres,4,Villa,India,"Jacuzzi, BBQ",Airbnb,4BR Vafa Acres @StayVista w/ Bathtub- Mysore,https://www.airbnb.co.in/rooms/1608598724583121115
5325,Vafa Acres,4,Villa,India,"Jacuzzi, BBQ",Booking.com,Vafa Acres by StayVista - 4BHK with Bathtub & Sports Turf,https://www.booking.com/hotel/in/stayvista-at-vafa-acres-with-bbq-amp-jacuzzi.html
5325,Vafa Acres,4,Villa,India,"Jacuzzi, BBQ",MakeMyTrip,StayVista at Vafa Acres,https://www.makemytrip.com/hotels/hotel-details/?hotelId=202601281541123241&_uCurrency=INR&checkin=11252025&checkout=11262025&city=CTAGR&country=IN&funnelType=getaway&lat=27.16779&lng=78.04893&locusId=ZNDEL67F7E280&locusType=zone&rank=1&roomStayQualifier=2e0e&seekSummaryRequired=false&viewType=LUXE&mtkeys=defaultMtkey
5279,Casa Aura,4,Villa,Goa,"Private Pool, Lawn",Agoda,StayVista at Casa Aura,https://www.agoda.com/stayvista-at-casa-aura/hotel/goa-in.html?adults=2&rooms=1&checkIn=2026-03-08&los=2
5279,Casa Aura,4,Villa,Goa,"Private Pool, Lawn",Airbnb,4BR |Luxe Pool+Lawn|StayVista| Casa Aura @Siolim,https://www.airbnb.co.in/rooms/1608614198413933197
5279,Casa Aura,4,Villa,Goa,"Private Pool, Lawn",Booking.com,StayVista's Casa Aura - Siolim - 4BHK Villa with Gym & Private Pool,https://www.booking.com/hotel/in/stayvista-at-casa-aura-with-lawn-pool.html
5279,Casa Aura,4,Villa,Goa,"Private Pool, Lawn",MakeMyTrip,StayVista at Casa Aura,https://www.makemytrip.com/hotels/hotel-details/?hotelId=202602031550439816&_uCurrency=INR&checkin=11252025&checkout=11262025&city=CTAGR&country=IN&funnelType=getaway&lat=27.16779&lng=78.04893&locusId=ZNDEL67F7E280&locusType=zone&rank=1&roomStayQualifier=2e0e&seekSummaryRequired=false&viewType=LUXE&mtkeys=defaultMtkey
5146,The River Story,8,Villa,Manali,"Lawn, BBQ",Agoda,StayVista at The River Story - Raison,https://www.agoda.com/en-in/stayvista-at-the-river-story/hotel/manali-in.html
5146,The River Story,8,Villa,Manali,"Lawn, BBQ",Airbnb,"StayVista at The River Story - Raison w/ Lawn, BBQ",https://www.airbnb.co.in/rooms/1608483032148993377
5146,The River Story,8,Villa,Manali,"Lawn, BBQ",Booking.com,The River Story - Raison by StayVista - 8BHK River-View Villa with Alfresco Dining,https://www.booking.com/hotel/in/stayvista-at-the-river-story-with-lawn-bbq.html
5146,The River Story,8,Villa,Manali,"Lawn, BBQ",MakeMyTrip,StayVista at The River Story - Raison,https://www.makemytrip.com/hotels/hotel-details/?hotelId=202602171104436886&_uCurrency=INR&checkin=11252025&checkout=11262025&city=CTAGR&country=IN&funnelType=getaway&lat=27.16779&lng=78.04893&locusId=ZNDEL67F7E280&locusType=zone&rank=1&roomStayQualifier=2e0e&seekSummaryRequired=false&viewType=LUXE&mtkeys=defaultMtkey
5345,Verdant Farmstay,3,Retreat,India,Lawn,Agoda,StayVista at Verdant Farmstay,https://www.agoda.com/search?text=StayVista%20Verdant%20Farmstay%20India
5345,Verdant Farmstay,3,Retreat,India,Lawn,Airbnb,StayVista Verdant Farmstay|A Nature Retreat,https://www.airbnb.co.in/rooms/1617369357157778111
5345,Verdant Farmstay,3,Retreat,India,Lawn,Booking.com,StayVista's Verdant Farmstay - Pet Friendly & Home Theatre,https://www.booking.com/hotel/in/stayvista-at-verdant.html
5345,Verdant Farmstay,3,Retreat,India,Lawn,MakeMyTrip,StayVista at Verdant Farmstay,https://www.makemytrip.com/hotels/hotel-details/?hotelId=202512271704413878&_uCurrency=INR&checkin=11252025&checkout=11262025&city=CTAGR&country=IN&funnelType=getaway&lat=27.16779&lng=78.04893&locusId=ZNDEL67F7E280&locusType=zone&rank=1&roomStayQualifier=2e0e&seekSummaryRequired=false&viewType=LUXE&mtkeys=defaultMtkey
5314,Meluha,8,Villa,Pune,Infinity Pool,Agoda,StayVista at Meluha - Pawna,https://www.agoda.com/en-in/stayvista-at-meluha/hotel/pune-in.html
5314,Meluha,8,Villa,Pune,Infinity Pool,Airbnb,8BR|Games+Playground|StayVista| Meluha@Vageshwar,https://www.airbnb.co.in/rooms/1620900084911675968
5314,Meluha,8,Villa,Pune,Infinity Pool,Booking.com,StayVista's Meluha - Pawna - 8BHK Lake-View Villa with Infinity Pool,https://www.booking.com/hotel/in/stayvista-at-meluha.html
5314,Meluha,8,Villa,Pune,Infinity Pool,MakeMyTrip,StayVista at Meluha,https://www.makemytrip.com/hotels/hotel-details/?hotelId=202602141413472460&_uCurrency=INR&checkin=11252025&checkout=11262025&city=CTAGR&country=IN&funnelType=getaway&lat=27.16779&lng=78.04893&locusId=ZNDEL67F7E280&locusType=zone&rank=1&roomStayQualifier=2e0e&seekSummaryRequired=false&viewType=LUXE&mtkeys=defaultMtkey
5307,Brickhouse Aranya,4,Villa,India,"Private Pool, Gazebo",Agoda,StayVista at Brickhouse Aranya,https://www.agoda.com/stayvista-at-brickhouse-aranya/hotel/khambale-in.html
5307,Brickhouse Aranya,4,Villa,India,"Private Pool, Gazebo",Airbnb,"StayVista at Brickhouse Aranya w/ Pool, Farm View",https://www.airbnb.co.in/rooms/1605051472972031677
5307,Brickhouse Aranya,4,Villa,India,"Private Pool, Gazebo",Booking.com,StayVista's Brickhouse Aranya - 4BHK Villa with Private Pool & Gazebo,https://www.booking.com/hotel/in/stayvista-at-brickhouse-aranya.html
5307,Brickhouse Aranya,4,Villa,India,"Private Pool, Gazebo",MakeMyTrip,StayVista at Brickhouse Aranya,https://www.makemytrip.com/hotels/hotel-details/?hotelId=202602181327174590&_uCurrency=INR&checkin=11252025&checkout=11262025&city=CTAGR&country=IN&funnelType=getaway&lat=27.16779&lng=78.04893&locusId=ZNDEL67F7E280&locusType=zone&rank=1&roomStayQualifier=2e0e&seekSummaryRequired=false&viewType=LUXE&mtkeys=defaultMtkey
5327,Elysian Forest,6,Villa,Dehradun,"Pool, Jacuzzi",Agoda,StayVista at Elysian Forest Villa,https://www.agoda.com/stayvista-at-elysian-forest-villa/hotel/dehradun-in.html
5327,Elysian Forest,6,Villa,Dehradun,"Pool, Jacuzzi",Airbnb,"Luxe 6BR Elysian Forest w/Pvt Pool, Games and Wifi",https://www.airbnb.co.in/rooms/1623071525918405518
5327,Elysian Forest,6,Villa,Dehradun,"Pool, Jacuzzi",Booking.com,StayVista's Elysian Forest Villa - 6BHK with Forest View & Jacuzzi,https://www.booking.com/hotel/in/stayvista-at-elysian-forest-villa-with-pool.html
5327,Elysian Forest,6,Villa,Dehradun,"Pool, Jacuzzi",MakeMyTrip,StayVista at Elysian Forest Villa,https://www.makemytrip.com/hotels/hotel-details/?hotelId=202602191339497360&_uCurrency=INR&checkin=11252025&checkout=11262025&city=CTAGR&country=IN&funnelType=getaway&lat=27.16779&lng=78.04893&locusId=ZNDEL67F7E280&locusType=zone&rank=1&roomStayQualifier=2e0e&seekSummaryRequired=false&viewType=LUXE&mtkeys=defaultMtkey
5238,Premium Rooms,3,Villa,Wayanad,Gazebo,Agoda,StayVista at Premium Rooms @ Princess of Wayanad,https://www.agoda.com/en-in/stayvista-at-princess-of-wayanad/hotel/makkiyad-in.html
5238,Premium Rooms,3,Villa,Wayanad,Gazebo,Airbnb,StayVista at Premium Rooms @ Princess of Wayanad,https://www.airbnb.co.in/rooms/1624511563633981992
5238,Premium Rooms,3,Villa,Wayanad,Gazebo,Booking.com,StayVista's Princess Of Wayanad - Pet Friendly & Gazebo,https://www.booking.com/hotel/in/stayvista-at-princess-of-wayanad.html
5238,Premium Rooms,3,Villa,Wayanad,Gazebo,MakeMyTrip,StayVista at Princess of Wayanad,https://www.makemytrip.com/hotels/hotel-details/?hotelId=202603241202496903&_uCurrency=INR&checkin=11252025&checkout=11262025&city=CTAGR&country=IN&funnelType=getaway&lat=27.16779&lng=78.04893&locusId=ZNDEL67F7E280&locusType=zone&rank=1&roomStayQualifier=2e0e&seekSummaryRequired=false&viewType=LUXE&mtkeys=defaultMtkey
5395,White Owl by VEO,3,Villa,Wada,Jacuzzi,Agoda,White Owl by VEO - Part of StayVista,https://www.agoda.com/en-gb/stayvista-at-white-owl/hotel/vikramgad-in.html
5395,White Owl by VEO,3,Villa,Wada,Jacuzzi,Airbnb,White Owl by VEO - Part of StayVista,https://www.airbnb.co.in/rooms/1623596656942395815
5395,White Owl by VEO,3,Villa,Wada,Jacuzzi,Booking.com,"White Owl - Wada by VEO, StayVista - 3BHK Villa with Jacuzzi & Garden",https://www.booking.com/hotel/in/stayvista-at-white-owl.html
5395,White Owl by VEO,3,Villa,Wada,Jacuzzi,MakeMyTrip,White Owl by VEO - Part of StayVista,https://www.makemytrip.com/hotels/hotel-details/?hotelId=202602250934128090&_uCurrency=INR&checkin=11252025&checkout=11262025&city=CTAGR&country=IN&funnelType=getaway&lat=27.16779&lng=78.04893&locusId=ZNDEL67F7E280&locusType=zone&rank=1&roomStayQualifier=2e0e&seekSummaryRequired=false&viewType=LUXE&mtkeys=defaultMtkey
5078,Mangal  by the Lake,3,House,India,"Mountain View, Lake View, Lawn, BBQ",Agoda,StayVista at Mangal House by the Lake,https://www.agoda.com/en-in/stayvista-at-mangal-house-by-the-lake-with-lawn-bbq/hotel/mount-abu-in.html
5078,Mangal  by the Lake,3,House,India,"Mountain View, Lake View, Lawn, BBQ",Airbnb,3BR|LakeView+BBQ|StayVista| Mangal House@Rajasthan,https://www.airbnb.co.in/rooms/1625269721311008687
5078,Mangal  by the Lake,3,House,India,"Mountain View, Lake View, Lawn, BBQ",Booking.com,StayVista's Mangal House by the Lake - 3BHK with Pet Friendly & Mountain View,https://www.booking.com/hotel/in/stayvista-at-mangal-house.html
5078,Mangal  by the Lake,3,House,India,"Mountain View, Lake View, Lawn, BBQ",MakeMyTrip,StayVista at Mangal House by the Lake,https://www.makemytrip.com/hotels/hotel-details/?hotelId=202602231658495679&_uCurrency=INR&checkin=11252025&checkout=11262025&city=CTAGR&country=IN&funnelType=getaway&lat=27.16779&lng=78.04893&locusId=ZNDEL67F7E280&locusType=zone&rank=1&roomStayQualifier=2e0e&seekSummaryRequired=false&viewType=LUXE&mtkeys=defaultMtkey
5370,The Mint,3,Villa,Karjat,"Private Pool, BBQ",Agoda,StayVista at The Mint Villa,https://www.agoda.com/stayvista-at-the-mint-villa/hotel/mankiwali-in.html
5370,The Mint,3,Villa,Karjat,"Private Pool, BBQ",Airbnb,3BR |BBQ+Bathtub|StayVista| The Mint Villa @Karjat,https://www.airbnb.co.in/rooms/1627457655548722930
5370,The Mint,3,Villa,Karjat,"Private Pool, BBQ",Booking.com,The Mint Villa by StayVista - 3BHK with Sports Turf & Private Pool,https://www.booking.com/hotel/in/stayvista-at-the-mint-villa-with-pool-bbq-amp-bathtub.html
5370,The Mint,3,Villa,Karjat,"Private Pool, BBQ",MakeMyTrip,StayVista at The Mint Villa,https://www.makemytrip.com/hotels/hotel-details/?hotelId=202602281817131505&_uCurrency=INR&checkin=11252025&checkout=11262025&city=CTAGR&country=IN&funnelType=getaway&lat=27.16779&lng=78.04893&locusId=ZNDEL67F7E280&locusType=zone&rank=1&roomStayQualifier=2e0e&seekSummaryRequired=false&viewType=LUXE&mtkeys=defaultMtkey
5375,Dynast,3,Villa,India,"Pool, Lawn",Agoda,StayVista at Dynast - By the Beach,https://www.agoda.com/stayvista-at-dynast-the-abode-of-art/hotel/alleppey-in.html?adults=2&rooms=1&checkIn=2026-04-01&los=2
5375,Dynast,3,Villa,India,"Pool, Lawn",Airbnb,"StayVista at Dynast - By the Beach w/ Pool, Lawn",https://www.airbnb.co.in/rooms/1629470177748695920
5375,Dynast,3,Villa,India,"Pool, Lawn",Booking.com,StayVista's Dynast - By the Beach - Beach View & Home Theatre near Pollethai beach,https://www.booking.com/hotel/in/stayvista-at-dynast-the-abode-of-art-with-pool-lawn.html
5375,Dynast,3,Villa,India,"Pool, Lawn",MakeMyTrip,StayVista at Dynast - By the Beach,https://www.makemytrip.com/hotels/hotel-details/?hotelId=202602261515181777&_uCurrency=INR&checkin=11252025&checkout=11262025&city=CTAGR&country=IN&funnelType=getaway&lat=27.16779&lng=78.04893&locusId=ZNDEL67F7E280&locusType=zone&rank=1&roomStayQualifier=2e0e&seekSummaryRequired=false&viewType=LUXE&mtkeys=defaultMtkey
5412,Woods & Bricks  by VEO,3,Cottage,India,Lawn,Agoda,Woods & Bricks Cottage by VEO - Part of StayVista,https://www.agoda.com/stayvista-at-woods-bricks-cottage/hotel/bangalore-in.html
5412,Woods & Bricks  by VEO,3,Cottage,India,Lawn,Airbnb,3BR|Cozy |StayVista| Woods & Bricks Cottage@Bnglur,https://www.airbnb.co.in/rooms/1628883465444319105
5412,Woods & Bricks  by VEO,3,Cottage,India,Lawn,Booking.com,"Woods & Bricks Cottage by VEO, StayVista - Garden & Workstation",https://www.booking.com/hotel/in/stayvista-at-woods-amp-bricks-cottage.html
5412,Woods & Bricks  by VEO,3,Cottage,India,Lawn,MakeMyTrip,Woods & Bricks Cottage by VEO - Part of StayVista,https://www.makemytrip.com/hotels/hotel-details/?hotelId=202602261432446729&_uCurrency=INR&checkin=11252025&checkout=11262025&city=CTAGR&country=IN&funnelType=getaway&lat=27.16779&lng=78.04893&locusId=ZNDEL67F7E280&locusType=zone&rank=1&roomStayQualifier=2e0e&seekSummaryRequired=false&viewType=LUXE&mtkeys=defaultMtkey
5394,Veranda Luxe Stay,5,Villa,Kodaikanal,Bonfire,Agoda,StayVista at Veranda Luxe Stay,https://www.agoda.com/stayvista-at-veranda-luxe-stay/hotel/kodaikanal-in.html?adults=2&rooms=1&checkIn=2026-04-09&los=2
5394,Veranda Luxe Stay,5,Villa,Kodaikanal,Bonfire,Airbnb,5BR |Views+Bonfire|StayVista| Veranda Luxe Stay@TN,https://www.airbnb.co.in/rooms/1630150829936801408
5394,Veranda Luxe Stay,5,Villa,Kodaikanal,Bonfire,Booking.com,StayVista's Veranda Luxe Stay - 5BHK Valley-View Villa with Garden,https://www.booking.com/hotel/in/stayvista-at-veranda-luxe-stay-with-valley-view.html
5394,Veranda Luxe Stay,5,Villa,Kodaikanal,Bonfire,MakeMyTrip,StayVista at Veranda Luxe Stay,https://www.makemytrip.com/hotels/hotel-details/?hotelId=202603041242085392&_uCurrency=INR&checkin=11252025&checkout=11262025&city=CTAGR&country=IN&funnelType=getaway&lat=27.16779&lng=78.04893&locusId=ZNDEL67F7E280&locusType=zone&rank=1&roomStayQualifier=2e0e&seekSummaryRequired=false&viewType=LUXE&mtkeys=defaultMtkey
5419,Beryl Haven,5,Villa,Goa,"Private Pool, Jacuzzi, BBQ",Agoda,StayVista at Beryl Haven,https://www.agoda.com/stayvista-at-beryl-haven/hotel/goa-in.html
5419,Beryl Haven,5,Villa,Goa,"Private Pool, Jacuzzi, BBQ",Airbnb,5BR |Luxury Pool/w BBQ|StayVista| Beryl Haven @Goa,https://www.airbnb.co.in/rooms/1630330316980718395
5419,Beryl Haven,5,Villa,Goa,"Private Pool, Jacuzzi, BBQ",Booking.com,StayVista's Beryl Haven - Candolim - 5BHK Villa with Jacuzzi & Private Pool,https://www.booking.com/hotel/in/stayvista-at-beryl-haven.html
5419,Beryl Haven,5,Villa,Goa,"Private Pool, Jacuzzi, BBQ",MakeMyTrip,StayVista at Beryl Haven,https://www.makemytrip.com/hotels/hotel-details/?hotelId=202603301522532242&_uCurrency=INR&checkin=11252025&checkout=11262025&city=CTAGR&country=IN&funnelType=getaway&lat=27.16779&lng=78.04893&locusId=ZNDEL67F7E280&locusType=zone&rank=1&roomStayQualifier=2e0e&seekSummaryRequired=false&viewType=LUXE&mtkeys=defaultMtkey
5294,The Sunset Residency,7,Villa,Udaipur,"Pool, BBQ",Agoda,StayVista at The Sunset Residency,https://www.agoda.com/stayvista-at-the-sunset-residency/hotel/udaipur-in.html
5294,The Sunset Residency,7,Villa,Udaipur,"Pool, BBQ",Airbnb,7BR Pool|StayVista|The Sunset Residency @Rajasthan,https://www.airbnb.co.in/rooms/1630953454837944697
5294,The Sunset Residency,7,Villa,Udaipur,"Pool, BBQ",Booking.com,The Sunset Residency by StayVista - Alfresco Dining & Shared Pool,https://www.booking.com/hotel/in/stayvista-at-the-sunset-residency-with-pool-amp-bbq.html
5294,The Sunset Residency,7,Villa,Udaipur,"Pool, BBQ",MakeMyTrip,StayVista at The Sunset Residency,https://www.makemytrip.com/hotels/hotel-details/?hotelId=202602281452464558&_uCurrency=INR&checkin=11252025&checkout=11262025&city=CTAGR&country=IN&funnelType=getaway&lat=27.16779&lng=78.04893&locusId=ZNDEL67F7E280&locusType=zone&rank=1&roomStayQualifier=2e0e&seekSummaryRequired=false&viewType=LUXE&mtkeys=defaultMtkey
4523,Yug at Tehri Peaks,3,Villa,India,"Mountain View, Jacuzzi",Agoda,StayVista at Yug @ Tehri Peaks,https://www.agoda.com/stayvista-at-yug/hotel/new-tehri-in.html
4523,Yug at Tehri Peaks,3,Villa,India,"Mountain View, Jacuzzi",Airbnb,3BR Yug @ Tehri Peaks w/Jacuzzi & Mountain Views,https://www.airbnb.co.in/rooms/1630411725699462664
4523,Yug at Tehri Peaks,3,Villa,India,"Mountain View, Jacuzzi",Booking.com,StayVista's Yug at Tehri Peaks - Tehri Dam - 3BHK Mountain-View Villa with Jacuzzi,https://www.booking.com/hotel/in/stayvista-at-yug.html
4523,Yug at Tehri Peaks,3,Villa,India,"Mountain View, Jacuzzi",MakeMyTrip,StayVista at Yug @ Tehri Peaks,https://www.makemytrip.com/hotels/hotel-details/?hotelId=202603011929153427&_uCurrency=INR&checkin=11252025&checkout=11262025&city=CTAGR&country=IN&funnelType=getaway&lat=27.16779&lng=78.04893&locusId=ZNDEL67F7E280&locusType=zone&rank=1&roomStayQualifier=2e0e&seekSummaryRequired=false&viewType=LUXE&mtkeys=defaultMtkey
4522,Anant,3,Villa,Mussoorie,"Jacuzzi, Bonfire",Agoda,StayVista at Anant @ Tehri Peaks - Tehri Dam,https://www.agoda.com/stayvista-at-anant/hotel/new-tehri-in.html
4522,Anant,3,Villa,Mussoorie,"Jacuzzi, Bonfire",Airbnb,3BR |Jacuzzi+Bonfire|StayVista| Anant @Mussoorie,https://www.airbnb.co.in/rooms/1631132675659226373
4522,Anant,3,Villa,Mussoorie,"Jacuzzi, Bonfire",Booking.com,StayVista's Anant at Tehri Peaks - Tehri Dam - 3BHK Villa with Jacuzzi & Projector,https://www.booking.com/hotel/in/stayvista-at-anant-with-bonfire-jacuzzi.html
4522,Anant,3,Villa,Mussoorie,"Jacuzzi, Bonfire",MakeMyTrip,StayVista at Anant @ Tehri Peaks,https://www.makemytrip.com/hotels/hotel-details/?hotelId=202603011920112951&_uCurrency=INR&checkin=11252025&checkout=11262025&city=CTAGR&country=IN&funnelType=getaway&lat=27.16779&lng=78.04893&locusId=ZNDEL67F7E280&locusType=zone&rank=1&roomStayQualifier=2e0e&seekSummaryRequired=false&viewType=LUXE&mtkeys=defaultMtkey
5366,Khaybar,3,Villa,Lonavala,Private Pool,Agoda,Khaybar Villa by VEO - Part of StayVista,https://www.agoda.com/stayvista-at-khaybar-villa/hotel/lonavala-in.html
5366,Khaybar,3,Villa,Lonavala,Private Pool,Airbnb,3BR|Scenic Escape|StayVista|Khaybar Villa@Lonavala,https://www.airbnb.co.in/rooms/1631923405694264506
5366,Khaybar,3,Villa,Lonavala,Private Pool,Booking.com,StayVista's Khaybar Villa - 3BHK with Private Pool & Bathtub,https://www.booking.com/hotel/in/stayvista-at-khaybar-villa.html
5366,Khaybar,3,Villa,Lonavala,Private Pool,MakeMyTrip,Khaybar Villa by VEO - Part of StayVista,https://www.makemytrip.com/hotels/hotel-details/?hotelId=202603021146152629&_uCurrency=INR&checkin=11252025&checkout=11262025&city=CTAGR&country=IN&funnelType=getaway&lat=27.16779&lng=78.04893&locusId=ZNDEL67F7E280&locusType=zone&rank=1&roomStayQualifier=2e0e&seekSummaryRequired=false&viewType=LUXE&mtkeys=defaultMtkey
5369,Kairo by VEO,4,Villa,Lonavala,"Pool, Lawn",Agoda,Kairo by VEO - Part of StayVista,https://www.agoda.com/stayvista-at-kairo/hotel/lonavala-in.html
5369,Kairo by VEO,4,Villa,Lonavala,"Pool, Lawn",Airbnb,Kairo by VEO - Part of StayVista with Pool & Lawn,https://www.airbnb.co.in/rooms/1632077838452821131
5369,Kairo by VEO,4,Villa,Lonavala,"Pool, Lawn",Booking.com,"Kairo by VEO, StayVista - 4BHK Mountain-View Villa with Alfresco Dining",https://www.booking.com/hotel/in/stayvista-at-kairo-with-pool-lawn.html
5369,Kairo by VEO,4,Villa,Lonavala,"Pool, Lawn",MakeMyTrip,Kairo by VEO - Part of StayVista,https://www.makemytrip.com/hotels/hotel-details/?hotelId=202603031117482188&_uCurrency=INR&checkin=11252025&checkout=11262025&city=CTAGR&country=IN&funnelType=getaway&lat=27.16779&lng=78.04893&locusId=ZNDEL67F7E280&locusType=zone&rank=1&roomStayQualifier=2e0e&seekSummaryRequired=false&viewType=LUXE&mtkeys=defaultMtkey
5367,Greenwich Meridian,10,Villa,Karjat,Pool,Agoda,StayVista at Greenwich Meridian,https://www.agoda.com/stayvista-at-greenwhich-meridian/hotel/neral-in.html
5367,Greenwich Meridian,10,Villa,Karjat,Pool,Airbnb,10BR|Pool+Rivr|StayVista|Greenwich Meridian@Karjat,https://www.airbnb.co.in/rooms/1631067241200332101
5367,Greenwich Meridian,10,Villa,Karjat,Pool,Booking.com,StayVista's Greenwich Meridian - 10BHK Villa with Bar & Alfresco Dining,https://www.booking.com/hotel/in/stayvista-at-greenwhich-meridian.html
5367,Greenwich Meridian,10,Villa,Karjat,Pool,MakeMyTrip,StayVista at Greenwich Meridian,https://www.makemytrip.com/hotels/hotel-details/?hotelId=202602281821425128&_uCurrency=INR&checkin=11252025&checkout=11262025&city=CTAGR&country=IN&funnelType=getaway&lat=27.16779&lng=78.04893&locusId=ZNDEL67F7E280&locusType=zone&rank=1&roomStayQualifier=2e0e&seekSummaryRequired=false&viewType=LUXE&mtkeys=defaultMtkey
5253,The Hydrangeas,5,Villa,Ooty,"Bonfire, BBQ",Agoda,StayVista at The Hydrangeas,https://www.agoda.com/en-gb/stayvista-at-the-hydrangeas/hotel/ooty-in.html
5253,The Hydrangeas,5,Villa,Ooty,"Bonfire, BBQ",Airbnb,The Hydrangeas By Stayvista|Luxury & Cozy Escape,https://www.airbnb.co.in/rooms/1628089565869784474
5253,The Hydrangeas,5,Villa,Ooty,"Bonfire, BBQ",Booking.com,"The Hydrangeas VIEDA, StayVista - 5BHK Villa with Bathtub & BBQ",https://www.booking.com/hotel/in/stayvista-at-the-hydrangeas-with-bbq-amp-bonfire.html
5253,The Hydrangeas,5,Villa,Ooty,"Bonfire, BBQ",MakeMyTrip,StayVista at The Hydrangeas,https://www.makemytrip.com/hotels/hotel-details/?hotelId=202603051030066130&_uCurrency=INR&checkin=11252025&checkout=11262025&city=CTAGR&country=IN&funnelType=getaway&lat=27.16779&lng=78.04893&locusId=ZNDEL67F7E280&locusType=zone&rank=1&roomStayQualifier=2e0e&seekSummaryRequired=false&viewType=LUXE&mtkeys=defaultMtkey
2117,Daafi,3,Cottage,Shimla,Lawn,Agoda,StayVista at Daafi,https://www.agoda.com/en-in/stayvista-at-daafi/hotel/theog-in.html
2117,Daafi,3,Cottage,Shimla,Lawn,Airbnb,"StayVista at Sarog Cottage | Theog, Shimla",https://www.airbnb.co.in/rooms/621489059147770262
2117,Daafi,3,Cottage,Shimla,Lawn,Booking.com,StayVista at Daafi House,https://www.booking.com/hotel/in/sarog-cottage-by-vista-rooms.html
2117,Daafi,3,Cottage,Shimla,Lawn,MakeMyTrip,StayVista at Daafi House,https://www.makemytrip.com/hotels/hotel-details/?hotelId=201909101819114508&_uCurrency=INR&checkin=11252025&checkout=11262025&city=CTAGR&country=IN&funnelType=getaway&lat=27.16779&lng=78.04893&locusId=ZNDEL67F7E280&locusType=zone&rank=1&roomStayQualifier=2e0e&seekSummaryRequired=false&viewType=LUXE&mtkeys=defaultMtkey
5048,Emerald Haven,5,Villa,Goa,"Private Pool, Jacuzzi",Agoda,StayVista at Emerald Haven,https://www.agoda.com/stayvista-at-emerald-haven/hotel/goa-in.html?adults=2&rooms=1&checkIn=2026-04-04&los=2
5048,Emerald Haven,5,Villa,Goa,"Private Pool, Jacuzzi",Airbnb,"StayVista at Emerald Haven w/ Pool, Jacuzzi",https://www.airbnb.co.in/rooms/1628148370441025339
5048,Emerald Haven,5,Villa,Goa,"Private Pool, Jacuzzi",Booking.com,StayVista's Emerald Haven - 5BHK Villa with Jacuzzi & Private Pool,https://www.booking.com/hotel/in/stayvista-at-emerald-haven.html
5048,Emerald Haven,5,Villa,Goa,"Private Pool, Jacuzzi",MakeMyTrip,StayVista at Emerald Haven,https://www.makemytrip.com/hotels/hotel-details/?hotelId=202603051400455959&_uCurrency=INR&checkin=11252025&checkout=11262025&city=CTAGR&country=IN&funnelType=getaway&lat=27.16779&lng=78.04893&locusId=ZNDEL67F7E280&locusType=zone&rank=1&roomStayQualifier=2e0e&seekSummaryRequired=false&viewType=LUXE&mtkeys=defaultMtkey
5262,Sapphire Shores Beachfront,7,Villa,Alibaug,"Pool, Lawn",Agoda,StayVista at Sapphire Shores Beachfront Villa,https://www.agoda.com/en-in/stayvista-at-sapphire-shores/hotel/alibaug-in.html
5262,Sapphire Shores Beachfront,7,Villa,Alibaug,"Pool, Lawn",Airbnb,7BR |Beachfront|StayVist Sapphire Shores @Alibaug,https://www.airbnb.co.in/rooms/1642483955357240032
5262,Sapphire Shores Beachfront,7,Villa,Alibaug,"Pool, Lawn",Booking.com,StayVista's Sapphire Shores Beachfront Villa - 7BHK with Bar & Alfresco Dining,https://www.booking.com/hotel/in/stayvista-at-sapphire-shores-with-lawn-heated-pool.html
5262,Sapphire Shores Beachfront,7,Villa,Alibaug,"Pool, Lawn",MakeMyTrip,StayVista at Sapphire Shores Beachfront Villa,https://www.makemytrip.com/hotels/hotel-details/?hotelId=202603271124359971&_uCurrency=INR&checkin=11252025&checkout=11262025&city=CTAGR&country=IN&funnelType=getaway&lat=27.16779&lng=78.04893&locusId=ZNDEL67F7E280&locusType=zone&rank=1&roomStayQualifier=2e0e&seekSummaryRequired=false&viewType=LUXE&mtkeys=defaultMtkey
5437,Sukoon,3,Villa,Nashik,"Private Pool, Lawn",Agoda,StayVista at Sukoon Villa,https://www.agoda.com/stayvista-at-sukoon-villa/hotel/manor-in.html
5437,Sukoon,3,Villa,Nashik,"Private Pool, Lawn",Airbnb,3BR |Garden Escape|StayVista| Sukoon Villa @Nashik,https://www.airbnb.co.in/rooms/1641073689799643037
5437,Sukoon,3,Villa,Nashik,"Private Pool, Lawn",Booking.com,StayVista's Sukoon Villa - Manor - 3BHK with Terrace & Private Pool,https://www.booking.com/hotel/in/stayvista-at-sukoon-villa-with-pool-lawn.html
5437,Sukoon,3,Villa,Nashik,"Private Pool, Lawn",MakeMyTrip,StayVista at Sukoon Villa,https://www.makemytrip.com/hotels/hotel-details/?hotelId=202604091802019302&_uCurrency=INR&checkin=11252025&checkout=11262025&city=CTAGR&country=IN&funnelType=getaway&lat=27.16779&lng=78.04893&locusId=ZNDEL67F7E280&locusType=zone&rank=1&roomStayQualifier=2e0e&seekSummaryRequired=false&viewType=LUXE&mtkeys=defaultMtkey
5435,Casa Miraasa,4,Villa,Goa,"Pool, Jacuzzi, Lawn",Agoda,StayVista at Casa Miraasa,https://www.agoda.com/stayvista-at-casa-mirasa/hotel/goa-in.html
5435,Casa Miraasa,4,Villa,Goa,"Pool, Jacuzzi, Lawn",Airbnb,StayVista at Casa Miraasa w/ Pool & Lawn,https://www.airbnb.co.in/rooms/1646150126051020611
5435,Casa Miraasa,4,Villa,Goa,"Pool, Jacuzzi, Lawn",Booking.com,StayVista's Casa Miraasa - Benaulim - 4BHK Beach-View Villa with Jacuzzi,https://www.booking.com/hotel/in/stay-vista-at-casa-miraasa.html
5435,Casa Miraasa,4,Villa,Goa,"Pool, Jacuzzi, Lawn",MakeMyTrip,StayVista at Casa Miraasa,https://www.makemytrip.com/hotels/hotel-details/?hotelId=202603211257448033&_uCurrency=INR&checkin=11252025&checkout=11262025&city=CTAGR&country=IN&funnelType=getaway&lat=27.16779&lng=78.04893&locusId=ZNDEL67F7E280&locusType=zone&rank=1&roomStayQualifier=2e0e&seekSummaryRequired=false&viewType=LUXE&mtkeys=defaultMtkey
5468,Casa De Sai,3,Villa,Goa,Private Pool,Agoda,StayVista at Casa De Sai,https://www.agoda.com/stayvista-at-casa-de-sai/hotel/goa-in.html
5468,Casa De Sai,3,Villa,Goa,Private Pool,Airbnb,3bhk villa in Assagao with Pvt Pool & Bathtub.,https://www.airbnb.co.in/rooms/1648454408204009006
5468,Casa De Sai,3,Villa,Goa,Private Pool,Booking.com,StayVista's Casa De Sai - 4BHK Villa with Alfresco Dining & Private Pool,https://www.booking.com/hotel/in/stayvista-at-casa-de-sai.html
5468,Casa De Sai,3,Villa,Goa,Private Pool,MakeMyTrip,StayVista at Casa De Sai,https://www.makemytrip.com/hotels/hotel-details/?hotelId=202603251305144709&_uCurrency=INR&checkin=11252025&checkout=11262025&city=CTAGR&country=IN&funnelType=getaway&lat=27.16779&lng=78.04893&locusId=ZNDEL67F7E280&locusType=zone&rank=1&roomStayQualifier=2e0e&seekSummaryRequired=false&viewType=LUXE&mtkeys=defaultMtkey
5478,Casa Riva,3,Villa,Goa,"Private Pool, Lawn, BBQ",Agoda,StayVista at Casa Riva,https://www.agoda.com/en-in/stayvista-at-casa-riva/hotel/goa-in.html
5478,Casa Riva,3,Villa,Goa,"Private Pool, Lawn, BBQ",Airbnb,3BR |Luxe stay/wPool+Lawn|StayVista| Casa Riva@Goa,https://www.airbnb.co.in/rooms/1649119754121816168
5478,Casa Riva,3,Villa,Goa,"Private Pool, Lawn, BBQ",Booking.com,StayVista's Casa Riva - Siolim - 3BHK Villa with Private Pool & BBQ,https://www.booking.com/hotel/in/stayvista-at-casa-riva.html
5478,Casa Riva,3,Villa,Goa,"Private Pool, Lawn, BBQ",MakeMyTrip,StayVista at Casa Riva,https://www.makemytrip.com/hotels/hotel-details/?hotelId=202603251321575601&_uCurrency=INR&checkin=11252025&checkout=11262025&city=CTAGR&country=IN&funnelType=getaway&lat=27.16779&lng=78.04893&locusId=ZNDEL67F7E280&locusType=zone&rank=1&roomStayQualifier=2e0e&seekSummaryRequired=false&viewType=LUXE&mtkeys=defaultMtkey
5304,Evara Farms,5,Villa,Lonavala,Private Pool,Agoda,StayVista at Evara Farms,https://www.agoda.com/en-in/stayvista-at-evara-villa/hotel/lonavala-in.html
5304,Evara Farms,5,Villa,Lonavala,Private Pool,Airbnb,5BR|Garden Escape+Pool|StayVista| Evara Farms@Pune,https://www.airbnb.co.in/rooms/1649186671941962881
5304,Evara Farms,5,Villa,Lonavala,Private Pool,Booking.com,StayVista's Evara Farms - Mulshi - 5BHK Pet-Friendly Villa with Private Pool,https://www.booking.com/hotel/in/stayvista-at-evara-farms.html
5304,Evara Farms,5,Villa,Lonavala,Private Pool,MakeMyTrip,StayVista at Evara Farms,https://www.makemytrip.com/hotels/hotel-details/?hotelId=202603251610145472&_uCurrency=INR&checkin=11252025&checkout=11262025&city=CTAGR&country=IN&funnelType=getaway&lat=27.16779&lng=78.04893&locusId=ZNDEL67F7E280&locusType=zone&rank=1&roomStayQualifier=2e0e&seekSummaryRequired=false&viewType=LUXE&mtkeys=defaultMtkey
5168,Jungle Jade,2,Cottage,Coorg,Lawn,Agoda,StayVista at Jungle Jade,https://www.agoda.com/stayvista-at-jungle-jade/hotel/coorg-in.html
5168,Jungle Jade,2,Cottage,Coorg,Lawn,Airbnb,2BR|Scenic Escape|StayVista| Jungle Jade@Karnataka,https://www.airbnb.co.in/rooms/1649745336421369967
5168,Jungle Jade,2,Cottage,Coorg,Lawn,Booking.com,StayVista's Jungle Jade - 2BHK Cottage with Garden & Bar,https://www.booking.com/hotel/in/coorg-jungle-jade.html
5168,Jungle Jade,2,Cottage,Coorg,Lawn,MakeMyTrip,StayVista at Jungle Jade,https://www.makemytrip.com/hotels/hotel-details/?hotelId=202603271216073766&_uCurrency=INR&checkin=11252025&checkout=11262025&city=CTAGR&country=IN&funnelType=getaway&lat=27.16779&lng=78.04893&locusId=ZNDEL67F7E280&locusType=zone&rank=1&roomStayQualifier=2e0e&seekSummaryRequired=false&viewType=LUXE&mtkeys=defaultMtkey
5438,The Ivory Courtyard,10,Villa,India,BBQ,Agoda,StayVista at The Ivory Courtyard,https://www.agoda.com/en-gb/stayvista-at-the-ivory-courtyard/hotel/gurugram-in.html
5438,The Ivory Courtyard,10,Villa,India,BBQ,Airbnb,10BR|PoolBBQ|StayVista|The Ivory Courtyard@Haryana,https://www.airbnb.co.in/rooms/1649844034329400889
5438,The Ivory Courtyard,10,Villa,India,BBQ,Booking.com,The Ivory Courtyard - Manesar by StayVista - 8BHK Pet-Friendly Villa with Sauna,https://www.booking.com/hotel/in/stayvista-at-the-ivory-courtyard.html
5438,The Ivory Courtyard,10,Villa,India,BBQ,MakeMyTrip,StayVista at The Ivory Courtyard,https://www.makemytrip.com/hotels/hotel-details/?hotelId=202603261409089801&_uCurrency=INR&checkin=11252025&checkout=11262025&city=CTAGR&country=IN&funnelType=getaway&lat=27.16779&lng=78.04893&locusId=ZNDEL67F7E280&locusType=zone&rank=1&roomStayQualifier=2e0e&seekSummaryRequired=false&viewType=LUXE&mtkeys=defaultMtkey
5464,Aurelia by VEO,3,Villa,Wayanad,Pool,Agoda,Villa Aurelia by VEO - Part of StayVista,https://www.agoda.com/stayvista-at-villa-aurelia/hotel/wayanad-in.html
5464,Aurelia by VEO,3,Villa,Wayanad,Pool,Airbnb,3BR|Nature Escape|StayVista| Villa Aurelia @Kerala,https://www.airbnb.co.in/rooms/1649929204218173942
5464,Aurelia by VEO,3,Villa,Wayanad,Pool,Booking.com,"Villa Aurelia by VEO, StayVista - 3BHK Near Pookode Lake with Terrace",https://www.booking.com/hotel/in/stayvista-at-villa-aurelia-with-pool-amp-terrace.html
5464,Aurelia by VEO,3,Villa,Wayanad,Pool,MakeMyTrip,Villa Aurelia by VEO - Part of StayVista,https://www.makemytrip.com/hotels/hotel-details/?hotelId=202604111945294792&_uCurrency=INR&checkin=11252025&checkout=11262025&city=CTAGR&country=IN&funnelType=getaway&lat=27.16779&lng=78.04893&locusId=ZNDEL67F7E280&locusType=zone&rank=1&roomStayQualifier=2e0e&seekSummaryRequired=false&viewType=LUXE&mtkeys=defaultMtkey
5471,Ekagra,4,Villa,Goa,Jacuzzi,Agoda,StayVista at Ekagra,https://www.agoda.com/stayvista-at-casa-amor/hotel/goa-in.html
5471,Ekagra,4,Villa,Goa,Jacuzzi,Airbnb,StayVista at Ekagra w/ Bathtub & Jacuzzi,https://www.airbnb.co.in/rooms/1648315041986419222
5471,Ekagra,4,Villa,Goa,Jacuzzi,Booking.com,StayVista's Ekagra - Benaulim - 4BHK Beach-View Villa with Jacuzzi,https://www.booking.com/hotel/in/stayvista-at-ekagra-with-bathtub-amp-jacuzzi.html
5471,Ekagra,4,Villa,Goa,Jacuzzi,MakeMyTrip,StayVista at Ekagra,https://www.makemytrip.com/hotels/hotel-details/?hotelId=202603281435032186&_uCurrency=INR&checkin=11252025&checkout=11262025&city=CTAGR&country=IN&funnelType=getaway&lat=27.16779&lng=78.04893&locusId=ZNDEL67F7E280&locusType=zone&rank=1&roomStayQualifier=2e0e&seekSummaryRequired=false&viewType=LUXE&mtkeys=defaultMtkey
5462,Pranamya,4,Villa,Alibaug,Pool,Agoda,StayVista at Pranamya Villa,https://www.agoda.com/en-gb/stayvista-at-pranamya/hotel/alibaug-in.html
5462,Pranamya,4,Villa,Alibaug,Pool,Airbnb,4BR|Garden Escape|StayVista|Pranamya Villa@Alibaug,https://www.airbnb.co.in/rooms/1642548453456396856
5462,Pranamya,4,Villa,Alibaug,Pool,Booking.com,StayVista's Pranamya Villa - 4BHK with Pet Friendly & Alfresco Dining,https://www.booking.com/hotel/in/stayvista-at-pranamya-villa-with-pool-amp-spa.html
5462,Pranamya,4,Villa,Alibaug,Pool,MakeMyTrip,StayVista at Pranamya Villa,https://www.makemytrip.com/hotels/hotel-details/?hotelId=202603311104026517&_uCurrency=INR&checkin=11252025&checkout=11262025&city=CTAGR&country=IN&funnelType=getaway&lat=27.16779&lng=78.04893&locusId=ZNDEL67F7E280&locusType=zone&rank=1&roomStayQualifier=2e0e&seekSummaryRequired=false&viewType=LUXE&mtkeys=defaultMtkey
5393,Shaantam,4,Villa,Nainital,Valley View,Agoda,StayVista at Shaantam Villa,https://www.agoda.com/en-in/stayvista-at-shaantam-villa/hotel/nainital-in.html
5393,Shaantam,4,Villa,Nainital,Valley View,Airbnb,"Ramgarh | 4BR @Shaantam Villa w/Chef, Wifi & Views",https://www.airbnb.co.in/rooms/1652856425876308257
5393,Shaantam,4,Villa,Nainital,Valley View,Booking.com,StayVista's Shaantam Villa - Ramgarh - 4BHK with Valley View & Sports Turf,https://www.booking.com/hotel/in/stayvista-at-shaantam-villa.html
5393,Shaantam,4,Villa,Nainital,Valley View,MakeMyTrip,StayVista at Shaantam Villa,https://www.makemytrip.com/hotels/hotel-details/?hotelId=202603311312569899&_uCurrency=INR&checkin=11252025&checkout=11262025&city=CTAGR&country=IN&funnelType=getaway&lat=27.16779&lng=78.04893&locusId=ZNDEL67F7E280&locusType=zone&rank=1&roomStayQualifier=2e0e&seekSummaryRequired=false&viewType=LUXE&mtkeys=defaultMtkey
5352,Amelia,5,Villa,Karjat,"Pool, Bonfire, BBQ",Agoda,StayVista at Amelia,https://www.agoda.com/stayvista-at-amelia/hotel/karjat-in.html
5352,Amelia,5,Villa,Karjat,"Pool, Bonfire, BBQ",Airbnb,5BR|Luxury Pool+BBQ|StayVista| Amelia Villa@Karjat,https://www.airbnb.co.in/rooms/1654268221426986509
5352,Amelia,5,Villa,Karjat,"Pool, Bonfire, BBQ",Booking.com,StayVista's Amelia - 5BHK Villa with Bar & Alfresco Dining,https://www.booking.com/hotel/in/stayvista-at-amelia-villa-with-pool-bonfire.html
5352,Amelia,5,Villa,Karjat,"Pool, Bonfire, BBQ",MakeMyTrip,StayVista at Amelia Villa,https://www.makemytrip.com/hotels/hotel-details/?hotelId=202604131731302927&_uCurrency=INR&checkin=11252025&checkout=11262025&city=CTAGR&country=IN&funnelType=getaway&lat=27.16779&lng=78.04893&locusId=ZNDEL67F7E280&locusType=zone&rank=1&roomStayQualifier=2e0e&seekSummaryRequired=false&viewType=LUXE&mtkeys=defaultMtkey
5356,Mana,5,Villa,Rishikesh,Pool,Agoda,StayVista at Mana,https://www.agoda.com/stayvista-at-mana/hotel/rishikesh-in.html
5356,Mana,5,Villa,Rishikesh,Pool,Airbnb,"5BR Mana Villa w/Heated Pool, Chef, & Scenic Views",https://www.airbnb.co.in/rooms/1647744094678535742
5356,Mana,5,Villa,Rishikesh,Pool,Booking.com,StayVista's Mana - 5BHK Mountain-View Villa with Heated Pool,https://www.booking.com/hotel/in/stayvista-at-mana.html
5356,Mana,5,Villa,Rishikesh,Pool,MakeMyTrip,StayVista at Mana,https://www.makemytrip.com/hotels/hotel-details/?hotelId=202604011558481689&_uCurrency=INR&checkin=11252025&checkout=11262025&city=CTAGR&country=IN&funnelType=getaway&lat=27.16779&lng=78.04893&locusId=ZNDEL67F7E280&locusType=zone&rank=1&roomStayQualifier=2e0e&seekSummaryRequired=false&viewType=LUXE&mtkeys=defaultMtkey
5183,White Nook,3,Villa,Alibaug,Gazebo,Agoda,StayVista at White Nook,https://www.agoda.com/stayvista-at-white-nook/hotel/alibaug-in.html
5183,White Nook,3,Villa,Alibaug,Gazebo,Airbnb,3BR| Garden Escape |StayVista| White Nook @Alibaug,https://www.airbnb.co.in/rooms/1654808942641350568
5183,White Nook,3,Villa,Alibaug,Gazebo,Booking.com,StayVista's White Nook - 3BHK Villa with Alfresco Dining & Gazebo,https://www.booking.com/hotel/in/stayvista-at-white-nook.html
5183,White Nook,3,Villa,Alibaug,Gazebo,MakeMyTrip,StayVista at White Nook,https://www.makemytrip.com/hotels/hotel-details/?hotelId=202604031544377138&_uCurrency=INR&checkin=11252025&checkout=11262025&city=CTAGR&country=IN&funnelType=getaway&lat=27.16779&lng=78.04893&locusId=ZNDEL67F7E280&locusType=zone&rank=1&roomStayQualifier=2e0e&seekSummaryRequired=false&viewType=LUXE&mtkeys=defaultMtkey
5458,Soulscape,4,Villa,India,"Private Pool, BBQ",Agoda,StayVista at Soulscape,https://www.agoda.com/stayvista-at-soulscape/hotel/bangalore-in.html
5458,Soulscape,4,Villa,India,"Private Pool, BBQ",Airbnb,4BR |Luxe Pool+BBQ|StayVista| Soulscape @Karnataka,https://www.airbnb.co.in/rooms/1654984519903612055
5458,Soulscape,4,Villa,India,"Private Pool, BBQ",Booking.com,"Soulscape by VEO, StayVista - 4BHK Pet-Friendly Villa with Private Pool",https://www.booking.com/hotel/in/stayvista-at-soulscape.html
5458,Soulscape,4,Villa,India,"Private Pool, BBQ",MakeMyTrip,StayVista at Soulscape,https://www.makemytrip.com/hotels/hotel-details/?hotelId=202604031527292267&_uCurrency=INR&checkin=11252025&checkout=11262025&city=CTAGR&country=IN&funnelType=getaway&lat=27.16779&lng=78.04893&locusId=ZNDEL67F7E280&locusType=zone&rank=1&roomStayQualifier=2e0e&seekSummaryRequired=false&viewType=LUXE&mtkeys=defaultMtkey
5441,The Himalayan Escapes,3,Villa,Nainital,"Bonfire, BBQ",Agoda,StayVista at The Himalayan Escapes,https://www.agoda.com/stayvista-at-the-himalaya-escapes/hotel/nainital-in.html
5441,The Himalayan Escapes,3,Villa,Nainital,"Bonfire, BBQ",Airbnb,3BR @ Naukuchiatal | Himalayan Escapes w/Caretaker,https://www.airbnb.co.in/rooms/1668073299500107217
5441,The Himalayan Escapes,3,Villa,Nainital,"Bonfire, BBQ",Booking.com,The Himalayan Escapes by StayVista - 3BHK Villa Near Naukuchiatal Lake with Karaoke,https://www.booking.com/hotel/in/stayvista-at-the-himalaya-escapes-with-bbq-and-bonfire.html
5441,The Himalayan Escapes,3,Villa,Nainital,"Bonfire, BBQ",MakeMyTrip,StayVista at The Himalayan Escapes,https://www.makemytrip.com/hotels/hotel-details/?hotelId=202604201729568502&_uCurrency=INR&checkin=11252025&checkout=11262025&city=CTAGR&country=IN&funnelType=getaway&lat=27.16779&lng=78.04893&locusId=ZNDEL67F7E280&locusType=zone&rank=1&roomStayQualifier=2e0e&seekSummaryRequired=false&viewType=LUXE&mtkeys=defaultMtkey
5382,Bricks and Tides,6,Villa,Pune,Private Pool,Agoda,StayVista at Bricks and Tides - Aravi,https://www.agoda.com/stayvista-at-bricks-and-tides/hotel/shrivardhan-in.html
5382,Bricks and Tides,6,Villa,Pune,Private Pool,Airbnb,6BR |Coastal Stay|StayVista| Bricks and Tides@Pune,https://www.airbnb.co.in/rooms/1655523773272802792
5382,Bricks and Tides,6,Villa,Pune,Private Pool,Booking.com,StayVista's Bricks and Tides - Aravi Beachfront Villa - 6BHK with Beach View,https://www.booking.com/hotel/in/stayvista-at-bricks-and-tides.html
5382,Bricks and Tides,6,Villa,Pune,Private Pool,MakeMyTrip,StayVista at Bricks and Tides - Aravi,https://www.makemytrip.com/hotels/hotel-details/?hotelId=202604030920511461&_uCurrency=INR&checkin=11252025&checkout=11262025&city=CTAGR&country=IN&funnelType=getaway&lat=27.16779&lng=78.04893&locusId=ZNDEL67F7E280&locusType=zone&rank=1&roomStayQualifier=2e0e&seekSummaryRequired=false&viewType=LUXE&mtkeys=defaultMtkey
5474,Vida Goa Apartments,1,Villa,Goa,Pool,Agoda,StayVista at Vida Goa Apartments,https://www.agoda.com/stayvista-at-vida-goa/hotel/goa-in.html
5474,Vida Goa Apartments,1,Villa,Goa,Pool,Airbnb,1BR |Rooftop Pool+View|StayVista| Vida Goa APt@Goa,https://www.airbnb.co.in/rooms/1655003555862187253
5474,Vida Goa Apartments,1,Villa,Goa,Pool,Booking.com,Vida Goa Apartments by StayVista - 1BHK with Shared Pool & Terrace,https://www.booking.com/hotel/in/stayvista-at-vida-goa-apartments.html
5474,Vida Goa Apartments,1,Villa,Goa,Pool,MakeMyTrip,StayVista at Vida Goa,https://www.makemytrip.com/hotels/hotel-details/?hotelId=202604041324334473&_uCurrency=INR&checkin=11252025&checkout=11262025&city=CTAGR&country=IN&funnelType=getaway&lat=27.16779&lng=78.04893&locusId=ZNDEL67F7E280&locusType=zone&rank=1&roomStayQualifier=2e0e&seekSummaryRequired=false&viewType=LUXE&mtkeys=defaultMtkey
5383,Cedar Crest,4,Villa,Kasauli,Private Pool,Agoda,StayVista at  Cedar Crest,https://www.agoda.com/stayvista-at-pine-sideup/hotel/kasauli-in.html
5383,Cedar Crest,4,Villa,Kasauli,Private Pool,Airbnb,Cedar Crest 4BR Pvt Pet Friendly Villa in Kasauli,https://www.airbnb.co.in/rooms/1652805981435327041
5383,Cedar Crest,4,Villa,Kasauli,Private Pool,Booking.com,StayVista's Cedar Crest 4BR Pvt Pet Friendly Villa in Kasauli,https://www.booking.com/hotel/in/stayvista-at-pine-sideup.html
5383,Cedar Crest,4,Villa,Kasauli,Private Pool,MakeMyTrip,StayVista at Cedar Crest,https://www.makemytrip.com/hotels/hotel-details/?hotelId=202604031240562883&_uCurrency=INR&checkin=11252025&checkout=11262025&city=CTAGR&country=IN&funnelType=getaway&lat=27.16779&lng=78.04893&locusId=ZNDEL67F7E280&locusType=zone&rank=1&roomStayQualifier=2e0e&seekSummaryRequired=false&viewType=LUXE&mtkeys=defaultMtkey
5433,Rivera by VEO,3,Villa,Udaipur,"Pool, River View, Lawn, Bonfire",Agoda,Cottage Rivera by VEO - Part of StayVista,https://www.agoda.com/stayvista-at-cottage-rivera/hotel/udaipur-in.html
5433,Rivera by VEO,3,Villa,Udaipur,"Pool, River View, Lawn, Bonfire",Airbnb,Luxury 3BHK Riverside Villa w/Pool & Lawn @Udaipur,https://www.airbnb.co.in/rooms/1628064447805875480
5433,Rivera by VEO,3,Villa,Udaipur,"Pool, River View, Lawn, Bonfire",Booking.com,"Cottage Rivera by VEO, StayVista - 3BHK with River View & Alfresco Dining",https://www.booking.com/hotel/in/stayvista-at-cottage-rivera-with-lawn-bonfire.html
5433,Rivera by VEO,3,Villa,Udaipur,"Pool, River View, Lawn, Bonfire",MakeMyTrip,Cottage Rivera by VEO - Part of StayVista,https://www.makemytrip.com/hotels/hotel-details/?hotelId=202604101308272556&_uCurrency=INR&checkin=11252025&checkout=11262025&city=CTAGR&country=IN&funnelType=getaway&lat=27.16779&lng=78.04893&locusId=ZNDEL67F7E280&locusType=zone&rank=1&roomStayQualifier=2e0e&seekSummaryRequired=false&viewType=LUXE&mtkeys=defaultMtkey
5465,Earthy Escapes,4,Villa,Pune,"Private Pool, BBQ",Agoda,StayVista at Earthy Escapes,https://www.agoda.com/stayvista-at-earthy-escapes/hotel/girivan-in.html
5465,Earthy Escapes,4,Villa,Pune,"Private Pool, BBQ",Airbnb,4BR|Pool+BBQ+Hill|StayVista| Earthy Escapes @Pune,https://www.airbnb.co.in/rooms/1656320750744463552
5465,Earthy Escapes,4,Villa,Pune,"Private Pool, BBQ",Booking.com,StayVista's Earthy Escapes - Mulshi - 4BHK Villa with Terrace & Private Pool,https://www.booking.com/hotel/in/stayvista-at-earthy-escapes.html
5465,Earthy Escapes,4,Villa,Pune,"Private Pool, BBQ",MakeMyTrip,StayVista at Earthy Escapes,https://www.makemytrip.com/hotels/hotel-details/?hotelId=202604051739322982&_uCurrency=INR&checkin=11252025&checkout=11262025&city=CTAGR&country=IN&funnelType=getaway&lat=27.16779&lng=78.04893&locusId=ZNDEL67F7E280&locusType=zone&rank=1&roomStayQualifier=2e0e&seekSummaryRequired=false&viewType=LUXE&mtkeys=defaultMtkey
3483,Rustic Loft 1,2,Villa,India,Private Pool,Agoda,StayVista at Rustic Loft 1 @ Wisteria Whispers,https://www.agoda.com/stayvista-at-rustic-loft-1-wisteria-whispers/hotel/gushaini-in.html
3483,Rustic Loft 1,2,Villa,India,Private Pool,Airbnb,StayVista at Rustic Loft 1 | Wisteria Whispers 2BR,https://www.airbnb.co.in/rooms/1112757033507340007
3483,Rustic Loft 1,2,Villa,India,Private Pool,Booking.com,Wisteria Whispers by StayVista - 4BHK River & Mountain-View Tirthan Valley,https://www.booking.com/hotel/in/stayvista-at-wisteria-whispers.html
3483,Rustic Loft 1,2,Villa,India,Private Pool,MakeMyTrip,StayVista at Rustic Loft 1 @ Wisteria Whispers,https://www.makemytrip.com/hotels/hotel-details/?hotelId=202403160821229317&_uCurrency=INR&checkin=11252025&checkout=11262025&city=CTAGR&country=IN&funnelType=getaway&lat=27.16779&lng=78.04893&locusId=ZNDEL67F7E280&locusType=zone&rank=1&roomStayQualifier=2e0e&seekSummaryRequired=false&viewType=LUXE&mtkeys=defaultMtkey
5445,The Heliconia Bungalows,3,Villa,India,Private Pool,Agoda,StayVista at The Heliconia Bungalows - Vagator,https://www.agoda.com/search?text=StayVista%20The%20Heliconia%20Bungalows%20India
5445,The Heliconia Bungalows,3,Villa,India,Private Pool,Airbnb,3BR|StayVista| The Heliconia Bungalows@Vagator,https://www.airbnb.co.in/rooms/1657869718181987560
5445,The Heliconia Bungalows,3,Villa,India,Private Pool,Booking.com,The Heliconia Bungalows - Vagator by StayVista - 3BHK Villa with Projector,https://www.booking.com/hotel/in/stayvista-at-the-heliconia-bungalows.html
5445,The Heliconia Bungalows,3,Villa,India,Private Pool,MakeMyTrip,StayVista at The Heliconia Bungalows,https://www.makemytrip.com/hotels/hotel-details/?hotelId=202604081748056586&_uCurrency=INR&checkin=11252025&checkout=11262025&city=CTAGR&country=IN&funnelType=getaway&lat=27.16779&lng=78.04893&locusId=ZNDEL67F7E280&locusType=zone&rank=1&roomStayQualifier=2e0e&seekSummaryRequired=false&viewType=LUXE&mtkeys=defaultMtkey
5373,Blue Marble,5,Villa,Udaipur,"Private Pool, Bonfire, Gazebo",Agoda,StayVista at Blue Marble,https://www.agoda.com/stayvista-at-blue-marble/hotel/udaipur-in.html
5373,Blue Marble,5,Villa,Udaipur,"Private Pool, Bonfire, Gazebo",Airbnb,5BR|Bonfire Stay|StayVista| Blue Marble @Rajasthan,https://www.airbnb.co.in/rooms/1627432077682083754
5373,Blue Marble,5,Villa,Udaipur,"Private Pool, Bonfire, Gazebo",Booking.com,StayVista's Blue Marble - 5BHK Villa with Private Pool & Gazebo,https://www.booking.com/hotel/in/stayvista-at-blue-marble.html
5373,Blue Marble,5,Villa,Udaipur,"Private Pool, Bonfire, Gazebo",MakeMyTrip,StayVista at Blue Marble,https://www.makemytrip.com/hotels/hotel-details/?hotelId=202604091516344449&_uCurrency=INR&checkin=11252025&checkout=11262025&city=CTAGR&country=IN&funnelType=getaway&lat=27.16779&lng=78.04893&locusId=ZNDEL67F7E280&locusType=zone&rank=1&roomStayQualifier=2e0e&seekSummaryRequired=false&viewType=LUXE&mtkeys=defaultMtkey
5303,Tamarind Trails,4,Villa,Lonavala,"Pool, Bonfire, BBQ",Agoda,StayVista at Tamarind Trails,https://www.agoda.com/stayvista-at-tamarind-trails/hotel/malavli-in.html
5303,Tamarind Trails,4,Villa,Lonavala,"Pool, Bonfire, BBQ",Airbnb,Tamarind Trails 4BHK Villa w/BBQ+Bonfire @Lonavala,https://www.airbnb.co.in/rooms/1649869418648540846
5303,Tamarind Trails,4,Villa,Lonavala,"Pool, Bonfire, BBQ",Booking.com,Tamarind Trails by StayVista - 4BHK Villa with Outdoor Pool & Sports Turf,https://www.booking.com/hotel/in/stayvista-at-tamarind-trails.html
5303,Tamarind Trails,4,Villa,Lonavala,"Pool, Bonfire, BBQ",MakeMyTrip,StayVista at Tamarind Trails,https://www.makemytrip.com/hotels/hotel-details/?hotelId=202604091609541507&_uCurrency=INR&checkin=11252025&checkout=11262025&city=CTAGR&country=IN&funnelType=getaway&lat=27.16779&lng=78.04893&locusId=ZNDEL67F7E280&locusType=zone&rank=1&roomStayQualifier=2e0e&seekSummaryRequired=false&viewType=LUXE&mtkeys=defaultMtkey
5484,Thanedhar,4,Estate,Shimla,"Valley View, Bonfire, BBQ",Agoda,StayVista at Thanedhar Estate,https://www.agoda.com/stayvista-at-thanedhar-estate/hotel/shimla-in.html
5484,Thanedhar,4,Estate,Shimla,"Valley View, Bonfire, BBQ",Airbnb,4BR Thanedhar Estate W/Comp Breakfast @ Shimla,https://www.airbnb.co.in/rooms/1661383569999973541
5484,Thanedhar,4,Estate,Shimla,"Valley View, Bonfire, BBQ",Booking.com,StayVista's Thanedhar Estate - 4BHK with Pet Friendly & Valley View,https://www.booking.com/hotel/in/stayvista-at-thanedhar-estate-with-bbq-bonfire.html
5484,Thanedhar,4,Estate,Shimla,"Valley View, Bonfire, BBQ",MakeMyTrip,StayVista at Thanedhar Estate,https://www.makemytrip.com/hotels/hotel-details/?hotelId=202604111738088141&_uCurrency=INR&checkin=11252025&checkout=11262025&city=CTAGR&country=IN&funnelType=getaway&lat=27.16779&lng=78.04893&locusId=ZNDEL67F7E280&locusType=zone&rank=1&roomStayQualifier=2e0e&seekSummaryRequired=false&viewType=LUXE&mtkeys=defaultMtkey
3804,Lily,4,Villa,India,"Private Pool, Jacuzzi",Agoda,StayVista at Lily @ The Magnolia Farm,https://www.agoda.com/stayvista-at-lily-the-magnolia-farm/hotel/amritsar-in.html
3804,Lily,4,Villa,India,"Private Pool, Jacuzzi",Airbnb,"4BR Lily@Magnolia Farm W/Pool, Jacuzzi, Terrace",https://www.airbnb.co.in/rooms/1172946795660885608
3804,Lily,4,Villa,India,"Private Pool, Jacuzzi",Booking.com,The Magnolia Farm by StayVista - 3BHK Villa with Jacuzzi & Private Pool,https://www.booking.com/hotel/in/stayvista-at-the-kaleidoscope.html
3804,Lily,4,Villa,India,"Private Pool, Jacuzzi",MakeMyTrip,StayVista at Lily @ The Magnolia Farm w/ Indoor Pool & Jacuzzi,https://www.makemytrip.com/hotels/hotel-details/?hotelId=202406061307511993&_uCurrency=INR&checkin=11252025&checkout=11262025&city=CTAGR&country=IN&funnelType=getaway&lat=27.16779&lng=78.04893&locusId=ZNDEL67F7E280&locusType=zone&rank=1&roomStayQualifier=2e0e&seekSummaryRequired=false&viewType=LUXE&mtkeys=defaultMtkey
3853,Berg,2,Chalet,India,Mountain View,Agoda,StayVista at Berg @ Chalet Rushli,https://www.agoda.com/search?text=StayVista%20Berg%20India
3853,Berg,2,Chalet,India,Mountain View,Airbnb,Berg 2BR @ Chalet Rushli w/Caretaker & Wifi,https://www.airbnb.co.in/rooms/1203310776198952411
3853,Berg,2,Chalet,India,Mountain View,Booking.com,StayVista's Chalet Rushli - Kanatal - 7BHK with Mountain View & Bar,https://www.booking.com/hotel/in/stayvista-at-chalet-rushli.html
3853,Berg,2,Chalet,India,Mountain View,MakeMyTrip,StayVista at Berg @ Chalet Rushli,https://www.makemytrip.com/hotels/hotel-details/?hotelId=202407131124272465&_uCurrency=INR&checkin=11252025&checkout=11262025&city=CTAGR&country=IN&funnelType=getaway&lat=27.16779&lng=78.04893&locusId=ZNDEL67F7E280&locusType=zone&rank=1&roomStayQualifier=2e0e&seekSummaryRequired=false&viewType=LUXE&mtkeys=defaultMtkey
5501,The Earth Stone,7,Villa,India,"Pool, Lawn",Agoda,StayVista at The Earth Stone,https://www.agoda.com/stayvista-at-the-earth-stone/hotel/trimbak-in.html
5501,The Earth Stone,7,Villa,India,"Pool, Lawn",Airbnb,StayVista at The Earth Stone w/ Pool,https://www.airbnb.co.in/rooms/1665374309433764951
5501,The Earth Stone,7,Villa,India,"Pool, Lawn",Booking.com,The Earth Stone by StayVista - 7BHK Forest-View Villa with Alfresco Dining,https://www.booking.com/hotel/in/stayvista-at-the-earth-stone-with-infinity-pool-lawn.html
5501,The Earth Stone,7,Villa,India,"Pool, Lawn",MakeMyTrip,StayVista at The Earth Stone,https://www.makemytrip.com/hotels/hotel-details/?hotelId=202604161403142254&_uCurrency=INR&checkin=11252025&checkout=11262025&city=CTAGR&country=IN&funnelType=getaway&lat=27.16779&lng=78.04893&locusId=ZNDEL67F7E280&locusType=zone&rank=1&roomStayQualifier=2e0e&seekSummaryRequired=false&viewType=LUXE&mtkeys=defaultMtkey
5485,Misty Dews,4,Villa,Mahabaleshwar,"Pool, Jacuzzi, BBQ",Agoda,"StayVista at Misty Dews with Pool, BBQ",https://www.agoda.com/stayvista-at-misty-dews-with-pool-bbq/hotel/mahabaleshwar-in.html
5485,Misty Dews,4,Villa,Mahabaleshwar,"Pool, Jacuzzi, BBQ",Airbnb,StayVista at Misty Dews w/ Pool,https://www.airbnb.co.in/rooms/1654253217400043086
5485,Misty Dews,4,Villa,Mahabaleshwar,"Pool, Jacuzzi, BBQ",Booking.com,Misty Dews by StayVista - 4BHK Villa with Jacuzzi & Bar,https://www.booking.com/hotel/in/stayvista-at-misty-dews-with-pool-bbq.html
5485,Misty Dews,4,Villa,Mahabaleshwar,"Pool, Jacuzzi, BBQ",MakeMyTrip,StayVista at Misty Dews,https://www.makemytrip.com/hotels/hotel-details/?hotelId=202604011445187400&_uCurrency=INR&checkin=11252025&checkout=11262025&city=CTAGR&country=IN&funnelType=getaway&lat=27.16779&lng=78.04893&locusId=ZNDEL67F7E280&locusType=zone&rank=1&roomStayQualifier=2e0e&seekSummaryRequired=false&viewType=LUXE&mtkeys=defaultMtkey
5503,Forest Pearl,7,Villa,India,"Infinity Pool, Lawn",Agoda,StayVista at Forest Pearl,https://www.agoda.com/en-in/stayvista-at-forest-pearl/hotel/trimbak-in.html
5503,Forest Pearl,7,Villa,India,"Infinity Pool, Lawn",Airbnb,"StayVista at Forest Pearl w/ Infinity Pool, Lawn",https://www.airbnb.co.in/rooms/1668053929062846257
5503,Forest Pearl,7,Villa,India,"Infinity Pool, Lawn",Booking.com,StayVista's Forest Pearl - 7BHK Forest-View Villa with Infinity Pool,https://www.booking.com/hotel/in/stayvista-at-forest-pearl-with-infinity-pool-lawn.html
5503,Forest Pearl,7,Villa,India,"Infinity Pool, Lawn",MakeMyTrip,StayVista at Forest Pearl,https://www.makemytrip.com/hotels/hotel-details/?hotelId=202604211445432062&_uCurrency=INR&checkin=11252025&checkout=11262025&city=CTAGR&country=IN&funnelType=getaway&lat=27.16779&lng=78.04893&locusId=ZNDEL67F7E280&locusType=zone&rank=1&roomStayQualifier=2e0e&seekSummaryRequired=false&viewType=LUXE&mtkeys=defaultMtkey
5328,Aarzzu,2,Villa,Wayanad,Lawn,Agoda,StayVista at Aarzzu,https://www.agoda.com/stayvista-at-arruvi-villa/hotel/wayanad-in.html
5328,Aarzzu,2,Villa,Wayanad,Lawn,Airbnb,StayVista at Aarzzu w/ Lawn & Pet Friendly,https://www.airbnb.co.in/rooms/1665880554349745789
5328,Aarzzu,2,Villa,Wayanad,Lawn,Booking.com,"Aarzzu by VEO, StayVista - 2BHK Pet-Friendly Mountain-View Villa",https://www.booking.com/hotel/in/stayvista-at-arruvi-villa.html
5328,Aarzzu,2,Villa,Wayanad,Lawn,MakeMyTrip,StayVista at Aarzzu,https://www.makemytrip.com/hotels/hotel-details/?hotelId=202604222012051075&_uCurrency=INR&checkin=11252025&checkout=11262025&city=CTAGR&country=IN&funnelType=getaway&lat=27.16779&lng=78.04893&locusId=ZNDEL67F7E280&locusType=zone&rank=1&roomStayQualifier=2e0e&seekSummaryRequired=false&viewType=LUXE&mtkeys=defaultMtkey
5490,Palmshade M2 Retreat,3,Retreat,Goa,"Private Pool, Lawn",Agoda,StayVista at Palmshade M2 Retreat,https://www.agoda.com/stayvista-at-palmshade-m2-retreat/hotel/goa-in.html
5490,Palmshade M2 Retreat,3,Retreat,Goa,"Private Pool, Lawn",Airbnb,StayVista at Palm Grove – Private Pool & Lawn.,https://www.airbnb.co.in/rooms/1661485647781220681
5490,Palmshade M2 Retreat,3,Retreat,Goa,"Private Pool, Lawn",Booking.com,"StayVista at Palm Grove - Private Pool and Lawn, Anjuna - M2",https://www.booking.com/hotel/in/stayvista-at-palmshade-m2-retreat.html
5490,Palmshade M2 Retreat,3,Retreat,Goa,"Private Pool, Lawn",MakeMyTrip,StayVista at Palmshade M2 Retreat,https://www.makemytrip.com/hotels/hotel-details/?hotelId=202604241317362702&_uCurrency=INR&checkin=11252025&checkout=11262025&city=CTAGR&country=IN&funnelType=getaway&lat=27.16779&lng=78.04893&locusId=ZNDEL67F7E280&locusType=zone&rank=1&roomStayQualifier=2e0e&seekSummaryRequired=false&viewType=LUXE&mtkeys=defaultMtkey
5492,Quinta Maris in Vagator,3,Villa,Goa,"Private Pool, BBQ",Agoda,StayVista at Quinta Maris in Vagator,https://www.agoda.com/stayvista-at-quinta-maris-in-vagator/hotel/goa-in.html
5492,Quinta Maris in Vagator,3,Villa,Goa,"Private Pool, BBQ",Airbnb,"StayVista at Quinta Maris in Vagator w/ Pool, BBQ",https://www.airbnb.co.in/rooms/1663548971771314330
5492,Quinta Maris in Vagator,3,Villa,Goa,"Private Pool, BBQ",Booking.com,StayVista's Quinta Maris in Vagator - 3BHK Pet-Friendly Villa with Private Pool,https://www.booking.com/hotel/in/stayvista-at-quinta-maris-in-vagator-with-pool-bbq.html
5492,Quinta Maris in Vagator,3,Villa,Goa,"Private Pool, BBQ",MakeMyTrip,StayVista at Quinta Maris In Vagator,https://www.makemytrip.com/hotels/hotel-details/?hotelId=202606180930576785&_uCurrency=INR&checkin=11252025&checkout=11262025&city=CTAGR&country=IN&funnelType=getaway&lat=27.16779&lng=78.04893&locusId=ZNDEL67F7E280&locusType=zone&rank=1&roomStayQualifier=2e0e&seekSummaryRequired=false&viewType=LUXE&mtkeys=defaultMtkey
5317,Suvas,6,Villa,India,"Mountain View, Lawn, BBQ",Agoda,StayVista at Suvas Villa,https://www.agoda.com/stayvista-at-suvas-villa/hotel/ranikhet-in.html
5317,Suvas,6,Villa,India,"Mountain View, Lawn, BBQ",Airbnb,"6BR Suvas Villa w/Lawn, BBQ &Wifi | Ranikhet",https://www.airbnb.co.in/rooms/1673680343648597287
5317,Suvas,6,Villa,India,"Mountain View, Lawn, BBQ",Booking.com,StayVista's Suvas Villa - 6BHK with Mountain View & Alfresco Dining,https://www.booking.com/hotel/in/stayvista-at-suvas-villa-with-lawn-bbq.html
5317,Suvas,6,Villa,India,"Mountain View, Lawn, BBQ",MakeMyTrip,StayVista at Suvas Villa - Lawn & BBQ,https://www.makemytrip.com/hotels/hotel-details/?hotelId=202606091052082571&_uCurrency=INR&checkin=11252025&checkout=11262025&city=CTAGR&country=IN&funnelType=getaway&lat=27.16779&lng=78.04893&locusId=ZNDEL67F7E280&locusType=zone&rank=1&roomStayQualifier=2e0e&seekSummaryRequired=false&viewType=LUXE&mtkeys=defaultMtkey
5502,Horizon Block,5,Villa,India,"Infinity Pool, Lawn",Agoda,StayVista at Horizon Block,https://www.agoda.com/en-gb/stayvista-at-horizon-block/hotel/trimbak-in.html
5502,Horizon Block,5,Villa,India,"Infinity Pool, Lawn",Airbnb,"StayVista at Horizon Block w/ Infinity Pool, Lawn",https://www.airbnb.co.in/rooms/1657910736337169603
5502,Horizon Block,5,Villa,India,"Infinity Pool, Lawn",Booking.com,StayVista's Horizon Block - 5BHK Forest-View Villa with Infinity Pool,https://www.booking.com/hotel/in/stayvista-at-horizon-block.html
5502,Horizon Block,5,Villa,India,"Infinity Pool, Lawn",MakeMyTrip,StayVista at Horizon Block,https://www.makemytrip.com/hotels/hotel-details/?hotelId=202604281428198255&_uCurrency=INR&checkin=11252025&checkout=11262025&city=CTAGR&country=IN&funnelType=getaway&lat=27.16779&lng=78.04893&locusId=ZNDEL67F7E280&locusType=zone&rank=1&roomStayQualifier=2e0e&seekSummaryRequired=false&viewType=LUXE&mtkeys=defaultMtkey
5443,Dewa,4,Villa,Dehradun,"Mountain View, Bonfire, BBQ",Agoda,StayVista at Villa Dewa,https://www.agoda.com/stayvista-at-villa-dewa/hotel/dehradun-in.html
5443,Dewa,4,Villa,Dehradun,"Mountain View, Bonfire, BBQ",Airbnb,"StayVista at Villa Dewa w/ BBQ, Bonfire",https://www.airbnb.co.in/rooms/1673053907659109051
5443,Dewa,4,Villa,Dehradun,"Mountain View, Bonfire, BBQ",Booking.com,StayVista's Villa Dewa - 4BHK with Mountain View & Alfresco Dining,https://www.booking.com/hotel/in/stayvista-at-villa-dewa-with-bbq-bonfire.html
5443,Dewa,4,Villa,Dehradun,"Mountain View, Bonfire, BBQ",MakeMyTrip,StayVista at Villa Dewa,https://www.makemytrip.com/hotels/hotel-details/?hotelId=202604281255141918&_uCurrency=INR&checkin=11252025&checkout=11262025&city=CTAGR&country=IN&funnelType=getaway&lat=27.16779&lng=78.04893&locusId=ZNDEL67F7E280&locusType=zone&rank=1&roomStayQualifier=2e0e&seekSummaryRequired=false&viewType=LUXE&mtkeys=defaultMtkey
5515,Altona,6,Villa,Goa,"Pool, BBQ",Agoda,StayVista at Villa Altona,https://www.agoda.com/stayvista-at-villa-altona/hotel/goa-in.html
5515,Altona,6,Villa,Goa,"Pool, BBQ",Airbnb,StayVista at Villa Altona w/ BBQ & Pool,https://www.airbnb.co.in/rooms/1668653136325061675
5515,Altona,6,Villa,Goa,"Pool, BBQ",Booking.com,StayVista's Villa Altona - Bardez - 6BHK with Gym & Sauna,https://www.booking.com/hotel/in/stayvista-at-villa-altona.html
5515,Altona,6,Villa,Goa,"Pool, BBQ",MakeMyTrip,StayVista at Villa Altona,https://www.makemytrip.com/hotels/hotel-details/?hotelId=202604281219405351&_uCurrency=INR&checkin=11252025&checkout=11262025&city=CTAGR&country=IN&funnelType=getaway&lat=27.16779&lng=78.04893&locusId=ZNDEL67F7E280&locusType=zone&rank=1&roomStayQualifier=2e0e&seekSummaryRequired=false&viewType=LUXE&mtkeys=defaultMtkey
5480,Mandimane,3,Villa,India,"Private Pool, Bonfire",Agoda,StayVista at Villa Mandimane,https://www.agoda.com/stayvista-at-villa-mandimane/hotel/mudigere-in.html
5480,Mandimane,3,Villa,India,"Private Pool, Bonfire",Airbnb,StayVista at Villa Mandimane w/ Bonfire & Pool,https://www.airbnb.co.in/rooms/1649090175134142237
5480,Mandimane,3,Villa,India,"Private Pool, Bonfire",Booking.com,StayVista's Villa Mandimane - 3BHK with Private Pool & Bonfire,https://www.booking.com/hotel/in/stayvista-at-villa-mandimane.html
5480,Mandimane,3,Villa,India,"Private Pool, Bonfire",MakeMyTrip,StayVista at Villa Mandimane,https://www.makemytrip.com/hotels/hotel-details/?hotelId=202604301155582357&_uCurrency=INR&checkin=11252025&checkout=11262025&city=CTAGR&country=IN&funnelType=getaway&lat=27.16779&lng=78.04893&locusId=ZNDEL67F7E280&locusType=zone&rank=1&roomStayQualifier=2e0e&seekSummaryRequired=false&viewType=LUXE&mtkeys=defaultMtkey
5514,Bean & Brick,4,Villa,India,Bonfire,Agoda,StayVista at Bean & Brick Villa,https://www.agoda.com/stayvista-at-bean-brick-villa/hotel/chikmagalur-in.html?adults=2&rooms=1&checkIn=2026-06-01&los=2&ds=ghFEWaLp%2BFFEgSr8
5514,Bean & Brick,4,Villa,India,Bonfire,Airbnb,StayVista at Bean & Brick Villa w/Bonfire & Garden,https://www.airbnb.co.in/rooms/1673786281462307046
5514,Bean & Brick,4,Villa,India,Bonfire,Booking.com,"Bean & Brick Villa by VEO, StayVista - 4BHK with Pet Friendly & Garden",https://www.booking.com/hotel/in/stayvista-at-bean-and-brick-villa-with-bonfire-amp-garden.html
5514,Bean & Brick,4,Villa,India,Bonfire,MakeMyTrip,StayVista at Bean & Brick Villa,https://www.makemytrip.com/hotels/hotel-details/?hotelId=202604281644424679&_uCurrency=INR&checkin=11252025&checkout=11262025&city=CTAGR&country=IN&funnelType=getaway&lat=27.16779&lng=78.04893&locusId=ZNDEL67F7E280&locusType=zone&rank=1&roomStayQualifier=2e0e&seekSummaryRequired=false&viewType=LUXE&mtkeys=defaultMtkey
5147,Shamrock Riverfront,5,Villa,Manali,"Bonfire, BBQ",Agoda,StayVista at Shamrock Riverfront,https://www.agoda.com/en-gb/stayvista-at-shamrock-riverfront/hotel/manali-in.html
5147,Shamrock Riverfront,5,Villa,Manali,"Bonfire, BBQ",Airbnb,StayVista at Shamrock Riverfront w/ BBQ & Bonfire,https://www.airbnb.co.in/rooms/1673888358731137057
5147,Shamrock Riverfront,5,Villa,Manali,"Bonfire, BBQ",Booking.com,StayVista's Shamrock Riverfront - 5BHK Villa with Alfresco Dining & BBQ,https://www.booking.com/hotel/in/stayvista-at-shamrock-riverfront.html
5147,Shamrock Riverfront,5,Villa,Manali,"Bonfire, BBQ",MakeMyTrip,StayVista at Shamrock Riverfront,https://www.makemytrip.com/hotels/hotel-details/?hotelId=202605031218006088&_uCurrency=INR&checkin=11252025&checkout=11262025&city=CTAGR&country=IN&funnelType=getaway&lat=27.16779&lng=78.04893&locusId=ZNDEL67F7E280&locusType=zone&rank=1&roomStayQualifier=2e0e&seekSummaryRequired=false&viewType=LUXE&mtkeys=defaultMtkey
5516,Vanya Kutir,2,Villa,Udaipur,"Jacuzzi, BBQ",Agoda,StayVista at Vanya Kutir,https://www.agoda.com/59-vanya-kutir-h77040089/hotel/udaipur-in.html
5516,Vanya Kutir,2,Villa,Udaipur,"Jacuzzi, BBQ",Airbnb,Pet friendly 2BR Villa w/Jaccuzi & Terrace Udaipur,https://www.airbnb.co.in/rooms/1674562909707312389
5516,Vanya Kutir,2,Villa,Udaipur,"Jacuzzi, BBQ",Booking.com,StayVista's Vanya Kutir - 2BHK Villa with Jacuzzi & Bar,https://www.booking.com/hotel/in/stayvista-at-vanya-kutir-with-bbq-hill-view.html
5516,Vanya Kutir,2,Villa,Udaipur,"Jacuzzi, BBQ",MakeMyTrip,StayVista at Vanya Kutir,https://www.makemytrip.com/hotels/hotel-details/?hotelId=202605021151078128&_uCurrency=INR&checkin=11252025&checkout=11262025&city=CTAGR&country=IN&funnelType=getaway&lat=27.16779&lng=78.04893&locusId=ZNDEL67F7E280&locusType=zone&rank=1&roomStayQualifier=2e0e&seekSummaryRequired=false&viewType=LUXE&mtkeys=defaultMtkey
5151,Leopard's Haus,4,Villa,India,"Bonfire, BBQ",Agoda,StayVista at Leopard's Haus,https://www.agoda.com/stayvista-at-leopard-s-haus/hotel/barog-in.html?adults=2&rooms=1&checkIn=2026-06-07&los=2
5151,Leopard's Haus,4,Villa,India,"Bonfire, BBQ",Airbnb,StayVista at Leopard's Haus w/ BBQ & Bonfire,https://www.airbnb.co.in/rooms/1674585886389111957
5151,Leopard's Haus,4,Villa,India,"Bonfire, BBQ",Booking.com,Leopard's Haus by StayVista - 4BHK Pet-Friendly Villa with BBQ,https://www.booking.com/hotel/in/stayvista-at-leopards-haus-with-bbq-amp-bonfire.html
5151,Leopard's Haus,4,Villa,India,"Bonfire, BBQ",MakeMyTrip,StayVista at Leopard's Haus,https://www.makemytrip.com/hotels/hotel-details/?hotelId=202605101909111419&_uCurrency=INR&checkin=11252025&checkout=11262025&city=CTAGR&country=IN&funnelType=getaway&lat=27.16779&lng=78.04893&locusId=ZNDEL67F7E280&locusType=zone&rank=1&roomStayQualifier=2e0e&seekSummaryRequired=false&viewType=LUXE&mtkeys=defaultMtkey
5506,Tres & Quatro @ Himalayan Den,8,Villa,India,"Jacuzzi, BBQ",Agoda,StayVista at Tres & Quatro @ Himalayan Den,https://www.agoda.com/en-gb/stayvista-at-tres-himalayan-den/hotel/solan-in.html
5506,Tres & Quatro @ Himalayan Den,8,Villa,India,"Jacuzzi, BBQ",Airbnb,StayVista at Tres & Quatro @ Himalayan Den w/ BBQ,https://www.airbnb.co.in/rooms/1673782135580464629
5506,Tres & Quatro @ Himalayan Den,8,Villa,India,"Jacuzzi, BBQ",Booking.com,StayVista's Tres & Quatro at Himalayan Den - 8BHK Mountain-View Villa with Jacuzzi,https://www.booking.com/hotel/in/stayvista-at-tres-himalayan-den.html
5506,Tres & Quatro @ Himalayan Den,8,Villa,India,"Jacuzzi, BBQ",MakeMyTrip,StayVista at Tres & Quatro @ Himalayan Den,https://www.makemytrip.com/hotels/hotel-details/?hotelId=202605021506286513&_uCurrency=INR&checkin=11252025&checkout=11262025&city=CTAGR&country=IN&funnelType=getaway&lat=27.16779&lng=78.04893&locusId=ZNDEL67F7E280&locusType=zone&rank=1&roomStayQualifier=2e0e&seekSummaryRequired=false&viewType=LUXE&mtkeys=defaultMtkey
5494,Avasaa,4,House,India,"Mountain View, Jacuzzi, Lawn, BBQ",Agoda,StayVista at Avasaa - The House In The Wild,https://www.agoda.com/search?text=StayVista%20Avasaa%20India
5494,Avasaa,4,House,India,"Mountain View, Jacuzzi, Lawn, BBQ",Airbnb,4BR Avasaa - The House In The Wild w/Lawn & Wifi,https://www.airbnb.co.in/rooms/1674619177179558270
5494,Avasaa,4,House,India,"Mountain View, Jacuzzi, Lawn, BBQ",Booking.com,StayVista's AVASAA - The House In The Wild - 4BHK with Mountain View & Jacuzzi,https://www.booking.com/hotel/in/stayvista-at-avasaa-the-house-in-the-wild-with-bbq.html
5494,Avasaa,4,House,India,"Mountain View, Jacuzzi, Lawn, BBQ",MakeMyTrip,StayVista at AVASAA - The House In The Wild,https://www.makemytrip.com/hotels/hotel-details/?hotelId=202604301155588766&_uCurrency=INR&checkin=11252025&checkout=11262025&city=CTAGR&country=IN&funnelType=getaway&lat=27.16779&lng=78.04893&locusId=ZNDEL67F7E280&locusType=zone&rank=1&roomStayQualifier=2e0e&seekSummaryRequired=false&viewType=LUXE&mtkeys=defaultMtkey
5470,The Eminence,3,Villa,Nainital,Valley View,Agoda,StayVista at The Eminence Villa,https://www.agoda.com/en-gb/stayvista-at-the-eminence-villa/hotel/nainital-in.html
5470,The Eminence,3,Villa,Nainital,Valley View,Airbnb,StayVista at The Eminence Villa w/ Valley View,https://www.airbnb.co.in/rooms/1678695067334624142
5470,The Eminence,3,Villa,Nainital,Valley View,Booking.com,The Eminence Villa by StayVista - 3BHK with Valley View & Alfresco Dining,https://www.booking.com/hotel/in/stayvista-at-the-eminence-villa.html
5470,The Eminence,3,Villa,Nainital,Valley View,MakeMyTrip,StayVista at The Eminence Villa,https://www.makemytrip.com/hotels/hotel-details/?hotelId=202605081034177864&_uCurrency=INR&checkin=11252025&checkout=11262025&city=CTAGR&country=IN&funnelType=getaway&lat=27.16779&lng=78.04893&locusId=ZNDEL67F7E280&locusType=zone&rank=1&roomStayQualifier=2e0e&seekSummaryRequired=false&viewType=LUXE&mtkeys=defaultMtkey
5521,Papillon,4,Villa,Wada,"Private Pool, Bonfire, Gazebo",Agoda,StayVista at Villa Papillon,https://www.agoda.com/stayvista-at-villa-papillon/hotel/vikramgad-in.html
5521,Papillon,4,Villa,Wada,"Private Pool, Bonfire, Gazebo",Airbnb,"StayVista at Villa Papillon w/ Pool, Bonfire",https://www.airbnb.co.in/rooms/1678780196577579048
5521,Papillon,4,Villa,Wada,"Private Pool, Bonfire, Gazebo",Booking.com,"Villa Papillon - Wada by VEO, StayVista - 4BHK with Private Pool & Gazebo",https://www.booking.com/hotel/in/stayvista-at-villa-papillon-with-pool-bonfire.html
5521,Papillon,4,Villa,Wada,"Private Pool, Bonfire, Gazebo",MakeMyTrip,StayVista at Villa Papillon,https://www.makemytrip.com/hotels/hotel-details/?hotelId=202605080902067980&_uCurrency=INR&checkin=11252025&checkout=11262025&city=CTAGR&country=IN&funnelType=getaway&lat=27.16779&lng=78.04893&locusId=ZNDEL67F7E280&locusType=zone&rank=1&roomStayQualifier=2e0e&seekSummaryRequired=false&viewType=LUXE&mtkeys=defaultMtkey
5543,Bamboo Retreat,4,Villa,Coorg,Bonfire,Agoda,StayVista at Bamboo Retreat,https://www.agoda.com/stayvista-at-bamboo-retreat/hotel/coorg-in.html?adults=2&rooms=1&checkIn=2026-06-13&los=2
5543,Bamboo Retreat,4,Villa,Coorg,Bonfire,Airbnb,StayVista at Bamboo Retreat w/ Bonfire,https://www.airbnb.co.in/rooms/1679598562277088370
5543,Bamboo Retreat,4,Villa,Coorg,Bonfire,Booking.com,"Bamboo Retreat by VEO, StayVista - 4BHK Villa with EV Station & Bonfire",https://www.booking.com/hotel/in/stayvista-at-bamboo-retreat.html
5543,Bamboo Retreat,4,Villa,Coorg,Bonfire,MakeMyTrip,StayVista at Bamboo Retreat,https://www.makemytrip.com/hotels/hotel-details/?hotelId=202605081626158472&_uCurrency=INR&checkin=11252025&checkout=11262025&city=CTAGR&country=IN&funnelType=getaway&lat=27.16779&lng=78.04893&locusId=ZNDEL67F7E280&locusType=zone&rank=1&roomStayQualifier=2e0e&seekSummaryRequired=false&viewType=LUXE&mtkeys=defaultMtkey
5517,Lavender Hills,4,Villa,India,"Infinity Pool, Mountain View, Bonfire",Agoda,StayVista at Lavender Hills Villa,https://www.agoda.com/stayvista-at-lavender-hills-villa/hotel/wadhiware-in.html
5517,Lavender Hills,4,Villa,India,"Infinity Pool, Mountain View, Bonfire",Airbnb,StayVista at Lavender Hills Villa w/Pool & Bonfire,https://www.airbnb.co.in/rooms/1688897479202701271
5517,Lavender Hills,4,Villa,India,"Infinity Pool, Mountain View, Bonfire",Booking.com,StayVista's Lavender Hills Villa - 4BHK with Mountain View & Infinity Pool,https://www.booking.com/hotel/in/stayvista-at-lavender-hills-villa.html
5517,Lavender Hills,4,Villa,India,"Infinity Pool, Mountain View, Bonfire",MakeMyTrip,StayVista at Lavender Hills Villa,https://www.makemytrip.com/hotels/hotel-details/?hotelId=202605211136128706&_uCurrency=INR&checkin=11252025&checkout=11262025&city=CTAGR&country=IN&funnelType=getaway&lat=27.16779&lng=78.04893&locusId=ZNDEL67F7E280&locusType=zone&rank=1&roomStayQualifier=2e0e&seekSummaryRequired=false&viewType=LUXE&mtkeys=defaultMtkey
5555,IRIS,5,Villa,India,"Pool, Valley View, Bonfire",Agoda,StayVista at IRIS w/ Outdoor Pool,https://www.agoda.com/en-gb/stayvista-at-iris/hotel/dagshai-in.html
5555,IRIS,5,Villa,India,"Pool, Valley View, Bonfire",Airbnb,"StayVista at IRIS w/ Valley View, Bonfire",https://www.airbnb.co.in/rooms/1688322177469795624
5555,IRIS,5,Villa,India,"Pool, Valley View, Bonfire",Booking.com,StayVista's IRIS w Outdoor Pool - 5BHK Valley-View Villa with Spa,https://www.booking.com/hotel/in/stayvista-at-iris.html
5555,IRIS,5,Villa,India,"Pool, Valley View, Bonfire",MakeMyTrip,StayVista at IRIS w/ Outdoor Pool,https://www.makemytrip.com/hotels/hotel-details/?hotelId=202605292208437747&_uCurrency=INR&checkin=11252025&checkout=11262025&city=CTAGR&country=IN&funnelType=getaway&lat=27.16779&lng=78.04893&locusId=ZNDEL67F7E280&locusType=zone&rank=1&roomStayQualifier=2e0e&seekSummaryRequired=false&viewType=LUXE&mtkeys=defaultMtkey
5560,Mooncrest Manor,4,Villa,Mahabaleshwar,"Pool, Lawn, Gazebo",Agoda,StayVista at Mooncrest Manor,https://www.agoda.com/stayvista-at-mooncrest-manor/hotel/mahabaleshwar-in.html
5560,Mooncrest Manor,4,Villa,Mahabaleshwar,"Pool, Lawn, Gazebo",Airbnb,"StayVista at Mooncrest Manor w/ Pool, Lawn",https://www.airbnb.co.in/rooms/1686674395992314547
5560,Mooncrest Manor,4,Villa,Mahabaleshwar,"Pool, Lawn, Gazebo",Booking.com,StayVista's Mooncrest Manor - 4BHK Villa with Bathtub & Gazebo,https://www.booking.com/hotel/in/stayvista-at-mooncrest-manor-with-pool-lawn.html
5560,Mooncrest Manor,4,Villa,Mahabaleshwar,"Pool, Lawn, Gazebo",MakeMyTrip,StayVista at Mooncrest Manor,https://www.makemytrip.com/hotels/hotel-details/?hotelId=202605251050302395&_uCurrency=INR&checkin=11252025&checkout=11262025&city=CTAGR&country=IN&funnelType=getaway&lat=27.16779&lng=78.04893&locusId=ZNDEL67F7E280&locusType=zone&rank=1&roomStayQualifier=2e0e&seekSummaryRequired=false&viewType=LUXE&mtkeys=defaultMtkey
5374,Rouge,5,Villa,Lonavala,"Pool, Lawn",Agoda,StayVista at Villa Rouge,https://www.agoda.com/stayvista-at-villa-rouge/hotel/lonavala-in.html
5374,Rouge,5,Villa,Lonavala,"Pool, Lawn",Airbnb,"StayVista at Villa Rouge w/ Pool, Lawn",https://www.airbnb.co.in/rooms/1693990190594155071
5374,Rouge,5,Villa,Lonavala,"Pool, Lawn",Booking.com,StayVista's Villa Rouge - 5BHK with Alfresco Dining & Bathtub,https://www.booking.com/hotel/in/stayvista-at-villa-rouge.html
5374,Rouge,5,Villa,Lonavala,"Pool, Lawn",MakeMyTrip,StayVista at Villa Rouge,https://www.makemytrip.com/hotels/hotel-details/?hotelId=202605292132301204&_uCurrency=INR&checkin=11252025&checkout=11262025&city=CTAGR&country=IN&funnelType=getaway&lat=27.16779&lng=78.04893&locusId=ZNDEL67F7E280&locusType=zone&rank=1&roomStayQualifier=2e0e&seekSummaryRequired=false&viewType=LUXE&mtkeys=defaultMtkey
5541,Vannraj Farm,5,Villa,India,"Plunge Pool, Bonfire",Agoda,StayVista at Vannraj Farm Villa,https://www.agoda.com/en-gb/stayvista-at-vannraj-farm-villa/hotel/turiya-in.html
5541,Vannraj Farm,5,Villa,India,"Plunge Pool, Bonfire",Airbnb,StayVista at Vannraj Farm Villa w/ Pool & Bonfire,https://www.airbnb.co.in/rooms/1686914425195117263
5541,Vannraj Farm,5,Villa,India,"Plunge Pool, Bonfire",Booking.com,StayVista's Vannraj Farm Villa - 5BHK with Forest View & Plunge Pool,https://www.booking.com/hotel/in/stayvista-at-vannraj-farm-villa.html
5541,Vannraj Farm,5,Villa,India,"Plunge Pool, Bonfire",MakeMyTrip,StayVista at Vannraj Farm Villa,https://www.makemytrip.com/hotels/hotel-details/?hotelId=202605291304582635&_uCurrency=INR&checkin=11252025&checkout=11262025&city=CTAGR&country=IN&funnelType=getaway&lat=27.16779&lng=78.04893&locusId=ZNDEL67F7E280&locusType=zone&rank=1&roomStayQualifier=2e0e&seekSummaryRequired=false&viewType=LUXE&mtkeys=defaultMtkey
5105,Rooted by Frangipani,8,Villa,Karjat,"Pool, BBQ",Agoda,StayVista at Rooted by Frangipani,https://www.agoda.com/en-gb/stayvista-at-rooted-in-frangipani/hotel/karjat-in.html
5105,Rooted by Frangipani,8,Villa,Karjat,"Pool, BBQ",Airbnb,StayVista at Rooted by Frangipani w/ Pool & BBQ,https://www.airbnb.co.in/rooms/1694772303497788575
5105,Rooted by Frangipani,8,Villa,Karjat,"Pool, BBQ",Booking.com,StayVista's Rooted by Frangipani - 8BHK Villa with Sports Turf & Alfresco Dining,https://www.booking.com/hotel/in/stayvista-at-rooted-by-frangipani.html
5105,Rooted by Frangipani,8,Villa,Karjat,"Pool, BBQ",MakeMyTrip,StayVista at Rooted By Frangipani,https://www.makemytrip.com/hotels/hotel-details/?hotelId=202606041032111652&_uCurrency=INR&checkin=11252025&checkout=11262025&city=CTAGR&country=IN&funnelType=getaway&lat=27.16779&lng=78.04893&locusId=ZNDEL67F7E280&locusType=zone&rank=1&roomStayQualifier=2e0e&seekSummaryRequired=false&viewType=LUXE&mtkeys=defaultMtkey
5020,The Sahib Bungalow,3,Villa,India,Bonfire,Agoda,StayVista at The Sahibâ€™s Bungalow,https://www.agoda.com/en-gb/en-gb/stayvista-at-the-sahib-s-bungalow/hotel/jaldapara-in.html
5020,The Sahib Bungalow,3,Villa,India,Bonfire,Airbnb,StayVista at The Sahib’s Bungalow w/ Bonfire,https://www.airbnb.co.in/rooms/1696898501382391536
5020,The Sahib Bungalow,3,Villa,India,Bonfire,Booking.com,The Sahib's Bungalow by StayVista - 3BHK Villa with Terrace,https://www.booking.com/hotel/in/the-sahib-bungalow.html
5020,The Sahib Bungalow,3,Villa,India,Bonfire,MakeMyTrip,StayVista at The Sahib Bungalow,https://www.makemytrip.com/hotels/hotel-details/?hotelId=202605291526396619&_uCurrency=INR&checkin=11252025&checkout=11262025&city=CTAGR&country=IN&funnelType=getaway&lat=27.16779&lng=78.04893&locusId=ZNDEL67F7E280&locusType=zone&rank=1&roomStayQualifier=2e0e&seekSummaryRequired=false&viewType=LUXE&mtkeys=defaultMtkey
5420,Sukoon Nature Retreat,3,Cottage,India,Lawn,Agoda,StayVista at Sukoon Nature Retreat,https://www.agoda.com/stayvista-at-sukoon-nature-retreat/hotel/bhatrojkhan-in.html
5420,Sukoon Nature Retreat,3,Cottage,India,Lawn,Airbnb,Cottage@Sukoon Nature Retreat w/View & Comp Brfkst,https://www.airbnb.co.in/rooms/1690444518153014975
5420,Sukoon Nature Retreat,3,Cottage,India,Lawn,Booking.com,StayVista at Sukoon Nature Retreat,https://www.booking.com/hotel/in/sukoon-bhatrojkhan-am-kollection.html
5420,Sukoon Nature Retreat,3,Cottage,India,Lawn,MakeMyTrip,StayVista at Sukoon Nature Retreat,https://www.makemytrip.com/hotels/hotel-details/?hotelId=202607101102187511&_uCurrency=INR&checkin=11252025&checkout=11262025&city=CTAGR&country=IN&funnelType=getaway&lat=27.16779&lng=78.04893&locusId=ZNDEL67F7E280&locusType=zone&rank=1&roomStayQualifier=2e0e&seekSummaryRequired=false&viewType=LUXE&mtkeys=defaultMtkey
5559,Solmira Haven,4,Villa,India,"Infinity Pool, Bonfire",Agoda,StayVista at Solmira Haven,https://www.agoda.com/search?text=StayVista%20Solmira%20Haven%20India
5559,Solmira Haven,4,Villa,India,"Infinity Pool, Bonfire",Airbnb,StayVista at Solmira Haven w/ Infinity Pool,https://www.airbnb.co.in/rooms/1686801933507563368
5559,Solmira Haven,4,Villa,India,"Infinity Pool, Bonfire",Booking.com,StayVista's Solmira Haven - 4BHK Villa with Infinity Pool & Sports Turf,https://www.booking.com/hotel/in/stayvista-at-solmira-haven-with-infinity-pool-bonfire.html
5559,Solmira Haven,4,Villa,India,"Infinity Pool, Bonfire",MakeMyTrip,StayVista at Solmira Haven,https://www.makemytrip.com/hotels/hotel-details/?hotelId=202605291222185139&_uCurrency=INR&checkin=11252025&checkout=11262025&city=CTAGR&country=IN&funnelType=getaway&lat=27.16779&lng=78.04893&locusId=ZNDEL67F7E280&locusType=zone&rank=1&roomStayQualifier=2e0e&seekSummaryRequired=false&viewType=LUXE&mtkeys=defaultMtkey
5371,Stories by the River,4,Villa,India,Pool,Agoda,StayVista at Stories by the River,https://www.agoda.com/stayvista-at-stories-by-the-river/hotel/wafeghar-in.html?adults=2&rooms=1&checkIn=2026-07-08&los=2
5371,Stories by the River,4,Villa,India,Pool,Airbnb,StayVista at Stories by the River w/ Pool & Bar,https://www.airbnb.co.in/rooms/1690412935240647009
5371,Stories by the River,4,Villa,India,Pool,Booking.com,StayVista's Stories by the River - 4BHK Villa with Bar & Alfresco Dining,https://www.booking.com/hotel/in/stayvista-at-stories-by-the-river.html
5371,Stories by the River,4,Villa,India,Pool,MakeMyTrip,StayVista at Stories by the River,https://www.makemytrip.com/hotels/hotel-details/?hotelId=202606041214252800&_uCurrency=INR&checkin=11252025&checkout=11262025&city=CTAGR&country=IN&funnelType=getaway&lat=27.16779&lng=78.04893&locusId=ZNDEL67F7E280&locusType=zone&rank=1&roomStayQualifier=2e0e&seekSummaryRequired=false&viewType=LUXE&mtkeys=defaultMtkey
5659,Shambhala Bodhi,3,Villa,India,"Pool, Jacuzzi",Agoda,StayVista at Shambhala Bodhi,https://www.agoda.com/stayvista-at-shambhala-bodhi/hotel/ambegaon-in.html
5659,Shambhala Bodhi,3,Villa,India,"Pool, Jacuzzi",Airbnb,StayVista at Shambhala Bodhi w/Pool & Jacuzzi,https://www.airbnb.co.in/rooms/1704808665725260067
5659,Shambhala Bodhi,3,Villa,India,"Pool, Jacuzzi",Booking.com,StayVista's Shambhala Bodhi - Pawna - 3BHK Villa with Karaoke & Jacuzzi,https://www.booking.com/hotel/in/stayvista-at-shambhala-bodhi.html
5659,Shambhala Bodhi,3,Villa,India,"Pool, Jacuzzi",MakeMyTrip,StayVista at Shambhala Bodhi,https://www.makemytrip.com/hotels/hotel-details/?hotelId=202606111101107973&_uCurrency=INR&checkin=11252025&checkout=11262025&city=CTAGR&country=IN&funnelType=getaway&lat=27.16779&lng=78.04893&locusId=ZNDEL67F7E280&locusType=zone&rank=1&roomStayQualifier=2e0e&seekSummaryRequired=false&viewType=LUXE&mtkeys=defaultMtkey
5583,of Dawn,5,House,Karjat,"Private Pool, Lawn",Agoda,StayVista at House of Dawn,https://www.agoda.com/stayvista-at-house-of-dawn/hotel/karjat-in.html
5583,of Dawn,5,House,Karjat,"Private Pool, Lawn",Airbnb,"StayVista at House of Dawn w/ Pool, Lawn",https://www.airbnb.co.in/rooms/1705012413321057729
5583,of Dawn,5,House,Karjat,"Private Pool, Lawn",Booking.com,StayVista's House of Dawn - 5BHK with Bar & Private Pool,https://www.booking.com/hotel/in/stayvista-at-house-of-dawn-with-pool-lawn.html
5583,of Dawn,5,House,Karjat,"Private Pool, Lawn",MakeMyTrip,StayVista at House of Dawn,https://www.makemytrip.com/hotels/hotel-details/?hotelId=202606111938115167&_uCurrency=INR&checkin=11252025&checkout=11262025&city=CTAGR&country=IN&funnelType=getaway&lat=27.16779&lng=78.04893&locusId=ZNDEL67F7E280&locusType=zone&rank=1&roomStayQualifier=2e0e&seekSummaryRequired=false&viewType=LUXE&mtkeys=defaultMtkey
5562,Mini Earth,4,Villa,Karjat,Private Pool,Agoda,StayVista at Mini Earth,https://www.agoda.com/stayvista-at-mini-earth/hotel/karjat-in.html
5562,Mini Earth,4,Villa,Karjat,Private Pool,Airbnb,StayVista at Mini Earth w/ Wi-Fi & Pool,https://www.airbnb.co.in/rooms/1693382575706354585
5562,Mini Earth,4,Villa,Karjat,Private Pool,Booking.com,"Mini Earth by VIEDA, StayVista - 4BHK Mountain-View Villa with Private Pool",https://www.booking.com/hotel/in/stayvista-at-mini-earth.html
5562,Mini Earth,4,Villa,Karjat,Private Pool,MakeMyTrip,StayVista at Mini Earth,https://www.makemytrip.com/hotels/hotel-details/?hotelId=202606192018588917&_uCurrency=INR&checkin=11252025&checkout=11262025&city=CTAGR&country=IN&funnelType=getaway&lat=27.16779&lng=78.04893&locusId=ZNDEL67F7E280&locusType=zone&rank=1&roomStayQualifier=2e0e&seekSummaryRequired=false&viewType=LUXE&mtkeys=defaultMtkey
5652,9 Squares,3,Villa,Karjat,"Pool, Mountain View, Lawn",Agoda,StayVista at Villa 9 Squares,https://www.agoda.com/stayvista-at-villa-9-squares/hotel/karjat-in.html
5652,9 Squares,3,Villa,Karjat,"Pool, Mountain View, Lawn",Airbnb,StayVista at Villa 9 Squares w/ Lawn & Pool,https://www.airbnb.co.in/rooms/1713752902509830850
5652,9 Squares,3,Villa,Karjat,"Pool, Mountain View, Lawn",Booking.com,Villa 9 Squares by StayVista - 3BHK with Mountain View & Garden,https://www.booking.com/hotel/in/stayvista-at-villa-9-squares.html
5652,9 Squares,3,Villa,Karjat,"Pool, Mountain View, Lawn",MakeMyTrip,StayVista at Villa 9 Squares,https://www.makemytrip.com/hotels/hotel-details/?hotelId=202606222325097402&_uCurrency=INR&checkin=11252025&checkout=11262025&city=CTAGR&country=IN&funnelType=getaway&lat=27.16779&lng=78.04893&locusId=ZNDEL67F7E280&locusType=zone&rank=1&roomStayQualifier=2e0e&seekSummaryRequired=false&viewType=LUXE&mtkeys=defaultMtkey
5596,Laburnum,4,House,Wada,"Private Pool, Bonfire, BBQ, Gazebo",Agoda,StayVista at Laburnum House,https://www.agoda.com/search?text=StayVista%20Laburnum%20Wada
5596,Laburnum,4,House,Wada,"Private Pool, Bonfire, BBQ, Gazebo",Airbnb,StayVista at Laburnum House w/ BBQ & Bonfire,https://www.airbnb.co.in/rooms/1704850289594738827
5596,Laburnum,4,House,Wada,"Private Pool, Bonfire, BBQ, Gazebo",Booking.com,StayVista's Laburnum House - Wada - 4BHK with Private Pool & Gazebo,https://www.booking.com/hotel/in/stayvista-at-laburnum-house-with-bbq-amp-bonfire.html
5596,Laburnum,4,House,Wada,"Private Pool, Bonfire, BBQ, Gazebo",MakeMyTrip,StayVista at Laburnum House,https://www.makemytrip.com/hotels/hotel-details/?hotelId=202606191838594929&_uCurrency=INR&checkin=11252025&checkout=11262025&city=CTAGR&country=IN&funnelType=getaway&lat=27.16779&lng=78.04893&locusId=ZNDEL67F7E280&locusType=zone&rank=1&roomStayQualifier=2e0e&seekSummaryRequired=false&viewType=LUXE&mtkeys=defaultMtkey
5590,Tara,4,Villa,Karjat,"Pool, Jacuzzi",Agoda,StayVista at Tara Villa,https://www.agoda.com/stayvista-at-tara-villa/hotel/karjat-in.html
5590,Tara,4,Villa,Karjat,"Pool, Jacuzzi",Airbnb,StayVista at Tara Villa w/ Pool & Jacuzzi,https://www.airbnb.co.in/rooms/1711531741741001334
5590,Tara,4,Villa,Karjat,"Pool, Jacuzzi",Booking.com,StayVista's Tara Villa - 4BHK with Pet Friendly & Jacuzzi,https://www.booking.com/hotel/in/stayvista-at-tara-villa-with-pool-and-jacuzzi.html
5590,Tara,4,Villa,Karjat,"Pool, Jacuzzi",MakeMyTrip,StayVista at Tara Villa,https://www.makemytrip.com/hotels/hotel-details/?hotelId=202606191922187628&_uCurrency=INR&checkin=11252025&checkout=11262025&city=CTAGR&country=IN&funnelType=getaway&lat=27.16779&lng=78.04893&locusId=ZNDEL67F7E280&locusType=zone&rank=1&roomStayQualifier=2e0e&seekSummaryRequired=false&viewType=LUXE&mtkeys=defaultMtkey
